Scenario,Global_Second,Phase,Phase_Name,Phase_Second,Market_State,Kia,Vintrumite,DB HiTek,POSCO Future M,Hyundai Motor,POSCO Holdings,Samsung Electronics,LS,Samsung SDI,Samsung Electro-Mechanics,HD Korea Shipbuilding,LS ELECTRIC,Korea Zinc,HMM,Hyundai Mobis,Korea Electric Power,Samsung C&T,SK Inc.,NAVER,Kakao,JUSUNG Engineering,EO Technics,Hanmi Semiconductor,LG Chem,Shinhan Financial,LEENO Industrial,LG Electronics,Celltrion,KODEX 200,EcoPro,Hana Financial,KODEX Semiconductor,SK Innovation,TIGER 200,KB Financial,KODEX Leverage,Meritz Financial,Samsung Biologics,KODEX KOSDAQ150,KODEX KOSDAQ150 Leverage,Wonik IPS,EcoPro BM,KODEX 200 Futures Inverse 2X,HD Hyundai Electric,Hyosung Heavy Industries,Woori Financial,HD Hyundai Heavy Industries,LG Energy Solution,TIGER Semiconductor TOP10,HPSP
Scenario 2,1,1,Fake Positive News,1,TRADING,153993.8,1447000.0,161713.93,267009.49,539016.32,501961.61,232500.0,509042.52,705058.93,918054.7,469466.72,294029.69,1628996.45,21147.56,436706.93,44495.51,319975.92,475467.59,209016.54,47103.44,126587.7,475017.66,377999.6,428972.6,98006.44,120788.55,143273.16,188381.34,105293.63,155792.78,126607.42,130460.0,145712.78,105769.86,157787.81,127790.0,113754.64,1484828.75,20175.32,17085.03,122501.7,215536.61,151.98,1298914.8,4227657.35,33583.59,680032.46,471950.7,42175.0,54400.9
Scenario 2,2,1,Fake Positive News,2,TRADING,154126.44,1445214.12,161772.84,267292.91,538049.88,501379.4,232306.42,507712.92,704847.38,920129.74,468291.43,293686.41,1626006.69,21097.95,437003.19,44495.7,320368.67,475586.54,208581.92,47060.51,126594.97,474910.95,377966.2,428848.36,98160.24,120795.34,143624.55,188689.8,105338.15,155955.16,126505.96,130439.97,145395.65,105873.33,157792.02,127823.22,113675.62,1483263.74,20188.89,17075.25,122372.4,215000.03,151.79,1299074.84,4222726.68,33643.85,679331.8,471011.71,42187.25,54471.93
Scenario 2,3,1,Fake Positive News,3,TRADING,154590.68,1442572.55,161748.23,267506.17,536731.77,500951.48,232198.2,506562.67,704842.41,921745.84,467104.21,293273.15,1623047.12,21042.83,437403.9,44495.65,320692.96,475831.78,208027.62,47061.94,126835.53,475294.17,377873.0,428780.72,98474.0,120780.75,143866.68,189008.31,105273.23,156091.67,126571.13,130458.09,145046.87,106020.05,157691.58,127843.39,113715.02,1481903.09,20195.79,17077.34,122304.1,214646.87,151.87,1298333.58,4219439.55,33733.43,679656.27,469769.59,42199.3,54533.93
Scenario 2,4,1,Fake Positive News,4,TRADING,154987.47,1439708.67,161786.11,267624.29,535929.53,499675.27,232054.37,505229.18,704816.12,923530.14,465933.15,293235.9,1621320.26,21000.12,437853.41,44433.93,320908.47,475912.93,207652.46,47057.43,126757.8,475190.6,377866.5,428758.65,98720.37,120812.57,144138.03,189280.01,105337.6,156325.87,126479.61,130466.83,144747.94,106051.91,157651.99,127833.51,113744.37,1479953.71,20211.21,17053.83,122293.38,214320.25,151.94,1297101.91,4213605.77,33803.91,679177.87,468852.23,42209.99,54564.59
Scenario 2,5,1,Fake Positive News,5,TRADING,155043.93,1436937.81,161843.44,267527.68,534831.53,498657.88,231711.47,503825.79,704721.2,926458.53,464583.98,292865.81,1618992.08,20942.91,438436.7,44391.57,321350.56,475844.25,207299.02,47056.68,126847.72,474843.61,377951.63,428496.52,98831.17,120824.8,144498.65,189484.4,105333.13,156519.71,126279.63,130472.29,144465.64,105946.82,157621.32,127828.44,113724.65,1479084.3,20206.76,17039.37,122146.51,213811.43,152.13,1293457.73,4211794.96,33871.96,678866.61,468316.81,42209.47,54616.51
Scenario 2,6,1,Fake Positive News,6,TRADING,155419.62,1434923.54,161858.18,267724.48,533669.41,497906.08,231474.58,502275.77,705022.6,929435.02,463316.31,292825.54,1614799.24,20894.15,439060.99,44394.39,321909.21,475992.27,206847.22,47045.98,126870.85,474551.82,377881.22,428240.57,99015.68,120803.21,144825.75,189960.9,105345.47,156740.13,126246.14,130489.95,144205.68,106127.91,157685.83,127814.61,113679.77,1479226.77,20198.38,17014.47,122115.84,213349.74,152.33,1291950.13,4206535.97,33948.4,678640.53,467508.89,42204.72,54630.25
Scenario 2,7,1,Fake Positive News,7,TRADING,155753.01,1433235.98,161879.76,267966.77,532377.68,497054.43,231145.21,500742.5,705080.69,932335.39,462079.46,292717.01,1612450.85,20845.85,439682.57,44361.89,322313.14,476260.33,206385.07,47047.67,126800.91,474461.83,377949.09,428184.76,99336.81,120778.79,145202.5,190116.08,105344.72,157011.67,126078.27,130477.77,143982.19,106220.49,157614.45,127786.47,113694.77,1478673.17,20188.06,16997.95,122059.18,212823.63,152.43,1291310.46,4204624.86,34025.81,678880.42,466533.49,42202.33,54735.29
Scenario 2,8,1,Fake Positive News,8,TRADING,155973.81,1432722.01,161866.71,268446.24,530870.58,496132.65,230946.47,499513.29,705077.75,935333.48,460350.72,292066.85,1609256.83,20796.36,440267.65,44329.66,322775.79,476714.35,205966.64,47054.67,126993.55,474479.05,378019.82,428358.03,99331.23,120754.06,145534.01,190211.69,105323.37,157264.41,126088.45,130464.32,143741.29,106227.68,157638.66,127777.31,113704.95,1477030.56,20185.55,16978.82,122083.54,212369.82,152.31,1291761.97,4199522.58,34109.19,679479.7,465548.16,42207.89,54775.96
Scenario 2,9,1,Fake Positive News,9,TRADING,156214.32,1430229.46,161969.99,268740.22,529315.89,495388.29,230735.2,498121.64,705297.69,937582.3,459249.42,291838.22,1605749.77,20740.96,440968.99,44314.2,323031.35,477534.7,205448.38,47046.33,127166.64,474397.7,377936.75,428454.47,99432.6,120742.73,145854.82,190274.97,105345.62,157496.79,126109.31,130457.89,143438.64,106337.58,157563.33,127790.57,113699.01,1473123.91,20179.73,16961.76,122067.61,211621.57,152.31,1292228.8,4194095.12,34201.89,679646.14,464604.24,42202.24,54803.87
Scenario 2,10,1,Fake Positive News,10,TRADING,156557.45,1428323.72,162058.43,268692.17,528122.28,494509.84,230418.18,496384.01,705234.71,938986.28,457933.32,291617.46,1602239.53,20691.8,441451.56,44289.63,323511.76,477825.73,204851.45,47098.82,127281.39,474486.89,377978.44,428592.4,99587.64,120713.19,146235.9,190517.68,105268.39,157691.14,125884.5,130447.52,143171.96,106481.31,157512.9,127800.2,113717.4,1472792.6,20191.5,16932.6,122052.79,211161.42,152.57,1289571.51,4194194.14,34277.26,679657.21,463580.74,42199.93,54820.06
Scenario 2,11,1,Fake Positive News,11,TRADING,156739.62,1425856.07,161947.32,268962.83,527040.72,493417.98,230286.25,495106.14,705440.0,940656.09,456804.7,291374.37,1599390.55,20642.49,442107.67,44251.07,324096.03,478290.86,204254.24,47060.5,127392.0,474044.14,378061.58,428584.9,99603.12,120726.92,146495.52,190747.85,105273.06,158005.3,125741.08,130458.08,142939.36,106557.89,157502.28,127830.11,113717.01,1468693.87,20193.07,16926.12,122058.32,210712.67,152.67,1288230.98,4193902.85,34339.49,679302.42,462645.95,42206.71,54878.88
Scenario 2,12,1,Fake Positive News,12,TRADING,156938.01,1425755.98,161998.21,269018.94,525748.56,492561.66,230032.06,494223.76,705252.6,942174.15,455340.85,291103.64,1598339.95,20591.33,442009.78,44221.13,324584.78,478111.19,203889.22,47074.22,127790.46,473813.89,377921.55,428339.4,99854.5,120729.58,146705.58,190966.71,105220.98,158278.31,125652.11,130450.84,142644.8,106542.53,157513.33,127815.03,113672.16,1466054.64,20176.38,16897.36,121852.63,210179.19,152.75,1285993.48,4189794.01,34411.96,678893.43,461817.01,42198.9,54913.82
Scenario 2,13,1,Fake Positive News,13,TRADING,157071.39,1423437.46,161986.38,269246.65,524605.25,491488.33,229909.66,492898.81,705218.37,944499.79,454177.82,290607.6,1594097.08,20538.07,443006.85,44166.44,325019.38,477714.14,203292.87,47043.47,127785.43,473767.49,377979.99,428653.15,99907.42,120789.56,146969.21,191472.86,105246.86,158484.8,125495.19,130485.8,142375.86,106633.14,157502.2,127807.46,113698.96,1464749.19,20190.36,16910.86,121732.35,209614.67,152.83,1286414.79,4186695.53,34495.05,678693.16,460645.27,42211.05,54933.65
Scenario 2,14,1,Fake Positive News,14,TRADING,157179.63,1423002.55,161973.84,269306.0,523106.05,490352.42,229630.33,491903.59,705206.93,946242.96,452823.16,290315.62,1590620.83,20476.22,444092.73,44136.38,325375.69,477547.41,202750.86,47096.79,127988.08,473699.03,378154.59,428737.84,100131.18,120736.45,147218.44,191819.72,105233.12,158802.08,125434.27,130464.05,142094.19,106750.59,157466.5,127812.17,113706.07,1462046.75,20210.29,16878.31,121653.01,209058.76,152.78,1284766.62,4185900.94,34552.67,678245.71,460026.14,42213.46,54991.26
Scenario 2,15,1,Fake Positive News,15,TRADING,157482.5,1422203.41,162093.34,269291.18,522067.51,489709.33,229493.3,490742.02,705464.98,948861.78,451423.92,290221.08,1586308.87,20420.47,445180.68,44126.55,325435.99,477934.13,202175.32,47148.32,128096.04,473736.68,378207.87,428661.42,100246.83,120692.65,147531.26,192025.03,105196.37,159062.43,125350.9,130459.5,141800.09,106844.91,157413.85,127803.51,113729.14,1462417.87,20228.67,16859.76,121624.09,208517.38,152.87,1286000.62,4180228.95,34641.57,677885.19,459017.16,42210.27,55052.52
Scenario 2,16,1,Fake Positive News,16,TRADING,157673.06,1419288.1,162093.66,269509.59,521034.63,488844.02,229216.98,489517.44,705631.67,950116.76,449824.05,289667.88,1582591.42,20367.76,446450.86,44089.89,326010.83,478122.89,201556.87,47163.49,128211.99,473793.52,378178.81,428473.34,100447.39,120628.7,147931.36,192197.8,105162.93,159239.74,125353.61,130453.56,141604.79,106984.82,157442.38,127769.24,113717.63,1462326.87,20223.8,16837.97,121570.81,207910.03,152.8,1284789.83,4177406.13,34695.95,677762.65,458014.29,42208.34,55081.77
Scenario 2,17,1,Fake Positive News,17,TRADING,157794.71,1418364.54,162225.76,269562.48,519837.55,487361.72,228893.89,488243.54,705453.6,952307.71,448607.03,289144.41,1579396.71,20311.93,447189.49,44038.95,326572.65,477993.81,201008.65,47091.14,128453.21,473670.97,378328.8,428549.02,100560.96,120623.99,148301.83,192711.89,105115.45,159498.25,125415.62,130468.06,141351.05,107108.14,157416.84,127780.98,113744.61,1461224.73,20242.07,16821.38,121510.92,207372.73,153.03,1285604.96,4174588.28,34766.76,677601.61,456914.51,42218.86,55112.22
Scenario 2,18,1,Fake Positive News,18,TRADING,157791.52,1416820.16,162239.59,269652.19,519036.29,486667.96,228795.84,486967.63,705496.71,953521.93,447106.91,288689.0,1577324.38,20270.57,447990.85,44082.03,327099.54,478162.5,200468.54,47069.59,128522.0,473309.8,378269.75,428466.43,100731.78,120651.06,148686.14,193216.17,105144.44,159700.87,125507.9,130458.35,141098.93,107281.42,157402.06,127813.06,113763.53,1461155.95,20240.32,16794.48,121399.11,207008.64,153.06,1284338.79,4172479.93,34843.03,677460.47,455845.89,42207.88,55173.53
Scenario 2,19,1,Fake Positive News,19,TRADING,157768.26,1417251.7,162347.58,269985.9,517905.26,486044.42,228650.67,485691.44,705479.93,956264.34,445662.5,288525.29,1573555.65,20222.64,448684.06,44006.66,327780.87,477340.09,199807.73,47098.43,128726.28,473532.34,378386.2,428552.58,100860.77,120641.31,148819.41,193632.61,105127.79,159949.36,125384.81,130449.91,140888.78,107349.95,157390.24,127798.97,113793.79,1460807.68,20251.21,16762.58,121314.4,206519.88,153.14,1285080.7,4169895.43,34924.73,677336.5,454649.64,42202.83,55172.28
Scenario 2,20,1,Fake Positive News,20,TRADING,158078.74,1416632.37,162361.71,270069.48,516846.77,485319.9,228439.69,484482.39,705341.99,957938.76,444252.24,288146.35,1569398.98,20170.87,449498.74,44024.57,328333.39,477271.05,199301.49,47095.2,128854.89,473659.71,378284.77,428699.68,101030.41,120600.95,149131.03,193977.08,105107.67,160287.04,125461.74,130480.67,140554.16,107383.46,157447.5,127780.18,113779.07,1459101.56,20259.72,16753.82,121162.32,206153.76,153.08,1283937.9,4164636.17,34996.76,677113.34,453895.79,42206.76,55244.78
Scenario 2,21,1,Fake Positive News,21,TRADING,158433.88,1417346.9,162562.32,270133.46,515475.48,484773.26,228295.06,483277.16,705551.26,959378.85,442779.31,288058.58,1566598.49,20119.76,449476.69,44003.63,328507.88,476359.65,198529.41,47071.11,128879.79,473823.64,378433.54,428726.36,101109.87,120620.93,149374.14,194228.76,105133.49,160544.88,125241.42,130507.66,140357.27,107479.8,157398.16,127748.46,113707.93,1455456.77,20249.44,16714.54,121114.53,205626.89,153.03,1283631.56,4159174.37,35074.46,677353.7,452757.81,42210.01,55322.93
Scenario 2,22,1,Fake Positive News,22,TRADING,158523.91,1416564.19,162520.5,270201.44,514879.72,484163.68,227973.85,481986.39,705376.16,961845.23,441183.23,287749.03,1564727.21,20069.74,450448.88,43938.05,329029.41,476357.25,197848.63,46997.76,128884.11,474001.85,378600.06,428760.02,101260.82,120627.63,149638.72,194481.7,105137.42,160837.56,125245.38,130547.22,140080.2,107516.67,157362.11,127780.65,113765.98,1452747.27,20243.48,16681.4,121026.29,205152.3,153.13,1281500.82,4155357.17,35175.56,677188.36,451787.96,42201.12,55308.98
Scenario 2,23,1,Fake Positive News,23,TRADING,158688.46,1415496.59,162497.24,270455.35,513721.7,483419.89,227753.93,480597.02,705323.13,962753.63,439807.41,287412.79,1561643.11,20039.34,451112.15,43920.03,329511.3,475979.76,197224.29,46997.51,129030.95,474163.01,378685.78,428698.23,101252.24,120659.1,150031.55,195003.18,105179.44,160995.17,125301.44,130548.68,139723.89,107620.4,157314.55,127763.64,113749.19,1454758.66,20253.44,16665.55,120892.13,204539.68,153.37,1283039.7,4151153.15,35253.34,676419.15,450899.26,42211.34,55353.51
Scenario 2,24,1,Fake Positive News,24,TRADING,158784.92,1413103.2,162529.56,270656.67,512221.41,482397.57,227483.79,479369.33,705398.24,964481.99,437966.44,287568.15,1558126.42,19987.96,452125.95,43913.62,330073.01,475553.5,196642.66,46972.86,129116.69,474359.68,378750.98,428864.1,101399.98,120658.45,150263.07,195365.45,105194.97,161247.41,125148.91,130576.97,139456.09,107757.17,157312.94,127769.22,113750.11,1454938.73,20272.91,16652.39,120803.8,204139.24,153.35,1281967.87,4145397.43,35342.86,676757.53,450223.55,42214.99,55397.25
Scenario 2,25,1,Fake Positive News,25,TRADING,159013.71,1411982.69,162562.04,270819.14,511118.18,482103.16,227478.21,478175.15,705356.45,966157.12,436905.61,287535.11,1554575.21,19948.28,452890.9,43848.01,330471.17,475911.38,196242.43,46938.33,129114.59,474772.13,378755.64,428541.35,101458.94,120706.71,150569.88,195544.91,105247.8,161643.3,125072.18,130579.07,139213.82,107812.1,157292.34,127779.62,113816.87,1456083.49,20281.75,16650.42,120816.57,203615.94,153.33,1280822.85,4141242.76,35423.74,675356.41,449364.74,42217.83,55485.79
Scenario 2,26,1,Fake Positive News,26,TRADING,159212.41,1410317.51,162544.69,271134.24,509959.44,480854.96,227192.28,477054.28,705212.36,968179.65,435307.88,287511.22,1550323.85,19895.08,453610.99,43832.98,331269.13,476109.78,195508.09,46936.68,129164.92,474978.64,378780.89,428440.01,101570.36,120731.14,150941.25,195763.91,105232.95,161805.9,125089.97,130552.34,138934.52,107894.76,157246.43,127753.04,113865.46,1452970.24,20267.85,16636.19,120653.77,203111.89,153.45,1278722.0,4137524.95,35495.41,675370.3,448516.71,42220.43,55477.97
Scenario 2,27,1,Fake Positive News,27,TRADING,159461.09,1407982.15,162405.75,271302.86,508882.57,480454.06,226952.52,476009.54,705095.73,969656.96,433968.44,287444.16,1547023.7,19837.73,454437.78,43839.52,331855.56,476449.38,195028.48,46943.06,129387.5,474426.9,378846.12,428341.45,101788.77,120717.06,151236.6,196065.25,105294.5,162094.0,125057.53,130563.79,138671.19,108048.08,157288.39,127753.19,113836.65,1452440.53,20269.99,16629.34,120566.92,202708.04,153.59,1277420.5,4135686.01,35567.55,675904.45,447391.01,42230.62,55543.53
Scenario 2,28,1,Fake Positive News,28,TRADING,159881.19,1408510.28,162240.03,271425.4,507921.2,479334.03,226758.73,474794.55,705000.24,972332.12,432532.83,286832.06,1544814.18,19778.69,455426.4,43803.1,332080.19,476208.48,194481.04,46944.38,129417.75,474545.02,378770.35,428399.36,101989.46,120690.5,151558.09,196127.18,105362.0,162399.12,125032.4,130570.61,138368.2,108005.99,157290.95,127715.99,113790.01,1450084.26,20293.73,16626.98,120369.53,202175.83,153.69,1275855.53,4132656.0,35657.11,676268.56,446378.63,42226.97,55593.57
Scenario 2,29,1,Fake Positive News,29,TRADING,160198.68,1403735.9,162259.93,271785.37,507049.86,478702.71,226607.25,473349.53,704953.31,974166.41,431304.06,286414.11,1541867.09,19716.46,456024.67,43757.27,332173.77,476724.12,193995.83,46917.28,129445.38,474571.45,378832.42,428612.9,101998.08,120686.5,151875.7,196186.72,105391.08,162584.2,125115.33,130574.94,138082.51,108079.89,157296.81,127717.53,113763.47,1448067.95,20303.62,16620.62,120274.6,201685.04,153.71,1273278.71,4129787.18,35725.75,676846.05,445197.68,42221.59,55680.45
Scenario 2,30,1,Fake Positive News,30,TRADING,160573.68,1402332.93,162305.7,271798.57,505806.37,477527.71,226325.48,471868.91,705032.18,975975.13,429904.27,285935.13,1538592.27,19674.19,456580.33,43756.05,332749.29,477430.95,193680.59,46931.46,129790.49,474744.85,378864.8,428581.89,102137.35,120689.06,152259.55,196527.3,105445.05,162834.35,125062.91,130601.07,137787.23,108264.3,157306.98,127677.13,113781.81,1447553.69,20293.38,16599.63,120186.33,201208.57,153.84,1271217.36,4122030.93,35814.62,675995.5,444665.35,42210.2,55694.38
Scenario 2,31,1,Fake Positive News,31,TRADING,160675.38,1401672.44,162277.71,272143.77,504663.0,476562.22,226136.92,470579.36,704867.5,979024.97,428518.39,285747.99,1535988.84,19614.27,457337.24,43725.77,333179.99,477558.62,193080.2,46912.45,129840.09,474473.78,379005.97,428663.67,102359.97,120681.74,152306.6,196612.59,105432.15,163105.61,125199.24,130575.22,137502.01,108421.93,157301.21,127648.29,113850.41,1445967.75,20301.99,16598.1,120003.46,200664.0,153.92,1268704.42,4119022.84,35879.96,676632.41,443636.23,42219.68,55714.77
Scenario 2,32,1,Fake Positive News,32,TRADING,160645.12,1399453.84,162292.05,272214.12,503569.17,475836.04,225940.62,469237.19,704973.03,981336.75,427377.35,285717.89,1533287.79,19572.42,458098.7,43674.35,333355.56,477985.78,192372.01,46887.73,130054.11,474230.61,379187.72,428790.66,102495.42,120646.02,152659.45,196924.58,105540.42,163313.88,125074.62,130565.95,137254.13,108518.37,157288.3,127658.44,113844.38,1445510.23,20291.47,16572.8,119790.0,200063.32,153.88,1268398.77,4114398.48,35959.13,676002.3,442402.25,42225.14,55780.42
Scenario 2,33,1,Fake Positive News,33,TRADING,161001.45,1398984.41,162221.69,272540.97,502554.17,474947.1,225693.16,467947.92,704911.57,983754.37,425933.29,285354.04,1531608.75,19523.84,459483.6,43640.39,333628.19,478152.15,191884.45,46867.54,130210.06,474254.51,379117.64,429011.85,102762.9,120656.69,152979.82,197076.53,105563.96,163629.92,124998.37,130582.7,137014.85,108765.12,157311.73,127656.61,113871.54,1443388.38,20304.3,16565.41,119740.78,199706.32,153.86,1267524.62,4110187.13,36034.64,676161.24,441618.15,42235.36,55820.93
Scenario 2,34,1,Fake Positive News,34,TRADING,161279.69,1398541.5,162253.78,272817.23,501286.19,474007.91,225678.18,466379.47,704554.55,985737.76,424863.79,285111.84,1529199.65,19471.88,460577.47,43631.06,334082.6,478553.9,191289.68,46857.2,130373.21,474026.96,379047.7,429091.05,102967.59,120636.54,153306.95,197669.59,105548.05,163846.69,124860.43,130603.96,136786.67,108859.43,157321.5,127660.58,113918.92,1439553.38,20306.5,16558.98,119484.03,199121.21,153.95,1267369.36,4108549.94,36123.24,676049.75,440479.79,42244.74,55877.71
Scenario 2,35,1,Fake Positive News,35,TRADING,161609.24,1396615.16,162230.65,272792.8,500004.48,473367.13,225559.32,465226.39,704641.89,987818.25,423564.32,284751.41,1526931.25,19428.11,461714.87,43597.49,334752.37,478553.99,190768.56,46862.35,130428.5,473815.93,379276.04,429255.0,103042.14,120683.83,153628.56,197866.32,105640.52,164099.66,124850.79,130600.88,136477.0,109021.65,157267.03,127660.42,113927.41,1438099.38,20323.72,16545.91,119532.21,198495.76,154.14,1267646.39,4106547.56,36189.71,676703.64,439492.37,42255.99,55896.79
Scenario 2,36,1,Fake Positive News,36,TRADING,161871.28,1396710.78,162226.36,272783.2,499077.75,472868.43,225448.18,463953.95,704594.1,989554.91,422211.14,284533.25,1523648.95,19378.19,462333.12,43566.75,335205.73,479075.76,190414.82,46870.55,130521.24,473711.56,379178.92,429144.82,103073.59,120675.02,153927.3,198100.23,105632.54,164329.39,124806.15,130601.62,136254.48,109061.5,157223.67,127677.05,113915.52,1436613.71,20330.55,16523.36,119454.97,197899.9,154.3,1267462.89,4105223.17,36276.34,676876.58,438470.16,42244.35,55940.79
Scenario 2,37,1,Fake Positive News,37,TRADING,162125.99,1396909.7,162209.36,272908.5,497855.93,471941.99,225164.03,462710.13,704684.57,991758.16,420946.13,284595.55,1521557.98,19326.86,463208.76,43544.59,335998.43,479147.3,189832.93,46840.95,130556.48,473929.67,379279.53,428948.38,103206.04,120701.16,154307.42,198009.16,105559.12,164625.86,124667.87,130605.32,135965.51,109110.3,157167.54,127638.87,113923.33,1436183.96,20357.62,16516.59,119404.34,197404.41,154.27,1264927.62,4098770.32,36360.09,677654.99,437542.11,42250.24,55931.41
Scenario 2,38,1,Fake Positive News,38,TRADING,162461.64,1394745.5,162228.72,272772.36,496774.88,470946.31,224843.3,461579.1,704692.71,993527.46,419454.96,284456.09,1518003.46,19271.24,463305.52,43487.54,336434.82,479318.26,189395.51,46881.74,130560.74,473810.51,379391.22,428985.5,103411.75,120640.43,154595.14,198296.54,105529.89,164916.91,124662.64,130628.75,135733.26,109279.86,157145.31,127649.58,113871.31,1434129.44,20352.38,16489.84,119316.28,196884.62,154.29,1264564.98,4094974.73,36439.1,676983.1,436503.41,42258.84,55957.5
Scenario 2,39,1,Fake Positive News,39,TRADING,162689.38,1393341.83,162344.24,272925.62,495357.32,470427.11,224603.83,460389.02,704669.62,995318.36,418127.91,284555.08,1515506.19,19217.3,463960.16,43454.3,337129.83,478618.68,188733.06,46935.54,130767.45,473642.3,379589.17,429053.82,103546.58,120615.09,154978.42,198692.87,105523.81,165105.53,124619.45,130625.19,135474.84,109329.78,157187.54,127667.47,113824.14,1433195.06,20350.9,16483.69,119197.04,196318.24,154.43,1264002.37,4090654.48,36525.25,676630.92,435552.95,42270.46,55992.25
Scenario 2,40,1,Fake Positive News,40,TRADING,162996.86,1391135.54,162360.48,273265.11,493952.62,469448.93,224364.06,459243.72,704759.74,997829.31,416920.85,284453.3,1513171.23,19164.16,464625.27,43429.42,337715.0,477720.62,188075.35,46966.02,130936.77,473736.01,379706.88,429202.43,103691.15,120636.68,155321.67,199393.61,105537.94,165328.79,124469.13,130610.56,135171.29,109596.65,157235.4,127603.77,113860.28,1434139.77,20355.94,16452.53,119159.65,195674.66,154.61,1262902.78,4085718.36,36596.94,677429.08,434489.57,42274.27,56047.47
Scenario 2,41,1,Fake Positive News,41,TRADING,163093.98,1389003.73,162385.95,273462.89,492834.09,468949.77,224137.31,457928.99,704710.46,999724.57,415882.18,284191.43,1510015.49,19112.14,464983.36,43391.42,338084.25,477400.38,187692.54,46985.27,131016.7,473719.21,379727.79,428877.43,104000.55,120677.17,155616.39,199513.46,105556.18,165648.46,124449.28,130609.6,135014.69,109689.56,157232.35,127586.41,113851.56,1432075.4,20345.25,16440.43,119216.53,195192.78,154.72,1261410.62,4083343.49,36671.2,676532.79,433627.56,42282.02,56105.73
Scenario 2,42,1,Fake Positive News,42,TRADING,163333.6,1385890.0,162581.22,273597.52,491729.95,468449.2,224006.68,456665.23,704517.68,1001933.84,414590.35,283639.81,1507681.22,19058.41,466071.8,43385.56,338620.83,477649.82,187031.1,47002.44,131019.71,473834.44,379674.93,429046.18,104272.18,120698.14,155945.95,199685.75,105536.66,165838.79,124315.83,130585.86,134661.91,109860.03,157243.26,127567.53,113820.68,1428175.17,20331.89,16400.02,119181.21,194611.84,154.94,1259989.51,4085114.07,36738.91,676069.39,432442.35,42273.75,56195.16
Scenario 2,43,1,Fake Positive News,43,TRADING,163620.32,1382713.48,162634.05,273686.1,490693.42,467907.59,223830.72,455462.66,704381.57,1004120.53,413506.22,283309.05,1505151.81,19004.81,466255.18,43379.04,339126.78,478256.01,186651.3,46960.7,131035.48,473812.89,379848.7,429289.98,104463.86,120670.92,156131.87,199675.09,105480.32,166139.63,124345.82,130619.77,134441.24,110002.93,157187.75,127579.26,113752.95,1427116.7,20313.21,16374.95,119069.67,194292.04,155.14,1258890.33,4080290.52,36814.68,675139.86,431716.29,42261.86,56315.54
Scenario 2,44,1,Fake Positive News,44,TRADING,163599.62,1382064.33,162653.65,273943.89,489231.24,466756.45,223500.83,453947.55,704571.86,1006603.59,412303.22,282944.72,1501736.29,18941.42,467515.0,43334.45,339750.45,479323.48,186260.41,46934.92,130939.42,473774.58,379801.02,429199.07,104576.53,120642.93,156364.2,199700.17,105537.2,166439.2,124421.29,130611.16,134206.64,110121.66,157167.63,127593.96,113858.1,1423969.02,20329.67,16359.12,119061.27,193772.33,155.3,1257903.62,4074302.75,36911.37,675289.44,430920.9,42260.45,56367.26
Scenario 2,45,1,Fake Positive News,45,TRADING,163931.71,1380444.68,162648.18,273869.02,488273.08,465916.68,223325.71,452903.4,704508.58,1008733.74,410713.43,282857.41,1498859.88,18877.74,467958.31,43314.06,340166.34,480092.06,185692.18,47003.83,130851.08,473786.49,379817.13,429042.12,104694.79,120694.45,156727.58,199920.69,105545.95,166729.87,124356.99,130632.6,133995.48,110241.44,157152.38,127598.31,113840.34,1422589.35,20350.47,16338.86,119085.33,193561.49,155.34,1255679.84,4072550.22,36962.44,674957.33,430223.45,42254.73,56429.58
Scenario 2,46,1,Fake Positive News,46,TRADING,164149.29,1379125.87,162635.08,274169.25,487119.5,465143.29,223235.83,451901.18,704734.32,1010312.43,409195.54,282610.54,1496017.71,18820.53,468354.04,43297.68,340676.31,479750.64,184944.62,47017.5,131096.02,473727.99,379850.79,429013.15,104968.34,120716.72,157131.72,200465.15,105567.94,166967.43,124395.63,130632.9,133686.21,110168.55,157121.35,127588.82,113854.62,1421046.62,20362.52,16325.06,119007.79,193027.48,155.43,1252896.02,4072268.64,37036.79,674310.37,429419.19,42253.11,56463.44
Scenario 2,47,1,Fake Positive News,47,TRADING,164375.2,1378388.38,162690.85,274398.91,486299.03,463937.78,222904.61,450404.85,704656.58,1012501.15,407846.23,282222.83,1493351.69,18775.18,469347.51,43243.78,341050.77,479508.59,184415.32,47075.25,131277.29,473608.12,379836.45,428996.81,105207.74,120696.21,157654.24,200768.25,105547.41,167239.63,124338.36,130622.49,133423.74,110304.17,157164.19,127580.19,113808.81,1422335.92,20350.63,16313.27,119042.29,192609.76,155.6,1252522.4,4066960.18,37120.99,675224.45,428430.09,42246.3,56506.07
Scenario 2,48,1,Fake Positive News,48,TRADING,164568.43,1377235.75,162585.48,274704.35,484960.21,462985.07,222632.53,449180.63,704504.4,1013690.41,406485.2,281933.64,1491407.41,18725.63,470302.2,43197.58,341306.09,479516.18,183829.49,47067.91,131345.39,473851.89,379841.24,429016.67,105428.8,120737.37,158033.34,200980.29,105577.56,167462.87,124383.03,130608.45,133237.34,110236.46,157208.18,127609.61,113777.24,1420009.97,20343.46,16312.82,118895.63,192222.56,155.78,1251995.59,4065370.09,37201.68,675032.81,427371.7,42261.91,56575.82
Scenario 2,49,1,Fake Positive News,49,TRADING,164796.08,1375261.81,162604.35,275047.4,483772.51,461796.34,222566.56,447923.78,704552.1,1016303.85,405301.67,281504.06,1487896.36,18666.3,470763.71,43163.64,341816.43,480141.59,183337.46,47046.32,131258.52,473913.29,379992.97,429059.82,105606.47,120725.52,158291.37,201234.79,105617.35,167707.47,124338.67,130615.49,132965.75,110407.06,157150.43,127632.64,113780.84,1417642.92,20331.13,16281.17,118808.72,191632.69,155.81,1251572.84,4062700.2,37285.31,674656.46,426286.92,42269.85,56586.29
Scenario 2,50,1,Fake Positive News,50,TRADING,165145.81,1373292.82,162802.5,275072.72,482842.93,461214.59,222347.9,446652.13,704773.39,1018693.66,403896.76,281251.97,1485970.06,18606.79,471258.06,43126.04,342263.8,480093.11,182728.84,47074.79,131377.83,473892.28,379915.83,429351.99,105650.97,120718.41,158569.91,201660.67,105668.18,167860.65,124285.85,130623.54,132678.68,110562.35,157140.58,127618.01,113813.69,1419563.35,20312.3,16254.67,118611.73,191169.99,155.88,1250351.78,4059621.04,37380.89,674231.8,425316.63,42271.39,56600.84
Scenario 2,51,1,Fake Positive News,51,TRADING,165501.25,1371100.03,162829.83,275250.15,482156.16,460069.87,222187.12,445452.33,704974.94,1019925.43,402547.7,280721.81,1483587.0,18543.21,472546.69,43121.27,342799.48,481138.31,182182.21,47087.4,131293.97,473915.54,379850.47,429504.7,105751.67,120752.03,158918.46,201874.53,105702.47,168026.66,124313.39,130599.1,132459.04,110518.22,157176.2,127586.78,113839.58,1420792.62,20325.46,16235.44,118458.34,190737.4,156.1,1248071.99,4055442.96,37422.42,673674.24,424166.05,42272.74,56648.97
Scenario 2,52,1,Fake Positive News,52,TRADING,165733.92,1369435.92,162683.2,275433.62,481034.15,459476.28,221867.54,444300.73,704968.15,1022431.03,401189.25,280166.99,1481154.66,18497.71,472804.93,43037.47,343407.24,481617.42,181573.96,47086.35,131374.53,474090.03,379897.08,429514.12,105703.13,120750.76,159267.59,202260.54,105737.78,168265.98,124207.9,130642.93,132201.02,110655.98,157239.75,127593.35,113878.52,1420444.48,20335.97,16213.02,118293.65,190100.36,156.1,1246697.98,4052162.39,37513.69,673803.61,422977.9,42284.77,56686.75
Scenario 2,53,1,Fake Positive News,53,TRADING,165938.44,1367453.62,162703.93,275485.15,479899.45,458964.79,221562.19,442977.36,704906.7,1024335.8,399729.09,279781.5,1478358.65,18447.46,473376.51,43014.08,343806.33,481606.25,181018.14,47124.64,131472.47,473740.72,379979.16,429592.24,105948.13,120760.79,159520.74,202370.62,105803.34,168474.47,124150.97,130659.51,131863.63,110642.02,157242.16,127577.05,113890.69,1418596.14,20331.14,16211.84,118244.01,189412.24,156.03,1245335.96,4051246.62,37575.76,674210.47,422077.46,42287.1,56746.47
Scenario 2,54,1,Fake Positive News,54,TRADING,165989.54,1367245.0,162698.14,275333.64,479115.99,458136.82,221353.52,441771.64,704920.78,1026000.47,398140.92,279574.51,1476308.63,18392.49,474015.07,42977.71,344278.5,481482.56,181403.44,47078.77,131709.87,473578.47,380040.52,429848.4,106033.62,120840.35,159836.62,202554.34,105809.78,168654.71,124100.83,130664.72,131576.97,110762.11,157330.89,127602.45,113880.57,1419508.21,20330.24,16193.49,118143.92,189020.34,156.08,1243071.09,4046295.73,37653.11,674051.69,421304.59,42287.32,56795.01
Scenario 2,55,1,Fake Positive News,55,TRADING,166084.55,1366045.53,162693.68,275624.85,477896.45,457510.36,221038.35,440588.55,704757.92,1027984.76,396648.38,279332.31,1473681.29,18432.42,474351.88,42961.97,344862.45,481406.84,181966.69,47089.31,131914.25,473320.17,380191.14,429669.73,106255.8,120826.65,160007.13,202599.05,105826.98,168861.91,124128.86,130677.34,131381.58,110903.87,157286.27,127611.58,113887.38,1417832.87,20323.86,16147.91,118044.11,188407.61,156.28,1241991.16,4044472.05,37722.37,673765.91,420458.52,42280.24,56836.37
Scenario 2,56,1,Fake Positive News,56,TRADING,166285.05,1365232.68,162728.9,275906.06,476568.17,456412.04,220984.73,438961.35,704752.67,1030580.56,395356.65,279080.93,1470532.43,18471.87,475241.75,42948.42,345289.97,481886.57,182414.78,47136.61,131980.22,473331.47,380247.64,429836.17,106551.75,120805.39,160327.94,202940.68,105820.98,169140.25,124020.76,130662.23,131076.58,110945.38,157259.03,127631.18,113962.68,1415851.15,20331.67,16125.27,117924.64,188824.55,156.21,1240584.56,4041668.34,37818.82,673468.03,419713.64,42268.36,56896.02
Scenario 2,57,1,Fake Positive News,57,TRADING,166479.44,1362909.12,162667.82,276029.98,475456.29,455352.25,220737.75,437708.36,704762.96,1032877.28,393923.21,278565.5,1467409.68,18520.69,475854.55,42906.46,345873.76,482433.14,182756.17,47093.18,132117.52,473520.99,380381.14,429976.29,106688.27,120771.98,160727.41,203442.61,105781.36,169335.95,123827.68,130669.68,130828.09,111051.51,157260.21,127637.03,113933.14,1414862.87,20351.36,16100.84,117747.52,189424.64,156.14,1239701.17,4040431.39,37894.07,672922.77,418628.37,42274.41,56904.47
Scenario 2,58,1,Fake Positive News,58,TRADING,166757.63,1360586.05,162654.91,276407.84,474090.59,454428.03,220619.71,436458.17,704598.71,1035003.71,392733.95,277961.12,1464952.33,18562.2,476775.34,42900.3,346306.81,482449.81,183187.67,47033.31,132340.71,473328.55,380533.49,430010.41,106840.81,120747.81,161114.75,203931.02,105804.7,169612.46,123860.5,130662.32,130570.67,111287.05,157276.15,127676.23,113925.4,1413009.16,20359.8,16085.55,117658.83,189828.61,156.2,1238256.37,4034902.89,37953.8,672888.13,417795.9,42286.22,56905.48
Scenario 2,59,1,Fake Positive News,59,TRADING,166921.66,1359221.72,162630.55,276413.43,472500.64,453448.15,220501.29,435166.92,704584.75,1036547.54,391374.8,277808.78,1462172.88,18602.69,477559.33,42860.87,346567.07,482807.14,183730.83,47010.06,132568.69,473166.02,380608.74,430067.44,107043.03,120748.96,161440.64,204624.95,105820.37,169961.65,123745.45,130679.35,130400.47,111434.16,157230.95,127650.74,113950.07,1410667.74,20362.3,16069.61,117565.94,190438.56,156.11,1237930.96,4031484.04,38017.61,673634.58,416799.32,42288.75,56947.67
Scenario 2,60,1,Fake Positive News,60,TRADING,167138.56,1358271.91,162694.73,276474.94,471389.38,452597.26,220528.47,434038.67,704535.76,1038283.22,390037.61,277418.91,1459417.09,18637.44,478330.17,42861.48,347258.08,483203.5,184132.04,46994.56,132694.11,472978.53,380663.82,430052.43,107150.21,120720.63,161730.97,204845.31,105823.81,170233.7,123703.16,130681.61,130163.1,111476.27,157181.61,127663.75,113919.82,1408710.07,20358.96,16051.33,117527.62,190934.09,156.07,1237097.47,4027404.79,38103.99,673452.89,415581.69,42310.95,56963.09
Scenario 2,61,1,Fake Positive News,61,TRADING,167231.26,1357755.03,162739.78,276418.17,470379.0,451775.7,220405.92,432691.51,704624.34,1039742.12,388636.24,277259.52,1455733.31,18677.59,479330.49,42819.72,347894.45,483380.99,184537.77,46989.84,132694.74,472939.32,380560.01,430044.36,107383.87,120704.35,161835.08,205033.98,105835.54,170520.6,123718.67,130718.29,129878.64,111615.84,157207.55,127636.42,113926.1,1406351.82,20370.78,16020.77,117435.39,191511.77,156.05,1235731.45,4023879.38,38186.86,672741.25,414434.06,42315.71,57008.53
Scenario 2,62,1,Fake Positive News,62,TRADING,167475.0,1356177.36,162702.8,276661.98,469164.29,451028.76,220236.65,431443.39,704476.39,1041577.51,387372.04,276831.26,1453906.1,18714.22,479556.57,42806.69,348082.67,483494.17,185003.32,47007.72,132918.03,472950.84,380658.42,429932.63,107435.46,120673.62,162140.53,205475.18,105882.47,170824.03,123622.74,130703.44,129648.01,111750.23,157163.56,127620.43,113881.06,1404374.61,20377.16,16013.29,117415.82,192067.14,156.09,1234586.39,4021464.41,38233.12,672792.46,413192.61,42321.23,57005.8
Scenario 2,63,1,Fake Positive News,63,TRADING,167654.68,1353516.57,162824.79,276723.22,467996.26,449946.89,220044.11,430280.61,704523.07,1043643.05,385636.05,276504.48,1452116.09,18765.32,479927.72,42752.58,348551.04,483400.74,185475.94,47000.47,132998.47,472994.88,380763.5,429549.72,107605.18,120700.58,162327.68,205155.92,105882.2,171114.05,123623.52,130696.58,129279.0,111895.44,157121.76,127625.22,113898.29,1405844.85,20375.51,15998.15,117320.67,192680.6,156.37,1233293.92,4016233.38,38297.08,673260.36,412565.32,42322.51,57066.05
Scenario 2,64,1,Fake Positive News,64,TRADING,167869.98,1351829.95,162974.31,277109.14,466903.1,449353.11,219783.56,429003.32,704629.49,1045248.64,384320.77,276289.78,1449191.42,18807.65,480080.42,42726.59,348625.87,483717.27,185915.51,47038.13,133099.38,473144.67,380727.45,429342.83,107778.87,120706.07,162686.22,205446.66,105878.69,171455.3,123633.68,130703.65,129067.1,112050.34,157125.55,127688.06,113898.55,1405697.45,20378.19,15980.52,117149.66,193084.77,156.28,1230956.78,4015171.35,38381.23,673745.08,411905.64,42320.37,57112.71
Scenario 2,65,1,Fake Positive News,65,TRADING,168014.39,1348594.66,163039.59,277339.65,466014.73,448481.93,219483.13,427404.8,704664.37,1047289.21,383132.75,275971.25,1445863.39,18842.9,480696.65,42707.02,349105.46,483677.82,186294.92,47068.71,133268.79,473375.93,380716.19,429378.85,107983.53,120766.16,163152.19,205635.12,105856.91,171701.37,123665.12,130698.4,128792.48,112204.88,157080.25,127691.38,113873.1,1403330.61,20388.76,15958.63,117053.63,193673.45,156.38,1229341.57,4011465.98,38448.06,673417.54,410829.09,42320.93,57158.53
Scenario 2,66,1,Fake Positive News,66,TRADING,168132.41,1346834.38,162951.26,277425.45,467639.44,447429.7,219234.86,426423.84,704399.37,1049742.17,381917.19,275660.25,1442187.15,18892.97,481341.62,42661.99,349539.69,483891.73,186755.9,47046.44,133515.04,473331.25,380770.01,429409.18,108072.84,120761.78,163534.58,206038.46,105884.71,171968.78,123598.91,130706.43,128437.99,112172.1,157064.31,127672.57,113843.59,1402924.79,20397.6,15937.86,116843.06,194257.25,156.48,1228949.06,4011845.52,38549.37,672677.39,411970.06,42326.23,57144.89
Scenario 2,67,1,Fake Positive News,67,TRADING,168277.43,1344693.12,162930.26,277814.49,469210.91,446523.14,219026.65,425304.68,704147.25,1052239.14,380706.69,275479.53,1439889.56,18940.14,482279.1,42614.21,350086.16,483956.84,187217.38,47077.41,133597.69,473118.32,380746.38,429459.59,108052.22,120801.94,163810.84,206379.22,105828.16,172282.19,123539.08,130725.97,128186.75,112383.23,157072.97,127694.51,113812.49,1400087.18,20402.56,15921.49,116763.67,194712.23,156.34,1228371.18,4007790.03,38628.24,672302.54,412918.58,42325.87,57199.92
Scenario 2,68,1,Fake Positive News,68,TRADING,168447.71,1342905.78,162903.77,278007.3,470701.27,445489.53,218846.64,424101.26,704324.62,1053881.72,379446.16,274909.97,1437493.85,18982.89,483165.58,42544.33,350602.67,483966.09,187498.24,47125.83,133476.74,473480.04,380674.96,429473.45,108148.62,120805.86,164119.57,206778.34,105855.71,172522.86,123474.89,130745.94,127916.16,112542.13,157058.21,127708.62,113830.22,1397001.51,20410.32,15916.17,116680.56,195405.13,156.39,1226866.8,4007374.24,38707.35,672756.5,414076.78,42333.59,57252.24
Scenario 2,69,1,Fake Positive News,69,TRADING,168744.01,1343451.03,162881.73,277928.88,472340.98,444588.73,218475.14,422623.54,704188.47,1055642.73,378304.15,274566.86,1433866.65,19016.09,483313.77,42546.95,351260.53,484264.81,187905.7,47150.77,133405.77,473248.31,380665.47,429343.53,108391.2,120798.32,164449.08,207387.19,105921.1,172767.68,123438.71,130771.76,127637.79,112706.22,157070.53,127706.23,113921.88,1394963.49,20404.87,15876.21,116548.52,196011.98,156.58,1226644.94,4006466.64,38767.01,672193.9,414950.6,42334.17,57279.34
Scenario 2,70,1,Fake Positive News,70,TRADING,168930.79,1343329.62,162875.78,278142.77,473986.57,443878.98,218294.0,421222.27,704092.51,1057734.93,377077.97,274354.95,1431105.9,19054.4,484169.29,42485.26,351785.23,484903.73,188496.88,47099.75,133584.71,473259.61,380626.66,429291.93,108347.32,120757.17,164955.8,207654.07,105919.23,173087.62,123202.41,130778.54,127354.1,112662.76,157140.78,127753.49,113893.65,1393941.92,20411.93,15855.65,116335.28,196591.17,156.48,1225139.26,4002325.75,38832.4,671911.64,415987.87,42327.07,57344.6
Scenario 2,71,1,Fake Positive News,71,TRADING,169052.54,1339996.59,162887.83,278214.19,475542.93,442997.1,217952.06,419927.13,704137.36,1059664.12,375687.35,274114.21,1427297.61,19094.63,485480.78,42404.75,351803.13,484928.64,188851.26,47057.46,133563.17,473127.42,380572.55,429208.84,108406.58,120721.22,165258.12,207897.21,105935.85,173317.85,123331.87,130792.72,127070.41,112767.48,157178.0,127741.34,113931.37,1392249.01,20405.63,15835.27,116262.11,197018.34,156.53,1224143.99,4000173.39,38903.55,671602.18,417045.25,42339.36,57455.53
Scenario 2,72,1,Fake Positive News,72,TRADING,169349.07,1339079.59,162782.36,278355.16,477341.0,442033.82,218144.48,418707.12,704396.5,1061599.05,374351.38,273615.67,1424532.61,19142.73,485319.91,42479.34,352662.1,484701.26,189234.53,47070.74,133335.99,472635.78,380482.61,429255.5,108443.33,120716.95,165545.64,208250.91,105962.63,173500.03,123498.0,130812.48,126784.76,112592.87,157176.02,127775.22,113969.76,1389855.61,20423.09,15852.09,116290.49,197560.43,156.2,1225310.6,4003454.32,38961.35,671696.45,417879.41,42340.88,57387.73
Scenario 2,73,1,Fake Positive News,73,TRADING,169477.15,1337935.6,162946.52,278202.08,478921.33,440985.18,218330.12,417656.31,704195.26,1063834.31,373109.73,273000.29,1421597.56,19192.34,486074.47,42526.47,353300.68,484746.82,189731.27,47120.34,133059.15,472572.68,380631.9,429263.76,108623.93,120669.24,165804.64,208642.74,105941.31,173843.26,123471.33,130821.74,126546.77,112493.4,157117.5,127790.19,113997.93,1389229.66,20431.4,15877.29,116375.72,198233.57,156.15,1226120.1,4012015.58,39045.08,671908.91,418371.69,42336.17,57320.54
Scenario 2,74,1,Fake Positive News,74,TRADING,169690.82,1335683.78,163083.67,278085.0,480437.74,440459.89,218710.14,416184.31,704238.37,1066070.26,371702.08,272642.96,1418986.2,19225.47,486024.95,42563.5,353826.62,484628.4,190146.19,47196.33,133028.33,472524.03,380605.43,429130.75,108657.62,120681.67,165973.67,209080.11,105975.91,174101.22,123543.02,130827.17,126283.7,112353.8,157087.09,127751.11,113981.33,1387714.11,20449.63,15916.01,116501.56,198815.47,155.87,1227296.81,4015692.46,39105.13,672029.17,419317.31,42343.95,57192.16
Scenario 2,75,1,Fake Positive News,75,TRADING,170000.53,1331984.51,163086.92,277978.12,482055.68,439773.1,218883.36,414740.51,704307.47,1067524.07,370457.33,272437.3,1416756.24,19268.52,486751.91,42618.47,354659.23,484447.79,190697.09,47266.62,132915.95,472665.07,380593.18,429228.99,108775.66,120695.29,166386.58,209321.83,106000.98,174388.65,123441.44,130840.38,125917.93,112313.91,157082.59,127719.11,113925.64,1387708.35,20465.28,15920.86,116558.33,199204.7,155.66,1228625.82,4013808.08,39173.37,672102.13,420232.53,42332.8,57090.72
Scenario 2,76,1,Fake Positive News,76,TRADING,170107.47,1330144.32,163093.74,277815.55,483334.36,438806.58,219285.52,413447.27,704343.93,1069778.7,369199.33,272043.65,1420215.73,19317.73,487109.87,42641.37,355093.24,484033.88,191070.58,47344.43,132685.44,472792.31,380581.48,429021.96,108899.9,120651.44,166645.42,209779.43,105942.71,174725.42,123381.15,130822.74,125639.04,112115.71,156999.35,127742.74,113910.99,1386006.64,20475.66,15942.06,116487.72,199727.5,155.54,1229679.28,4017433.96,39233.07,670781.89,421319.66,42333.63,56955.01
Scenario 2,77,1,Fake Positive News,77,TRADING,170225.27,1329471.9,163040.82,277768.86,484998.35,437898.28,219503.28,412245.67,704478.13,1071329.4,368090.92,271910.72,1423982.88,19363.67,488044.57,42651.61,355687.21,484099.55,191543.16,47394.98,132409.8,472731.61,380461.23,428951.73,109072.76,120633.05,167100.43,210296.28,105955.57,174831.39,123350.75,130801.01,125337.07,111941.67,157001.28,127763.37,113880.67,1386262.66,20484.43,15962.51,116581.14,200546.9,155.3,1229300.55,4016787.48,39314.12,670522.8,422342.54,42326.65,56852.62
Scenario 2,78,1,Fake Positive News,78,TRADING,170565.65,1328019.74,163089.0,277768.48,486598.44,439235.63,219654.16,410946.44,704583.26,1073868.95,366608.81,271541.82,1429079.83,19406.15,488974.26,42679.68,356107.2,483542.45,191868.25,47439.27,132179.16,472392.64,380396.13,428954.41,109194.36,120618.08,167479.85,210303.22,106036.96,175081.23,123355.64,130776.18,125131.56,111710.33,156946.17,127759.21,113892.73,1384318.83,20497.75,15979.82,116685.02,201274.19,155.08,1232560.66,4021641.23,39387.24,670195.7,423278.1,42331.57,56764.7
Scenario 2,79,1,Fake Positive News,79,TRADING,170833.89,1325904.61,163035.71,278035.13,488112.36,441029.22,219901.64,409876.67,704179.16,1075224.81,365256.64,271579.66,1433809.91,19447.29,489568.02,42716.98,356532.92,483210.23,192003.09,47487.76,131926.63,472095.48,380611.89,428935.1,109281.88,120641.06,167724.78,210761.51,106016.0,175443.71,123551.8,130794.21,124813.41,111487.92,157005.35,127758.92,113887.45,1381943.95,20500.95,16010.29,116672.19,201869.08,155.03,1232365.12,4022101.3,39459.03,669622.12,424229.64,42340.26,56601.72
Scenario 2,80,1,Fake Positive News,80,TRADING,170831.68,1325044.65,163072.49,278103.68,489544.82,442736.6,219989.3,408509.82,704323.18,1077075.07,363919.91,271458.9,1438350.23,19494.01,490006.87,42719.4,356879.9,482515.15,192262.67,47571.06,131616.29,471967.74,380610.44,429221.5,109438.4,120662.45,167871.93,211004.52,105984.43,175716.17,123557.57,130809.6,124631.78,111328.43,157006.42,127729.32,113891.34,1380995.89,20503.69,16032.0,116703.72,202479.39,155.08,1234785.94,4024220.87,39533.53,670120.47,425266.29,42349.06,56511.73
Scenario 2,81,1,Fake Positive News,81,TRADING,171180.26,1323807.01,163070.8,277999.24,490903.41,444036.32,220245.62,407388.23,704294.69,1079139.41,362739.32,271102.74,1441307.11,19541.15,491041.05,42738.46,357547.12,482068.64,192700.24,47612.09,131523.5,471686.95,380589.97,428971.35,109491.76,120661.21,168187.8,211293.0,105966.43,175960.3,123575.71,130779.04,124419.07,111181.77,156994.24,127725.25,113849.55,1378106.93,20529.71,16053.34,116785.29,203058.5,154.75,1234995.29,4030226.7,39608.49,670619.66,426103.08,42355.39,56416.15
Scenario 2,82,1,Fake Positive News,82,TRADING,171270.62,1322250.11,163057.35,277934.75,492616.0,445469.86,220459.6,406447.59,704135.57,1081304.4,361646.82,271044.73,1445502.48,19580.81,491728.38,42784.65,357955.85,481315.97,193141.43,47660.43,131388.37,471739.29,380867.31,428990.42,109680.29,120662.86,168529.31,211746.93,105984.88,176175.83,123549.92,130767.4,124124.26,111029.92,157001.5,127710.69,113900.01,1376542.94,20517.81,16061.3,116755.92,203636.51,154.65,1234302.06,4032450.57,39683.92,670117.95,426970.65,42357.62,56330.38
Scenario 2,83,1,Fake Positive News,83,TRADING,171570.05,1320837.49,162978.36,278003.48,494273.32,447050.77,220792.64,405205.64,703935.62,1084252.58,360236.42,270667.63,1449624.82,19624.15,492539.82,42828.42,358218.04,481228.43,193855.76,47734.11,131161.81,471473.5,380744.79,428890.27,109856.74,120645.09,168826.87,211824.17,105962.46,176360.87,123591.44,130797.54,123817.94,110868.72,156955.26,127704.63,113911.38,1376159.36,20517.32,16083.43,116682.12,204327.99,154.53,1235888.69,4037013.77,39749.93,670002.23,428007.45,42345.97,56252.42
Scenario 2,84,1,Fake Positive News,84,TRADING,171835.09,1318476.79,162936.35,277895.02,496002.37,448303.37,220944.2,403887.23,703809.26,1085430.76,359144.39,270314.38,1453619.22,19681.56,493176.89,42872.0,358898.97,480502.72,194248.32,47789.56,131057.76,471532.07,380663.32,428797.72,110007.5,120663.21,169171.24,212257.96,105923.97,176749.99,123571.95,130818.76,123573.58,110823.92,156978.36,127698.93,113985.16,1374525.17,20527.95,16096.47,116858.27,205071.93,154.53,1236915.42,4038329.26,39834.09,669640.33,428782.78,42344.91,56163.34
Scenario 2,85,1,Fake Positive News,85,TRADING,172097.93,1316794.69,162907.11,277827.19,497759.63,450349.95,221142.91,402707.82,703843.56,1087453.46,357829.3,269924.31,1456267.64,19725.09,494531.56,42882.21,359847.35,479913.45,194637.52,47872.13,130717.2,471403.34,380533.53,428863.86,110085.72,120666.31,169412.15,212609.67,105942.83,176942.7,123562.39,130844.72,123294.24,110711.49,156965.27,127683.0,114023.48,1373605.93,20509.54,16102.86,116895.97,205663.43,154.5,1236575.28,4040361.04,39897.94,668822.05,429891.42,42341.11,56067.7
Scenario 2,86,1,Fake Positive News,86,TRADING,172597.45,1315180.17,162889.47,277976.57,499077.05,451711.91,221408.23,401392.07,703627.21,1089870.72,356653.1,269452.14,1459923.09,19772.7,495508.68,42920.4,360603.65,479314.16,195075.66,47888.69,130562.92,470960.97,380710.93,428734.38,110067.46,120650.09,169681.63,213011.05,105873.34,177175.14,123556.25,130871.05,123036.04,110646.45,156946.24,127689.09,114054.88,1371322.48,20489.73,16128.26,116944.23,206195.75,154.36,1237978.15,4042421.7,39983.68,668698.89,430897.99,42352.93,56025.69
Scenario 2,87,1,Fake Positive News,87,TRADING,172888.24,1313071.53,162846.7,278103.08,500721.55,453353.3,221674.98,400309.83,703578.9,1091954.14,355426.12,269254.06,1464130.03,19819.94,496318.83,42956.1,360649.81,479151.96,195564.15,47954.05,130367.9,471032.54,380738.98,428764.25,110292.99,120633.78,169997.44,213218.87,105851.11,177297.98,123473.06,130891.05,122694.94,110497.26,156883.91,127709.5,114029.03,1369715.53,20504.78,16168.68,116964.07,206811.35,154.13,1238614.06,4049486.63,40044.65,669530.86,432082.31,42353.91,55921.61
Scenario 2,88,1,Fake Positive News,88,TRADING,173219.53,1311002.99,162767.83,277979.1,502465.15,454860.47,221915.1,399135.64,703545.22,1093975.65,353957.19,269080.34,1467508.22,19877.93,496664.65,42961.88,361070.8,478673.91,195869.54,48016.92,130123.34,470795.33,380672.57,428671.95,110359.52,120615.93,170375.83,213812.62,105725.18,177523.54,123397.59,130898.55,122407.82,110162.09,156829.89,127728.35,114053.96,1369258.32,20514.51,16187.04,116898.76,207274.32,154.0,1237926.64,4055335.84,40099.57,668952.38,432944.48,42357.78,55848.17
Scenario 2,89,1,Fake Positive News,89,TRADING,173417.12,1309410.88,162731.64,277819.15,503891.93,456237.11,222159.34,397607.45,703385.2,1095669.83,352470.04,268939.12,1471439.09,19918.34,497794.06,42992.88,361730.89,478240.93,196221.88,48057.99,129987.57,471064.7,380492.38,428615.69,110547.78,120595.2,170665.92,213925.08,105768.58,177832.08,123301.56,130913.84,122162.08,110060.17,156819.11,127733.45,114030.79,1368481.74,20528.76,16180.0,117108.59,207872.66,153.77,1238396.56,4056482.92,40187.84,668759.25,434174.89,42369.96,55817.78
Scenario 2,90,1,Fake Positive News,90,TRADING,173421.39,1309132.9,162637.99,277735.79,505350.46,457821.3,222419.1,396489.14,703430.77,1097559.39,351073.94,268588.49,1475618.39,19964.69,498647.43,43021.92,362152.4,477806.42,196742.47,48104.04,129661.64,471155.37,380606.72,428666.75,110891.11,120528.28,171057.55,213774.81,105822.83,177988.48,123330.86,130933.06,121963.0,110099.41,156868.12,127708.63,114079.71,1367480.53,20534.62,16208.48,117169.81,208345.64,153.53,1241077.14,4057161.69,40265.79,669751.62,435104.26,42361.15,55688.46
Scenario 2,91,1,Fake Positive News,91,TRADING,173853.63,1307997.66,162557.6,277566.85,507155.32,459224.44,222695.22,395076.23,703566.59,1099480.35,349733.29,268452.5,1480956.72,20000.63,500392.95,43012.39,362908.36,477355.03,197207.93,48097.36,129668.52,471081.72,380663.03,428725.48,111067.78,120532.72,171305.43,214065.42,105901.64,178263.05,123328.71,130928.38,121734.76,109990.56,156791.18,127694.71,114105.65,1363483.78,20544.55,16236.08,117255.96,208801.82,153.47,1243110.29,4060661.18,40339.87,669224.99,436011.16,42381.53,55612.3
Scenario 2,92,1,Fake Positive News,92,TRADING,173755.95,1309931.76,162538.99,277416.26,508520.42,460370.02,222711.73,393640.03,703586.76,1101817.49,348355.75,269196.31,1484178.01,20040.61,499422.47,43094.57,363515.15,476949.83,197693.95,48189.87,129510.9,471047.05,380683.58,428791.34,110967.91,120506.83,171434.72,213291.2,105835.54,178546.6,123184.29,130975.64,121459.29,109769.23,156790.4,127698.84,114084.32,1368018.07,20549.82,16241.68,117336.3,209293.47,153.17,1244238.09,4062113.03,40404.11,669579.22,437437.12,42373.38,55531.21
Scenario 2,93,1,Fake Positive News,93,TRADING,173517.19,1311572.21,162639.45,277409.62,510170.94,462028.39,222788.22,392312.52,703456.13,1103493.97,347102.63,269694.3,1489245.84,20084.0,498848.82,43115.7,363749.54,476328.88,198159.64,48269.21,129214.07,471067.04,380723.75,428430.63,110956.83,120522.28,171706.98,212932.97,105845.82,178805.13,123091.73,130950.51,121256.47,109695.83,156735.29,127726.6,114103.63,1369864.66,20545.53,16268.41,117365.4,209814.04,153.04,1245126.3,4063452.57,40490.34,668638.82,438249.51,42382.04,55456.46
Scenario 2,94,1,Fake Positive News,94,TRADING,173336.9,1314640.33,162667.17,277361.29,511822.62,463896.62,222889.19,391318.9,703293.09,1105059.37,345473.39,270152.16,1493917.49,20138.96,498231.58,43160.11,363971.62,475739.9,198622.73,48330.63,128857.86,471306.37,380709.15,428305.36,110835.07,120554.09,172052.3,212597.01,105867.71,179133.47,122877.93,130948.29,121002.74,109618.7,156798.47,127749.12,114069.85,1371190.12,20538.61,16293.79,117426.02,210294.52,153.0,1244360.62,4063833.52,40524.61,668257.49,439510.45,42380.48,55372.76
Scenario 2,95,1,Fake Positive News,95,TRADING,173078.16,1317419.47,162585.4,277304.11,513411.5,465133.62,223127.52,389993.03,703253.16,1106701.45,344081.75,270579.17,1498002.27,20180.27,497907.88,43163.37,364586.06,475270.64,199217.95,48361.94,128536.23,471030.01,380589.63,428582.25,110884.72,120561.22,172528.64,212066.45,105799.47,179447.01,122876.96,131001.86,120765.08,109589.48,156689.04,127730.61,113989.48,1373750.33,20542.07,16297.85,117358.08,210874.58,152.81,1246170.86,4065936.59,40586.8,667942.45,440556.92,42390.72,55348.59
Scenario 2,96,1,Fake Positive News,96,TRADING,172607.97,1320426.96,162624.87,277097.74,514890.24,466324.77,223310.43,388797.08,703463.36,1108717.9,342760.75,271035.05,1501820.33,20217.4,497243.07,43191.23,364974.8,475066.52,199690.19,48386.93,128399.84,471228.11,380756.49,428606.35,110719.89,120522.9,172718.03,211689.76,105880.41,179690.08,122781.2,131041.41,120567.22,109424.48,156712.19,127755.79,114044.01,1376488.6,20525.94,16292.19,117337.01,211509.8,152.61,1245781.51,4070560.49,40662.72,668357.7,441733.89,42377.58,55255.88
Scenario 2,97,1,Fake Positive News,97,TRADING,172553.98,1321755.18,162694.87,276814.87,516519.92,467918.63,223549.49,387433.4,703582.15,1111003.72,341636.15,271441.53,1505695.47,20258.39,497291.93,43222.09,365396.59,475018.64,200074.8,48394.66,128125.96,471407.4,380647.3,428531.05,110606.64,120499.46,172919.49,211457.45,105883.45,180068.86,122699.16,131068.83,120305.84,109191.78,156692.21,127765.25,114045.99,1378763.28,20531.47,16315.53,117338.11,211927.32,152.45,1247115.88,4072536.22,40749.83,668554.29,442752.97,42375.82,55174.36
Scenario 2,98,1,Fake Positive News,98,TRADING,172071.94,1324533.49,162694.38,276639.01,518354.52,469261.68,223868.17,385892.62,703294.62,1113577.78,340380.36,271677.91,1509516.51,20296.26,496227.54,43259.62,365831.59,475025.1,200538.8,48424.91,127699.36,471232.03,380817.6,428617.01,110339.06,120494.27,173091.23,210901.57,105856.27,180315.62,122645.01,131053.93,119946.97,109029.85,156680.06,127748.72,114008.25,1383101.7,20541.57,16310.24,117430.6,212649.28,152.23,1247821.93,4076172.52,40845.48,668315.65,443872.61,42372.02,55104.7
Scenario 2,99,1,Fake Positive News,99,TRADING,171644.11,1327285.14,162769.36,276559.79,519626.73,470918.23,224149.94,384509.2,703472.32,1115572.73,339211.8,271990.4,1512099.75,20337.91,495283.55,43280.5,366331.15,474214.63,200922.66,48411.99,127636.61,470543.41,380618.17,428519.4,110027.26,120483.25,173599.82,210932.88,105820.78,180466.47,122550.27,131038.64,119689.64,108898.39,156692.55,127738.35,114039.78,1385827.58,20539.64,16319.01,117517.97,213147.9,152.21,1249015.96,4083206.42,40917.83,668042.01,444891.5,42374.25,55047.95
Scenario 2,100,1,Fake Positive News,100,TRADING,171186.52,1329949.5,162796.97,276452.72,521456.26,472501.11,224397.89,383448.58,703389.13,1117577.17,337785.98,272458.39,1515211.6,20374.01,494349.43,43269.08,366636.22,474006.76,201242.97,48506.24,127491.99,470607.45,380659.65,428474.45,109857.86,120497.42,173892.1,210749.71,105906.73,180736.26,122524.49,131046.72,119478.05,108894.45,156729.95,127748.44,114001.55,1387399.27,20543.75,16327.28,117540.31,213467.9,151.9,1250788.52,4085500.56,41006.87,667632.76,445965.45,42362.51,54997.98
Scenario 2,101,1,Fake Positive News,101,TRADING,170900.08,1332860.81,162870.56,276393.19,522867.65,473872.24,224446.52,382124.55,703363.84,1120159.54,336407.64,273074.53,1518725.28,20425.2,493429.1,43300.17,367062.24,473917.14,201597.69,48581.64,127267.52,470387.8,380670.5,428679.35,109803.7,120516.87,174366.06,210363.32,105962.51,181057.22,122570.27,131079.42,119232.07,108738.78,156778.56,127757.72,114076.97,1389113.09,20557.61,16347.43,117498.66,214025.16,151.71,1249381.39,4088951.28,41098.4,667887.65,447115.56,42371.12,54900.7
Scenario 2,102,1,Fake Positive News,102,TRADING,170525.68,1333693.33,162833.8,276468.85,524767.91,475238.92,224483.83,380655.13,703294.89,1122011.32,334961.04,273554.47,1521805.93,20459.99,492249.84,43354.35,367585.05,473611.14,201923.19,48615.2,127034.91,470532.36,380747.77,428741.05,109512.57,120540.48,174543.38,209932.53,106042.53,181258.25,122487.01,131058.63,118959.07,108648.17,156838.71,127758.45,114076.7,1389867.89,20551.29,16362.48,117485.23,214673.21,151.51,1248040.71,4091209.8,41182.99,667529.0,447902.74,42381.07,54820.6
Scenario 2,103,1,Fake Positive News,103,TRADING,170162.54,1335637.3,163007.17,276563.33,526736.48,476428.76,224836.31,379547.34,703443.87,1123262.75,333495.28,274108.25,1525419.31,20498.03,490984.22,43413.44,368137.37,473807.82,202325.41,48636.11,126865.54,470500.74,380639.16,428739.89,109502.8,120498.94,174873.45,209681.29,105979.41,181587.85,122509.89,131021.72,118664.41,108553.81,156857.87,127818.51,114042.64,1391641.4,20550.55,16365.2,117611.0,215379.98,151.41,1248401.87,4092438.76,41243.42,665628.24,449024.56,42380.72,54740.6
Scenario 2,104,1,Fake Positive News,104,TRADING,169998.18,1336604.83,163012.84,276566.31,528629.57,478075.52,225059.23,378473.93,703552.14,1125486.11,332156.19,274703.22,1530029.78,20547.88,490374.03,43453.9,368568.46,473198.99,202669.26,48661.96,126614.01,470228.42,380665.52,428601.85,109386.45,120495.2,175372.08,209333.26,105992.4,181863.88,122622.91,131022.8,118454.57,108317.93,156877.61,127847.34,114006.72,1394200.73,20543.97,16372.78,117525.4,215950.04,151.2,1249037.46,4093980.81,41312.79,665824.13,449971.16,42390.52,54652.16
Scenario 2,105,1,Fake Positive News,105,TRADING,169663.29,1338597.16,163132.99,276559.8,530440.0,479711.86,225496.87,377226.79,703711.69,1127739.26,330807.44,275183.95,1534559.08,20584.87,489303.97,43494.12,368953.32,472457.87,203113.9,48674.82,126362.05,470412.99,380799.65,428248.13,109101.07,120455.12,175756.68,208893.02,106042.53,182227.39,122555.44,131064.39,118182.53,108217.91,156844.65,127836.08,114006.68,1397433.15,20555.5,16378.49,117421.86,216505.33,151.11,1250394.51,4094780.34,41374.54,666050.77,451027.21,42392.11,54630.19
Scenario 2,106,1,Fake Positive News,106,TRADING,169370.84,1341306.01,163244.06,276341.06,532222.88,481052.95,225906.56,375970.4,703545.44,1129637.13,329439.56,276043.58,1539208.13,20613.46,488418.22,43488.14,369441.65,472208.27,203611.37,48699.54,126342.85,470906.09,380790.42,428002.24,108856.62,120448.93,175881.56,208656.56,106065.18,182460.86,122504.86,131074.43,117902.54,108096.9,156828.49,127787.09,113927.99,1401748.25,20549.63,16399.32,117552.51,217003.74,151.02,1249756.22,4097367.87,41459.69,666078.8,452105.26,42399.45,54585.84
Scenario 2,107,1,Fake Positive News,107,TRADING,168906.1,1344498.29,163304.18,276169.62,533898.26,482682.74,226206.42,374580.03,703494.71,1131787.48,328626.71,276355.26,1543640.8,20657.32,487567.91,43515.95,369568.34,471496.72,204023.61,48799.55,126084.23,471007.09,380828.62,428026.15,108621.49,120469.08,176353.19,208374.05,106060.58,182786.89,122360.98,131108.44,117598.97,108009.49,156752.42,127834.15,113959.77,1406141.55,20557.82,16426.67,117538.0,217527.04,150.82,1250928.65,4099441.77,41528.96,665980.19,453247.47,42390.7,54471.26
Scenario 2,108,1,Fake Positive News,108,TRADING,168623.25,1347483.7,163222.79,276007.32,535685.42,484474.26,226378.52,373306.49,703538.43,1134678.93,328626.71,276829.53,1547869.29,20688.36,486715.08,43524.18,369958.88,470441.14,204620.25,48877.93,125807.87,470978.55,380908.71,427869.66,108446.71,120476.41,176587.31,208091.61,106192.31,183143.44,122366.83,131114.9,117316.5,107847.73,156766.45,127827.84,114029.88,1408684.87,20555.54,16446.65,117537.15,218036.45,150.61,1251248.72,4100880.58,41611.63,666043.31,454293.75,42393.18,54381.33
Scenario 2,109,1,Fake Positive News,109,TRADING,168311.55,1350169.63,163245.56,275902.02,537639.56,486184.69,226757.49,371895.88,703687.26,1136348.42,329066.38,277398.1,1550286.74,20729.33,485478.99,43532.94,370253.67,470244.68,205085.78,48936.63,125362.33,471163.37,380808.1,427920.62,108245.64,120464.49,176975.23,207723.55,106152.56,183375.37,122419.92,131122.74,117029.22,107568.18,156773.61,127846.5,114074.77,1412968.66,20567.4,16488.54,117432.04,218742.89,150.38,1251718.6,4104625.89,41689.07,666192.34,455434.68,42375.38,54315.02
Scenario 2,110,1,Fake Positive News,110,TRADING,167844.5,1351094.65,163292.03,275648.85,539329.46,487466.88,226948.72,370647.27,703647.54,1138738.25,329657.71,277753.69,1554152.89,20770.04,484940.06,43583.84,370732.27,469695.77,205442.64,49006.05,125057.89,471108.88,381004.16,427615.69,107979.15,120445.7,177365.21,207290.49,106109.53,183637.44,122342.73,131088.15,116793.22,107402.18,156796.44,127838.05,114109.27,1415460.91,20574.69,16499.6,117366.24,219316.25,150.25,1252598.0,4105392.89,41796.43,665974.95,456532.82,42385.86,54230.01
Scenario 2,111,1,Fake Positive News,111,TRADING,167690.19,1353469.45,163257.93,275649.88,541233.39,489007.14,227099.62,369222.95,703759.14,1140926.11,330212.93,278057.26,1558299.48,20809.72,483886.56,43605.74,371307.76,469811.59,205955.61,49029.27,124621.15,471264.21,381037.58,427503.05,107764.37,120416.68,177600.55,206882.69,106183.01,183956.15,122288.46,131061.31,116495.21,107128.54,156802.88,127840.03,114129.85,1415768.38,20588.45,16530.73,117457.62,219868.58,150.14,1254056.59,4106318.29,41878.14,665489.4,457457.87,42391.66,54188.13
Scenario 2,112,1,Fake Positive News,112,TRADING,167250.04,1357305.42,163459.32,275648.0,542205.69,490670.97,227332.94,367846.5,703681.22,1142677.35,330620.92,278423.16,1561221.01,20846.14,482905.91,43635.05,372162.03,469103.45,206543.35,49075.48,124378.39,471450.96,381246.36,427481.35,107549.93,120410.63,178085.16,206205.64,106194.03,184196.95,122384.99,131052.66,116317.18,106931.07,156819.6,127846.18,114142.13,1418682.51,20574.58,16544.44,117557.1,220252.6,150.07,1253838.08,4106112.05,41939.03,665013.3,458270.09,42389.7,54180.92
Scenario 2,113,1,Fake Positive News,113,TRADING,166833.8,1360096.01,163507.16,275385.62,543911.12,492007.36,227464.34,366568.01,703778.22,1145064.46,331218.86,279154.34,1564436.44,20890.61,481885.51,43629.53,372570.03,468953.57,206956.38,49100.73,124292.6,471190.11,381248.64,427406.47,107333.67,120406.98,178472.47,205808.29,106127.56,184412.3,122380.84,131048.51,116007.75,106729.79,156773.8,127849.69,114217.33,1420648.91,20584.22,16572.56,117561.36,220767.11,149.83,1253734.83,4110909.05,42004.93,664459.93,458957.06,42386.88,54133.72
Scenario 2,114,1,Fake Positive News,114,TRADING,166554.2,1362098.33,163478.96,275480.7,545631.1,493484.6,227756.2,365191.26,703852.19,1146900.92,331596.81,279593.44,1568372.9,20942.47,481066.83,43642.32,373244.47,469006.03,207348.65,49165.93,123897.27,471066.7,381244.29,427552.51,107197.43,120438.4,178933.8,205277.71,106083.32,184651.5,122289.8,131039.61,115814.81,106490.25,156791.61,127916.82,114207.2,1424530.34,20597.35,16573.93,117520.56,221321.39,149.8,1253119.42,4115841.64,42127.25,663844.25,460086.53,42381.0,54059.29
Scenario 2,115,1,Fake Positive News,115,TRADING,166276.59,1366533.67,163622.68,275519.57,547181.01,495035.42,227947.4,364081.09,703713.46,1149206.93,332277.74,279810.75,1571761.67,20989.03,480228.23,43660.81,373494.96,468947.51,207943.51,49172.26,123610.91,470899.76,381029.26,427482.7,107148.2,120453.47,179236.43,204870.71,106060.96,184851.07,122424.19,131015.83,115610.95,106447.92,156808.22,127889.49,114293.02,1425765.09,20597.3,16596.81,117668.66,222221.49,149.8,1255153.6,4118368.07,42226.09,663187.48,461406.28,42370.96,53939.7
Scenario 2,116,1,Fake Positive News,116,TRADING,166042.35,1366904.35,163592.8,275225.94,548912.77,496719.64,228304.58,362693.1,703774.7,1151129.8,332966.02,280324.44,1575159.12,21032.78,479602.95,43642.72,373611.62,468393.98,208525.87,49187.81,123335.5,470944.08,380864.59,427308.9,107077.28,120473.33,179607.07,204386.85,106095.69,184881.1,122428.75,131030.28,115290.37,106406.67,156788.14,127902.23,114248.39,1429192.19,20614.78,16585.98,117681.26,222811.92,149.7,1256560.35,4123903.77,42290.01,662646.68,462376.59,42367.79,53859.01
Scenario 2,117,1,Fake Positive News,117,TRADING,165888.37,1369985.79,163540.58,275212.89,550117.16,498228.24,228477.9,361394.16,703696.71,1153550.18,333454.21,280493.38,1579120.74,21069.36,478275.29,43674.92,374156.75,467619.87,209108.62,49216.99,123129.42,470707.17,381090.67,427180.84,106838.64,120500.85,179845.17,204442.96,106189.6,185251.93,122478.96,131028.89,115086.0,106310.83,156788.11,127875.32,114266.88,1431924.4,20613.39,16623.07,117668.89,223371.21,149.5,1256822.78,4128018.28,42337.38,662964.04,463669.84,42362.22,53769.35
Scenario 2,118,1,Fake Positive News,118,TRADING,165523.36,1371378.03,163618.45,275270.69,551938.14,499649.61,228781.84,360322.21,703716.25,1155887.49,333958.22,281046.43,1583022.73,21118.01,477295.27,43668.48,374845.5,467562.53,209686.99,49205.81,122827.41,470567.61,381218.25,427216.91,106694.13,120482.49,180100.03,204035.74,106196.9,185415.5,122339.72,131036.98,114738.76,106145.4,156852.84,127812.47,114275.9,1430570.97,20613.17,16646.89,117641.31,223766.66,149.1,1256896.32,4133739.84,42431.77,662052.19,464627.76,42375.52,53687.59
Scenario 2,119,1,Fake Positive News,119,TRADING,165186.22,1374107.77,163647.23,275065.95,553541.51,501092.75,229128.32,359124.1,703733.65,1157905.34,334631.79,281670.82,1586230.91,21169.22,476594.99,43682.44,375398.83,467520.15,210029.55,49218.96,122588.6,470821.83,381223.86,427002.42,106447.93,120454.92,180314.51,203853.16,106155.08,185644.6,122315.88,131044.39,114480.41,105970.2,156784.89,127787.15,114304.49,1434307.28,20617.3,16666.46,117617.11,224346.92,148.98,1256331.16,4137227.9,42534.68,661573.02,465718.83,42369.4,53657.28
Scenario 2,120,1,Fake Positive News,120,TRADING,165012.35,1376709.05,163896.11,274760.39,555082.16,502646.57,229315.81,357694.93,703843.51,1159358.32,335091.42,282180.69,1590428.76,21212.73,475366.37,43688.71,375471.48,467560.65,210424.59,49276.28,122388.48,470909.88,381144.95,427069.63,106265.3,120452.9,180595.54,203242.37,106134.64,185914.52,122233.8,131070.46,114250.17,105819.7,156739.81,127811.94,114316.98,1437055.38,20621.32,16680.63,117637.35,224836.43,148.87,1257107.2,4141232.33,42601.61,661185.61,466761.65,42381.42,53580.94
Scenario 2,121,1,Fake Positive News,121,TRADING,164626.79,1381616.87,163955.18,274602.75,557058.67,503785.47,229641.86,356329.77,703663.29,1161570.84,335570.93,282779.55,1594362.97,21243.88,474468.87,43719.18,375660.02,466617.02,210679.33,49294.19,122082.84,470667.03,381238.06,427018.7,106208.13,120458.12,180850.84,202918.27,106116.99,186157.67,122316.1,131026.78,113983.33,105765.83,156760.57,127788.78,114311.57,1440260.86,20640.3,16688.45,117625.71,225471.68,148.62,1257728.56,4141903.98,42649.11,659849.76,467990.1,42372.64,53492.63
Scenario 2,122,1,Fake Positive News,122,TRADING,164263.75,1383825.34,163934.58,274544.15,558580.61,505086.54,229870.26,356995.7,703652.22,1163309.46,336002.22,283456.87,1598623.92,21292.73,473636.87,43745.18,376083.75,465485.47,211027.61,49343.74,121798.28,470934.65,381236.24,426731.12,106039.06,120473.57,181136.49,202537.29,106055.0,186321.69,122232.58,131009.93,113728.29,105695.89,156722.2,127770.97,114331.61,1444935.04,20652.63,16689.18,117630.12,225856.73,148.49,1258965.22,4142454.3,42717.42,659374.35,468842.21,42374.84,53414.87
Scenario 2,123,1,Fake Positive News,123,TRADING,163912.08,1385398.0,163953.26,274455.4,559818.24,505916.35,230036.58,357762.88,703620.88,1165906.38,336488.43,283967.41,1602197.19,21329.5,472364.26,43720.73,376710.3,464924.66,211431.93,49423.98,121490.2,471150.7,381268.7,426777.45,105885.05,120476.52,181414.37,202184.79,106052.18,186461.16,122369.45,131007.54,113437.52,105604.34,156682.25,127786.02,114307.36,1447279.9,20662.34,16700.98,117629.19,226608.22,148.43,1261317.94,4143760.95,42782.38,659600.82,469761.88,42377.26,53371.66
Scenario 2,124,1,Fake Positive News,124,TRADING,163405.92,1389039.42,164060.42,274621.24,560853.64,507080.77,230253.67,358277.21,703702.45,1168168.66,337076.1,284410.32,1606450.96,21381.1,471449.03,43749.75,376989.67,464674.0,211825.25,49458.14,121311.64,471267.86,381252.25,426734.31,105892.39,120459.96,181863.68,202350.33,106012.82,186791.1,122440.77,131009.93,113134.98,105359.58,156698.68,127735.25,114337.94,1451599.24,20657.12,16716.63,117761.86,227154.41,148.37,1262333.39,4142115.9,42860.06,660216.04,470373.8,42388.86,53320.11
Scenario 2,125,1,Fake Positive News,125,TRADING,163004.47,1390374.84,164025.25,274505.32,562623.6,508750.09,230621.0,358925.5,703750.97,1170367.38,337790.43,284844.95,1609966.7,21425.54,470735.69,43749.99,377428.47,464189.66,212324.65,49502.39,121196.87,471363.6,381363.17,426525.6,105632.31,120438.27,182151.13,202129.39,105954.56,187044.52,122458.19,131019.23,112880.71,105177.22,156708.72,127708.6,114320.46,1452586.87,20661.72,16734.09,117743.37,227671.82,148.23,1262555.8,4144192.26,42930.35,659919.69,471399.46,42388.01,53234.82
Scenario 2,126,1,Fake Positive News,126,TRADING,162762.16,1393454.81,163935.91,274552.11,564453.36,510687.4,230888.11,359750.22,703725.28,1172569.24,338414.92,285288.57,1614413.7,21474.15,470047.81,43794.96,377945.72,464112.63,212767.27,49516.47,121057.11,471045.02,381442.61,426420.28,105525.75,120373.51,182585.05,201829.54,105983.49,187115.69,122268.69,131050.9,112622.05,105058.36,156701.91,127675.63,114275.25,1456027.31,20664.52,16759.24,117901.06,228250.17,148.04,1263261.6,4151274.57,43028.49,659512.89,472542.24,42381.39,53198.47
Scenario 2,127,1,Fake Positive News,127,TRADING,162312.81,1395120.7,164060.32,274468.12,566134.4,512029.22,231143.85,360120.89,703671.59,1173832.42,339020.13,285793.29,1619090.65,21519.09,469139.75,43817.05,378590.22,463067.86,213317.34,49560.05,120781.68,470675.31,381433.07,426427.3,105331.16,120366.3,182848.7,201493.41,105948.56,187360.33,122327.35,131089.54,112431.56,104958.66,156641.78,127656.19,114305.24,1457673.67,20663.75,16765.52,118055.93,228877.96,147.78,1264261.77,4154856.65,43094.1,659069.1,473451.29,42383.48,53111.76
Scenario 2,128,1,Fake Positive News,128,TRADING,161948.82,1398867.27,164136.78,274190.99,567954.17,513653.37,231283.5,360430.41,703482.98,1175786.79,339401.42,285983.55,1623707.87,21560.25,468411.79,43842.2,379167.21,462669.37,213706.48,49543.83,120396.19,470693.97,381512.46,426047.98,105190.6,120398.3,183377.63,201136.18,105970.42,187752.06,122344.12,131150.29,112210.59,104792.7,156586.87,127589.08,114250.09,1458744.1,20682.43,16783.65,118073.17,229651.88,147.7,1265671.12,4153809.66,43176.35,659130.47,474018.64,42374.25,53051.67
Scenario 2,129,1,Fake Positive News,129,TRADING,161839.07,1401671.84,164263.65,274046.5,569686.79,515036.99,231662.18,361245.56,703568.63,1177330.36,339893.69,286306.58,1628217.75,21593.18,467231.62,43849.08,379664.73,462001.01,214128.41,49549.87,120021.84,470661.59,381526.24,426356.39,105062.52,120411.82,183675.84,201015.59,105968.22,187983.75,122376.96,131173.37,111955.68,104608.54,156579.45,127565.86,114274.75,1461044.6,20690.26,16784.62,118051.02,229917.64,147.35,1266442.76,4157750.15,43217.26,659475.82,474895.93,42371.76,52961.36
Scenario 2,130,1,Fake Positive News,130,TRADING,161563.61,1402396.57,164263.27,273900.46,571497.09,516487.37,231829.05,361736.33,703566.83,1180248.47,340589.85,286688.6,1631248.63,21646.52,466336.9,43841.17,380095.54,462251.25,214677.21,49572.94,119852.74,470189.97,381395.45,426073.95,104782.67,120391.26,184100.16,200970.44,105962.57,188211.39,122329.57,131181.96,111670.23,104454.8,156576.71,127584.75,114261.42,1463346.42,20702.85,16815.52,118085.47,230659.97,147.25,1267112.59,4160197.21,43301.32,659603.29,476378.3,42357.57,52867.58
Scenario 2,131,1,Fake Positive News,131,TRADING,161183.59,1403384.02,164169.09,273769.35,573474.8,517661.76,232159.93,362348.52,703583.9,1182134.72,341150.84,287073.9,1635448.88,21691.71,465252.46,43857.01,380654.43,462059.07,214965.75,49662.98,119580.83,470259.27,381387.88,425877.26,104580.35,120428.61,184424.68,200935.52,106007.88,188543.77,122306.71,131219.79,111423.25,104216.89,156584.39,127557.27,114299.4,1466909.32,20707.09,16848.82,118206.45,231335.24,147.1,1268414.86,4162692.63,43346.03,659755.16,477385.96,42354.53,52802.89
Scenario 2,132,1,Fake Positive News,132,TRADING,160981.31,1406044.03,164316.74,273748.34,574680.81,518987.22,232338.55,362722.87,703511.45,1184463.55,341691.66,287613.4,1640125.66,21740.27,464308.5,43868.26,381081.85,462041.18,215393.13,49702.44,119409.77,470065.95,381323.0,426037.51,104345.67,120448.68,184797.95,200833.82,106019.24,188822.32,122321.48,131227.84,111192.03,104082.62,156640.72,127511.98,114318.75,1469387.32,20690.33,16890.37,118259.39,232060.84,146.86,1269782.15,4167459.76,43402.12,660320.99,478365.86,42354.7,52729.27
Scenario 2,133,1,Fake Positive News,133,TRADING,160521.7,1406000.96,164310.77,273445.27,576746.27,520688.14,232608.92,363331.58,703469.02,1186286.18,342073.26,288276.53,1643130.86,21789.72,463135.7,43865.5,381592.18,461423.11,215855.12,49725.61,119016.67,470030.26,381528.89,426141.45,104256.22,120434.43,185094.7,200464.83,105959.08,189221.13,122304.88,131243.43,110980.85,104032.29,156627.16,127510.9,114251.59,1472583.78,20689.41,16917.3,118278.75,232609.38,146.62,1272342.32,4167022.36,43485.48,659593.24,479054.46,42367.88,52657.69
Scenario 2,134,1,Fake Positive News,134,TRADING,160409.45,1406616.32,164462.09,273337.9,578314.34,522239.27,232758.37,363951.23,703442.8,1188658.34,342689.54,288492.65,1646206.1,21835.1,462789.96,43887.66,381846.15,461303.63,216275.49,49751.48,118790.1,469815.47,381652.57,425897.91,104103.53,120462.18,185546.48,199820.83,105922.94,189332.23,122260.26,131251.57,110689.21,103918.54,156620.29,127517.81,114256.74,1476261.79,20708.59,16947.21,118450.34,233182.09,146.44,1272953.25,4170106.07,43567.71,660338.92,480486.55,42359.23,52567.5
Scenario 2,135,1,Fake Positive News,135,TRADING,160214.28,1409511.69,164465.81,273258.27,580079.14,524277.15,233085.81,364571.35,703386.82,1190330.06,343350.65,289136.33,1651078.65,21878.81,462008.09,43905.03,382309.04,460765.12,216608.33,49771.43,118666.32,469735.13,381809.03,425884.08,104024.13,120457.81,185907.38,199660.97,105945.92,189619.69,122238.4,131259.37,110355.65,103820.17,156630.91,127465.66,114298.71,1477649.38,20718.79,16987.66,118369.44,233722.18,146.21,1272167.9,4171862.07,43658.66,659377.37,481349.21,42359.8,52506.75
Scenario 2,136,1,Fake Positive News,136,TRADING,159653.54,1410219.56,164404.2,273272.89,581836.0,525715.26,233533.5,365304.25,703417.87,1193471.1,343922.88,289442.03,1655607.76,21925.92,461332.13,43880.09,382935.88,460535.35,216970.31,49778.4,118394.1,469729.66,381897.33,425735.34,103751.19,120446.56,186255.1,199320.57,105936.09,189928.39,122189.54,131273.67,110089.69,103721.39,156701.87,127484.92,114299.97,1479465.9,20721.12,17020.25,118463.18,234349.31,145.98,1272126.13,4172541.73,43583.14,658018.19,482598.99,42351.23,52453.56
Scenario 2,137,1,Fake Positive News,137,TRADING,159319.8,1412751.1,164464.82,273258.66,583321.34,527501.24,233851.16,365805.48,703646.67,1191492.74,344470.25,289792.78,1660539.54,21972.49,460835.97,43916.52,383226.02,460405.98,217336.1,49816.72,118205.13,469193.81,381927.97,425756.27,103573.34,120441.23,185947.23,198883.16,105836.81,190109.47,122156.0,131297.4,109802.73,103602.12,156731.06,127478.26,114226.05,1481173.96,20728.71,17036.2,118458.8,234964.54,145.79,1270634.33,4176283.39,43519.32,659119.33,483914.31,42359.12,52375.02
Scenario 2,138,1,Fake Positive News,138,TRADING,158988.0,1414200.7,164603.3,272972.02,585177.72,528424.46,234168.92,366110.84,703653.53,1189324.85,345277.0,290526.14,1664901.12,22005.24,459563.26,43931.57,383517.1,460164.49,217757.94,49899.89,118033.69,469310.88,381971.86,425319.12,103342.74,120390.73,185802.65,198575.63,105838.79,190319.89,122145.82,131291.26,109535.26,103454.34,156756.15,127453.6,114288.35,1483301.54,20727.21,17064.0,118532.91,235701.32,145.53,1270927.98,4179275.33,43458.15,659755.2,484928.39,42360.75,52327.48
Scenario 2,139,1,Fake Positive News,139,TRADING,158723.53,1415542.92,164676.3,272982.62,586608.08,529852.14,234402.56,366639.84,703652.88,1188319.26,345797.29,290922.11,1668987.85,22053.56,458723.91,43950.05,383947.99,460257.18,218285.65,49920.41,118004.14,468578.48,382136.7,425534.57,103219.76,120420.48,185679.07,197981.96,105782.65,190427.09,122126.73,131291.25,109269.39,103328.96,156735.32,127490.94,114344.18,1486286.77,20741.21,17103.94,118485.06,236191.75,145.33,1269974.4,4182603.56,43367.01,659505.72,485864.26,42363.13,52268.17
Scenario 2,140,1,Fake Positive News,140,TRADING,158383.64,1417727.77,164685.96,272901.74,588746.8,531173.98,234516.87,367477.03,703745.84,1185882.56,346499.83,291107.2,1672106.79,22088.22,457855.91,43967.11,384342.6,459725.88,218806.45,49973.97,117764.02,468624.9,382228.78,425245.48,103066.53,120423.86,185385.83,197621.06,105782.43,190625.43,122203.77,131284.0,108978.54,103293.69,156677.39,127484.88,114314.73,1487815.67,20749.92,17123.18,118421.66,236792.79,145.24,1270939.64,4184234.13,43311.89,659259.46,486731.5,42358.42,52167.4
Scenario 2,141,1,Fake Positive News,141,TRADING,158083.28,1419102.26,164874.27,272757.99,590332.71,532596.06,234617.86,368131.92,703461.89,1184642.45,347278.39,291450.46,1676302.96,22128.81,456500.81,44005.97,384785.82,459973.57,219153.9,49994.3,117555.45,468321.26,382367.51,425334.09,102837.26,120429.4,185284.42,197290.31,105738.14,190856.51,122200.41,131280.48,108768.48,103149.39,156645.81,127487.12,114248.22,1490301.3,20772.79,17139.65,118447.89,237324.06,145.12,1271962.66,4186906.7,43259.21,658962.5,487955.59,42372.42,52072.94
Scenario 2,142,1,Fake Positive News,142,TRADING,157779.58,1421770.93,164914.82,272785.92,591914.36,534147.88,234667.12,368418.69,703285.45,1183365.71,348029.57,292195.72,1678478.02,22166.87,454989.08,44002.12,385060.33,459233.59,219377.17,50022.69,117281.0,468282.12,382400.79,425037.51,102533.44,120451.46,185023.9,197103.35,105772.32,191106.68,122223.24,131297.95,108513.71,102960.25,156697.09,127498.27,114222.12,1492963.04,20785.72,17149.67,118453.61,238047.33,144.98,1272556.93,4188009.93,43195.89,657806.48,488949.92,42376.33,51977.38
Scenario 2,143,1,Fake Positive News,143,TRADING,157422.52,1423362.19,164942.36,272604.63,593544.96,536128.66,235036.29,368909.32,703132.69,1181620.13,348682.64,292681.15,1683181.53,22218.81,454107.67,44049.58,385697.08,458713.72,219795.62,50029.85,117052.88,467946.28,382493.21,424908.17,102273.07,120434.77,184764.21,196866.72,105784.2,191349.19,122187.76,131274.32,108274.64,102817.26,156655.21,127487.12,114101.65,1495488.83,20807.26,17181.33,118533.06,238516.77,144.7,1274053.2,4188696.72,43136.68,656842.03,489827.23,42359.9,51913.24
Scenario 2,144,1,Fake Positive News,144,TRADING,157039.41,1426730.5,164957.34,272578.63,595779.49,537954.66,235193.53,369524.13,703251.03,1180969.25,349416.13,293398.09,1687933.66,22257.17,452871.25,44082.76,386079.77,458438.59,220246.68,50044.53,116853.7,468160.39,382564.27,424650.94,102218.38,120452.24,184408.82,196118.84,105767.33,191612.05,122078.8,131298.43,108056.82,102713.87,156660.46,127469.29,114111.11,1495964.39,20780.85,17205.01,118533.27,239244.12,144.58,1276023.58,4189420.8,43044.67,656183.24,490983.38,42338.72,51813.81
Scenario 2,145,1,Fake Positive News,145,TRADING,156584.31,1429844.37,165040.34,272678.95,597154.99,539009.7,235373.69,370234.78,703384.63,1178569.17,350050.87,293839.36,1690492.36,22307.09,451830.95,44138.4,386706.61,457520.44,220577.27,50133.85,116783.8,467934.01,382466.64,424721.73,102019.82,120491.93,184067.91,196132.61,105730.51,191893.0,122069.63,131312.05,107726.44,102629.3,156705.84,127442.21,114078.27,1499216.4,20807.33,17236.1,118696.36,239834.02,144.58,1276724.39,4193750.76,42988.94,655631.62,491699.22,42351.41,51679.11
Scenario 2,146,1,Fake Positive News,146,TRADING,156119.04,1432826.62,164913.97,272611.39,598528.02,540656.47,235489.57,370714.78,703379.06,1177085.46,350555.39,294524.45,1695597.65,22356.13,451011.56,44149.91,386838.12,457000.55,220980.53,50181.52,116680.84,467710.24,382671.35,424722.9,101914.81,120473.7,183895.83,195894.02,105744.56,192184.09,122018.84,131296.36,107517.07,102517.83,156685.04,127427.0,114100.15,1502307.71,20801.73,17251.89,118836.55,240368.6,144.43,1276303.15,4195885.28,42941.83,655464.92,492648.97,42352.0,51617.64
Scenario 2,147,1,Fake Positive News,147,TRADING,155880.39,1434605.63,164794.6,272920.47,600046.76,542493.95,235406.42,371258.94,703337.81,1175564.59,350923.84,295221.44,1698671.72,22386.06,450235.8,44145.68,386929.66,456283.85,221400.42,50091.05,116973.14,468022.05,382532.12,424926.51,101688.57,120415.96,183781.11,195450.07,105740.22,192386.11,122043.11,131309.39,107274.69,102621.17,156640.49,127437.25,114192.63,1505030.57,20833.51,17227.94,118923.16,240726.72,144.56,1275778.56,4189588.08,42911.87,656437.29,493631.46,42360.74,51642.16
Scenario 2,148,1,Fake Positive News,148,TRADING,155642.13,1435339.36,164667.12,272551.6,601703.66,543976.16,235361.46,371985.57,703479.03,1173899.89,351432.55,295544.17,1702253.14,22428.17,449103.67,44128.56,387057.91,456381.97,221718.91,50053.05,117105.85,468168.25,382485.06,424789.86,101432.01,120401.66,183555.19,195144.24,105703.92,192536.71,122064.52,131316.34,107019.26,102761.93,156685.63,127428.97,114094.34,1509156.9,20836.11,17197.29,119000.41,241404.52,144.74,1275520.03,4186585.86,42856.04,657029.81,494583.28,42363.84,51706.19
Scenario 2,149,1,Fake Positive News,149,TRADING,155331.24,1437299.33,164343.46,272421.21,603628.94,545607.81,235581.05,372555.05,703792.07,1171913.78,352059.47,296129.01,1706160.35,22467.71,448472.08,44088.69,387367.24,456284.76,222198.82,50019.45,117361.09,468553.95,382511.7,424817.63,101386.67,120402.3,183298.36,194495.38,105671.76,192785.07,122096.22,131322.38,106717.15,102866.18,156683.72,127462.71,114131.65,1513039.87,20861.37,17171.8,119070.13,242100.09,145.01,1276262.74,4184081.87,42805.95,657989.73,495309.22,42381.16,51731.98
Scenario 2,150,1,Fake Positive News,150,TRADING,155004.02,1439067.59,164049.37,272269.41,605272.64,546623.1,235439.73,373195.44,703530.12,1170875.95,352613.14,296491.6,1709384.81,22506.31,447557.5,44049.76,388188.92,455966.44,222694.28,49995.84,117544.15,469267.8,382615.97,424975.12,101281.73,120381.18,182989.94,194200.13,105630.31,192997.47,122229.98,131307.8,106539.82,102868.55,156671.49,127486.47,114139.07,1516156.43,20854.88,17193.29,119044.38,242768.98,145.19,1276930.98,4182176.58,42776.11,658452.17,496372.4,42390.28,51771.59
Scenario 2,151,1,Fake Positive News,151,TRADING,154795.53,1439712.27,163846.11,272017.99,606841.53,547814.5,235398.01,373721.98,703503.7,1168847.09,353025.25,296621.34,1713390.58,22547.87,446138.0,44020.9,388664.56,456275.63,223226.47,49944.3,117927.71,469937.88,382509.5,425116.83,101043.38,120370.72,182878.74,193861.22,105622.75,193164.54,122233.46,131335.15,106284.0,102993.5,156674.71,127497.02,114177.95,1517823.31,20873.57,17191.28,119146.31,243342.72,145.41,1277919.59,4178005.96,42692.91,660441.37,497464.33,42395.05,51806.03
Scenario 2,152,1,Fake Positive News,152,TRADING,154402.85,1441547.75,163861.56,271847.59,608446.49,549545.54,235297.19,374212.59,703240.42,1166696.99,353676.61,296963.52,1716685.76,22584.44,445147.6,44060.19,389091.63,456148.54,223570.66,49928.35,118086.32,470403.21,382636.75,425150.32,100790.05,120365.17,182678.02,193359.9,105645.7,193414.82,122128.66,131334.6,106049.2,103004.91,156639.33,127522.64,114205.74,1521594.13,20883.57,17206.91,119240.33,243940.23,145.64,1277350.03,4173937.74,42631.82,661218.37,498439.42,42380.01,51796.55
Scenario 2,153,1,Fake Positive News,153,TRADING,154261.27,1443233.58,163749.23,271611.64,609392.81,550427.63,235082.27,374757.77,703086.66,1165147.64,354243.69,297564.72,1722329.38,22632.16,444376.67,44074.89,389442.97,456154.57,224059.2,49864.99,118260.86,471051.44,382778.14,425047.42,100639.27,120377.87,182384.97,193298.05,105637.89,193627.26,121919.71,131307.58,105795.32,103010.72,156606.77,127509.22,114212.05,1523385.89,20909.4,17196.67,119317.77,244654.11,146.0,1278123.9,4173064.29,42573.18,662383.6,499455.86,42377.93,51822.82
Scenario 2,154,1,Fake Positive News,154,TRADING,153905.37,1445431.63,163521.93,271520.97,611094.92,551584.65,234956.46,375384.28,703148.98,1163661.23,354960.43,297710.25,1725805.04,22674.2,443025.2,44039.0,389841.0,456113.71,224586.12,49794.67,118555.29,471288.79,382825.09,424932.42,100535.87,120391.12,182287.46,192857.47,105597.9,193917.33,121979.51,131310.63,105505.75,103128.01,156663.33,127505.9,114165.74,1526408.33,20917.13,17189.5,119328.71,245410.39,146.22,1278694.99,4168164.54,42507.92,663945.05,500388.05,42369.63,51848.26
Scenario 2,155,1,Fake Positive News,155,TRADING,153558.96,1446840.21,163451.19,271121.22,612611.25,552943.13,234845.19,376126.66,703373.29,1162054.11,355216.02,298533.95,1730453.37,22714.34,442891.18,44060.03,390320.83,456090.92,225011.44,49775.05,118769.47,471686.24,382603.68,424820.22,100496.83,120374.12,182037.47,192545.94,105634.5,194120.9,121993.57,131286.92,105264.54,103234.3,156715.73,127487.26,114221.2,1531710.57,20925.7,17192.35,119369.89,246019.2,146.47,1279625.79,4165100.86,42444.42,665007.13,501344.77,42372.86,51870.65
Scenario 2,156,1,Fake Positive News,156,TRADING,153125.16,1447452.92,163215.28,271005.37,614506.11,554459.89,234605.81,376781.41,703513.94,1160457.88,355872.38,299029.54,1734883.21,22757.66,442136.82,44049.01,390609.78,455757.0,225492.41,49748.21,118980.33,472454.1,382546.5,424989.2,100350.24,120325.14,181862.28,192371.86,105636.7,194277.4,121895.21,131293.03,105016.01,103280.29,156756.54,127482.23,114207.07,1536196.28,20925.82,17191.93,119259.21,246813.68,146.58,1279269.22,4160773.79,42398.11,665797.72,502500.48,42375.37,51891.62
Scenario 2,157,1,Fake Positive News,157,TRADING,152776.35,1449178.99,162854.04,270963.91,616103.36,556113.27,234700.64,377082.45,703556.43,1158257.29,356423.31,299272.53,1739552.48,22807.56,441128.93,44081.51,391050.14,455759.31,225881.42,49707.28,119212.47,473234.82,382522.42,425006.51,100151.17,120312.49,181650.18,192232.32,105594.03,194544.19,121957.63,131280.31,104721.06,103471.63,156784.45,127479.98,114223.71,1540470.14,20920.77,17208.69,119258.21,247287.3,146.8,1279554.81,4158489.82,42310.04,665691.15,503244.23,42379.02,51901.79
Scenario 2,158,1,Fake Positive News,158,TRADING,152171.01,1451175.97,162693.91,270820.65,617805.96,557448.05,234565.07,377860.33,703349.0,1156853.69,357030.31,299553.25,1742764.19,22847.56,439996.07,44082.15,391414.93,455784.27,226272.21,49690.42,119294.93,473557.88,382427.94,425274.21,100002.76,120291.16,181243.8,191496.02,105584.12,194730.96,121919.19,131263.66,104486.96,103630.05,156806.14,127479.86,114180.99,1543968.18,20926.59,17210.18,119265.77,247872.82,146.88,1279837.52,4155352.89,42228.81,667063.87,504425.76,42378.43,51967.57
Scenario 2,159,1,Fake Positive News,159,TRADING,151916.53,1454467.53,162463.91,270528.4,619337.47,558627.28,234575.2,378059.03,703222.08,1154616.47,357679.8,300207.13,1747607.04,22899.39,438857.94,44034.73,391861.61,455191.23,226740.08,49626.19,119529.29,473925.63,382612.01,425372.67,99882.33,120310.08,181121.3,191039.58,105529.38,194993.72,121905.44,131227.86,104177.65,103808.76,156885.06,127468.53,114182.11,1544647.45,20934.65,17214.96,119171.79,248288.22,146.99,1280082.36,4152388.73,42157.6,668285.22,505193.88,42394.32,51998.26
Scenario 2,160,1,Fake Positive News,160,TRADING,151800.64,1456487.89,162285.6,270185.23,620804.2,560147.92,234564.96,378732.95,703274.88,1152976.12,358225.02,300637.73,1750904.01,22933.18,438154.06,44035.6,392349.14,455366.2,227170.86,49537.18,119686.14,474121.47,382577.24,425765.08,99759.14,120319.38,180848.7,190542.88,105583.26,195220.49,121862.34,131250.28,103901.43,103854.61,156850.64,127465.66,114246.65,1549211.42,20931.27,17214.56,119010.77,248954.28,147.15,1280200.93,4146869.01,42099.59,669111.76,506119.13,42379.02,52020.14
Scenario 2,161,1,Fake Positive News,161,TRADING,151515.26,1459149.4,162149.52,270069.96,621715.85,561134.66,234537.5,379251.33,703242.14,1151722.61,358649.41,301201.22,1755878.64,22982.7,437282.43,43978.05,392992.96,455841.65,227628.33,49484.68,119898.39,474346.34,382358.09,426095.03,99577.06,120290.02,180604.07,189978.02,105562.07,195530.57,121889.71,131253.04,103672.12,103982.78,156852.8,127433.63,114163.96,1551570.61,20958.24,17204.06,118961.51,249220.49,147.37,1282404.69,4143617.95,42039.35,669092.78,507331.27,42380.55,52034.72
Scenario 2,162,1,Fake Positive News,162,TRADING,151109.47,1461960.4,162013.62,270011.31,623251.03,562518.27,234311.64,379552.44,703096.41,1149357.27,359209.59,301683.47,1759548.58,23023.45,436277.65,43941.51,393384.48,455624.33,228141.77,49465.52,119903.52,475199.44,382437.47,426410.91,99545.33,120325.44,180486.94,189756.54,105508.23,195826.85,121804.21,131215.71,103388.96,104063.17,156792.14,127447.33,114186.41,1554302.46,20966.22,17212.61,119006.73,249553.86,147.67,1281317.7,4142215.24,41954.27,671188.84,508045.96,42374.44,52093.19
Scenario 2,163,1,Fake Positive News,163,TRADING,150772.74,1463326.83,161818.05,269869.05,624880.58,563450.84,234327.12,380111.98,703232.31,1147315.85,359848.16,302009.29,1763367.66,23067.36,435225.54,43905.02,394271.68,455641.81,228546.72,49380.85,120186.75,475738.2,382459.59,426516.15,99510.12,120308.6,180186.17,189239.06,105448.75,196195.86,121843.83,131186.26,103149.91,104092.34,156872.51,127452.98,114258.87,1557071.52,20963.54,17188.88,119107.47,250381.55,147.91,1280741.3,4139739.11,41871.37,672598.05,508834.39,42356.25,52167.7
Scenario 2,164,1,Fake Positive News,164,TRADING,150459.2,1466080.75,161673.62,269727.43,627244.07,564964.96,234075.69,380502.06,703469.67,1145938.59,360241.45,302672.35,1765895.63,23111.27,433257.44,43875.98,394734.22,455591.64,228935.6,49365.07,120353.59,476624.84,382253.34,426700.47,99355.6,120307.12,179862.73,188843.61,105423.54,196536.51,121718.35,131185.21,102849.78,104278.31,156846.16,127461.39,114204.59,1558177.77,20966.61,17203.99,119217.08,250945.45,148.14,1280949.37,4136824.16,41818.61,673633.76,509790.61,42345.01,52202.18
Scenario 2,165,1,Fake Positive News,165,TRADING,150047.63,1465903.27,161524.38,269469.65,628918.95,566270.48,234020.95,381253.72,703423.43,1144728.2,360769.74,303122.16,1769860.51,23154.01,432093.13,43896.58,395238.64,454797.94,229601.25,49337.09,120429.34,477264.44,382118.01,426832.9,99099.66,120282.22,179777.57,188664.05,105416.06,196751.68,121548.29,131151.24,102517.57,104406.45,156912.22,127435.73,114148.1,1562578.66,20986.52,17203.12,119306.53,251447.43,148.38,1281701.2,4133425.17,41775.04,673622.23,510593.79,42355.98,52180.61
Scenario 2,166,1,Fake Positive News,166,TRADING,149367.48,1467963.56,161244.22,269340.78,630692.42,567486.54,233930.8,381665.56,703284.55,1142911.89,361272.75,303655.57,1774219.5,23199.22,430898.05,43881.46,395679.29,454904.52,230020.89,49257.49,120604.88,477803.55,381976.17,427110.67,98857.09,120257.78,179720.85,188439.03,105405.7,196985.59,121647.68,131179.3,102235.49,104468.49,156920.78,127452.64,114220.77,1564158.68,20997.5,17197.31,119353.14,252097.83,148.49,1283472.94,4130223.49,41745.09,675521.51,511555.32,42360.01,52267.14
Scenario 2,167,1,Fake Positive News,167,TRADING,149074.18,1470534.28,161242.14,269170.14,632265.07,568878.12,233751.37,382138.54,703315.79,1141520.09,361906.58,303778.81,1777236.81,23242.74,429711.85,43833.08,396207.3,453915.1,230262.66,49175.19,120880.02,478855.55,381844.51,427114.75,98631.01,120210.97,179548.16,188237.71,105351.42,197257.38,121532.17,131176.52,102002.29,104562.48,157013.31,127485.48,114266.6,1566984.13,21012.43,17210.07,119364.79,252765.53,148.66,1283830.11,4128203.14,41688.2,676086.65,512508.19,42366.76,52295.45
Scenario 2,168,1,Fake Positive News,168,TRADING,148758.19,1473581.21,161105.83,268759.89,634309.58,570243.57,233592.81,382760.49,703158.67,1139483.54,362318.63,304023.43,1781742.44,23273.7,428700.54,43826.98,396414.26,454105.22,230870.39,49149.55,121037.17,479728.87,381635.08,427128.91,98596.59,120228.07,179317.53,187633.23,105389.94,197429.96,121492.54,131160.04,101998.95,104602.23,157151.5,127527.52,114288.79,1567703.02,21021.99,17213.38,119457.83,253288.95,148.82,1284732.96,4123139.73,41631.19,676868.84,513265.79,42359.39,52323.39
Scenario 2,169,1,Fake Positive News,169,TRADING,148379.94,1476305.06,160911.4,268480.53,636124.12,571667.08,233399.87,383207.03,703230.45,1138245.39,362930.62,304517.09,1785485.17,23317.19,427735.8,43824.15,396937.09,454615.7,231368.29,49128.0,121268.42,480299.69,381488.72,427291.32,98477.04,120209.02,178943.96,186924.3,105408.86,197653.2,121451.56,131147.41,102148.17,104700.19,157096.65,127512.2,114296.56,1568650.53,21037.65,17198.94,119499.24,253996.84,148.8,1283821.01,4120960.22,41553.17,677166.78,513892.65,42359.55,52395.21
Scenario 2,170,1,Fake Positive News,170,TRADING,147819.61,1476578.7,160711.18,268537.67,637990.3,572941.04,233521.19,383931.46,703260.94,1136781.53,363548.86,305193.28,1788920.03,23368.45,426608.09,43798.77,397219.94,455161.74,231967.31,49070.6,121369.04,481118.38,381404.93,427581.22,98243.04,120145.55,178663.33,186342.29,105403.63,197915.8,121402.26,131162.33,102435.84,104760.33,157110.85,127525.73,114378.17,1569939.48,21053.53,17200.96,119512.58,254429.66,149.16,1285254.06,4118441.43,41483.69,677541.91,515065.47,42345.31,52454.27
Scenario 2,171,1,Fake Positive News,171,TRADING,147596.67,1478460.92,160611.68,268187.99,639084.45,573842.32,233292.72,384639.0,703365.46,1135209.77,364256.65,305885.43,1791663.64,23421.24,425459.69,43784.6,397892.8,455266.6,232428.82,49039.47,121464.02,481564.79,381373.54,427713.3,98107.56,120096.33,178507.79,185971.42,105357.33,198196.01,121377.29,131171.18,102765.26,104810.15,157102.54,127508.04,114355.1,1572124.37,21067.29,17165.67,119471.49,255081.38,149.37,1286779.65,4113247.55,41434.27,677840.23,516348.66,42362.88,52499.03
Scenario 2,172,1,Fake Positive News,172,TRADING,147121.54,1481211.14,160543.39,267922.37,641045.53,575181.48,233020.2,385088.25,703239.06,1134606.72,364699.06,306476.96,1794723.0,23480.23,424548.53,43790.71,398114.55,455536.72,232890.31,49032.77,121411.22,482078.53,381388.2,427463.18,97940.78,120114.36,178342.98,185779.0,105326.62,198467.34,121412.1,131184.85,103054.63,104899.07,157083.85,127495.81,114374.0,1576222.47,21070.37,17183.27,119578.57,255716.75,149.64,1287879.94,4107008.02,41395.18,678752.5,517406.05,42369.72,52528.09
Scenario 2,173,1,Fake Positive News,173,TRADING,146907.2,1482438.18,160474.13,267685.44,642922.67,576463.26,233045.94,385720.08,703413.76,1132612.67,365006.19,306776.59,1798569.32,23520.8,424096.46,43747.0,398555.51,455468.03,233443.61,49006.7,121381.75,482162.31,381301.51,427638.74,97663.51,120122.41,178167.88,185572.89,105358.09,198616.03,121366.21,131184.1,103337.81,105001.7,157103.57,127512.11,114410.63,1577794.98,21072.08,17155.07,119436.23,256293.11,149.79,1289095.24,4099349.22,41355.67,679145.24,517875.81,42364.66,52554.76
Scenario 2,174,1,Fake Positive News,174,TRADING,146756.65,1485767.97,160342.86,267295.02,644612.0,578110.45,233081.61,386407.52,703339.19,1130670.45,365612.9,307333.7,1802429.55,23565.13,422920.17,43702.0,399044.86,455022.01,233814.26,48980.24,121540.04,482495.49,381101.8,427648.04,97478.84,120114.45,177834.21,185232.82,105408.19,198942.75,121481.59,131169.54,103621.44,105072.66,157130.97,127468.45,114472.56,1578555.97,21095.46,17142.73,119599.01,256648.47,149.98,1288840.09,4094597.81,41298.12,679640.59,518531.92,42372.13,52647.57
Scenario 2,175,1,Fake Positive News,175,TRADING,146448.66,1487547.09,160227.99,267189.02,645840.88,579259.77,233115.22,387147.54,703143.53,1129213.85,366106.92,307610.28,1807602.72,23617.16,421965.19,43717.53,399732.26,454550.15,234179.23,48923.52,121709.02,483113.92,381029.24,427839.61,97342.6,120047.6,177562.29,184930.23,105408.3,199094.92,121370.39,131166.56,103953.99,105163.48,157148.75,127471.25,114461.4,1579484.58,21104.04,17129.97,119689.89,257247.99,150.28,1290426.11,4091712.94,41238.89,680332.66,519635.0,42374.31,52709.01
Scenario 2,176,1,Fake Positive News,176,TRADING,146200.14,1489952.26,160150.32,267065.34,647322.89,580451.29,232877.84,387682.51,703060.72,1126705.31,366883.25,308095.89,1812134.41,23662.74,421428.2,43707.14,400456.33,454241.69,234608.15,48859.08,121988.94,483813.31,381031.52,428049.48,97119.08,120016.35,177434.6,184732.3,105363.83,199535.01,121392.65,131109.75,104281.8,105312.72,157142.73,127449.43,114444.23,1579624.48,21101.41,17126.79,119810.2,257739.09,150.44,1289717.12,4088607.26,41184.32,681106.74,520761.2,42379.35,52747.09
Scenario 2,177,1,Fake Positive News,177,TRADING,145937.93,1490437.7,159925.47,266960.18,648294.16,581810.61,232800.31,388174.64,703210.61,1125111.07,367351.5,308055.15,1815990.21,23726.82,420554.83,43669.59,400871.68,454329.62,235081.47,48831.07,122042.85,484037.94,381000.36,428043.02,96984.72,120010.39,177205.01,184584.75,105351.6,199935.15,121300.47,131104.39,104593.43,105407.15,157121.24,127424.05,114552.56,1584230.31,21103.98,17122.1,119954.74,258381.21,150.67,1289783.35,4082288.01,41112.19,680898.0,521573.26,42378.79,52773.39
Scenario 2,178,1,Fake Positive News,178,TRADING,145655.62,1494486.99,159861.71,266995.19,650337.08,583416.33,232826.6,388858.35,703534.43,1123774.15,367943.99,308643.71,1820257.11,23769.96,419921.45,43683.38,401285.3,454025.64,235522.47,48697.31,122236.34,484408.86,381011.52,428288.5,96923.8,120063.8,177033.31,184547.48,105352.5,200112.75,121271.21,131106.35,104879.44,105415.73,157234.7,127393.55,114601.6,1588552.45,21106.07,17126.01,119949.81,258734.82,150.76,1291584.87,4074661.04,41035.03,681862.35,522395.11,42369.98,52805.35
Scenario 2,179,1,Fake Positive News,179,TRADING,145422.83,1496328.0,159709.55,266869.64,651926.87,585145.5,232709.95,389409.37,703413.31,1122765.7,368614.05,309261.31,1824051.78,23797.52,418573.85,43626.23,401965.77,453227.4,235880.8,48621.87,122391.99,484898.59,381026.7,428304.66,96747.74,120110.4,176753.91,184268.27,105303.89,200366.74,121281.07,131056.22,105149.56,105376.62,157269.52,127373.03,114556.0,1590885.57,21129.48,17133.45,119987.54,259427.29,150.85,1291493.5,4071680.75,40975.41,682871.2,523732.86,42358.38,52834.26
Scenario 2,180,1,Fake Positive News,180,TRADING,145081.4,1497144.15,159576.61,266674.51,654029.43,586292.87,232623.1,389839.63,703298.7,1121625.76,369013.65,309690.59,1826577.67,23844.99,417678.72,43649.52,402620.28,452863.44,236379.28,48520.26,122724.28,485845.18,380918.25,428289.91,96555.34,120148.72,176543.68,184078.95,105302.91,200665.9,121260.69,131033.05,105427.55,105485.3,157307.56,127390.09,114595.26,1593339.13,21145.51,17126.65,119937.66,259847.18,151.01,1292387.06,4068685.84,40898.17,683458.61,524920.75,42357.75,52842.77
Scenario 2,181,1,Fake Positive News,181,TRADING,144683.52,1498933.21,159476.6,266493.2,655760.84,587731.87,232595.62,390619.93,703256.11,1120356.14,369606.48,309619.1,1830857.73,23880.06,416700.48,43596.23,403203.38,452338.17,236676.82,48479.11,122881.89,486297.12,380924.48,428458.78,96381.21,120117.66,176420.48,183869.94,105243.68,200928.71,121214.26,131003.56,105700.3,105491.55,157317.81,127398.46,114546.01,1598152.19,21152.7,17108.99,120003.14,260564.63,151.24,1292806.72,4064308.26,40820.69,683810.49,526278.58,42368.8,52858.13
Scenario 2,182,1,Fake Positive News,182,TRADING,144421.43,1501850.66,159285.04,266453.85,657060.78,589027.67,232217.58,391053.56,703296.7,1119163.6,370123.33,310152.43,1835986.13,23925.02,415232.51,43566.06,403514.59,452199.05,237037.99,48431.77,122897.82,486864.1,380682.58,428379.23,96145.59,120122.76,176262.13,183432.87,105202.67,201209.0,121071.37,131029.91,106013.49,105543.28,157295.07,127388.88,114478.56,1599574.84,21164.89,17104.78,119955.48,261094.06,151.68,1292300.15,4060740.38,40766.68,684687.47,527380.47,42374.98,52875.17
Scenario 2,183,1,Fake Positive News,183,TRADING,144041.85,1505449.06,159070.14,266331.21,658764.8,590525.98,232116.52,391464.97,703027.71,1118049.8,370931.47,310578.43,1839806.25,23968.92,414541.39,43533.83,403937.3,451984.02,237275.9,48390.82,123152.88,487282.44,380639.58,428737.06,96009.7,120109.45,176107.62,183034.11,105205.22,201571.35,121037.85,130996.58,106295.64,105533.24,157344.65,127398.96,114561.37,1600692.3,21173.68,17095.73,120058.21,261578.08,151.87,1292321.34,4059765.65,40717.88,685410.93,528413.37,42374.35,52921.58
Scenario 2,184,1,Fake Positive News,184,TRADING,143718.97,1507907.08,158793.77,266457.01,660178.8,591783.46,232090.9,391975.42,702706.86,1117193.36,371629.44,311502.82,1843040.68,24013.78,413448.55,43465.51,404419.24,452201.02,237857.81,48309.01,123216.83,487677.99,380745.61,428681.78,95912.91,120056.75,175873.46,182721.3,105167.91,201960.61,120966.47,130964.59,106670.83,105650.78,157384.67,127400.85,114501.65,1604107.55,21194.41,17090.19,120023.55,262009.46,151.98,1292369.49,4055218.43,40671.42,685791.25,529328.97,42355.77,52949.72
Scenario 2,185,1,Fake Positive News,185,TRADING,143315.89,1508583.84,158718.33,266171.46,661747.08,593322.4,232031.58,392851.11,702593.51,1116232.46,371900.21,312127.6,1846480.42,24061.3,412413.06,43445.64,404859.49,452567.34,238448.86,48247.88,123319.22,488028.32,380762.4,428650.27,95766.09,120064.13,175672.18,182493.65,105198.31,202221.95,120905.66,130962.64,106950.66,105731.38,157417.0,127399.74,114390.31,1605004.64,21208.26,17075.51,119947.1,262808.62,152.17,1292779.6,4049777.76,40599.83,686131.2,530599.24,42338.57,52950.02
Scenario 2,186,1,Fake Positive News,186,TRADING,143114.51,1510435.72,158458.06,265907.19,662946.19,594472.99,231896.02,393660.81,702549.21,1114181.51,372467.67,312741.49,1850189.97,24095.93,411091.08,43437.48,405425.56,452412.88,239015.11,48193.09,123556.29,488343.53,380798.42,428680.48,95647.86,120044.95,175500.95,182011.78,105224.21,202530.61,120947.69,130939.25,107204.59,105635.94,157416.37,127382.71,114337.55,1606361.0,21191.75,17078.6,120094.73,263579.21,152.55,1293689.07,4050168.13,40551.57,687299.2,531843.54,42345.1,52978.48
Scenario 2,187,1,Fake Positive News,187,TRADING,142751.86,1512532.84,158287.23,265769.88,664826.16,596260.1,231635.76,394426.08,702611.97,1111253.26,372876.46,313114.7,1853395.19,24128.49,410003.18,43417.33,405841.15,451679.34,239627.92,48134.6,123667.57,489187.16,380762.89,428899.46,95369.23,120068.04,175119.7,181915.81,105196.07,201878.2,120897.98,130972.31,107554.15,105630.98,157396.85,127366.39,114246.53,1608085.47,21183.23,17071.29,120100.85,264190.59,152.82,1295381.25,4047677.62,40482.11,687974.76,532699.83,42318.0,53054.92
Scenario 2,188,1,Fake Positive News,188,TRADING,142541.7,1515935.55,158051.39,265540.87,666470.71,598013.14,231467.85,395255.93,702629.04,1110237.98,373217.09,314149.64,1859249.65,24178.37,408979.1,43432.8,406161.71,451051.01,240083.88,48073.57,123810.93,489539.64,380674.17,429102.86,95131.28,120075.72,174885.68,181423.77,105243.77,201562.66,120830.86,130998.9,107844.66,105737.17,157434.02,127342.22,114262.18,1611064.55,21197.46,17063.76,120141.71,264710.05,152.88,1295376.64,4041351.54,40447.66,689579.65,534180.93,42319.99,53122.7
Scenario 2,189,1,Fake Positive News,189,TRADING,142089.18,1517835.17,157749.65,265403.09,667658.45,598999.45,231573.52,395912.38,702417.86,1108881.37,373788.63,314388.25,1863337.94,24221.44,408290.33,43444.46,406693.76,450477.9,240490.35,48027.21,123924.07,490363.39,380694.98,429121.13,94979.45,120067.8,174492.38,180787.32,105209.46,201282.24,120765.01,130997.94,108187.28,105800.98,157487.79,127325.68,114264.33,1613618.77,21214.7,17065.63,120338.82,265343.91,152.86,1296068.67,4034449.33,40395.82,689471.5,534926.66,42313.35,53141.61
Scenario 2,190,1,Fake Positive News,190,TRADING,142033.86,1521301.86,157705.91,264982.0,669646.63,600536.68,231455.0,396326.1,702211.68,1107112.98,374212.84,314600.02,1868218.53,24258.93,406865.16,43423.58,407648.62,450428.0,240838.75,47990.42,123951.51,491174.92,380494.13,428965.78,94761.29,120048.94,174359.1,180232.33,105224.38,200950.6,120836.73,130947.25,108454.52,105795.89,157562.0,127308.4,114255.87,1618242.0,21214.71,17063.26,120392.56,265786.32,153.03,1294900.72,4031618.98,40353.24,690519.79,535667.52,42312.69,53211.01
Scenario 2,191,1,Fake Positive News,191,TRADING,141732.36,1525060.97,157659.81,264961.54,670946.18,601985.69,231386.11,396883.65,702146.22,1105876.13,374841.19,314797.24,1870814.7,24298.26,405977.19,43454.5,408175.02,450290.82,241209.77,47886.23,123880.43,491893.45,380486.02,428988.44,94600.92,120074.99,174206.36,179971.2,105208.99,200643.28,120879.05,130929.74,108717.88,105837.15,157550.65,127330.7,114199.61,1619752.3,21236.18,17043.67,120460.07,266291.28,153.34,1296239.86,4024412.66,40290.33,690950.1,536277.31,42321.23,53268.75
Scenario 2,192,1,Fake Positive News,192,TRADING,141346.88,1526707.64,157436.67,264841.34,673189.77,603660.31,231164.78,397509.79,702141.89,1104774.4,375374.49,315229.4,1875331.97,24333.02,405067.74,43479.12,408545.37,449978.81,241735.96,47890.47,124018.54,492419.32,380498.49,429120.01,94412.66,120087.32,173966.34,179527.49,105265.63,200099.49,120878.09,130940.96,109003.57,105997.95,157611.56,127365.11,114248.52,1621396.92,21243.38,17029.08,120361.79,266690.33,153.47,1296944.37,4020134.85,40224.0,691660.06,537382.24,42318.15,53337.85
Scenario 2,193,1,Fake Positive News,193,TRADING,141185.93,1529949.41,157239.11,264717.99,674970.7,604874.14,231092.14,398097.63,702453.26,1102557.19,375862.38,315920.28,1878913.27,24385.68,404275.54,43430.5,409045.38,449810.96,242011.25,47849.69,124099.48,492679.67,380401.96,428987.5,94114.04,120097.6,173755.51,179042.02,105193.8,199799.99,120854.97,130903.86,109333.2,106110.0,157625.64,127374.73,114156.98,1623554.49,21233.27,17027.98,120347.26,267445.32,153.78,1297464.54,4016872.28,40157.64,692001.84,538337.38,42320.49,53340.68
Scenario 2,194,1,Fake Positive News,194,TRADING,140895.2,1534489.93,157092.9,264609.46,676586.11,606126.14,230971.51,398515.44,702226.49,1100603.37,376536.99,316332.32,1883422.41,24429.34,403600.28,43403.43,409655.47,449145.92,242474.19,47822.2,124185.84,493069.6,380315.47,429065.06,93867.72,120061.9,173485.17,178970.32,105218.31,199347.33,120871.25,130896.25,109668.44,106235.35,157672.13,127373.17,114112.56,1627579.85,21248.6,17022.14,120518.92,268414.11,154.0,1296959.26,4012862.75,40119.04,692675.92,539634.65,42318.63,53365.9
Scenario 2,195,1,Fake Positive News,195,TRADING,140630.11,1539145.91,156978.99,264453.29,678245.53,607461.05,230879.45,399148.52,702094.36,1099239.07,376967.25,316993.1,1886875.43,24481.35,402683.62,43405.91,410435.22,449080.14,242775.49,47755.87,124383.55,493666.62,380283.9,428683.62,93735.2,120053.57,173086.41,178645.22,105215.31,198987.0,120923.39,130898.26,109987.29,106231.65,157660.59,127364.87,114063.29,1630867.01,21255.03,17026.34,120513.32,268859.94,154.22,1297898.81,4010029.18,40057.87,693349.15,541094.59,42320.31,53357.78
Scenario 2,196,1,Fake Positive News,196,TRADING,140204.29,1540956.9,156884.33,264377.29,679794.85,608950.93,230803.69,399542.12,702089.26,1096479.33,377808.39,317429.76,1890683.45,24517.9,401742.06,43394.56,410349.91,448455.52,243265.21,47727.11,124489.07,494233.56,380145.63,428760.06,93721.58,120077.92,172850.33,178253.17,105119.87,198613.59,120931.96,130893.01,110244.05,106222.55,157668.7,127395.11,113996.08,1632407.96,21260.42,17024.1,120431.38,269577.77,154.25,1298416.47,4005900.56,39999.52,693976.21,541970.48,42306.51,53397.58
Scenario 2,197,1,Fake Positive News,197,TRADING,139855.68,1541185.36,156752.07,264069.59,681341.36,610696.85,230757.42,400014.78,702105.26,1096275.05,378294.6,318161.7,1893717.87,24562.58,401193.13,43394.94,411025.39,448176.36,243636.04,47677.17,124806.67,495148.88,380132.16,428901.46,93626.78,120069.94,172629.66,177904.51,105209.95,198189.87,121058.52,130879.77,110526.68,106288.54,157642.17,127398.33,114063.7,1637397.9,21278.16,17026.19,120428.46,270307.06,154.44,1300026.7,4002965.76,39937.89,695605.74,542869.21,42310.81,53404.74
Scenario 2,198,1,Fake Positive News,198,TRADING,139540.51,1542836.58,156556.47,264009.53,682616.49,611613.21,230606.37,400840.25,701859.92,1094655.8,378774.15,318663.71,1898272.93,24604.15,400034.15,43375.36,411583.43,447110.4,244060.19,47680.91,124829.54,495489.75,380223.32,428962.63,93507.03,120068.52,172336.33,177536.53,105147.67,197685.06,120978.55,130864.57,110876.18,106279.24,157645.76,127355.01,114109.23,1643064.8,21272.22,17030.59,120564.91,270951.18,154.72,1301445.33,3999746.04,39877.77,696172.54,543763.94,42308.86,53437.83
Scenario 2,199,1,Fake Positive News,199,TRADING,139305.42,1544872.49,156324.7,263819.68,683864.99,613224.52,230450.98,401720.69,702028.02,1092678.76,379362.96,319070.44,1903008.22,24648.52,398576.77,43336.56,412294.34,446807.0,244503.97,47630.24,124973.55,496322.74,380216.37,428721.59,93264.28,120020.49,172166.45,177057.74,105153.67,197330.87,121019.54,130875.79,111237.63,106360.67,157639.43,127338.1,114130.32,1644446.69,21268.83,17018.94,120532.81,271449.01,155.0,1302949.29,3997801.17,39817.62,696664.87,544557.81,42305.24,53494.43
Scenario 2,200,1,Fake Positive News,200,TRADING,138963.23,1547167.26,156031.64,263683.61,686082.9,614630.86,230263.77,402146.65,702070.92,1090971.28,380062.92,319570.26,1907641.03,24689.89,397614.51,43341.87,413037.9,447179.98,244895.87,47579.85,125174.99,497263.07,380390.5,429045.38,93138.38,120003.49,171886.87,176897.18,105103.39,196796.95,121044.68,130875.12,111511.05,106402.31,157695.03,127328.69,114071.74,1646261.35,21283.45,17009.06,120519.83,272057.5,155.2,1303778.85,3990018.67,39731.38,697944.64,545938.25,42305.64,53552.57
Scenario 2,201,1,Fake Positive News,201,TRADING,138672.11,1550856.22,155862.14,263441.2,687609.63,616479.35,230194.57,403160.05,701950.0,1089725.65,380834.17,319994.61,1912459.38,24723.04,397257.46,43287.08,413532.58,447079.47,245451.4,47565.7,125402.93,497477.12,380278.52,429278.31,93068.1,119988.21,171701.36,176441.83,105117.0,196378.11,121003.13,130865.16,111801.38,106511.04,157696.4,127342.59,114043.47,1649170.42,21295.44,16989.83,120645.68,272453.57,155.23,1306121.92,3986840.08,39638.55,699657.64,546999.62,42323.07,53604.73
Scenario 2,202,1,Fake Positive News,202,TRADING,138311.99,1555035.75,155594.95,263489.39,688718.91,617574.57,229998.39,403687.25,701927.09,1088660.9,381462.71,320687.26,1916250.46,24765.52,396809.82,43279.1,413954.3,447086.42,245875.85,47496.5,125541.35,498027.23,380120.63,429333.07,93036.95,119972.96,171730.76,175875.98,105124.45,196023.27,121101.0,130894.04,112142.92,106608.39,157741.63,127323.71,114020.52,1652895.13,21326.38,16967.99,120685.9,272911.43,155.48,1307493.26,3985326.73,39583.13,699334.72,548137.09,42319.33,53616.53
Scenario 2,203,1,Fake Positive News,203,TRADING,138088.58,1557018.59,155292.35,263298.41,687989.93,619498.34,229818.99,404304.24,701840.18,1086813.15,381897.02,321102.69,1920243.52,24805.55,396302.89,43264.26,415968.69,446562.71,246441.03,47490.75,125509.18,498613.83,380097.97,429133.95,92906.8,119946.65,171540.41,175428.48,105133.09,195660.52,121091.56,130875.11,112439.76,106671.25,157787.1,127316.51,114005.59,1657106.18,21329.36,16979.09,120651.79,273722.88,155.56,1309155.86,3984355.31,39541.55,699584.23,549460.36,42310.92,53659.86
Scenario 2,204,1,Fake Positive News,204,TRADING,137813.96,1557992.08,155093.47,263327.83,687925.04,620877.1,229767.06,404705.54,701760.52,1085641.06,382656.98,321326.4,1923308.07,24836.47,395669.03,43249.66,413713.13,446309.95,246905.11,47438.41,125728.96,499584.12,379951.31,429302.24,92604.04,119922.73,171246.37,175281.62,105130.08,195358.97,121232.73,130873.04,112718.84,106823.45,157717.71,127331.01,113954.22,1659157.31,21340.23,16947.8,120695.14,274371.86,155.62,1309355.52,3983312.52,39476.28,700097.78,550302.63,42303.91,53680.04
Scenario 2,205,1,Fake Positive News,205,TRADING,137711.7,1561238.67,154859.65,262868.07,687150.53,622411.73,229621.91,405088.68,701752.19,1084668.88,383209.71,321764.41,1926631.7,24876.22,394854.76,43267.09,412997.03,446203.35,247160.06,47403.54,125926.96,500155.65,379837.71,429356.27,92445.79,119927.63,171110.38,174881.68,105118.89,195018.77,121321.99,130855.71,113036.27,106802.08,157773.92,127316.11,113907.76,1663665.96,21357.88,16930.04,120683.28,274775.85,155.84,1308669.69,3976506.89,39404.72,701169.12,551464.37,42299.1,53753.31
Scenario 2,206,1,Fake Positive News,206,TRADING,137468.7,1564181.39,154716.19,262768.32,686889.74,623521.0,229423.63,405678.54,701520.65,1082493.55,383702.08,322335.17,1928374.97,24924.55,394192.04,43271.75,412247.23,446038.8,247480.38,47380.25,126014.92,500639.41,379779.76,429549.71,92344.06,119949.47,171069.74,174266.07,105158.6,194702.93,121425.46,130859.25,113322.37,106889.46,157825.24,127304.05,113862.79,1668102.82,21363.66,16923.5,120687.27,275115.6,156.09,1308323.06,3974973.85,39368.31,701951.63,552352.51,42279.4,53806.45
Scenario 2,207,1,Fake Positive News,207,TRADING,137594.29,1562678.79,154683.62,262572.91,686407.53,625198.07,229195.31,406477.13,701613.09,1080658.65,384188.25,321490.09,1932271.58,24962.12,394218.81,43229.05,411324.44,445405.9,247838.86,47305.29,126181.79,501334.88,379559.08,429567.3,92390.27,119960.97,170903.16,174334.99,105140.84,194254.7,121242.83,130839.45,113688.83,106982.88,157825.14,127330.53,113787.22,1665593.11,21387.65,16935.55,120670.7,275598.8,156.32,1308794.03,3970229.09,39302.85,702236.77,553232.44,42288.35,53827.32
Scenario 2,208,1,Fake Positive News,208,TRADING,137628.89,1561927.81,154447.1,262356.09,685845.75,626404.41,229032.82,406846.36,701449.26,1078330.9,384569.01,321028.08,1935728.47,25005.13,394788.25,43251.68,410228.65,445145.66,248003.63,47285.38,126449.37,502166.23,379521.95,429464.01,92544.91,119960.48,170553.43,174325.33,105152.66,193902.4,121203.57,130780.7,114005.66,107053.67,157855.98,127373.09,113786.5,1663942.87,21381.3,16916.38,120719.56,275415.81,156.56,1309024.14,3967300.76,39242.09,702431.33,554623.17,42284.5,53877.19
Scenario 2,209,1,Fake Positive News,209,TRADING,137888.15,1560420.75,154372.38,262173.76,685176.43,628123.92,229058.47,407511.3,701382.74,1076990.64,385268.9,320340.74,1940768.68,25041.67,395577.08,43208.96,409241.21,444366.18,248334.43,47234.23,126768.7,502811.34,379623.34,429408.49,92573.4,119950.72,170284.78,174314.56,105103.53,193583.19,121123.29,130753.7,114280.41,107157.2,157823.04,127404.1,113752.77,1659672.81,21400.58,16895.44,120829.35,274934.4,156.82,1310152.7,3966191.43,39194.15,703338.24,555518.44,42280.83,53923.56
Scenario 2,210,1,Fake Positive News,210,TRADING,138036.13,1558843.97,154231.9,261961.96,684565.77,629375.79,228977.51,408226.77,701316.5,1075449.63,385610.18,319994.41,1943299.25,25094.53,396150.37,43234.16,408596.39,444260.12,248781.72,47212.66,126983.97,503318.55,379646.57,429247.65,92599.11,119982.61,169995.9,174526.44,105126.54,193284.76,121080.82,130734.89,114611.07,107242.84,157800.61,127427.5,113808.01,1660031.5,21404.64,16891.66,121008.12,274904.02,157.05,1311818.4,3965208.88,39132.04,703473.49,556189.64,42270.29,53944.31
Scenario 2,211,1,Fake Positive News,211,TRADING,138317.09,1556917.93,154068.32,261653.05,684283.61,631118.89,228668.46,408692.41,701190.44,1073712.95,386400.06,319679.12,1947504.44,25149.39,396740.63,43200.69,407983.78,444014.64,249286.7,47116.1,127228.71,503834.27,379498.06,429703.48,92651.28,119934.73,169867.62,174982.68,105155.21,192909.22,121040.64,130704.93,114950.64,107340.37,157891.63,127425.02,113785.77,1657088.43,21414.97,16892.75,121161.13,274700.33,157.28,1313091.35,3959414.57,39072.73,705221.88,557613.05,42266.04,54007.7
Scenario 2,212,1,Fake Positive News,212,TRADING,138495.37,1557482.41,153963.31,261453.13,684212.05,632028.46,228468.46,409304.4,701232.72,1072612.93,387127.16,319219.93,1951838.3,25186.24,397252.12,43215.73,406953.0,444323.05,249413.65,47041.4,127210.86,504291.34,379408.18,429779.02,92608.5,119897.78,169755.37,175039.25,105175.92,192657.0,120902.7,130707.6,115242.16,107517.24,157905.83,127425.69,113776.26,1653261.59,21416.06,16869.83,121200.29,274199.27,157.26,1314025.64,3960993.23,39010.54,706341.98,558691.26,42263.63,54049.43
Scenario 2,213,1,Fake Positive News,213,TRADING,138727.44,1554981.35,153723.46,261235.75,683535.91,633807.65,228165.27,410043.52,701333.54,1071359.31,387788.33,319279.48,1955934.86,25236.18,397450.74,43196.95,406515.76,444645.97,249915.68,46994.71,127417.19,504634.44,379278.41,429662.86,92666.08,119964.1,169514.62,175044.02,105152.74,192353.41,120888.25,130719.45,115567.14,107586.0,157965.29,127387.71,113820.79,1651876.19,21445.51,16858.95,121246.13,274049.48,157.44,1315793.05,3956433.37,38930.29,707541.71,559685.62,42260.17,54074.83
Scenario 2,214,1,Fake Positive News,214,TRADING,138904.63,1553493.88,153606.16,261285.76,683338.62,634940.68,228061.9,410778.19,700966.53,1069701.61,388299.19,318926.08,1959407.34,25280.19,397665.87,43165.03,405537.4,444344.79,250365.71,46977.7,127612.75,504869.02,379261.99,429926.62,92650.74,119961.39,169259.63,175326.43,105155.55,191954.45,120781.25,130704.05,115819.05,107575.34,157938.41,127431.67,113908.62,1650382.37,21452.63,16865.56,121206.32,273961.48,157.65,1315833.29,3954908.93,38840.49,708820.15,560797.7,42269.44,54132.45
Scenario 2,215,1,Fake Positive News,215,TRADING,138927.36,1552242.63,153396.92,261405.35,682789.58,636408.91,227853.22,411508.04,700955.57,1068295.72,389011.25,318516.05,1962997.18,25318.38,397943.41,43154.14,404732.68,443984.07,250656.14,46959.18,127723.46,505513.17,379237.35,429977.29,92663.43,120004.49,169026.71,175287.89,105128.77,191600.93,120729.87,130705.9,116043.69,107580.86,158017.5,127414.6,113959.26,1647258.11,21473.06,16868.16,121405.79,273555.3,157.72,1315982.51,3949356.97,38766.18,710251.81,562183.4,42251.33,54132.0
Scenario 2,216,1,Fake Positive News,216,TRADING,139150.98,1553144.48,153254.09,261076.4,682118.9,637349.17,227802.37,411957.6,700622.61,1067634.94,389749.26,317912.04,1967708.7,25356.54,398097.33,43129.44,403927.09,444103.58,251289.08,46925.56,127784.38,506138.61,379112.28,430125.87,92678.22,119950.2,168626.36,175239.11,105125.08,191354.6,120871.65,130708.67,116372.76,107651.08,158002.3,127393.15,113987.41,1643472.26,21480.28,16861.55,121277.51,273297.25,157.85,1315767.27,3946806.89,38713.6,711203.76,563213.62,42247.19,54186.84
Scenario 2,217,1,Fake Positive News,217,TRADING,139194.28,1550938.5,153103.78,260739.61,681696.62,636557.74,227666.86,412165.99,700747.51,1065905.6,390061.55,317612.66,1972905.31,25399.05,398857.68,43077.22,402939.57,443982.62,251432.06,46871.51,127780.64,506588.01,379008.46,430084.77,92641.92,119915.44,168405.59,175166.31,105099.6,190897.81,120869.54,130698.87,116680.64,107762.05,158047.12,127418.39,114039.87,1644771.36,21499.71,16852.1,121197.15,272971.6,158.13,1317635.25,3941450.09,38654.88,712264.86,564261.66,42251.14,54208.01
Scenario 2,218,1,Fake Positive News,218,TRADING,139301.96,1548859.35,152927.45,260359.85,680868.65,636011.91,227687.52,412902.49,700677.01,1064949.63,390374.06,317329.46,1977639.02,25448.4,399186.63,43042.57,401931.28,444173.67,252018.65,46816.48,128021.66,507730.6,378970.32,430123.05,92626.19,119905.61,168099.63,175025.78,105086.65,190532.31,120886.1,130697.63,116967.69,107793.23,157994.56,127392.95,114070.96,1641955.45,21492.8,16860.61,121187.6,272570.34,158.26,1317152.77,3937133.06,38590.96,713246.15,565637.32,42270.81,54262.87
Scenario 2,219,1,Fake Positive News,219,TRADING,139225.06,1546756.28,152701.92,260107.48,680202.16,635133.18,227403.18,413561.0,700574.79,1062958.88,390829.24,317060.17,1982858.12,25498.86,399335.73,42987.4,401188.82,443995.27,252376.56,46786.53,128106.75,507785.2,378974.36,430333.57,92675.26,119907.09,167849.17,175066.07,105127.85,190175.86,120910.54,130670.36,117308.36,107940.98,157963.11,127374.12,114080.12,1639723.18,21495.44,16831.92,121195.33,272520.6,158.43,1319302.95,3935915.93,38512.27,714523.44,566607.93,42269.81,54296.19
Scenario 2,220,1,Fake Positive News,220,TRADING,139309.32,1545360.17,152481.03,259688.41,679962.65,634296.58,227171.02,414286.97,700659.11,1061768.86,391402.31,316570.3,1985812.07,25530.95,399220.51,42932.2,400453.28,444184.09,252796.51,46720.61,128055.69,508276.86,378873.45,430614.24,92737.37,119925.63,167569.6,175338.22,105120.46,189899.69,120810.26,130674.49,117563.26,108082.21,157982.13,127324.39,114100.31,1638475.43,21531.54,16818.72,121115.93,272297.43,158.54,1319691.79,3932207.08,38455.83,715189.63,567600.58,42266.24,54351.19
Scenario 2,221,1,Fake Positive News,221,TRADING,139537.99,1542939.51,152209.33,259615.1,679462.85,633798.36,226865.81,414654.73,700593.38,1060229.33,392001.07,316299.01,1990578.13,25555.73,399674.53,42904.9,399687.28,443741.82,253042.57,46629.2,128268.45,508641.35,378955.85,430632.35,92793.26,119863.79,167451.46,175380.44,105121.89,189533.67,120728.78,130660.12,117899.76,108198.62,158047.02,127296.06,114194.83,1635283.28,21556.74,16802.61,121070.29,272068.35,158.84,1319812.1,3927326.51,38400.01,715034.03,568540.51,42282.05,54393.3
Scenario 2,222,1,Fake Positive News,222,TRADING,139701.32,1540990.28,152008.37,259468.84,679090.84,633360.75,226708.69,415152.65,700493.37,1058341.8,392631.62,316043.03,1992754.39,25587.72,399717.38,42915.96,398919.44,443074.45,253337.19,46578.88,128267.77,509388.0,378769.96,430952.01,92826.58,119850.58,167254.92,175556.02,105161.86,189151.97,120636.89,130634.17,118196.6,108334.39,157978.43,127287.28,114156.05,1636692.84,21579.07,16801.21,121123.59,271931.02,159.13,1321615.11,3926959.11,38348.54,716297.17,569346.08,42284.36,54441.56
Scenario 2,223,1,Fake Positive News,223,TRADING,139730.02,1541119.26,151908.96,259399.55,678735.62,632995.3,226423.27,415862.31,700547.78,1056936.1,393245.86,315760.38,1995499.36,25618.72,399940.25,42940.86,397854.28,444031.33,254030.48,46512.09,128530.71,509728.74,378814.56,431217.97,92930.5,119819.03,166898.82,175576.32,105128.28,188764.3,120629.15,130616.22,118432.25,108376.79,157933.19,127290.83,114149.02,1635539.19,21583.64,16796.37,121178.33,271593.08,159.41,1322397.16,3924499.69,38296.57,717644.1,570328.99,42278.27,54440.95
Scenario 2,224,1,Fake Positive News,224,TRADING,139889.12,1537330.65,151708.5,259148.13,678462.42,632041.36,225988.39,416515.32,700644.81,1055047.66,393736.78,314905.79,2000001.3,25659.75,399932.99,42911.82,397099.16,443756.66,254321.31,46445.29,128679.73,510476.96,378664.96,431376.1,92942.19,119784.45,166703.54,175621.54,105112.5,188361.67,120558.93,130593.58,118755.24,108362.44,157903.07,127270.6,114167.91,1634536.25,21596.58,16792.07,121189.84,271307.3,159.47,1323381.63,3919987.09,38238.77,718732.99,571309.02,42279.83,54470.74
Scenario 2,225,1,Fake Positive News,225,TRADING,139852.24,1535728.99,151481.35,259039.9,678127.63,631567.23,225751.27,416723.17,700768.54,1053614.85,393992.49,314612.23,2005479.73,25706.52,400201.52,42890.14,396516.05,443486.66,254888.79,46374.03,128644.68,511065.53,378651.11,431552.87,92804.16,119774.53,166439.55,176004.42,105110.24,187931.92,120545.66,130562.09,119074.73,108413.76,157865.89,127276.39,114106.06,1634176.58,21610.04,16770.72,121150.07,271180.09,159.61,1323126.96,3914168.94,38176.47,718371.09,572434.64,42290.2,54498.25
Scenario 2,226,1,Fake Positive News,226,TRADING,139970.05,1532491.15,151369.7,258636.43,677920.26,631245.02,225698.81,417436.87,700608.39,1052867.59,394724.41,313969.91,2009259.77,25749.41,400525.41,42858.42,395771.43,443957.95,255272.44,46307.84,128856.79,511642.72,378639.92,431891.42,92956.72,119732.1,166094.17,176004.44,105035.8,187657.2,120609.12,130560.53,119427.32,108371.73,157876.44,127252.79,114151.58,1630234.71,21594.58,16769.37,121101.83,270887.07,159.77,1324576.47,3910654.17,38144.01,720022.51,573527.8,42295.65,54495.5
Scenario 2,227,1,Fake Positive News,227,TRADING,140173.02,1530926.93,151620.78,258840.34,677180.41,630758.3,225700.68,417939.79,700545.9,1051936.58,395685.02,313674.22,2012519.08,25795.4,401165.26,42865.74,394974.91,444184.87,255727.62,46318.42,128791.11,511128.83,378710.26,432374.4,92903.77,119737.03,166107.41,176089.21,105061.23,187171.33,120763.03,130535.16,119734.69,108306.01,157821.42,127235.76,114171.59,1630764.74,21577.95,16773.19,121138.81,270664.05,159.85,1323937.32,3915426.62,38059.01,719890.39,575027.6,42287.6,54484.34
Scenario 2,228,1,Fake Positive News,228,TRADING,140080.83,1527529.96,151709.04,258863.71,677108.88,630290.47,225640.44,418428.45,700440.86,1050173.57,396341.63,313214.92,2016437.43,25847.88,401439.86,42864.67,394130.15,444678.92,256425.0,46329.87,128858.73,510987.29,378571.34,432896.46,92916.93,119728.23,165929.77,176200.54,105005.64,186863.74,120917.44,130510.56,120013.76,108329.48,157832.8,127233.28,114126.78,1631129.68,21552.19,16770.29,121133.83,270248.23,159.79,1323567.62,3916838.81,37976.59,719151.71,576871.68,42289.63,54456.06
Scenario 2,229,1,Fake Positive News,229,TRADING,140239.6,1524278.09,151865.95,259195.82,676850.21,629661.55,225734.55,419279.33,700475.55,1048661.35,396884.48,312361.87,2020983.7,25901.43,401720.84,42901.43,393426.38,444960.46,256951.46,46359.02,128961.23,510603.95,378689.71,432548.6,92835.38,119809.36,165612.76,176303.19,105046.61,186493.04,120964.6,130485.21,120333.01,108343.96,157804.97,127212.13,114113.1,1628632.35,21538.48,16761.79,121115.15,269960.68,159.62,1323486.23,3919245.45,37903.87,718289.44,578246.17,42279.88,54438.76
Scenario 2,230,1,Fake Positive News,230,TRADING,140170.54,1524137.58,152022.02,259277.7,676279.05,629315.63,225841.2,419799.7,700540.93,1046378.12,397675.87,312080.81,2025166.54,25937.43,402280.86,42934.43,392619.6,445231.72,257500.51,46375.92,128777.76,510149.35,378517.51,432393.36,92945.41,119773.99,165428.51,176663.98,105029.5,186083.65,121138.56,130466.66,120609.7,108303.24,157734.69,127219.92,114072.76,1628110.69,21532.22,16756.92,121124.53,269826.77,159.5,1323619.65,3923458.05,37843.58,717983.53,579278.17,42287.07,54388.22
Scenario 2,231,1,Fake Positive News,231,TRADING,140201.45,1524019.83,152240.3,259269.31,675330.11,628847.13,225747.69,420380.97,700360.61,1044663.33,398217.01,311827.76,2030184.79,25987.97,402534.31,42961.93,392002.29,445575.64,258013.35,46379.51,128855.46,509689.59,378549.55,432466.58,93022.24,119762.83,165215.3,176966.5,105033.1,185796.67,121230.0,130495.01,120833.33,108301.94,157760.5,127205.17,114065.14,1626033.09,21514.25,16772.86,121325.23,269391.84,159.52,1323379.95,3922572.35,37788.42,717021.86,580388.45,42282.29,54366.66
Scenario 2,232,1,Fake Positive News,232,TRADING,140608.98,1522377.8,152560.63,259167.84,674260.43,628205.39,225909.62,420909.33,700447.01,1043524.01,398996.16,311305.33,2032325.29,26022.38,402708.83,42991.14,391381.4,445838.61,258422.95,46393.05,128945.46,509143.9,378499.0,432356.99,93024.1,119740.14,165050.23,177206.55,104993.52,185476.77,121243.11,130498.93,121229.79,108296.73,157781.27,127189.47,114113.31,1626079.48,21513.75,16781.93,121440.0,269111.74,159.52,1323733.9,3926183.57,37720.08,716110.11,581440.66,42267.34,54395.11
Scenario 2,233,1,Fake Positive News,233,TRADING,140975.5,1520884.18,152800.1,259281.4,673707.56,627976.51,225833.79,421407.29,700489.11,1041408.41,399555.28,311151.36,2036849.14,26056.15,403206.63,42970.91,390451.95,446481.07,258501.55,46436.32,128962.68,509256.88,378532.77,432370.82,93015.15,119718.1,164852.15,177398.08,104957.69,185148.52,121375.42,130464.8,121605.96,108130.36,157792.82,127179.03,114049.91,1623196.14,21499.42,16789.4,121498.92,268949.67,159.45,1322386.58,3929071.77,37648.21,715630.95,582570.87,42255.48,54366.08
Scenario 2,234,1,Fake Positive News,234,TRADING,141091.51,1520775.71,153000.66,259201.17,673327.01,627348.77,225925.55,422148.15,700558.96,1039205.6,399948.75,310925.03,2040119.43,26101.82,403545.09,42970.38,389592.46,447599.61,258871.63,46398.95,129135.1,509070.66,378493.64,432463.42,93043.37,119768.32,164702.11,177370.7,104966.59,184789.76,121344.44,130424.12,121958.62,108077.28,157784.74,127194.86,114084.41,1623337.11,21468.62,16773.24,121593.71,268796.49,159.42,1321764.0,3935729.24,37596.66,715406.3,583762.37,42263.03,54326.53
Scenario 2,235,1,Fake Positive News,235,TRADING,141296.81,1520952.34,153182.19,259431.18,672837.61,626801.99,225814.04,422761.08,700649.17,1037703.53,400312.4,310274.26,2044270.75,26146.85,403866.02,43004.58,388326.33,448021.59,259343.86,46398.26,129041.11,509000.7,378532.06,432684.33,93054.54,119702.86,164433.6,177418.23,104916.51,184555.48,121387.79,130431.46,122261.31,107955.33,157766.99,127223.66,114129.46,1619927.7,21458.87,16785.49,121791.48,268754.08,159.41,1322046.49,3938051.71,37530.77,714849.82,584812.06,42274.81,54279.29
Scenario 2,236,1,Fake Positive News,236,TRADING,141261.07,1519558.0,153370.9,259525.53,672151.95,625789.11,225823.38,423390.42,700802.75,1035688.51,401140.45,309778.43,2046596.28,26197.69,404112.01,43031.21,387506.9,448704.28,259508.57,46389.78,129036.34,508711.72,378355.13,432849.84,93200.85,119673.87,164136.68,177253.1,104933.32,184128.53,121474.73,130416.09,122530.65,107900.34,157801.1,127248.74,114185.11,1615754.01,21451.87,16778.58,121872.61,268504.35,159.33,1323118.52,3937400.93,37449.94,714951.13,585965.77,42275.8,54282.98
Scenario 2,237,1,Fake Positive News,237,TRADING,141310.9,1517101.82,153536.66,259888.84,671513.28,624658.04,225563.39,423643.65,700947.51,1034507.88,401521.16,309432.65,2049447.65,26227.9,403813.08,43021.14,386850.12,449360.16,260112.86,46430.6,129055.44,508575.14,378330.36,433177.6,93324.62,119635.07,163994.17,177531.04,104921.42,183692.55,121622.68,130388.02,122825.82,107890.96,157843.23,127293.84,114230.82,1613295.2,21428.68,16753.86,121954.87,268330.08,159.1,1323633.4,3937445.52,37402.28,714174.1,587006.01,42264.54,54252.91
Scenario 2,238,1,Fake Positive News,238,TRADING,141575.53,1515420.9,153828.17,259893.56,671282.39,624030.73,225773.38,424331.85,700787.99,1032658.39,402096.44,309421.48,2052785.26,26273.7,404010.44,43021.22,385792.4,449194.58,260414.89,46460.66,128919.85,508370.46,378152.71,433366.93,93363.97,119626.99,163724.71,177568.18,104930.56,183382.84,121619.57,130375.78,123111.12,107879.27,157902.11,127238.56,114153.96,1613068.86,21393.61,16761.57,121942.88,268195.42,159.08,1323329.79,3941199.52,37324.36,714052.43,588161.56,42269.35,54251.5
Scenario 2,239,1,Fake Positive News,239,TRADING,141653.52,1514838.45,153937.52,260168.28,671338.23,623084.45,225811.2,425021.39,700634.2,1030432.74,402878.5,308994.05,2058072.14,26332.32,404218.36,43016.48,385038.31,449278.87,260568.74,46486.79,128987.06,507858.48,378269.5,433583.72,93412.9,119617.04,163396.49,177667.96,104966.19,182971.96,121794.69,130386.18,123469.67,107803.22,157930.06,127221.56,114146.16,1611563.15,21399.27,16758.42,121966.96,268279.49,159.09,1324074.71,3942769.85,37238.67,713692.14,589000.7,42281.12,54227.35
Scenario 2,240,1,Fake Positive News,240,TRADING,141629.76,1513285.95,154076.78,260324.45,670833.2,622285.05,225898.49,425626.34,700644.46,1028558.92,403309.05,308499.53,2063821.83,26378.35,404042.6,43057.75,384362.08,449757.97,260866.36,46479.23,128999.74,507865.89,378162.0,433501.65,93312.6,119585.97,163208.02,177701.38,104918.96,182642.58,121920.51,130367.65,123844.88,107758.17,157945.96,127204.93,114198.57,1612265.3,21392.76,16764.97,122053.88,267983.24,159.08,1325408.96,3948581.97,37155.74,713294.61,590205.79,42278.72,54198.18
Scenario 2,241,1,Fake Positive News,241,TRADING,141520.54,1510274.22,154279.05,260558.31,669954.44,621750.78,225861.96,426279.69,700529.48,1027231.48,403968.33,308056.32,2066983.4,26425.37,403979.18,43089.58,383313.86,450311.71,261283.66,46505.92,128943.03,507455.72,378059.21,433571.24,93349.02,119600.97,162927.6,177633.0,104859.67,182365.14,121966.8,130339.38,124135.56,107666.56,157994.21,127163.13,114166.31,1607295.73,21374.72,16766.63,122168.38,267566.06,159.05,1326327.29,3949985.61,37111.58,712026.62,591333.74,42273.36,54137.89
Scenario 2,242,1,Fake Positive News,242,TRADING,141762.75,1508398.72,154373.74,260682.32,669403.32,621182.65,225871.21,426683.98,700534.94,1025394.35,404413.09,307623.64,2069641.14,26463.81,404401.12,43105.86,382524.16,450382.75,261895.82,46489.77,128695.95,507184.48,378183.36,433302.1,93366.43,119586.51,162725.63,177746.68,104831.12,181882.06,122020.79,130354.71,124437.92,107672.88,157995.07,127157.65,114147.89,1603607.47,21372.15,16763.95,122141.68,267300.01,159.06,1327771.43,3952269.57,37024.91,711099.29,592207.32,42282.29,54114.39
Scenario 2,243,1,Fake Positive News,243,TRADING,141986.15,1506755.15,154544.48,260704.34,668440.41,620145.46,226114.4,427158.54,700614.01,1023429.43,404915.47,306829.58,2067205.38,26496.38,404853.41,43123.6,381670.34,450909.25,262556.29,46489.49,128666.66,507248.95,378098.9,433408.64,93290.87,119574.28,162369.06,177801.37,104893.17,181515.6,122163.53,130337.55,124803.24,107554.06,158033.37,127149.95,114146.31,1601638.66,21357.31,16757.48,122109.39,267105.12,158.97,1331169.97,3957963.15,36964.15,710415.94,593431.43,42282.91,54123.08
Scenario 2,244,1,Fake Positive News,244,TRADING,142102.9,1504686.24,154591.81,260916.1,668396.83,619982.18,226140.77,427743.48,700543.84,1021366.95,405614.25,306263.77,2062565.47,26542.01,405316.31,43128.8,381099.67,451368.35,262893.38,46430.84,128572.07,506920.12,378165.06,433541.8,93370.5,119580.09,162271.73,177797.54,104744.89,181158.88,122187.02,130348.68,125158.03,107471.44,158049.54,127110.53,114170.42,1597379.61,21354.15,16746.09,122137.19,266607.22,158.99,1329874.78,3960867.17,36906.66,709870.74,594145.17,42283.09,54115.83
Scenario 2,245,1,Fake Positive News,245,TRADING,142241.02,1502082.02,154865.9,261136.07,667930.44,619303.93,226227.6,428377.42,700301.21,1019262.22,406131.48,305449.48,2059046.31,26586.76,405566.36,43149.41,380431.99,451880.65,263324.17,46454.79,128514.58,506476.27,378087.75,433810.95,93462.15,119590.26,161968.79,177930.84,104682.14,180803.67,122383.69,130347.57,125396.52,107392.46,157972.82,127135.54,114170.54,1596203.52,21351.02,16763.1,122042.75,266566.14,159.08,1329377.11,3964109.37,36857.66,710553.33,594789.07,42278.99,54144.76
Scenario 2,246,1,Fake Positive News,246,TRADING,142399.91,1499758.2,155045.3,261108.85,667494.72,618700.81,226132.01,428911.9,700264.47,1018767.06,406544.3,305217.18,2054323.41,26629.35,406464.28,43121.23,379495.29,452015.91,263167.47,46413.65,128685.98,506184.88,377996.36,433805.97,93604.71,119602.99,161752.77,177858.96,104697.51,180388.39,122556.64,130335.64,125732.19,107355.52,158023.26,127114.02,114091.0,1593405.45,21354.64,16770.07,122077.78,266265.16,158.97,1329021.97,3968967.54,36770.82,710305.09,595973.53,42270.39,54099.37
Scenario 2,247,1,Fake Positive News,247,TRADING,142635.06,1498889.45,155113.23,261218.88,667096.35,618208.58,226174.09,429250.88,700222.55,1016951.09,407095.25,304440.48,2051345.97,26660.17,406888.81,43102.57,378705.59,452759.24,262624.21,46406.88,128873.27,506011.25,378034.86,434164.17,93514.15,119567.96,161624.24,177833.36,104733.24,179956.72,122669.83,130337.21,126032.57,107151.22,158062.92,127115.8,114011.98,1591590.03,21333.22,16771.66,122174.25,266003.65,158.85,1329388.91,3970638.43,36716.35,710883.68,597199.82,42267.95,54058.74
Scenario 2,248,1,Fake Positive News,248,TRADING,142648.96,1497371.75,155232.11,261342.34,666099.06,617916.88,226239.58,429814.0,700126.04,1014693.27,407341.01,304095.62,2046967.91,26705.5,407872.01,43140.64,378122.0,453037.56,262228.95,46396.96,128780.22,505879.05,378022.95,434364.22,93429.69,119561.19,161300.77,177812.33,104729.43,179503.09,122707.08,130326.23,126348.47,106998.82,158094.24,127094.44,114039.84,1588835.14,21317.73,16781.29,122199.32,265659.58,158.96,1328534.52,3973132.75,36657.65,710697.36,598443.7,42252.56,54027.37
Scenario 2,249,1,Fake Positive News,249,TRADING,142750.94,1495660.62,155349.12,261495.86,665541.95,616965.07,226384.55,430256.78,700139.69,1012530.12,408088.02,303248.94,2043467.84,26748.24,407710.27,43158.92,376962.34,452911.98,261636.27,46410.2,128630.35,505161.14,377954.76,434514.39,93502.04,119519.3,161078.34,177875.61,104676.52,179165.2,122903.66,130340.97,126689.1,106841.14,158039.51,127124.19,114020.33,1587615.05,21292.34,16784.11,122231.44,265386.4,158.81,1328100.63,3976501.93,36583.47,711141.6,599451.22,42258.4,53994.14
Scenario 2,250,1,Fake Positive News,250,TRADING,142787.99,1494679.18,155639.36,261592.67,664878.15,616697.9,226433.55,431151.28,700106.41,1010147.12,408733.59,302968.18,2040091.61,26788.34,407645.75,43215.41,376223.41,453433.61,261105.31,46386.36,128722.02,504881.81,377847.65,434786.98,93452.91,119540.96,160808.95,177907.71,104691.21,178779.87,122760.53,130351.97,127091.73,106707.35,158077.43,127105.52,114064.52,1586278.73,21291.11,16781.29,122334.1,265167.38,158.64,1327363.94,3978361.6,36516.24,710247.51,598460.9,42252.09,53963.94
Scenario 2,251,1,Fake Positive News,251,TRADING,143131.25,1493237.59,155801.22,261653.59,663996.26,615892.44,226322.57,431898.33,699971.4,1008440.63,409311.19,302314.39,2036573.86,26764.16,407850.56,43243.89,375295.38,454038.66,260829.55,46402.36,128608.66,504447.57,377891.57,434778.46,93404.97,119556.91,160480.26,177904.1,104709.67,178413.52,123025.06,130332.53,127379.1,106707.77,158116.89,127073.59,114164.04,1587218.67,21285.77,16756.73,122441.64,264873.14,158.48,1327789.69,3984721.74,36461.0,709912.79,597311.31,42251.0,53916.56
Scenario 2,252,1,Fake Positive News,252,TRADING,143247.68,1492048.46,156073.17,261703.28,663348.89,615145.3,226434.81,432608.13,699836.28,1006871.45,409873.6,301796.62,2032421.0,26728.54,408414.41,43258.87,374566.29,454486.16,260134.96,46372.27,128537.86,503687.74,377766.05,434855.53,93431.69,119497.4,160246.53,178023.19,104772.56,178131.4,123122.77,130288.25,127687.66,106618.49,158191.19,127073.28,114210.42,1583519.68,21255.52,16752.6,122559.9,264648.91,158.56,1328372.18,3987717.8,36401.74,709324.74,595986.9,42262.7,53921.62
Scenario 2,253,1,Fake Positive News,253,TRADING,143320.82,1490413.63,156192.61,262023.56,662639.96,614735.49,226366.69,433100.27,699727.59,1005502.14,410542.73,301615.48,2029476.83,26694.77,408892.57,43315.09,373727.97,454620.0,259787.29,46387.17,128451.75,503330.94,377710.07,434764.01,93615.97,119562.18,159999.38,178114.52,104726.62,177739.55,123287.99,130266.73,128021.31,106522.05,158218.04,127048.0,114219.32,1578561.28,21229.43,16753.73,122615.57,264244.8,158.36,1328404.81,3990581.06,36322.81,708811.45,594379.1,42264.1,53919.94
Scenario 2,254,1,Fake Positive News,254,TRADING,143506.39,1487220.98,156348.34,262259.08,662528.56,614905.45,226471.39,433874.12,699643.5,1004105.39,410871.22,300931.23,2026594.32,26652.01,409600.54,43340.06,372874.47,454576.12,259283.3,46449.68,128507.42,503059.47,377698.83,434639.15,93872.04,119545.98,159733.11,178164.07,104676.8,177333.58,123378.11,130253.87,128363.75,106516.37,158340.55,127072.39,114227.99,1577768.12,21194.97,16754.94,122734.58,264134.93,158.25,1326871.31,3992576.97,36254.86,709045.19,593369.91,42269.91,53924.17
Scenario 2,255,1,Fake Positive News,255,TRADING,143486.3,1484438.38,156634.54,262255.34,662102.68,613965.04,226519.05,434293.98,699295.65,1001626.55,411531.99,300599.76,2023501.04,26604.9,409975.34,43397.0,371811.36,455178.27,258528.66,46474.53,128591.34,502637.64,377693.27,434924.52,94009.02,119541.22,159455.67,178162.54,104643.57,176846.32,123520.71,130245.71,128708.11,106393.34,158347.62,127068.64,114267.7,1577105.43,21185.14,16749.17,122753.98,263609.72,158.21,1327476.55,3997458.27,36204.45,709089.32,592359.7,42259.08,53911.0
Scenario 2,256,1,Fake Positive News,256,TRADING,143393.87,1481835.7,156887.85,262254.93,661480.08,613022.94,226492.87,434895.42,699376.11,999609.32,412194.74,300130.3,2019247.2,26571.51,410210.53,43439.23,370819.34,455791.52,258157.26,46520.34,128556.65,502052.28,377755.61,435138.51,94092.92,119571.29,159334.67,178287.05,104633.53,176451.13,123613.6,130270.38,129082.85,106312.97,158415.66,127056.38,114217.29,1577374.55,21182.6,16735.43,122822.53,263230.95,158.25,1330847.57,4000596.82,36134.08,708112.27,590951.02,42256.95,53900.0
Scenario 2,257,1,Fake Positive News,257,TRADING,143509.32,1481803.0,157092.28,262418.74,660792.55,612367.38,226516.04,435184.95,699416.95,998069.45,412712.76,299424.69,2014939.18,26543.27,410705.21,43464.55,370048.18,455914.24,257635.35,46545.31,128451.8,501445.07,377602.48,435464.78,94173.58,119580.47,159251.74,178332.36,104612.81,176118.6,123750.03,130275.32,129377.81,106293.37,158446.83,127026.94,114232.02,1577012.15,21165.49,16718.34,122917.91,263204.09,158.16,1329866.26,4003206.38,36059.1,707008.67,590351.93,42263.26,53900.03
Scenario 2,258,1,Fake Positive News,258,TRADING,143645.88,1479390.24,157265.08,262393.64,660023.21,612087.41,226642.6,435537.91,699408.99,996288.38,413707.21,298814.67,2011855.3,26529.2,411329.23,43494.14,369245.45,456462.99,257322.17,46598.6,128526.76,500932.74,377488.88,435646.48,94226.91,119587.44,159097.13,178361.82,104639.26,175663.1,123842.34,130253.83,129677.54,106291.43,158535.43,127023.68,114198.82,1572836.95,21155.23,16704.53,123078.17,262980.21,158.16,1330738.17,4009945.17,35985.35,706160.6,589172.99,42249.83,53882.85
Scenario 2,259,1,Fake Positive News,259,TRADING,143578.24,1478000.63,157563.99,262357.62,659224.44,610665.04,226776.64,435867.66,699417.4,995043.33,414347.3,298533.67,2007937.72,26508.03,411735.41,43510.23,368326.76,456725.65,256796.75,46618.58,128377.97,500741.06,377434.09,435564.25,94271.48,119584.6,158879.26,178549.76,104646.46,175325.24,123837.76,130268.3,129965.77,106028.94,158588.82,126994.16,114132.76,1571746.11,21133.52,16716.44,123176.04,262662.43,158.26,1332198.83,4011650.85,35913.78,706251.43,588158.32,42236.28,53827.97
Scenario 2,260,1,Fake Positive News,260,TRADING,143769.84,1476872.32,157687.67,262478.06,658944.9,610031.01,226663.21,436648.48,699578.77,994344.22,415052.22,298114.69,2005233.3,26479.48,412163.07,43495.31,367550.03,457420.61,256647.89,46611.56,128399.1,500288.25,377351.65,435684.52,94357.46,119546.73,158643.78,178753.13,104692.03,174878.66,123994.05,130269.42,130272.81,105981.1,158558.33,127002.04,114108.16,1570035.84,21124.74,16742.96,123334.6,262515.54,158.1,1331566.18,4013794.82,35875.88,706059.65,587007.9,42249.16,53814.03
Scenario 2,261,1,Fake Positive News,261,TRADING,143922.59,1475105.73,157837.43,262390.71,658093.99,609688.65,226590.34,437538.76,699524.92,993339.5,415676.14,298031.67,2002136.93,26435.97,412223.66,43529.12,366759.82,457974.69,256144.45,46589.63,128422.74,500578.33,377427.37,435568.08,94446.57,119572.06,158417.7,178878.97,104708.05,174616.27,124118.17,130234.65,130605.18,106037.25,158553.71,126979.4,114105.26,1569581.64,21107.69,16734.51,123445.8,262271.51,157.97,1332608.89,4015061.4,35819.6,705306.76,586019.23,42246.34,53802.5
Scenario 2,262,1,Fake Positive News,262,TRADING,143979.8,1473914.43,158101.65,262347.41,656938.01,609223.49,226543.82,437878.01,699399.69,991816.56,415972.16,297481.46,1998436.27,26410.97,412586.61,43561.12,365914.72,457529.0,255595.1,46615.07,128316.67,500508.11,377225.98,435671.97,94348.96,119564.55,158198.0,178599.3,104704.26,174295.15,124234.87,130213.96,130888.1,106038.0,158614.98,126930.42,114184.87,1567927.74,21092.14,16720.05,123606.73,262072.5,157.89,1332413.33,4021190.21,35741.54,705079.5,584962.68,42255.72,53763.16
Scenario 2,263,1,Fake Positive News,263,TRADING,144028.27,1470841.92,158175.29,262361.35,656589.68,608501.05,226772.28,438165.98,699684.61,989811.94,416539.94,297097.81,1995779.62,26369.15,412490.53,43536.85,365198.04,458014.55,255256.03,46570.99,128353.65,500345.95,377189.31,435430.89,94336.59,119562.47,157946.18,178775.95,104622.02,173880.83,124338.71,130170.78,131219.25,105933.24,158643.27,126907.63,114199.29,1566038.73,21078.87,16729.46,123801.86,261965.71,157.71,1333651.07,4025086.73,35696.53,704668.09,584136.66,42258.24,53758.88
Scenario 2,264,1,Fake Positive News,264,TRADING,144106.75,1468906.9,158383.73,262547.9,656368.87,607806.6,226800.4,438550.97,699666.85,988614.57,417072.09,296598.36,1991713.76,26338.88,412938.13,43528.51,364509.56,458364.33,254807.9,46592.87,128289.95,499839.85,377281.01,435344.4,94307.84,119524.03,157928.33,178798.88,104590.67,173478.63,124493.87,130162.49,131529.4,105939.42,158672.11,126895.24,114198.56,1563705.21,21086.11,16711.59,123920.03,261437.15,157.68,1332865.86,4028362.24,35639.16,704330.33,583014.67,42252.77,53716.42
Scenario 2,265,1,Fake Positive News,265,TRADING,144197.43,1467363.54,158528.28,262535.9,656095.5,607405.1,226890.66,438952.09,699474.34,986688.56,417803.9,296058.45,1990260.83,26314.9,413249.79,43581.13,363777.73,459294.95,254161.81,46645.22,128259.9,499483.51,377121.64,435367.99,94234.91,119533.3,157607.37,179004.2,104605.22,173200.1,124570.37,130178.82,131770.29,105919.65,158673.63,126874.94,114231.13,1562046.74,21078.5,16725.83,123956.5,261164.45,157.62,1332455.99,4030160.67,35578.64,703472.8,581891.1,42244.12,53667.76
Scenario 2,266,1,Fake Positive News,266,TRADING,144245.71,1464888.35,158762.36,262667.83,655288.8,606421.72,226792.33,439399.45,699251.27,985090.92,418313.83,295667.04,1985400.59,26279.59,413401.72,43577.69,362881.59,459578.83,253726.05,46661.33,128267.06,499499.28,377286.62,435724.8,94269.34,119561.97,157497.89,179165.71,104563.79,172818.52,124582.23,130203.14,132103.28,105931.17,158680.51,126873.45,114205.26,1559154.44,21071.42,16738.05,123978.33,261084.15,157.64,1333353.12,4032867.37,35523.51,702535.56,580827.33,42230.58,53606.38
Scenario 2,267,1,Fake Positive News,267,TRADING,144374.01,1462504.35,159050.47,262914.7,654978.9,605647.48,226908.44,439867.99,699191.46,983307.12,418870.28,295010.26,1982242.04,26249.15,413913.25,43636.18,361950.99,459696.54,253309.57,46588.59,128412.4,499464.96,377239.7,435512.63,94152.52,119549.94,157260.33,178830.97,104569.93,172465.73,124636.44,130177.59,132450.94,105736.02,158621.55,126860.35,114264.16,1557339.55,21074.62,16742.46,124005.66,260837.12,157.46,1332535.29,4035656.59,35462.72,702468.12,579675.49,42218.53,53587.52
Scenario 2,268,1,Fake Positive News,268,TRADING,144744.48,1462076.51,159353.6,263026.17,654802.77,604669.25,226847.84,440399.33,699087.77,981667.21,419703.04,294401.41,1977203.37,26211.56,414011.09,43642.75,360958.51,460219.48,253080.25,46583.5,128459.41,499112.0,377137.55,435719.96,94330.59,119584.3,157114.75,178689.49,104563.92,172023.56,124685.35,130148.92,132755.21,105562.76,158659.25,126833.61,114271.35,1553897.14,21080.87,16734.25,124019.84,260678.56,157.41,1333415.65,4040623.14,35398.79,702843.15,578902.5,42199.06,53563.35
Scenario 2,269,1,Fake Positive News,269,TRADING,144805.39,1461414.43,159499.14,263171.48,654404.65,604491.43,226668.67,440843.75,699257.44,980328.65,420180.62,293826.82,1973014.36,26167.77,414199.3,43624.18,360389.91,460219.22,252652.14,46631.34,128328.48,498774.88,377107.5,435730.38,94290.67,119622.51,156807.13,179037.55,104488.9,171665.45,124730.41,130120.54,133039.33,105440.94,158631.18,126828.2,114317.01,1551509.29,21049.97,16711.68,124073.51,260375.68,157.22,1333257.49,4041950.65,35332.94,702527.87,577721.62,42199.66,53514.79
Scenario 2,270,1,Fake Positive News,270,TRADING,145073.98,1459316.34,159645.68,263447.46,654054.68,603183.14,226766.47,441750.02,699301.27,979461.53,420852.84,293663.76,1970478.04,26137.57,414579.81,43656.67,359049.05,460772.42,252548.28,46642.48,128250.49,498281.18,377227.85,435998.44,94252.95,119602.32,156489.71,179171.05,104434.6,171180.36,124778.8,130091.45,133310.39,105515.76,158629.99,126850.06,114336.62,1548402.67,21026.56,16696.81,124076.54,260050.65,157.14,1332715.32,4045887.38,35259.2,702423.4,576720.8,42206.02,53478.6
Scenario 2,271,1,Fake Positive News,271,TRADING,145147.81,1458116.5,159818.04,263424.88,653892.18,602575.4,226758.23,442359.28,699297.15,978308.56,421622.77,293231.34,1966587.33,26093.9,415148.78,43641.06,358197.63,460895.9,252079.12,46684.3,128163.56,497708.85,376983.68,436214.23,94474.51,119592.24,156323.13,179123.4,104522.56,170731.69,124728.32,130101.61,133680.16,105467.67,158608.76,126871.36,114328.73,1547765.06,21011.47,16666.9,124051.28,259835.43,157.05,1331622.41,4047886.91,35177.44,701981.64,575418.38,42196.71,53452.17
Scenario 2,272,1,Fake Positive News,272,TRADING,145209.43,1458679.02,159920.05,263742.62,653771.77,601830.59,226736.32,442742.49,699401.93,976367.2,422165.21,292718.47,1961347.35,26058.97,415584.47,43620.81,357150.08,461252.22,251455.29,46714.63,128154.03,497413.09,376990.89,436135.4,94459.48,119571.08,156149.43,179305.16,104486.29,170317.43,124739.31,130097.48,133975.06,105359.7,158565.98,126883.1,114306.73,1548293.39,21017.81,16678.8,124079.61,259526.67,156.95,1331753.3,4053226.2,35124.9,701218.59,574192.53,42205.48,53448.5
Scenario 2,273,1,Fake Positive News,273,TRADING,145385.12,1456373.6,160129.82,263838.95,653457.07,601274.57,226665.64,443161.95,699322.7,975072.94,422681.51,292222.61,1959646.85,26024.97,416247.15,43662.46,356243.5,461206.98,250948.19,46737.89,128214.21,497179.95,377075.2,435993.13,94443.3,119575.68,156035.25,179419.58,104479.52,169971.8,124737.53,130087.8,134202.86,105282.68,158499.03,126887.49,114361.65,1545135.39,21032.15,16686.8,123983.07,259254.2,156.95,1332052.5,4056763.8,35080.24,700754.18,572994.21,42211.21,53413.07
Scenario 2,274,1,Fake Positive News,274,TRADING,145446.79,1454873.57,160369.3,263778.57,652848.64,601073.61,226606.46,443881.9,699221.33,973135.96,423266.1,291537.52,1954602.59,25981.03,417055.31,43647.39,355303.75,461777.58,250406.96,46766.23,128285.29,497014.37,377027.55,436208.61,94571.8,119574.42,155733.21,179586.36,104539.02,169606.63,124906.03,130083.73,134520.01,105219.27,158519.39,126866.05,114383.28,1544686.37,21019.81,16681.4,123933.1,259156.22,157.06,1333661.32,4060925.75,35026.86,700436.88,571631.56,42221.66,53373.32
Scenario 2,275,1,Fake Positive News,275,TRADING,145441.28,1453899.99,160581.57,263964.71,652422.72,600015.44,226713.1,444543.24,699045.49,972369.36,423756.83,290917.9,1951753.67,25947.45,417819.15,43667.51,354421.17,462003.99,249779.66,46752.49,128302.48,496755.58,376891.9,436283.14,94625.43,119534.38,155497.43,180039.44,104582.5,169281.85,124978.48,130093.6,134888.75,105184.24,158550.57,126847.72,114457.04,1543628.98,21017.59,16682.22,123998.17,258961.41,156.95,1331360.78,4063838.05,34952.89,700872.83,570281.04,42222.78,53340.0
Scenario 2,276,1,Fake Positive News,276,TRADING,145656.69,1452350.25,160715.19,264251.59,651656.64,599548.04,226699.85,445176.46,699002.96,970080.3,424514.81,290382.68,1947500.43,25924.63,418104.36,43735.84,353655.61,462345.48,249375.76,46781.37,128064.42,496511.48,376833.58,436066.65,94771.47,119496.29,155186.24,179999.46,104527.87,168942.1,125142.5,130132.64,135163.72,105150.58,158615.15,126868.83,114429.93,1544065.61,20999.69,16721.02,124113.9,258645.44,156.81,1330535.96,4068889.73,34897.39,700611.24,569383.93,42237.45,53318.39
Scenario 2,277,1,Fake Positive News,277,TRADING,145929.51,1450098.7,160855.02,264173.55,651146.26,598801.39,226861.48,445753.42,698772.11,968585.86,425325.37,289999.21,1943549.11,25883.25,418621.32,43756.41,352593.26,463412.5,248641.68,46812.11,128081.92,495941.21,376801.73,436196.09,94817.73,119520.53,154990.1,179798.29,104444.16,168587.93,125230.92,130127.77,135455.16,105173.03,158592.37,126888.1,114471.98,1541979.17,20999.42,16727.18,124245.23,258388.91,156.86,1328977.88,4074424.49,34838.7,699952.61,567865.08,42243.98,53301.99
Scenario 2,278,1,Fake Positive News,278,TRADING,146154.91,1448841.58,161006.13,264242.0,650547.09,598770.53,226765.35,446437.1,698781.4,967017.35,425784.47,289970.96,1939365.04,25849.35,418637.78,43735.66,351485.33,463413.95,248371.73,46801.59,128134.6,495800.65,376784.85,436150.86,94874.79,119517.9,154778.29,179949.25,104418.46,168299.49,125339.18,130124.31,135728.02,105135.43,158550.34,126859.12,114421.12,1539616.69,20972.75,16722.09,124333.63,258309.73,157.03,1328548.7,4077309.86,34761.53,700556.1,566784.25,42243.84,53345.82
Scenario 2,279,1,Fake Positive News,279,TRADING,146448.95,1445309.14,161160.38,264177.43,650063.78,598959.58,226670.05,447197.39,698707.7,965919.93,426505.67,289502.35,1933780.6,25796.32,419205.96,43797.09,350550.03,463407.74,247739.01,46787.03,128231.98,495264.83,376747.04,435955.72,94890.86,119460.06,154544.7,180081.46,104502.49,167978.39,125443.55,130140.41,136066.84,104937.12,158580.32,126884.33,114425.18,1537766.41,20963.94,16735.72,124343.71,258150.08,157.1,1328447.47,4081931.02,34701.92,699865.05,565801.33,42249.82,53279.48
Scenario 2,280,1,Fake Positive News,280,TRADING,146589.32,1445362.51,161545.31,264424.79,649326.55,599006.8,226379.34,447632.6,698549.44,964341.02,426924.38,288676.61,1930410.39,25766.84,419548.25,43796.06,349646.28,464460.66,247126.33,46796.97,128097.12,495022.73,376702.09,436070.06,94889.44,119464.45,154431.0,180314.61,104509.4,167591.47,125676.5,130144.94,136384.0,104870.83,158586.83,126857.79,114460.85,1537611.14,20940.58,16746.84,124307.88,257887.88,157.0,1328078.7,4088736.9,34656.05,699355.31,564828.33,42242.99,53219.18
Scenario 2,281,1,Fake Positive News,281,TRADING,146838.59,1446881.35,161788.79,264595.34,648374.83,598737.79,226230.83,448384.76,698630.53,963787.66,427625.61,288016.2,1926869.01,25732.03,420054.4,43847.75,348821.54,464420.83,246595.66,46806.31,128208.93,494544.48,376730.32,436166.15,94902.97,119417.49,154253.02,180357.6,104494.48,167135.96,125742.04,130136.65,136662.28,104812.69,158590.03,126897.71,114427.08,1533674.56,20913.66,16740.88,124393.65,257654.96,156.91,1328832.88,4092830.88,34596.95,698089.17,563405.34,42253.58,53226.0
Scenario 2,282,1,Fake Positive News,282,TRADING,147172.92,1443973.82,161959.21,264521.84,647718.96,597569.59,226299.13,449114.87,698606.9,961743.35,428299.73,287389.13,1924285.36,25690.51,420469.67,43857.13,348004.92,464752.16,246187.78,46787.48,128276.09,494483.13,376654.8,436243.75,94916.77,119388.49,154075.47,180401.73,104439.62,166755.09,125782.41,130150.0,136934.32,104683.6,158608.51,126874.3,114431.17,1531693.14,20899.4,16728.97,124501.43,257543.2,156.97,1329233.73,4091827.72,34541.24,697994.92,562600.23,42254.98,53242.09
Scenario 2,283,1,Fake Positive News,283,TRADING,147429.67,1443254.93,162146.5,264674.72,647110.51,597057.31,226250.98,449299.75,698657.51,960063.4,428954.24,287128.99,1919739.55,25666.77,420923.11,43845.65,347134.31,464026.92,245757.94,46833.37,128248.15,493815.12,376499.19,436250.16,94933.77,119362.17,153787.21,180431.88,104417.63,166448.9,125835.06,130186.02,137280.71,104561.18,158668.59,126847.12,114392.78,1532136.69,20893.16,16729.03,124516.16,257276.36,156.92,1328727.16,4096681.22,34466.38,697296.47,561913.07,42265.59,53196.7
Scenario 2,284,1,Fake Positive News,284,TRADING,147420.19,1441767.15,162135.01,264601.02,646537.03,596674.47,226126.66,449770.66,698775.94,957966.89,429259.54,286543.02,1917621.85,25628.76,420732.85,43863.33,346345.27,464294.68,245068.05,46868.99,128341.13,493888.57,376657.22,436429.96,94908.43,119368.97,153625.35,180516.14,104383.49,166225.3,125899.42,130162.29,137548.27,104392.93,158681.0,126831.41,114356.69,1530935.9,20866.17,16720.38,124704.93,257031.7,156.98,1329776.06,4102159.0,34400.74,696618.4,560984.8,42263.22,53179.82
Scenario 2,285,1,Fake Positive News,285,TRADING,147606.6,1440857.33,162333.71,264616.74,646320.04,596350.58,226063.88,450202.48,698570.96,956898.7,429819.38,286561.88,1912576.29,25588.46,420503.08,43877.55,345350.62,464939.89,244842.91,46832.69,128333.67,494136.68,376685.05,436478.74,95091.15,119402.88,153285.27,180601.68,104379.84,165871.62,126052.57,130145.52,137807.46,104358.42,158736.12,126820.37,114470.04,1529528.18,20856.22,16736.93,124650.43,256830.33,156.69,1331194.59,4105633.29,34334.9,696017.31,560234.89,42266.93,53165.45
Scenario 2,286,1,Fake Positive News,286,TRADING,147725.29,1439905.56,162466.4,264720.07,646232.73,595892.15,226182.25,450754.76,698444.03,955162.81,430300.54,286059.61,1909253.55,25564.78,420975.57,43910.03,344312.52,465337.63,244200.53,46815.08,128531.4,494224.76,376681.95,436528.76,95203.67,119416.57,153175.93,180747.59,104342.23,165450.77,126078.29,130170.25,138188.65,104273.81,158787.72,126855.39,114505.59,1525195.76,20845.89,16742.33,124659.17,256588.91,156.69,1330242.99,4107010.07,34272.58,694975.21,559578.76,42272.53,53128.19
Scenario 2,287,1,Fake Positive News,287,TRADING,147711.92,1436398.98,162656.41,265084.49,645674.57,595508.44,226298.11,451387.53,698378.23,954559.92,430851.84,285534.74,1906256.37,25540.01,421461.08,43961.52,343474.8,465762.99,243550.32,46802.88,128491.87,493846.86,376692.87,436539.52,95233.39,119432.94,153049.31,180557.74,104328.35,165034.29,126229.61,130147.67,138480.01,104330.58,158727.44,126833.77,114530.63,1520763.56,20843.35,16756.75,124795.23,256506.61,156.8,1331512.37,4107969.61,34219.05,694708.32,558276.44,42278.05,53119.41
Scenario 2,288,1,Fake Positive News,288,TRADING,147892.78,1436392.36,162863.58,265228.14,645397.26,594793.1,226450.9,452174.78,698474.0,953858.57,431383.69,285197.58,1900835.44,25509.17,421950.64,43949.13,342882.01,465763.83,243087.5,46801.6,128440.96,493308.32,376505.63,436507.17,95190.42,119382.64,152708.75,180606.64,104309.27,164635.32,126305.59,130153.05,138878.36,104194.53,158713.01,126850.3,114553.06,1518015.0,20806.94,16743.7,124871.24,256314.45,156.81,1329920.87,4111631.49,34142.6,694674.54,557642.77,42284.33,53101.53
Scenario 2,289,1,Fake Positive News,289,TRADING,148155.26,1435854.17,162991.11,265249.1,645608.64,593743.32,226537.52,452750.56,698172.65,952941.01,431832.92,284965.21,1897244.15,25475.87,422369.81,44012.98,341996.66,465644.18,242542.25,46871.7,128432.72,493176.32,376445.02,436330.33,95399.25,119394.09,152479.24,180803.96,104389.67,164285.65,126236.22,130150.42,139110.37,104111.19,158708.81,126856.81,114575.49,1516414.62,20792.9,16759.37,124966.53,255915.6,156.66,1330730.34,4116173.36,34083.15,693942.56,556588.17,42293.86,53094.68
Scenario 2,290,1,Fake Positive News,290,TRADING,148462.76,1435193.86,163165.01,265076.85,645086.84,593034.09,226783.53,453502.73,698096.75,950618.76,432681.51,284618.22,1892652.8,25437.95,422874.97,44014.16,341341.09,465397.09,242040.49,46878.51,128364.48,492632.12,376425.29,436357.34,95287.46,119328.32,152309.32,180664.63,104412.18,163966.79,126432.83,130163.83,139401.67,104137.92,158706.43,126855.87,114542.08,1512618.44,20770.6,16742.2,125016.28,255518.77,156.69,1330797.15,4118724.92,34006.62,693437.79,555166.66,42291.36,53088.85
Scenario 2,291,1,Fake Positive News,291,TRADING,148746.45,1433526.5,163271.52,265012.93,644795.14,592220.01,226656.85,454020.45,697805.08,948690.11,433357.28,284405.87,1888369.92,25410.23,422697.33,44042.82,340285.23,465458.4,241491.29,46914.88,128348.87,492044.62,376444.69,436369.68,95234.05,119333.46,151973.98,180879.27,104484.14,163526.0,126376.78,130163.46,139678.26,104027.3,158719.51,126784.85,114588.45,1513086.28,20744.34,16748.6,125143.32,255359.21,156.8,1331411.61,4121436.88,33939.5,692740.83,553757.25,42280.0,53051.0
Scenario 2,292,1,Fake Positive News,292,TRADING,148805.9,1431414.33,163497.23,265217.63,644754.25,591482.19,226657.81,454439.14,697866.63,947029.91,433918.69,284269.22,1884725.15,25386.73,422953.24,44050.75,339227.86,465622.45,241098.16,46866.27,128419.29,491654.66,376364.54,436315.88,95297.4,119342.22,151668.13,180935.89,104495.41,163139.25,126576.59,130155.8,139979.5,104004.08,158678.88,126765.85,114530.22,1511830.04,20716.83,16779.07,125226.46,255090.5,156.86,1332176.95,4123883.97,33885.45,691401.9,552880.6,42282.39,53026.35
Scenario 2,293,1,Fake Positive News,293,TRADING,148861.27,1429908.61,163703.4,265455.58,644757.47,591226.82,226684.64,454978.13,697930.87,944705.32,434428.18,283465.46,1880814.67,25345.59,423372.87,44081.7,338442.88,465792.47,240613.35,46879.98,128277.46,490923.08,376369.75,436493.13,95365.94,119307.89,151440.62,180580.73,104560.46,162752.58,126702.97,130161.88,140379.2,103934.71,158699.45,126772.48,114547.35,1509747.53,20690.19,16758.65,125296.93,254804.38,156.94,1333528.35,4130855.58,33824.86,691413.09,551991.46,42271.22,53024.57
Scenario 2,294,1,Fake Positive News,294,TRADING,149246.88,1428173.5,163785.27,265567.1,644375.41,590542.98,226725.15,455569.61,697900.01,943988.34,435195.77,283026.14,1877607.27,25303.4,424096.26,44117.87,337751.12,465872.39,239945.31,46880.12,128292.69,490189.02,376259.43,436736.4,95371.15,119282.12,151200.97,180727.05,104544.86,162335.64,126788.33,130188.3,140620.93,103995.78,158609.2,126762.7,114597.9,1504633.75,20689.37,16755.48,125393.44,254553.64,156.89,1332507.63,4132479.74,33773.04,691161.8,550668.18,42269.47,53005.48
Scenario 2,295,1,Fake Positive News,295,TRADING,149477.74,1426653.03,163988.9,265905.09,643374.94,589582.15,226715.2,456146.92,697762.28,942839.6,435879.31,282270.54,1874948.88,25264.32,424114.76,44144.01,336944.15,466114.56,239630.25,46884.9,128545.67,490079.63,376311.0,436765.2,95361.56,119267.42,151001.87,180676.5,104500.7,162046.91,126820.51,130234.19,140945.2,103968.54,158660.4,126737.55,114572.7,1503725.2,20691.91,16743.73,125359.65,254169.89,156.72,1331947.42,4137918.16,33722.5,690034.05,548871.15,42259.28,52960.74
Scenario 2,296,1,Fake Positive News,296,TRADING,149568.09,1425427.81,164237.82,266244.88,642590.1,589346.65,226624.32,456842.77,697699.97,941017.38,436244.11,281767.92,1870209.13,25235.14,424842.24,44169.36,336042.8,466645.73,239228.23,46861.98,128587.59,489474.04,376415.64,436865.33,95436.94,119245.85,150770.61,180948.63,104574.72,161492.04,126994.02,130215.85,141174.49,103980.57,158688.05,126739.08,114517.79,1502182.65,20673.48,16752.99,125430.3,253823.9,156.87,1331036.05,4141334.4,33644.8,688678.6,547769.23,42266.85,52912.67
Scenario 2,297,1,Fake Positive News,297,TRADING,149735.44,1423051.86,164454.9,266515.16,642629.8,588701.07,226743.0,457470.63,697621.89,939986.79,436848.46,281329.01,1865147.17,25200.9,425412.06,44162.82,335465.69,466946.04,238824.03,46837.97,128733.83,489369.93,376472.73,436783.68,95376.41,119287.14,150547.89,181042.09,104526.55,161046.9,127008.16,130192.24,141495.83,103877.08,158584.99,126755.44,114593.97,1498509.61,20666.38,16752.08,125574.22,253492.22,156.81,1331532.52,4148494.99,33596.7,688852.69,546555.89,42278.06,52891.58
Scenario 2,298,1,Fake Positive News,298,TRADING,149841.43,1421703.67,164612.77,266714.76,642129.67,588594.69,226766.03,458107.62,697769.5,938320.65,437160.63,280811.47,1862268.08,25173.25,425608.25,44163.48,334815.57,467505.18,238398.34,46832.1,128746.07,489221.09,376454.0,436633.03,95387.12,119307.06,150442.7,181101.54,104542.67,160663.55,126891.39,130197.49,141823.1,103895.13,158569.93,126768.28,114647.42,1496092.95,20650.8,16749.72,125674.4,253410.46,156.63,1330425.09,4151877.65,33550.04,688769.24,545573.35,42276.25,52880.11
Scenario 2,299,1,Fake Positive News,299,TRADING,150269.25,1420874.23,164975.95,266885.45,641390.01,588415.26,226769.2,458517.72,697681.4,936535.44,437674.18,279772.08,1857047.2,25143.39,426098.25,44169.47,334162.05,467701.13,237817.02,46841.39,128720.02,488689.36,376416.34,436463.49,95549.95,119371.14,150093.23,181087.61,104653.42,160209.37,127057.14,130240.32,142173.21,103840.84,158634.19,126788.85,114640.89,1495299.71,20641.14,16744.28,125894.96,253219.9,156.54,1331112.69,4154530.0,33502.34,688683.66,544614.93,42267.39,52876.37
Scenario 2,300,1,Fake Positive News,300,TRADING,150478.75,1420615.47,165125.07,266831.55,641402.33,588073.49,226671.64,459036.62,697815.14,934989.3,438244.9,279339.48,1854480.59,25112.29,426044.71,44177.67,333272.38,468349.77,237215.21,46842.45,128803.77,488548.98,376422.83,436519.97,95633.91,119315.95,149920.81,181353.78,104582.04,159817.95,127238.21,130203.03,142448.74,103730.95,158643.96,126771.52,114714.45,1495221.99,20637.09,16749.77,125829.73,252883.15,156.36,1331760.8,4156225.53,33437.59,688005.58,543546.84,42254.92,52864.35
Scenario 2,301,2,True Positive News,1,TRADING,153002.77,1405397.77,158348.69,269979.72,612312.22,593675.94,230679.76,505764.86,705611.44,943218.87,480783.2,302778.44,1909901.95,24671.8,429367.51,45965.15,329073.59,458575.88,247361.93,45743.18,125735.2,456234.34,367238.53,426824.77,96263.86,125617.1,143977.17,184861.04,102123.61,158398.55,130692.58,130258.64,148233.33,104970.94,154633.24,126022.2,115884.98,1443398.0,19762.74,17651.22,122089.99,253025.44,146.85,1252218.74,4290869.87,33788.75,711423.89,557155.15,43851.2,55327.52
Scenario 2,302,2,True Positive News,2,TRADING,152968.51,1405229.35,158197.4,270164.16,611145.3,592933.29,230587.87,505795.01,705638.4,943166.56,481638.23,303154.42,1907449.73,24628.64,429474.68,45974.79,328605.83,458657.83,247616.81,45761.06,125864.14,455373.0,367833.64,427534.59,96157.01,125817.95,143961.36,184836.89,102155.61,158722.88,130684.72,130522.12,147929.08,105051.33,154441.08,125594.26,116083.71,1441833.19,19793.97,17628.76,121971.0,253094.89,146.87,1252408.23,4301338.39,33755.45,713514.17,555646.78,43948.0,55310.13
Scenario 2,303,2,True Positive News,3,TRADING,152904.84,1405093.67,158149.97,270561.07,609663.61,593112.57,230603.31,506377.62,705632.72,942757.03,482293.15,302801.18,1904621.43,24585.43,429631.6,45982.81,327811.89,458615.27,247536.9,45763.97,126005.3,454410.31,368495.22,427919.76,96127.2,126044.19,143951.96,184812.29,102281.99,158866.27,130704.47,130600.47,147793.19,105245.61,154336.65,125261.95,116189.82,1441955.76,19828.39,17637.05,121934.5,253052.59,146.93,1252647.73,4304175.99,33679.39,715674.48,554133.76,44021.17,55213.2
Scenario 2,304,2,True Positive News,4,TRADING,152902.54,1404970.79,158234.52,270874.34,609082.98,593396.75,230667.72,506978.27,705589.41,942615.22,482730.03,302677.51,1901979.01,24529.92,430018.97,45984.9,327563.77,458620.15,247553.94,45777.21,126187.64,453468.2,369336.49,428646.37,96188.41,126245.9,143951.32,184832.99,102333.75,159179.88,130640.99,130757.2,147637.9,105386.45,154180.48,124840.48,116353.89,1440540.94,19860.38,17647.31,121855.96,253026.28,146.99,1252399.8,4309889.65,33659.57,718032.12,552642.59,44098.58,55186.32
Scenario 2,305,2,True Positive News,5,TRADING,152871.42,1405117.16,158070.2,271092.96,608321.86,593199.37,230595.71,507897.72,705960.67,942646.01,483245.15,302148.33,1899060.59,24482.75,430145.67,45994.22,327308.88,458615.27,247723.49,45763.43,126445.09,452742.83,370359.69,429132.31,96087.86,126432.04,143985.04,184796.15,102581.15,159488.18,130659.06,130891.31,147425.79,105447.01,154035.5,124403.63,116611.55,1439687.27,19886.87,17636.51,121629.18,252949.92,146.94,1252768.78,4315756.24,33618.06,720936.05,551173.97,44171.11,55127.43
Scenario 2,306,2,True Positive News,6,TRADING,152903.75,1405169.42,157735.95,271481.6,607335.2,593032.33,230656.45,507770.76,705906.69,942195.91,483367.22,302098.55,1896521.27,24429.65,430620.12,45999.54,326692.54,458591.68,248323.88,45740.61,126559.34,451704.2,370994.85,429818.74,95958.16,126664.72,143982.75,184826.66,102730.67,159489.16,130666.89,131134.22,147168.76,105594.46,153814.62,124003.84,116853.12,1439370.14,19926.69,17629.16,121581.6,252875.79,146.82,1252392.2,4321468.23,33532.01,723421.43,549764.63,44260.32,55039.96
Scenario 2,307,2,True Positive News,7,TRADING,152848.46,1404881.85,157653.08,271823.6,606552.64,593068.44,230651.62,507350.06,705757.7,942510.91,484638.38,302190.68,1892738.91,24381.42,430663.17,46012.1,325566.38,458653.76,248356.75,45744.02,126705.86,450736.81,371718.91,430524.95,95878.16,126901.51,144065.41,184791.66,102902.5,159580.25,130600.59,131225.97,147113.5,105725.74,153722.88,123592.77,117042.08,1438069.95,19939.29,17637.16,121458.45,252921.94,146.96,1252438.47,4329168.64,33488.92,725697.16,548253.03,44341.94,55009.58
Scenario 2,308,2,True Positive News,8,TRADING,152832.76,1404953.11,157577.78,272045.2,605577.51,593100.4,230676.3,508335.77,705558.13,942050.32,485143.11,302280.6,1890788.68,24338.48,431309.91,46015.53,325141.67,458718.57,248648.59,45763.62,127026.39,449724.66,372422.9,431168.36,95744.19,127189.48,144067.77,184771.52,103016.21,159716.78,130663.76,131306.85,147192.66,105761.36,153819.03,123163.78,117247.2,1438414.45,19978.81,17620.08,121386.95,252910.77,146.99,1252033.56,4338609.61,33429.93,728363.59,546880.84,44432.35,54939.52
Scenario 2,309,2,True Positive News,9,TRADING,152776.11,1404260.22,157537.96,272483.55,604682.43,592550.66,230643.36,508863.53,705795.72,941424.3,485417.18,302938.86,1888306.48,24305.57,431460.78,46025.88,324900.32,458731.53,248999.66,45764.78,127172.8,448871.9,373206.17,431829.3,95652.4,127319.68,144016.38,184818.45,103194.14,159957.54,130667.94,131390.54,146980.26,105903.47,153720.39,122745.85,117520.86,1436981.25,19998.14,17602.46,121161.72,253004.72,147.14,1251920.35,4342584.68,33377.62,730446.24,545799.99,44518.02,54842.38
Scenario 2,310,2,True Positive News,10,TRADING,152777.16,1403891.15,157357.75,272892.81,603688.35,592215.41,230593.86,509269.81,705709.22,941135.04,486070.31,303122.52,1885541.76,24256.47,431526.97,46023.5,324947.15,458718.8,249545.45,45761.99,127436.6,447964.39,373871.05,432454.47,95662.54,127402.68,143984.01,184809.38,103317.53,159959.1,130715.24,131532.5,146752.25,105993.47,153445.22,122314.57,117693.28,1435684.9,20037.91,17598.13,120991.14,252999.05,147.32,1251878.49,4347334.04,33330.73,732437.07,544424.53,44592.71,54832.18
Scenario 2,311,2,True Positive News,11,TRADING,152756.29,1403877.71,157431.38,273075.6,603092.13,591656.72,230498.05,510003.09,705664.16,941348.44,486300.46,303361.18,1883007.44,24222.94,432031.58,46007.68,324583.35,458693.14,249776.37,45769.0,127628.39,447210.16,374706.33,432914.62,95613.59,127544.02,144015.57,184835.02,103470.42,160087.91,130758.52,131740.77,146689.13,106154.81,153241.35,121935.08,117956.07,1436203.09,20057.91,17610.36,120960.66,252937.96,147.39,1252277.94,4349913.97,33284.33,735234.5,542948.92,44665.89,54820.11
Scenario 2,312,2,True Positive News,12,TRADING,152736.56,1404323.48,157308.31,273035.8,602610.86,591166.33,230450.36,510247.55,705554.01,942124.99,486809.31,303213.43,1878994.75,24178.87,432322.63,46015.87,323973.22,458629.69,249916.26,45740.75,127690.77,446332.31,375361.4,433282.85,95695.9,127811.86,144013.07,184787.83,103726.9,160316.71,130783.75,131890.96,146588.56,106251.4,153243.55,121530.23,118172.76,1435518.32,20082.36,17593.86,120738.56,253004.15,147.41,1252542.1,4353019.49,33237.2,737575.19,541650.31,44746.13,54778.23
Scenario 2,313,2,True Positive News,13,TRADING,152697.41,1403808.42,157182.73,273194.07,601993.68,590403.69,230514.9,510848.03,705323.04,942586.9,487185.9,303516.38,1875977.34,24141.3,433014.36,46025.87,323606.62,458656.34,250125.02,45730.54,127860.95,445517.73,376203.52,433812.49,95625.79,127967.95,143971.1,184826.62,103837.36,160657.4,130751.28,131948.39,146433.81,106342.92,153102.94,121178.49,118398.54,1435979.14,20106.09,17582.49,120620.26,252973.24,147.39,1252407.23,4356882.6,33173.54,740209.81,540108.09,44815.69,54756.23
Scenario 2,314,2,True Positive News,14,TRADING,152691.22,1402928.69,156931.33,273676.81,601059.36,590365.3,230536.08,511384.12,705319.39,942105.66,487888.89,303515.73,1874199.07,24090.6,433139.35,46019.73,322753.0,458658.59,250350.59,45727.99,128051.45,444716.75,376799.23,434348.04,95558.62,128211.81,143956.23,184790.54,103817.3,160800.29,130791.81,132113.97,146325.99,106494.94,152964.41,120729.13,118496.36,1436565.74,20139.95,17579.32,120510.64,253090.02,147.42,1252695.21,4357573.73,33104.42,742533.64,538935.19,44899.86,54715.7
Scenario 2,315,2,True Positive News,15,TRADING,152673.59,1402730.75,156950.78,273915.11,600016.36,589798.47,230625.98,511264.76,705428.43,942157.9,488362.59,303404.49,1871821.98,24048.65,433283.36,46021.12,322098.78,458739.38,250334.31,45755.76,128271.17,443980.61,377483.59,434811.96,95484.61,128493.06,143927.91,184825.9,103966.35,160782.1,130827.35,132160.95,146071.99,106665.47,152919.05,120304.41,118729.43,1436728.73,20179.4,17576.16,120456.05,252982.01,147.53,1253043.14,4360877.33,33107.65,744376.44,537613.99,44985.64,54708.06
Scenario 2,316,2,True Positive News,16,TRADING,152624.48,1402596.08,156726.41,274274.69,599372.8,588937.21,230665.23,512148.52,704746.82,942124.03,488890.49,303340.89,1869773.65,24009.29,433610.4,46019.51,321913.65,458777.12,250775.22,45756.82,128477.77,442966.87,378135.27,435309.96,95516.17,128689.0,143885.34,184790.71,104181.3,161083.1,130864.23,132302.72,145805.39,106675.21,152803.37,119865.6,118859.94,1436691.56,20217.54,17572.24,120380.42,253050.2,147.63,1252951.04,4360785.12,33082.68,747120.72,536557.3,45050.93,54619.38
Scenario 2,317,2,True Positive News,17,TRADING,152645.75,1402684.5,156539.87,274503.54,598600.61,588730.77,230786.54,511948.62,704544.71,942578.41,489372.19,303243.36,1866789.26,23957.79,433845.18,46026.05,321444.83,458843.52,250968.58,45755.45,128544.54,442084.5,378698.32,435790.44,95473.98,128937.61,143844.76,184740.15,104323.81,161289.1,130918.11,132512.08,145792.58,106817.01,152711.49,119432.91,119074.42,1437938.24,20251.13,17565.83,120225.68,252971.03,147.81,1252726.77,4357931.62,33009.04,749421.36,534936.5,45129.85,54599.52
Scenario 2,318,2,True Positive News,18,TRADING,152675.57,1403097.35,156440.05,274676.15,597719.75,588999.32,230849.78,512188.14,704434.27,942698.39,489993.6,303243.07,1865404.74,23900.51,434203.34,46029.78,321257.02,458784.67,251113.65,45771.16,128749.02,441117.04,379214.5,436318.06,95344.88,129004.86,143779.21,184755.1,104514.75,161488.79,130969.02,132718.82,145701.33,106891.94,152573.0,119033.23,119303.58,1437530.38,20289.01,17549.73,120206.45,252926.43,148.05,1252649.46,4357900.85,32985.37,751639.05,534009.05,45203.57,54581.96
Scenario 2,319,2,True Positive News,19,TRADING,152651.67,1403132.53,156180.93,275089.57,596539.16,588769.83,230882.65,512072.2,704329.83,943285.64,489954.68,303656.82,1861706.0,23850.6,434408.03,46043.11,320886.43,458745.69,251526.0,45780.41,128994.47,440312.87,379968.13,436732.53,95197.64,129171.97,143766.59,184796.31,104636.43,161639.35,130928.08,132822.87,145652.63,106859.98,152682.3,118645.76,119661.78,1437276.77,20333.29,17556.57,120078.05,252998.4,148.18,1252611.15,4360869.61,32921.45,753772.66,532818.82,45263.44,54514.73
Scenario 2,320,2,True Positive News,20,TRADING,152667.46,1403223.76,156262.2,275275.35,595853.63,588382.81,230856.51,512990.16,704500.67,943303.34,490384.66,303714.24,1858765.41,23795.45,435002.25,46048.82,320648.66,458786.34,251872.57,45782.47,129089.52,439173.73,380563.13,437492.81,95205.81,129418.81,143776.33,184782.15,104816.96,162031.62,130957.2,132950.03,145590.41,107063.99,152491.14,118286.53,119919.87,1438324.27,20372.62,17561.96,120125.91,253030.65,148.41,1252588.66,4363062.96,32904.8,756186.63,531389.17,45354.59,54441.5
Scenario 2,321,2,True Positive News,21,TRADING,152635.18,1402999.2,156287.46,275344.79,594413.01,588582.78,230848.22,513448.83,704470.59,943329.33,491106.43,303762.58,1857829.22,23753.97,435418.53,46053.44,320432.11,458976.62,252496.43,45775.39,129328.88,438397.66,381218.25,438524.03,95253.41,129677.67,143800.07,184746.69,105021.03,162039.28,130945.69,133025.37,145328.79,107150.41,152443.44,117878.01,120174.75,1436910.12,20414.47,17545.85,120026.89,252995.61,148.46,1252399.29,4363355.96,32897.01,758261.29,529904.74,45442.19,54407.3
Scenario 2,322,2,True Positive News,22,TRADING,152650.07,1402522.0,156093.59,275728.76,593493.43,588338.22,230818.55,513674.47,704521.2,943389.55,491475.65,303660.59,1855153.76,23695.37,435642.08,46067.01,320250.44,458987.14,252894.29,45774.21,129509.83,437499.45,381715.22,439102.08,95295.83,129977.6,143738.12,184749.65,105194.51,162232.46,130912.49,133188.64,145130.75,107311.78,152409.2,117480.75,120352.3,1437139.76,20443.41,17538.43,120052.77,252962.11,148.44,1252464.57,4367209.05,32870.67,760749.42,528537.7,45545.17,54354.53
Scenario 2,323,2,True Positive News,23,TRADING,152616.2,1402446.91,155905.42,275869.84,592932.54,587870.29,230864.04,514923.53,704391.52,943201.09,491461.8,303729.57,1853334.92,23645.06,436219.06,46060.51,320498.94,458929.25,253300.76,45784.26,129685.31,436546.77,382540.83,439650.65,95321.57,130325.08,143668.9,184705.45,105315.3,162498.67,130905.49,133310.41,144936.58,107532.37,152392.5,117056.15,120721.81,1436308.21,20484.58,17525.02,119894.19,253022.94,148.49,1252422.55,4374702.2,32810.38,762801.12,526872.05,45628.79,54303.83
Scenario 2,324,2,True Positive News,24,TRADING,152594.07,1402235.7,155795.28,276040.52,591759.85,587437.14,230837.93,515254.8,703896.98,943488.9,492252.79,304183.55,1849916.28,23613.84,436482.25,46075.85,320289.07,458996.98,253422.22,45793.62,129892.88,435709.23,383066.13,440151.21,95101.26,130588.08,143648.14,184647.44,105489.65,162711.99,130888.6,133477.91,144854.8,107616.75,152171.49,116666.16,120911.81,1436898.29,20506.06,17529.16,119818.73,253015.78,148.61,1252297.96,4376686.28,32782.12,765303.88,525259.01,45702.74,54268.83
Scenario 2,325,2,True Positive News,25,TRADING,152605.37,1402626.09,155641.84,276331.09,591239.71,587441.84,230827.88,514754.41,703720.42,943772.58,492537.41,303839.98,1848363.36,23568.57,436879.78,46079.85,320156.2,459068.21,253416.48,45783.99,130180.59,434943.03,383725.28,440796.43,95155.1,130817.09,143662.18,184571.86,105698.94,162714.61,130847.32,133781.9,144703.18,107664.91,151970.01,116235.09,121070.82,1436953.45,20537.16,17520.92,119629.39,252982.25,148.6,1252206.23,4381781.74,32748.36,767152.96,523821.98,45796.19,54213.97
Scenario 2,326,2,True Positive News,26,TRADING,152596.97,1401917.37,155510.42,276744.78,590394.99,587034.56,230800.33,515186.57,703534.43,944042.42,492669.36,303863.21,1844144.35,23519.16,437007.45,46084.63,319426.03,458992.97,253593.28,45759.95,130330.04,433983.13,384228.87,441677.72,95122.89,130951.78,143656.98,184596.19,105922.91,162877.81,130946.58,133952.17,144628.9,107885.35,152068.15,115837.64,121241.51,1436264.93,20564.47,17514.18,119515.95,253056.25,148.72,1252410.55,4385359.21,32713.7,769724.91,522213.81,45850.02,54133.16
Scenario 2,327,2,True Positive News,27,TRADING,152603.13,1402357.94,155366.97,277233.31,588976.29,587087.78,230825.22,516049.9,703616.2,944368.99,493709.66,303939.05,1841627.19,23485.39,437363.96,46083.17,319269.38,459074.63,253945.01,45759.48,130563.09,433043.54,384778.95,442211.54,95052.9,131120.83,143655.98,184589.9,106089.82,163096.57,130911.44,134004.26,144619.3,108067.78,151887.95,115363.3,121430.2,1434982.8,20602.68,17496.74,119362.99,253089.46,148.78,1253245.02,4391592.09,32665.65,771679.45,521241.33,45930.97,54126.88
Scenario 2,328,2,True Positive News,28,TRADING,152586.75,1402449.97,155393.48,277047.8,588499.02,586605.73,230828.21,516044.16,703565.29,944275.94,494077.2,303977.91,1839539.52,23435.31,437376.68,46094.03,318811.07,459170.61,254124.54,45771.14,130650.58,431947.05,385352.12,442914.95,95040.75,131346.44,143641.59,184579.64,106333.26,163151.84,131006.5,134230.12,144363.99,108151.64,151687.02,114983.81,121680.13,1434557.35,20635.62,17482.84,119170.18,252975.68,148.7,1252954.6,4389263.08,32621.68,774091.73,519953.58,45971.4,54052.57
Scenario 2,329,2,True Positive News,29,TRADING,152549.53,1402459.64,155277.87,277410.58,587052.85,586047.68,230705.54,515829.32,703826.69,944493.25,494605.48,304270.51,1836009.43,23400.57,437795.19,46086.52,318349.66,459269.05,254604.22,45760.45,130965.06,430964.56,386235.58,443681.32,94968.74,131698.04,143609.73,184551.69,106586.03,163359.87,130974.1,134533.58,144255.76,108253.13,151521.34,114579.54,121801.28,1436678.42,20664.18,17470.02,118953.86,252939.24,148.72,1252663.68,4390842.21,32608.65,776790.04,518711.39,46040.19,53989.41
Scenario 2,330,2,True Positive News,30,TRADING,152557.03,1402877.14,155075.74,277967.33,586216.79,586089.75,230709.48,516117.57,703946.29,944317.51,494853.29,304205.98,1832902.87,23348.36,438223.7,46082.67,318528.0,459244.51,254822.49,45765.64,131138.82,430027.92,387315.36,444338.34,94993.58,131881.3,143619.06,184521.79,106669.87,163567.23,130979.67,134682.64,144053.01,108403.92,151381.71,114192.21,121999.99,1436650.01,20703.08,17446.52,118834.54,252942.87,148.81,1252702.63,4398218.31,32570.95,779147.15,517059.75,46120.53,53920.42
Scenario 2,331,2,True Positive News,31,TRADING,152544.5,1402448.73,154857.1,278475.23,585108.3,585403.11,230642.51,517036.68,704063.56,944331.08,494698.41,304310.55,1830538.48,23286.2,438293.82,46089.41,317615.87,459208.68,255027.13,45787.68,131359.31,429281.52,388086.95,445134.66,94916.99,131982.62,143593.74,184520.36,106825.21,163755.65,130957.23,134813.06,144065.21,108362.03,151165.84,113736.16,122276.81,1435707.96,20730.43,17437.36,118697.72,252835.74,149.01,1252708.42,4399879.38,32555.43,781205.87,515644.76,46187.86,53899.45
Scenario 2,332,2,True Positive News,32,TRADING,152534.57,1402689.6,154759.93,278724.4,583810.19,585139.19,230547.3,517089.61,704479.28,944183.43,495309.84,304702.46,1828603.6,23245.0,438574.83,46094.91,316963.2,459105.84,254982.23,45813.19,131457.12,428386.05,388342.58,445830.54,94736.75,132231.21,143616.35,184440.4,106919.53,163926.95,131059.78,134884.82,143817.77,108412.96,150992.14,113304.18,122553.2,1435692.79,20749.08,17439.2,118528.45,252827.61,149.21,1252442.04,4402082.46,32463.01,783435.27,514063.17,46264.12,53828.84
Scenario 2,333,2,True Positive News,33,TRADING,152516.05,1402697.86,154543.94,278874.78,582789.98,585251.57,230569.2,516999.65,704844.98,943640.54,496110.47,304438.41,1828620.38,23195.53,438501.36,46079.07,316614.67,459128.15,255126.34,45809.56,131656.11,427551.32,388943.33,446659.03,94615.41,132474.04,143604.13,184452.64,107006.47,164069.86,131017.12,135039.05,143819.51,108405.56,150829.53,112893.6,122733.86,1435732.1,20766.45,17441.36,118568.24,252846.95,149.35,1252347.35,4408886.26,32422.51,786260.7,512602.43,46341.56,53783.51
Scenario 2,334,2,True Positive News,34,TRADING,152537.41,1402581.56,154770.5,278912.82,581946.06,584940.77,230577.65,518040.37,704639.94,943695.87,496814.0,304487.03,1825215.63,23161.16,439128.85,46094.54,316150.98,459086.17,255197.37,45855.25,131744.18,426662.46,389463.2,447391.98,94558.33,132832.36,143631.04,184472.99,107118.45,164213.38,130996.86,135174.87,143724.72,108441.51,150694.42,112430.39,123047.24,1435360.28,20798.84,17424.53,118357.71,252764.17,149.33,1252367.07,4412565.26,32403.93,788125.19,511161.18,46415.71,53712.82
Scenario 2,335,2,True Positive News,35,TRADING,152525.15,1401887.5,154578.14,279084.32,580946.5,584640.67,230605.63,518319.74,704584.58,943843.24,496940.52,304417.3,1823306.84,23110.24,439444.37,46101.42,315574.58,459088.19,254900.95,45882.15,131860.97,425801.16,390052.88,447787.33,94435.39,133051.87,143618.77,184470.28,107233.69,164416.02,130989.28,135323.85,143564.86,108599.78,150389.7,112032.79,123253.5,1436176.83,20828.55,17418.56,118156.0,252712.21,149.6,1252340.31,4421728.99,32419.29,790376.98,509772.21,46481.01,53648.76
Scenario 2,336,2,True Positive News,36,TRADING,152533.47,1402119.2,154240.51,279248.35,579996.05,584214.26,230504.52,519114.85,705217.02,943646.41,497692.63,304076.98,1820023.27,23061.04,439292.37,46105.36,315422.42,459170.87,254960.58,45858.56,131997.27,424750.98,390718.39,448423.34,94392.19,133157.47,143575.62,184446.57,107397.49,164549.0,131085.62,135511.9,143433.44,108576.02,150295.24,111632.71,123513.67,1435244.01,20868.87,17401.77,117934.99,252650.89,149.71,1252187.37,4431109.49,32387.65,792593.12,508604.59,46545.27,53592.84
Scenario 2,337,2,True Positive News,37,TRADING,152484.42,1402190.27,154051.65,279776.81,579355.64,583849.71,230446.61,519922.44,705474.44,943686.23,498018.25,304270.53,1818415.62,23023.91,439572.34,46097.7,314746.41,459156.04,255242.55,45853.85,132212.08,423897.27,391161.26,448919.1,94370.12,133249.04,143543.07,184418.08,107504.16,164700.34,131093.22,135597.28,143147.73,108829.29,150150.66,111183.59,123730.16,1434770.52,20912.86,17393.63,117927.62,252504.02,149.73,1252358.82,4437091.87,32394.17,795184.25,507280.08,46594.23,53521.01
Scenario 2,338,2,True Positive News,38,TRADING,152522.68,1402076.56,153807.92,279991.25,578119.18,583449.88,230455.36,520025.62,705716.37,943988.13,497918.12,304428.25,1815681.53,22972.99,439692.15,46096.08,313875.52,459099.66,255498.3,45849.43,132410.28,422964.79,391829.68,449528.74,94307.26,133397.06,143600.61,184447.03,107556.11,165029.88,131110.92,135816.67,142935.27,108860.06,150265.59,110718.83,123959.33,1435274.18,20938.67,17381.15,117744.33,252490.94,149.86,1252132.13,4444787.06,32314.96,797248.48,506105.51,46666.61,53439.64
Scenario 2,339,2,True Positive News,39,TRADING,152542.52,1402165.67,153712.74,280340.03,577096.59,582769.88,230352.25,520001.4,705685.96,943735.45,497862.29,304541.19,1813173.71,22917.1,439893.55,46091.03,313348.3,459143.64,256084.08,45866.64,132610.74,422070.46,392611.32,450115.38,94374.02,133610.11,143589.52,184464.77,107648.41,165157.37,131065.04,136055.09,142750.63,108984.91,150227.49,110322.89,124094.86,1434923.86,20972.1,17367.39,117608.58,252464.39,149.94,1252347.02,4451094.15,32296.01,799268.69,504368.24,46748.17,53404.44
Scenario 2,340,2,True Positive News,40,TRADING,152537.55,1402139.55,153552.76,280873.6,575894.5,582352.82,230359.75,519946.17,705548.52,943648.74,498330.38,304475.91,1809530.24,22859.23,440107.11,46089.96,312622.02,459181.55,256377.53,45844.44,132697.6,421275.99,393331.35,450651.22,94265.46,133904.76,143566.14,184464.14,107830.21,165254.88,131075.69,136352.09,142532.64,108988.44,150188.97,109890.85,124313.52,1434058.41,21000.8,17362.7,117455.1,252419.81,149.86,1252453.79,4457944.81,32271.41,802317.12,503024.34,46821.97,53385.91
Scenario 2,341,2,True Positive News,41,TRADING,152559.94,1401792.95,153488.07,281310.39,575254.31,582158.86,230333.69,520817.82,705889.3,943606.45,499006.89,304605.65,1805485.24,22810.01,440226.22,46088.67,312563.9,459203.77,256750.39,45834.27,132833.01,420440.43,393974.3,451090.07,94304.44,134109.81,143600.82,184514.93,107925.37,165406.63,131027.8,136627.62,142209.87,108957.57,150229.47,109473.82,124473.35,1434509.18,21026.92,17349.22,117356.1,252390.78,149.86,1252407.29,4461801.01,32262.18,804790.53,501580.12,46911.46,53355.4
Scenario 2,342,2,True Positive News,42,TRADING,152573.67,1401928.35,153274.11,281241.12,574141.82,582399.17,230337.33,521997.73,705957.45,943832.22,498852.18,304832.13,1803132.19,22752.01,440480.34,46090.83,312377.08,459241.33,256873.38,45823.89,133147.05,419580.85,394420.03,451800.89,94165.85,134302.37,143629.98,184460.94,108060.84,165352.48,131125.07,136804.68,142115.46,108997.04,150174.03,109048.7,124607.75,1434051.69,21060.52,17334.97,117256.86,252478.88,150.05,1252872.98,4471631.78,32240.06,807146.14,500196.24,47002.04,53324.45
Scenario 2,343,2,True Positive News,43,TRADING,152602.53,1402049.0,153281.61,281284.25,573284.5,582159.93,230302.97,522370.31,705861.72,944341.9,499475.1,304923.24,1798846.55,22708.07,440716.1,46094.6,312719.82,459203.83,257217.32,45829.47,133194.28,418703.2,394986.99,452420.62,94254.89,134572.17,143639.06,184467.96,108131.61,165536.1,131158.47,136919.55,142057.81,109158.46,150001.34,108654.86,124786.24,1433247.75,21101.05,17332.61,117098.45,252447.99,150.17,1252668.97,4476318.66,32197.12,809069.25,499096.16,47059.06,53270.85
Scenario 2,344,2,True Positive News,44,TRADING,152616.36,1401905.69,153176.17,281270.67,572572.29,582223.65,230308.68,522986.95,706148.06,944627.92,499664.64,305005.71,1795294.46,22670.76,441540.01,46097.62,312196.58,459135.76,257467.04,45825.54,133358.69,417816.5,395640.79,453118.93,94245.6,134752.86,143666.55,184456.95,108301.47,165691.97,131169.96,137030.85,141801.17,109407.47,149831.48,108201.37,125014.52,1432205.06,21137.89,17351.55,116840.3,252467.36,150.3,1252834.45,4482084.64,32119.52,811412.54,497735.04,47117.46,53221.51
Scenario 2,345,2,True Positive News,45,TRADING,152585.3,1401753.92,152921.23,281419.38,571744.94,581826.15,230304.19,522966.86,706219.09,944333.36,500141.52,304886.22,1792492.67,22626.68,442460.82,46099.27,311594.08,459249.88,257487.55,45816.37,133474.7,416731.08,395901.87,453724.2,94243.6,135070.1,143675.82,184544.41,108496.69,165983.72,131120.95,137217.4,141645.73,109535.39,149822.75,107780.91,125230.64,1433459.61,21173.2,17342.34,116753.69,252397.55,150.43,1252613.52,4480311.06,32075.43,813241.8,496201.11,47210.75,53159.86
Scenario 2,346,2,True Positive News,46,TRADING,152536.75,1401488.37,152838.93,281814.95,571312.73,581607.89,230288.22,523963.76,706515.13,944364.71,500572.49,304968.16,1789404.1,22573.2,442313.22,46098.12,311626.67,459243.53,257447.81,45854.01,133672.94,415993.84,396133.36,454398.2,94132.78,135341.48,143689.64,184570.37,108634.76,165981.74,131139.28,137381.61,141709.27,109530.14,149818.22,107402.48,125379.65,1433047.03,21189.74,17343.98,116747.26,252441.97,150.39,1252735.4,4487348.77,32026.15,815531.47,495124.4,47296.52,53133.82
Scenario 2,347,2,True Positive News,47,TRADING,152547.67,1401368.07,152757.88,282249.4,570037.76,581460.43,230329.89,524419.92,706746.8,944116.72,501435.71,305105.83,1785990.3,22520.63,443010.85,46096.38,311434.05,459363.49,258033.89,45867.49,133756.12,415085.85,396723.78,455142.52,94137.35,135652.57,143728.3,184491.86,108764.2,166125.52,131135.65,137634.28,141595.98,109722.87,149681.04,106975.8,125509.49,1432951.02,21218.54,17353.66,116755.54,252451.2,150.66,1252823.05,4494675.01,31992.04,817421.14,493845.27,47385.11,53113.14
Scenario 2,348,2,True Positive News,48,TRADING,152484.06,1401811.65,152593.17,282443.75,569655.33,581057.88,230272.35,524898.94,706573.61,943801.02,502376.93,305712.16,1782791.53,22472.16,443453.23,46091.93,311136.08,459322.61,258383.17,45851.96,133906.61,414198.26,397275.19,455519.24,94213.15,135687.51,143686.49,184437.89,108895.23,166202.16,131149.95,137693.91,141558.33,109880.8,149502.84,106536.67,125714.93,1432370.68,21252.62,17351.64,116645.6,252455.36,150.55,1252843.81,4500289.36,31945.84,819639.94,492546.42,47478.46,53089.02
Scenario 2,349,2,True Positive News,49,TRADING,152498.21,1401672.95,152441.32,282712.69,569131.2,580846.56,230267.92,525349.18,706307.01,943524.78,502680.44,305427.61,1780403.03,22420.09,443686.26,46099.89,310754.46,459318.21,258459.87,45853.26,134007.93,413300.08,397854.22,456046.73,94242.26,135950.77,143637.73,184363.74,109069.09,166265.64,131125.22,137888.67,141335.0,109932.39,149533.87,106147.76,125883.7,1433255.38,21283.95,17360.1,116609.85,252437.98,150.67,1252783.07,4505149.54,31891.69,822161.43,491196.17,47556.32,53041.26
Scenario 2,350,2,True Positive News,50,TRADING,152471.96,1401198.36,152363.88,282982.0,568127.57,580709.1,230310.21,525830.17,706285.97,943559.99,503226.53,305655.17,1776667.75,22370.78,443789.58,46093.55,310327.8,459295.6,259134.97,45848.2,134122.21,412642.88,398208.11,456546.74,94126.53,136210.03,143643.48,184347.16,109175.18,166386.37,131158.04,137985.08,141038.31,109996.9,149322.99,105736.76,126107.55,1433473.23,21318.36,17356.45,116467.31,252454.39,150.76,1252419.67,4514513.59,31870.08,824344.28,489766.77,47637.15,52966.11
Scenario 2,351,2,True Positive News,51,TRADING,152460.88,1401382.04,152240.31,282910.87,567425.31,580557.29,230278.8,526242.66,706332.85,943247.45,503489.38,305808.01,1772765.38,22310.6,444124.97,46096.82,309984.85,459215.49,259484.19,45855.85,134188.59,411805.77,398648.16,457068.17,94148.09,136404.3,143609.08,184337.72,109295.91,166597.69,131150.42,138057.36,140949.86,110005.56,149081.47,105318.66,126423.14,1433957.78,21334.97,17352.53,116389.87,252422.99,150.9,1252709.34,4525293.05,31790.19,826762.11,488582.91,47707.93,52900.97
Scenario 2,352,2,True Positive News,52,TRADING,152477.69,1401477.64,152221.67,283441.39,566698.62,580631.86,230346.11,526789.09,705699.88,942971.81,503868.35,305880.04,1767042.73,22282.92,444405.09,46090.81,309754.4,459340.12,259728.24,45878.81,134328.04,410981.43,399333.66,457635.86,94194.32,136636.33,143591.68,184322.42,109413.16,166943.08,131095.91,138142.08,140714.4,110119.06,148888.33,104894.29,126666.36,1434051.13,21362.22,17329.03,116373.55,252520.59,150.9,1252910.75,4529809.67,31751.71,828756.9,487363.99,47773.36,52821.16
Scenario 2,353,2,True Positive News,53,TRADING,152460.19,1401701.41,152020.56,283918.69,566476.21,580210.74,230357.17,527533.26,705707.07,942991.51,504438.05,305935.36,1764719.83,22239.99,445087.02,46080.97,309709.73,459382.15,260049.34,45891.13,134547.05,410243.05,399818.38,458048.63,94216.63,136812.45,143567.47,184342.21,109567.61,167198.07,131002.07,138354.65,140587.81,110292.43,148726.78,104471.23,126909.74,1432316.42,21381.36,17318.29,116232.13,252538.21,151.09,1252750.72,4532032.3,31750.98,831265.08,485713.96,47838.54,52787.03
Scenario 2,354,2,True Positive News,54,TRADING,152451.65,1401613.41,151926.9,284364.99,565307.96,579717.58,230321.12,528082.16,706010.63,943217.01,504799.28,305857.26,1761706.14,22193.94,445291.54,46085.1,309219.99,459307.57,260234.72,45899.15,134814.2,409345.57,400431.35,458642.42,94085.14,136974.88,143628.98,184462.71,109735.85,167449.92,131013.55,138572.13,140452.37,110432.69,148630.82,104093.37,127104.16,1432934.34,21411.22,17326.32,116014.13,252588.06,151.25,1252575.08,4540800.38,31722.5,833509.19,484307.2,47920.3,52764.84
Scenario 2,355,2,True Positive News,55,TRADING,152448.52,1402156.24,151974.93,284514.19,564632.64,579381.35,230308.37,528131.01,706242.52,943453.47,505133.16,305825.2,1759137.81,22148.28,445180.76,46072.55,308680.75,459338.68,260583.62,45922.67,135080.9,408481.4,401115.65,459047.41,94082.53,137178.17,143539.3,184540.46,109865.23,167853.54,131026.14,138636.67,140185.31,110553.57,148395.04,103731.28,127233.91,1432256.6,21442.99,17304.26,115871.78,252569.8,151.49,1253013.36,4547678.79,31691.65,836108.15,485653.03,48015.35,52744.46
Scenario 2,356,2,True Positive News,56,TRADING,152437.03,1402924.99,151912.63,284406.4,563795.12,579301.36,230250.87,528969.46,706094.22,943366.11,505868.05,305805.72,1755714.05,22108.32,445255.01,46064.67,308445.34,459300.48,261033.19,45930.89,135307.92,407653.57,401858.56,459636.97,93889.96,137456.59,143590.81,184606.87,110018.55,167975.48,131016.19,138683.03,140147.51,110747.35,148250.13,103323.19,127565.63,1432514.2,21484.68,17294.8,115571.01,252583.49,151.49,1253169.19,4548146.4,31614.66,837863.77,487056.0,48107.85,52668.37
Scenario 2,357,2,True Positive News,57,TRADING,152410.35,1402331.72,151865.95,284613.89,563147.12,578920.82,230246.22,529842.62,706159.92,943377.41,506079.44,305733.94,1753405.7,22062.72,445451.16,46056.86,308527.94,459417.23,261422.82,45926.29,135361.23,407044.11,402760.3,460364.78,93861.93,137618.75,143550.21,184663.95,110241.45,168188.33,131024.73,138845.81,140024.03,110846.37,148074.14,102883.48,127805.0,1432627.12,21506.34,17292.51,115441.32,252648.03,151.64,1253125.41,4554586.72,31597.62,840096.44,488386.67,48189.38,52597.5
Scenario 2,358,2,True Positive News,58,TRADING,152407.87,1402554.29,151776.49,285179.53,562225.02,579153.69,230281.06,530192.44,705993.41,942930.28,506411.63,306036.81,1750681.2,22026.6,445839.78,46053.18,308243.91,459447.58,261644.82,45927.24,135415.77,406260.9,403244.42,461241.22,93782.27,137788.12,143514.21,184724.52,110450.32,168233.88,131042.43,138970.84,139893.75,110984.97,148052.9,102434.17,127962.48,1433260.94,21545.57,17279.11,115179.26,252578.92,151.74,1253145.15,4555975.86,31594.86,842005.68,490019.86,48298.57,52579.63
Scenario 2,359,2,True Positive News,59,TRADING,152349.64,1401992.95,151685.19,285358.87,561727.64,578588.88,230296.39,531038.05,705912.84,943200.1,506147.79,305989.63,1747807.96,21958.78,446063.16,46045.78,307899.23,459513.43,261743.59,45976.71,135561.1,405566.06,403763.91,461687.22,93732.36,138044.21,143539.85,184706.67,110579.17,168311.59,131096.95,139047.03,139772.63,111116.04,148037.76,102019.55,128129.4,1433420.17,21576.98,17252.11,114917.61,252678.94,151.74,1253282.84,4557255.79,31582.59,844112.73,491556.92,48363.01,52513.69
Scenario 2,360,2,True Positive News,60,TRADING,152366.18,1401008.85,151568.44,285748.25,560907.93,578176.48,230193.84,531486.24,706255.54,943578.16,506758.47,306073.11,1743201.25,21926.82,446620.99,46043.51,307219.5,459513.33,261903.68,45996.51,135874.35,404608.14,404456.31,462298.13,93624.2,138153.63,143546.52,184673.87,110577.05,168400.07,131181.88,139159.36,139631.9,111229.55,147840.36,101571.74,128295.68,1433911.34,21582.04,17247.69,114739.8,252806.33,151.81,1253375.58,4562910.34,31536.2,846215.93,493043.16,48446.43,52476.53
Scenario 2,361,2,True Positive News,61,TRADING,152335.16,1400787.03,151460.76,286200.75,559919.62,577943.46,230137.64,531461.58,706399.18,943806.13,507773.11,306338.14,1739666.75,21876.78,446380.35,46053.08,306734.67,459635.43,262241.58,45999.01,135952.06,403813.78,405159.54,462823.98,93599.6,138403.51,143518.72,184650.91,110822.86,168592.92,131251.51,139237.51,139292.79,111381.04,147721.07,101172.39,128616.58,1433565.06,21631.68,17231.69,114674.47,252953.98,151.81,1253166.86,4574842.71,31481.72,848358.81,494479.52,48538.3,52395.6
Scenario 2,362,2,True Positive News,62,TRADING,152313.87,1400455.55,151471.13,286539.62,559020.21,577241.29,230159.94,531098.94,706308.8,944079.51,507693.09,306685.19,1736891.45,21837.26,446826.75,46036.69,306181.28,459717.5,262632.68,46015.02,136053.63,402996.8,405773.74,463083.84,93516.34,138632.44,143522.34,184600.23,110931.71,168635.64,131312.5,139380.4,139048.3,111465.93,147629.61,100796.44,128800.88,1432347.33,21651.59,17222.5,114462.65,252980.04,151.92,1253205.29,4577780.3,31443.06,850512.4,495856.94,48613.39,52348.99
Scenario 2,363,2,True Positive News,63,TRADING,152324.23,1400479.03,151319.67,286863.76,558347.67,576771.97,230111.03,531172.84,706085.18,944420.03,508250.16,306839.62,1733687.56,21777.71,447025.87,46033.52,306256.84,459848.27,262706.3,46025.54,136056.93,402109.47,406606.93,463853.71,93440.38,138957.32,143509.55,184658.21,111013.94,168745.21,131329.74,139457.51,138742.0,111565.99,147629.4,100406.56,129077.33,1433576.43,21679.39,17229.25,114348.67,253009.18,152.03,1253142.47,4585315.63,31416.32,852723.07,497377.58,48705.54,52280.86
Scenario 2,364,2,True Positive News,64,TRADING,152302.25,1400878.74,151199.92,287353.87,557680.17,576144.78,230125.37,531639.82,706243.12,944545.69,509109.64,306955.81,1729364.35,21738.88,447569.4,46034.36,306023.7,459803.28,262987.83,45988.41,136232.7,401285.69,407051.38,464433.2,93479.56,139044.07,143513.24,184612.0,111102.34,168977.25,131306.11,139726.58,138600.27,111761.12,147417.72,100035.51,129120.35,1433551.56,21695.76,17219.83,114273.73,252987.67,152.07,1253191.32,4591709.45,31366.22,855467.56,499013.0,48784.12,52214.94
Scenario 2,365,2,True Positive News,65,TRADING,152238.89,1400890.73,150997.16,287847.84,556826.87,575622.75,230074.6,532557.85,706149.84,943550.46,509878.61,307300.03,1727617.31,21704.69,447747.15,46039.46,306089.93,459788.84,263060.07,45993.35,136559.52,400434.26,407926.99,465245.97,93375.77,139325.65,143439.91,184591.13,111169.9,169024.51,131349.23,139918.63,138159.17,111911.33,147369.72,99590.29,129352.08,1432422.37,21737.16,17232.43,114018.02,253111.1,152.04,1252690.51,4597614.21,31365.2,857664.35,500399.82,48882.45,52186.65
Scenario 2,366,2,True Positive News,66,TRADING,152249.21,1401290.26,150943.26,288266.39,555538.48,575672.69,230121.81,533221.47,705762.78,943364.98,510089.51,307200.89,1724866.53,21654.74,448495.77,46046.33,305551.5,459815.72,263757.66,45993.42,136777.91,399829.69,408700.52,465814.93,93333.98,139588.75,143463.62,184593.03,111255.26,169225.77,131374.79,140054.61,138034.05,111874.69,147310.16,99184.75,129642.76,1432357.17,21752.76,17239.91,113996.67,253003.93,152.03,1252745.79,4598147.72,31282.15,860427.54,502051.93,48942.58,52158.93
Scenario 2,367,2,True Positive News,67,TRADING,152259.92,1401430.73,150885.43,288467.71,554948.42,575278.7,230069.69,533328.54,705526.61,943988.22,510649.25,307282.15,1721138.41,21621.79,448753.99,46049.62,305011.36,459821.78,263588.98,45972.19,137072.49,398811.9,409174.08,466533.89,93173.14,139727.41,143481.71,184545.47,111509.65,169365.74,131405.27,140178.78,137981.64,111937.78,147091.08,98789.94,129784.99,1432348.47,21769.62,17231.95,114029.94,253049.97,152.12,1252616.84,4604383.66,31217.37,863284.38,503519.73,49031.37,52112.6
Scenario 2,368,2,True Positive News,68,TRADING,152300.02,1401410.32,150663.77,288448.59,554269.61,575092.0,230073.02,533844.87,705563.28,944086.18,511093.57,307691.52,1717889.04,21568.83,449807.68,46030.06,304557.39,459856.41,263951.83,45999.03,137316.28,397895.81,409507.5,466931.52,93090.59,139977.36,143520.87,184542.89,111669.05,169530.14,131437.92,140249.34,137743.9,112072.71,147029.25,98352.93,129966.28,1432732.35,21790.36,17212.44,113876.51,252978.03,152.21,1252569.99,4610856.14,31161.12,865404.93,505311.4,49113.38,52063.1
Scenario 2,369,2,True Positive News,69,TRADING,152304.26,1401683.75,150641.18,288871.19,553183.41,574916.14,230221.79,533613.64,705881.49,944046.32,511638.11,307811.96,1715204.77,21534.39,449968.15,46044.92,304218.65,459750.44,264101.97,46018.07,137378.01,396902.91,410651.43,467768.46,92924.92,140246.13,143501.51,184480.2,111717.43,169654.17,131365.14,140406.75,137842.85,112248.76,147041.8,97954.79,130183.86,1432423.98,21835.18,17224.44,113917.06,252932.64,152.19,1252508.0,4615779.71,31141.35,867521.94,506753.46,49173.9,52038.36
Scenario 2,370,2,True Positive News,70,TRADING,152261.69,1401385.44,150602.98,289122.64,551992.38,574329.57,230247.08,533831.2,705905.72,943947.48,512201.45,308248.89,1712358.69,21497.67,450286.61,46049.58,303704.57,459853.42,264421.05,46028.72,137575.95,396269.42,411255.85,468198.47,92812.82,140563.19,143527.76,184491.79,111878.3,169855.06,131407.72,140639.06,137538.69,112363.34,147001.47,97530.74,130391.17,1432338.83,21871.05,17210.87,113797.41,252963.66,152.18,1253008.56,4620794.45,31118.3,869863.94,508293.59,49251.78,51994.07
Scenario 2,371,2,True Positive News,71,TRADING,152210.84,1401434.98,150233.88,289620.3,550880.0,574085.34,230258.81,534221.05,705845.51,943898.66,512526.85,308165.5,1708497.68,21573.32,450593.92,46055.11,303448.24,459902.96,264420.97,46029.8,137695.27,395346.73,411994.34,468722.26,92717.29,140697.37,143500.01,184442.92,111944.15,170011.63,131424.05,140823.6,137360.61,112474.18,146955.02,97131.38,130571.61,1431325.77,21893.11,17199.85,113626.32,252945.86,152.36,1252848.68,4624552.3,31089.37,872356.26,509713.77,49333.03,51943.33
Scenario 2,372,2,True Positive News,72,TRADING,152198.66,1401591.3,150642.26,289830.26,549872.74,575005.0,230206.03,534350.12,706085.2,943614.04,513151.94,307762.77,1705526.57,21643.2,450827.45,46043.5,303503.45,459964.43,264510.14,46017.23,137870.46,394425.29,412658.61,469789.85,92738.31,140869.17,143493.88,184527.24,112057.83,169844.56,131488.66,140801.35,137177.22,112459.77,147239.0,96725.34,130801.88,1432118.52,21916.53,17195.33,113515.16,252903.12,152.33,1252807.49,4625542.9,31017.05,874606.89,511069.66,49412.76,52015.48
Scenario 2,373,2,True Positive News,73,TRADING,152247.13,1401522.49,150992.78,289826.35,549595.38,575568.36,230141.49,535523.4,705849.02,943682.06,513557.96,307371.32,1701982.71,21709.23,451172.27,46053.79,303250.72,460112.62,264211.33,46004.89,138068.02,393488.25,413090.89,470303.31,92607.99,141016.9,143476.09,184626.33,112236.47,169587.9,131450.03,140944.78,137010.19,112675.94,147441.25,96340.85,130995.58,1433652.85,21942.86,17168.97,113558.47,252899.41,152.18,1252946.79,4629235.15,31001.54,877068.33,512396.27,49498.63,52076.06
Scenario 2,374,2,True Positive News,74,TRADING,152257.29,1401172.86,151212.16,289783.95,549121.32,575566.37,230135.04,535521.08,705758.02,943481.71,513397.49,306940.67,1699008.64,21766.79,450755.66,46043.95,302503.87,460061.18,264471.96,45984.1,138219.56,392597.95,413600.87,470947.89,92520.58,141221.15,143509.82,184645.4,112390.41,169481.52,131410.29,141096.8,136859.02,112676.18,147643.94,95948.7,131090.36,1435950.9,21982.34,17144.61,113479.4,252861.66,152.03,1252674.43,4632532.8,30970.38,879932.56,513971.19,49580.74,52106.64
Scenario 2,375,2,True Positive News,75,TRADING,152214.25,1400972.52,151464.17,289837.74,548105.51,575845.11,230116.64,536748.41,705821.9,943275.94,513843.06,306491.39,1694298.65,21822.06,450872.59,46047.97,302417.82,460003.38,264998.68,45958.99,138499.69,391788.5,414359.29,471510.33,92505.17,141357.1,143504.37,184778.43,112500.75,169257.76,131437.0,141391.52,136785.13,112663.6,148158.74,95548.9,131243.24,1438700.29,22021.05,17126.96,113553.54,252875.55,151.87,1252549.42,4642348.81,30962.8,882777.82,515556.14,49650.34,52183.76
Scenario 2,376,2,True Positive News,76,TRADING,152165.89,1401652.78,151614.89,290158.69,547662.22,576319.49,230185.4,536977.11,705753.56,943800.27,514511.96,305815.42,1691936.66,21888.32,450711.8,46046.43,302187.56,459988.37,265274.24,45952.44,138564.43,390844.6,415153.48,472117.41,92355.21,141468.37,143562.02,184843.74,112635.65,169130.71,131407.63,141571.22,136580.63,112707.79,148628.05,95116.6,131424.37,1441629.7,22039.26,17110.18,113454.31,252827.59,151.7,1252535.68,4650559.89,30955.64,885226.67,516983.14,49741.88,52246.8
Scenario 2,377,2,True Positive News,77,TRADING,152116.64,1401111.03,151951.58,290347.5,546471.41,577138.43,230186.48,536931.27,705683.62,943930.06,515419.14,305213.33,1688051.2,21951.38,451120.71,46047.07,301904.41,459994.65,265663.71,45972.14,138671.23,390142.14,415502.08,472804.7,92340.63,141696.25,143549.56,184876.12,112768.85,168944.74,131455.39,141841.53,136711.49,112915.63,149006.69,94758.01,131624.94,1443277.1,22070.73,17099.27,113364.31,252847.26,151.47,1252276.77,4653846.25,30955.62,886598.62,518585.42,49832.13,52291.3
Scenario 2,378,2,True Positive News,78,TRADING,152123.33,1400659.17,152193.03,290246.65,545532.24,578072.77,230208.67,537144.22,705971.16,943958.59,516014.23,305232.75,1684056.6,22000.51,451411.84,46045.89,301760.63,459973.31,266276.19,45942.92,138947.52,389221.42,416225.87,473455.78,92209.81,141920.08,143521.69,184839.74,112846.38,168577.71,131430.44,141966.86,136542.53,113064.62,149303.44,94367.39,131768.3,1446566.2,22107.15,17082.8,113431.99,252860.36,151.25,1252851.63,4660829.77,30937.82,888865.97,520213.05,49894.59,52341.92
Scenario 2,379,2,True Positive News,79,TRADING,152108.23,1400243.91,152434.4,290132.21,544732.2,578725.03,230258.85,536911.66,705853.28,944434.13,517164.75,304651.28,1680931.2,22068.76,451042.65,46042.59,301165.17,459926.36,266300.17,45970.11,138937.92,388390.4,416899.78,474148.43,92106.32,142081.33,143650.71,184896.27,112926.22,168244.73,131438.06,142055.51,136624.82,113069.01,149544.92,93952.1,132023.48,1450264.22,22126.81,17068.3,113440.54,252824.4,151.15,1252868.63,4667068.48,30889.41,891446.29,521774.87,49965.48,52419.21
Scenario 2,380,2,True Positive News,80,TRADING,152129.3,1400275.93,152632.07,290385.13,544017.14,579399.3,230207.41,537419.58,706148.48,944732.64,518336.35,304380.74,1677955.07,22126.05,451876.18,46046.14,300571.72,460070.69,266804.1,45970.76,139243.54,387507.84,417614.97,474637.85,92108.68,142255.57,143685.42,184751.82,113016.95,168286.24,131426.82,142158.48,136417.28,113187.2,149996.04,93502.27,132251.68,1450836.81,22149.83,17060.29,113593.9,252818.96,150.91,1252736.27,4671109.59,30855.36,893892.82,522997.72,50024.43,52465.44
Scenario 2,381,2,True Positive News,81,TRADING,152186.08,1399918.88,153042.78,290312.89,543375.79,579378.92,230221.04,537586.23,706084.64,944513.46,519287.2,304096.41,1682756.1,22180.02,452365.21,46039.49,300089.65,460080.06,267347.73,45985.9,139365.1,386351.71,418486.31,475191.77,91875.95,142538.81,143726.31,184741.92,113136.19,168081.86,131429.55,142276.22,136194.77,113281.59,150336.95,93031.44,132571.64,1450446.37,22176.12,17038.81,113649.91,252896.06,150.73,1252589.06,4677045.48,30833.99,896245.56,524180.63,50123.06,52502.09
Scenario 2,382,2,True Positive News,82,TRADING,152198.3,1399587.05,153079.83,290395.9,542359.89,579595.37,230194.16,537773.28,706064.42,944853.81,519604.98,303582.46,1688753.42,22255.73,452501.03,46045.27,300000.71,460022.48,267556.91,45971.26,139507.43,385501.72,418988.28,475858.87,91792.58,142703.0,143736.43,184730.18,113239.31,167880.93,131419.79,142371.55,136117.31,113462.85,150607.26,92614.49,132695.41,1450030.57,22199.15,17017.79,113631.49,252836.72,150.6,1252666.39,4680645.35,30814.03,898449.23,525860.88,50218.82,52587.94
Scenario 2,383,2,True Positive News,83,TRADING,152159.66,1399121.65,153367.44,290249.65,541275.12,579485.01,230107.56,538082.15,705771.53,945070.55,520354.4,303282.55,1694259.6,22326.35,452605.49,46051.68,299845.09,459930.11,267379.34,45956.04,139706.35,384543.71,419659.23,476610.58,91706.12,142907.65,143760.54,184693.04,113411.08,167673.22,131455.82,142618.29,135860.91,113543.71,150903.04,92192.23,132832.72,1452381.4,22237.31,16995.63,113521.4,252953.01,150.38,1253080.67,4682360.21,30745.51,900666.03,527206.96,50299.66,52605.57
Scenario 2,384,2,True Positive News,84,TRADING,152132.12,1398437.97,153663.32,290305.56,540244.1,580335.07,230140.3,537964.86,706107.03,945298.59,520772.93,302939.37,1699785.06,22380.16,452603.77,46053.14,299563.65,459886.47,267521.28,45953.26,139835.4,383639.44,420122.57,477204.22,91822.29,142994.49,143808.32,184677.17,113432.69,167435.93,131434.89,142806.35,135751.64,113728.03,151170.83,91774.5,132924.85,1454851.9,22283.45,16984.56,113555.25,253006.49,150.22,1252929.5,4685538.74,30731.76,902955.62,528627.25,50376.54,52655.03
Scenario 2,385,2,True Positive News,85,TRADING,152143.18,1398310.87,154070.35,290605.02,539073.87,580900.25,230156.25,539066.27,706230.7,945418.74,521357.28,302422.55,1705076.89,22444.37,452546.25,46046.38,298885.11,459833.84,267740.88,45973.8,139964.22,382774.72,420776.12,477968.09,91811.89,143145.98,143830.01,184602.75,113586.34,167085.18,131435.85,142930.26,135909.5,113850.61,151300.62,91381.07,133035.92,1455913.69,22304.22,16966.06,113535.66,252928.37,150.09,1252593.37,4692667.5,30731.21,905338.76,529837.07,50461.36,52728.07
Scenario 2,386,2,True Positive News,86,TRADING,152157.6,1398886.08,154131.42,290493.41,538010.27,581443.84,230120.06,539102.16,706340.19,945272.73,521263.55,302209.7,1710520.32,22504.96,452757.32,46034.67,298080.42,459792.63,267793.86,45989.08,140078.95,381865.13,421198.65,478620.42,91730.07,143254.73,143800.04,184642.51,113811.17,166955.39,131463.13,142978.8,135833.15,113988.73,151537.54,90968.91,132978.68,1457845.21,22333.52,16949.54,113582.19,252946.74,149.94,1252551.36,4694184.83,30762.67,907557.6,531308.75,50544.45,52775.9
Scenario 2,387,2,True Positive News,87,TRADING,152131.21,1399027.85,154338.55,290805.06,536852.27,581844.68,230086.7,539466.16,706001.55,945142.35,521518.06,301806.57,1715695.5,22561.38,453158.44,46035.02,297488.81,459659.21,267962.69,45979.86,140059.19,381009.3,421905.07,479278.93,91562.23,143431.1,143842.99,184632.09,113841.49,166595.05,131504.37,143081.84,135795.05,114144.26,151757.02,90527.42,133182.4,1458298.47,22350.51,16935.97,113513.76,252878.17,149.73,1252614.23,4698099.2,30729.67,909350.07,533082.02,50586.64,52813.43
Scenario 2,388,2,True Positive News,88,TRADING,152136.44,1398616.42,154524.59,290687.49,535703.65,582389.74,230070.46,540321.21,706213.09,945257.5,522307.96,301602.13,1721460.7,22619.81,453411.33,46038.39,296949.39,459638.73,268033.65,45991.11,140210.32,380141.69,422723.17,479893.0,91555.37,143483.76,143814.91,184699.86,113848.38,166317.11,131530.23,143195.08,135631.8,114237.14,152064.28,90170.63,133477.2,1460094.31,22377.65,16914.25,113506.14,252857.44,149.35,1252713.75,4703875.91,30721.01,911457.47,534652.32,50659.76,52882.85
Scenario 2,389,2,True Positive News,89,TRADING,152169.35,1398397.45,154836.16,290653.21,535003.04,583445.94,230038.18,540658.98,706195.22,945511.91,522770.96,301102.41,1726858.6,22685.77,453613.04,46024.65,296747.62,459633.56,268470.1,45977.86,140325.67,379495.29,423696.65,480490.25,91580.64,143685.0,143843.72,184712.92,114086.25,165992.63,131561.24,143332.04,135547.16,114347.9,152387.16,89801.17,133736.22,1462254.02,22405.5,16889.94,113488.57,252954.86,149.25,1252473.93,4706436.84,30650.91,914113.48,536154.12,50705.29,52974.79
Scenario 2,390,2,True Positive News,90,TRADING,152150.3,1398448.66,155286.5,291057.84,534158.4,584308.65,230027.29,540637.36,706386.69,946003.73,522941.26,300663.16,1731434.71,22725.09,453721.81,46015.05,296149.23,459675.65,269032.78,45970.63,140404.46,378593.91,424479.8,480999.79,91574.98,143809.42,143819.46,184707.08,114072.06,165829.29,131620.32,143441.68,135321.56,114449.1,152733.08,89367.63,133815.7,1464022.81,22428.4,16869.6,113463.72,252922.4,149.02,1252441.7,4707319.69,30561.63,917070.67,537775.92,50802.67,53057.1
Scenario 2,391,2,True Positive News,91,TRADING,152154.59,1398583.99,155804.55,291309.47,536564.62,584743.83,229999.11,540494.25,706124.72,945793.09,523443.55,300261.56,1735210.03,22783.74,453758.02,45997.23,295611.87,459700.72,269397.99,45963.32,140444.58,377617.58,425211.88,481876.3,91465.8,144026.05,143700.99,184743.76,114156.4,165482.88,131685.58,143641.84,135141.59,114646.72,152876.81,88925.2,133945.5,1466058.49,22433.35,16826.62,113486.48,253027.52,148.94,1252391.07,4711856.13,30552.33,919403.32,539333.78,50886.16,53104.97
Scenario 2,392,2,True Positive News,92,TRADING,152129.58,1398311.28,156073.04,291326.35,538558.24,585064.71,229906.38,539682.81,705666.54,945589.74,523027.53,299847.54,1738419.18,22835.06,453799.46,46000.61,295690.55,459697.05,269104.38,45954.91,140180.54,376801.83,425993.32,482410.93,91430.35,144164.36,143689.19,184683.82,113910.94,165389.8,131756.16,143520.09,135352.98,114461.95,153015.03,88215.54,134160.62,1469092.37,22463.97,16794.01,113453.99,253099.59,148.88,1252320.37,4705575.76,30596.1,921906.85,540690.53,50971.75,53159.93
Scenario 2,393,2,True Positive News,93,TRADING,152086.83,1397840.37,156479.9,291364.29,540746.36,585661.34,229748.39,538150.16,705829.02,945000.24,521734.82,299281.56,1743838.13,22882.75,454183.67,46007.14,296132.66,459648.18,268943.18,45920.92,139864.67,375739.14,426361.36,482846.82,91291.74,144281.07,143526.39,184700.41,113650.43,165343.74,131748.79,143404.88,135563.69,114279.83,153197.62,88660.69,134371.39,1472088.92,22493.87,16778.0,113360.22,253170.85,148.78,1252136.91,4697431.51,30632.22,923897.86,542372.8,51049.39,53204.9
Scenario 2,394,2,True Positive News,94,TRADING,152078.96,1397865.83,156898.37,291546.36,542844.37,586383.28,229723.93,538119.33,705853.56,944544.09,521032.81,298900.69,1748396.21,22940.3,454568.15,45999.07,296924.14,459600.46,268518.59,45908.0,139698.12,374966.52,427144.68,483083.35,91259.44,144412.93,143563.59,184666.96,113406.46,165124.03,131806.64,143259.27,135788.15,114168.85,153629.28,88814.73,134451.01,1471671.18,22527.42,16766.96,113380.03,253209.9,148.6,1252003.27,4688263.64,30675.28,924851.05,543822.9,51098.0,53255.6
Scenario 2,395,2,True Positive News,95,TRADING,152110.7,1397005.86,156965.55,291912.91,545540.12,586863.27,229743.63,537208.77,705983.2,944458.46,520609.86,298663.2,1754149.15,22992.61,454644.95,46005.23,297553.17,459558.18,267925.48,45895.47,139470.5,374102.17,427704.3,483651.67,91157.54,144725.17,143540.74,184532.0,113155.18,164689.35,131774.25,142945.15,135998.6,113855.51,153854.1,88984.21,134661.54,1473825.39,22552.35,16741.08,113346.79,253277.52,148.55,1251816.0,4683456.04,30743.32,924851.05,545222.78,51177.21,53283.92
Scenario 2,396,2,True Positive News,96,TRADING,152128.74,1397072.17,157272.72,292060.14,547759.13,587344.36,229745.8,536397.04,705775.51,944391.15,519690.85,298503.36,1759444.28,23070.09,455016.77,46003.47,297810.61,459545.51,267656.66,45861.91,139153.82,373116.95,428556.59,484482.02,91050.39,144939.16,143548.39,184587.67,112840.41,164373.57,131859.92,142762.06,136154.73,113810.2,154225.63,89136.01,134887.69,1473769.45,22595.06,16710.2,113488.91,253276.87,148.25,1251982.21,4674440.49,30791.62,924851.05,546402.84,51251.41,53378.18
Scenario 2,397,2,True Positive News,97,TRADING,152143.41,1397431.65,157610.87,292068.43,549850.41,587406.45,229752.4,535701.16,705998.88,944045.17,519265.05,298483.87,1763911.8,23139.52,455062.24,46003.04,298301.88,459635.37,267781.73,45875.07,139001.41,372196.13,428842.09,485243.03,91037.83,145247.27,143506.98,184526.43,112628.66,164048.54,131905.73,142465.75,136419.99,113511.9,154499.98,89279.24,135117.13,1475769.93,22645.03,16684.46,113439.22,253267.22,148.12,1251992.84,4669476.22,30842.52,924851.05,548060.12,51323.91,53432.95
Scenario 2,398,2,True Positive News,98,TRADING,152173.61,1397392.55,157917.73,292086.95,552023.84,588243.96,229782.2,535130.59,705961.22,943916.91,518964.77,297913.35,1768608.05,23199.26,455221.9,46015.31,299165.15,459705.3,267825.03,45889.12,138789.34,371371.96,429651.58,485766.05,90958.47,145469.14,143470.31,184451.52,112551.81,163811.38,131770.02,142315.14,136643.08,113395.76,154620.48,89430.58,135309.36,1476939.09,22667.57,16668.75,113504.69,253345.99,147.92,1252287.77,4657877.87,30904.58,924851.05,549481.29,51422.03,53503.4
Scenario 2,399,2,True Positive News,99,TRADING,152156.64,1397650.71,158213.48,292072.92,553844.49,589174.57,229773.88,534574.49,706233.42,943740.47,518092.98,297719.64,1773554.32,23261.47,455485.82,46004.44,299808.42,459717.86,267240.61,45876.37,138400.8,370322.72,430480.54,486356.62,90885.48,145600.42,143519.41,184429.7,112333.46,163592.81,131814.56,142084.08,136917.5,113261.75,154829.41,89617.41,135512.51,1478293.97,22690.2,16641.19,113513.87,253317.69,147.7,1252245.14,4644843.97,30973.66,924675.31,551050.32,51476.16,53536.11
Scenario 2,400,2,True Positive News,100,TRADING,152116.49,1397685.2,158540.48,291863.61,555902.23,589803.32,229660.07,534145.82,706225.82,943788.85,517179.31,296965.32,1779842.91,23339.45,455541.31,46000.91,300384.29,459822.23,266723.09,45864.73,138274.54,369486.08,431234.06,487177.21,90833.25,145809.73,143536.24,184391.93,112178.82,163419.62,131858.83,141846.93,137293.15,113185.56,154990.83,89747.25,135911.03,1479085.46,22726.2,16624.63,113411.5,253287.04,147.63,1252637.41,4636840.11,31059.66,924375.52,552685.35,51565.51,53617.89
Scenario 2,401,2,True Positive News,101,TRADING,152068.15,1397676.89,158677.42,291655.71,558052.12,590171.81,229721.81,533065.59,705890.91,944726.56,515726.29,296318.77,1785357.69,23412.31,455997.57,46008.38,300810.73,459857.46,266398.3,45824.73,138000.63,368682.42,431962.7,487825.63,90770.25,146051.98,143557.01,184328.97,111919.88,163154.97,131917.69,141651.68,137760.77,112895.57,155191.45,89865.39,136206.51,1479276.48,22771.09,16612.37,113527.02,253310.3,147.53,1253147.25,4623867.86,31106.15,923476.74,554441.76,51622.49,53650.83
Scenario 2,402,2,True Positive News,102,TRADING,152031.95,1397833.83,158825.44,291797.23,559493.87,590729.94,229685.85,532499.47,706141.53,944241.43,514819.17,295912.05,1790553.81,23479.94,455938.19,46019.36,301793.13,459881.99,265891.56,45804.11,137802.15,367776.84,432591.4,488501.74,90585.85,146304.77,143610.86,184349.88,111722.37,163075.42,131939.57,141647.15,138015.94,112709.83,155412.55,90012.09,136420.27,1480278.79,22796.52,16593.59,113670.9,253320.59,147.57,1253363.64,4618203.7,31162.02,922325.56,555796.75,51693.63,53695.65
Scenario 2,403,2,True Positive News,103,TRADING,152023.86,1397118.49,159131.58,291963.87,561124.23,591142.28,229698.86,531902.11,706031.98,944050.53,513392.6,295726.06,1795849.29,23538.89,455934.06,46013.94,302116.0,459883.98,265509.36,45822.65,137541.14,366848.69,433016.62,489128.7,90486.74,146571.74,143581.74,184272.78,111485.19,162833.48,131966.11,141624.43,138324.64,112478.5,155627.23,90182.5,136552.66,1481260.62,22847.47,16582.29,113659.14,253381.78,147.32,1253560.94,4613073.05,31189.14,921621.53,557205.39,51785.48,53746.67
Scenario 2,404,2,True Positive News,104,TRADING,151995.3,1397421.96,159345.53,292139.45,562978.38,591546.9,229697.47,531472.65,706775.37,944001.0,512749.44,295264.79,1799755.35,23597.18,456597.77,46017.55,302508.9,459904.72,265231.73,45829.49,137415.13,366044.65,433332.27,489864.31,90457.23,146621.89,143588.17,184268.61,111201.72,162627.57,131933.4,141391.08,138509.8,112265.84,155820.21,90367.61,136680.21,1481464.36,22887.14,16566.53,113612.25,253343.09,147.15,1253704.21,4607084.48,31245.82,920830.43,558684.2,51833.07,53783.31
Scenario 2,405,2,True Positive News,105,TRADING,152015.06,1397564.26,159509.02,292194.81,564861.15,592295.5,229715.03,531465.81,706672.1,944143.51,511973.46,294576.23,1805811.73,23658.67,457245.13,46021.95,302962.34,459901.0,265100.33,45834.72,137171.25,365070.16,434023.8,490549.29,90414.03,146863.1,143618.58,184160.87,110976.44,162480.02,131868.05,141138.49,138820.0,112127.07,156074.1,90530.81,136842.17,1484313.24,22911.5,16539.2,113606.31,253311.47,147.14,1253792.62,4594896.93,31304.72,920008.53,560217.67,51917.03,53805.63
Scenario 2,406,2,True Positive News,106,TRADING,152049.82,1397241.09,159779.78,292450.15,566496.65,592397.7,229740.06,530217.7,706539.42,944289.4,511181.85,294332.56,1812448.24,23713.25,457442.24,46028.39,303767.55,459899.09,264350.75,45828.59,136792.08,364145.61,434639.34,491166.81,90274.09,147000.67,143606.32,184159.14,110856.82,162292.72,131879.22,140892.81,139000.99,111976.37,156181.95,90646.9,136965.4,1485254.83,22949.71,16533.9,113583.67,253358.23,147.01,1253866.5,4586642.66,31370.46,919242.12,561686.21,52005.21,53857.13
Scenario 2,407,2,True Positive News,107,TRADING,152005.31,1397014.49,159946.11,292638.43,568436.43,592776.98,229830.0,530350.25,706879.9,944564.56,510355.92,294090.73,1818550.05,23762.68,457547.16,46029.64,304567.34,459851.18,264011.74,45832.36,136495.19,363199.74,435288.06,491827.18,90166.67,147138.31,143620.9,184190.13,110774.62,162325.13,131919.68,140921.96,139271.73,111941.39,156502.12,90855.47,137202.58,1486302.15,22967.34,16526.53,113650.93,253426.75,146.97,1253693.17,4580043.8,31419.48,918735.9,563442.53,52089.55,53904.27
Scenario 2,408,2,True Positive News,108,TRADING,151968.1,1396777.36,160245.8,292772.82,570561.39,593366.59,229810.24,529885.47,706784.02,944282.02,509635.6,293832.46,1823839.55,23826.37,458023.58,46016.71,305118.23,459885.45,263859.37,45830.34,136422.34,362142.85,436095.27,492369.81,89978.57,147324.73,143565.28,184065.5,110586.51,162132.67,131934.16,140766.65,139686.9,111857.65,156723.16,91026.73,137426.07,1487391.68,22989.72,16503.15,113699.79,253373.3,146.86,1253624.87,4571746.35,31468.6,918380.78,564828.36,52194.4,53948.3
Scenario 2,409,2,True Positive News,109,TRADING,151967.7,1395958.65,160511.65,292844.82,572683.82,594403.26,229843.76,529147.22,706845.2,944451.27,508657.36,293886.06,1829162.47,23896.41,458213.33,46010.79,305327.19,459859.99,263600.53,45839.9,136183.81,361354.06,436511.84,493084.53,89905.59,147477.21,143583.6,184168.11,110366.46,161997.76,131945.84,140614.75,139917.45,111841.62,156838.68,91184.88,137563.72,1489524.0,23014.69,16480.93,113790.77,253325.86,146.64,1253198.04,4567850.79,31509.92,917136.68,566167.82,52275.65,54042.75
Scenario 2,410,2,True Positive News,110,TRADING,151963.65,1396115.02,160859.47,292735.87,575185.82,594628.05,229841.19,528661.64,707096.4,944350.82,508072.4,293891.36,1834342.2,23966.89,458070.69,46015.01,305836.93,459808.56,263071.65,45844.72,135844.85,360356.27,437206.63,493793.18,89729.07,147672.98,143564.21,184205.84,110209.88,161847.16,131940.01,140278.77,140281.71,111533.36,157111.57,91370.88,137920.05,1490466.42,23050.38,16480.68,113617.3,253316.29,146.51,1252738.78,4554650.05,31554.9,916752.05,567698.7,52364.61,54044.95
Scenario 2,411,2,True Positive News,111,TRADING,151931.89,1395417.59,161150.42,292947.68,577486.3,594997.44,229833.33,528340.82,707248.47,944737.9,507084.72,293512.86,1839998.49,24019.28,458096.21,46027.92,306445.78,459766.06,262569.17,45855.16,135581.38,359557.01,437878.93,494444.66,89768.38,147932.26,143564.73,184278.66,109892.03,161669.82,131924.25,140176.57,140376.73,111602.12,157320.17,91538.86,138101.11,1491570.54,23090.6,16465.99,113693.23,253316.51,146.29,1252823.73,4549270.62,31604.02,915579.71,569383.11,52451.1,54062.55
Scenario 2,412,2,True Positive News,112,TRADING,151924.09,1395821.74,161354.55,293091.81,579488.93,595819.18,229883.34,527574.06,707234.93,944552.34,506331.94,293304.95,1845657.2,24081.33,458363.13,46033.82,307198.41,459815.31,262080.73,45872.14,135337.0,358743.63,438501.94,494925.43,89673.15,147995.21,143545.34,184350.87,109701.38,161568.45,132009.69,140014.86,140637.68,111321.14,157759.24,91698.92,138242.46,1492560.62,23115.34,16450.19,113807.05,253454.29,146.2,1252896.05,4538925.25,31636.59,914985.39,570866.1,52513.52,54116.21
Scenario 2,413,2,True Positive News,113,TRADING,151911.93,1395904.31,161627.63,293144.0,581000.03,596255.09,229828.57,526145.86,707217.24,944946.18,504929.21,292982.08,1849620.56,24149.71,458580.42,46040.82,307681.25,459928.06,261808.62,45872.47,135101.67,357708.74,439561.54,495642.87,89554.48,148220.79,143523.91,184301.67,109456.92,161294.28,132037.61,139691.79,140862.32,111055.68,158165.66,91855.86,138317.78,1495455.0,23144.31,16440.06,113776.93,253358.0,145.92,1252868.88,4534237.85,31680.37,913766.12,572594.31,52591.25,54161.42
Scenario 2,414,2,True Positive News,114,TRADING,151894.91,1395254.42,162053.97,293436.48,582868.77,596903.93,229756.02,525173.66,707204.91,944569.04,503750.7,292591.48,1853784.36,24214.51,458889.05,46034.18,308568.98,459970.77,261665.0,45884.62,134835.83,356736.36,440205.15,496253.96,89524.14,148451.1,143518.85,184362.36,109222.42,161284.09,132091.62,139491.26,141101.54,110847.65,158508.59,92018.33,138377.03,1496341.32,23171.83,16410.07,113813.02,253363.86,145.92,1252753.57,4530389.72,31740.07,912962.88,573894.39,52672.92,54242.21
Scenario 2,415,2,True Positive News,115,TRADING,151864.35,1395177.23,162465.9,293529.37,584614.48,597065.55,229724.87,524082.47,707226.83,944893.18,502661.35,292248.71,1857701.93,24297.43,458866.78,46035.99,309211.61,460014.42,261524.84,45905.35,134519.43,355793.85,440595.32,496597.75,89493.83,148721.22,143497.44,184320.66,108981.43,161058.37,132098.02,139328.88,141326.75,110705.83,158841.02,92212.99,138582.14,1497651.4,23197.55,16400.99,113707.27,253436.08,145.82,1252926.91,4523687.87,31797.26,912119.56,575050.76,52742.01,54294.13
Scenario 2,416,2,True Positive News,116,TRADING,151883.46,1395393.5,162699.08,293450.84,586242.08,597058.3,229635.61,523502.39,707063.27,945103.66,501538.48,291711.43,1863197.25,24361.88,459154.04,46032.3,309578.64,459923.0,261345.78,45890.99,134338.73,354985.15,441172.98,497242.47,89313.72,148945.2,143512.52,184393.81,108846.32,160753.21,132136.32,139126.68,141622.18,110543.04,159183.19,92327.46,138701.84,1497690.01,23229.39,16382.53,113659.1,253467.11,145.77,1252839.84,4515245.53,31875.42,911731.01,576523.56,52825.08,54339.96
Scenario 2,417,2,True Positive News,117,TRADING,151856.09,1395008.46,162916.91,293428.73,588252.97,597180.4,229676.58,522851.54,706940.1,944217.63,500819.59,291323.0,1867857.2,24432.79,459581.2,46030.22,309920.56,459874.66,260944.99,45909.53,134195.51,354186.59,441635.83,497940.13,89227.3,149200.77,143514.22,184385.77,108608.28,160718.38,132125.99,138904.39,141784.6,110371.44,159363.03,92475.08,138989.9,1498710.75,23259.72,16356.99,113783.98,253482.76,145.63,1253169.35,4511963.7,31912.14,911248.85,578292.57,52888.84,54420.57
Scenario 2,418,2,True Positive News,118,TRADING,151821.83,1394729.32,163126.2,293437.01,590590.57,597056.43,229706.33,522436.32,707110.79,944098.09,499645.94,290871.79,1871757.91,24484.07,459950.27,46024.02,310592.61,459811.25,260727.44,45905.08,134084.92,353318.39,442228.93,498556.16,89097.48,149364.07,143520.93,184301.6,108366.45,160547.15,132196.81,138666.38,142055.08,110319.87,159729.93,92642.32,139147.48,1500266.15,23289.34,16322.0,113808.61,253521.58,145.4,1253094.95,4499759.36,31955.87,910154.25,579751.89,52950.04,54489.34
Scenario 2,419,2,True Positive News,119,TRADING,151771.97,1394464.27,163382.36,293593.76,592693.94,597593.72,229668.14,521694.83,707041.04,943764.33,498869.24,290174.03,1877141.74,24548.84,460129.4,46033.27,311025.54,459838.55,260180.05,45924.71,133931.89,352407.09,442844.8,499372.7,89100.99,149631.37,143559.42,184237.92,108256.2,160245.51,132225.95,138399.52,142321.79,110145.89,159866.01,92820.43,139429.68,1502122.12,23337.23,16303.96,113752.79,253622.3,145.33,1253061.9,4494460.39,32036.64,909387.55,581265.6,53055.68,54532.62
Scenario 2,420,2,True Positive News,120,TRADING,151741.33,1394902.17,163551.18,293881.69,594416.72,598680.4,229725.5,520503.98,706931.28,943947.9,498515.68,289706.96,1884186.06,24631.98,460513.29,46023.51,311791.21,459747.85,259828.3,45938.44,133761.26,351586.6,443465.36,500080.41,89066.78,149840.11,143538.7,184302.87,108132.59,160014.28,132117.17,138190.93,142586.47,109988.51,160146.3,92989.16,139656.93,1504018.45,23361.05,16282.8,113736.7,253634.88,145.12,1252816.21,4482225.43,32112.74,908635.4,583018.68,53103.3,54571.1
Scenario 2,421,2,True Positive News,121,TRADING,151712.99,1394420.86,163738.22,293828.76,596163.66,599661.35,229691.63,519279.66,707113.39,943652.22,497923.16,289375.84,1887842.9,24711.86,461223.25,46031.68,312228.26,459817.89,259685.38,45947.84,133573.88,350795.47,444145.46,501003.81,88968.29,150086.19,143542.27,184228.9,107973.85,159771.1,132114.8,137812.2,142914.56,109879.97,160442.9,93125.09,139770.06,1504012.77,23397.95,16278.71,113752.94,253496.47,145.03,1252743.01,4475889.79,32173.07,907571.78,584764.48,53168.04,54632.24
Scenario 2,422,2,True Positive News,122,TRADING,151738.3,1394562.89,164019.86,294206.34,598461.77,600588.69,229663.84,519217.09,707068.23,943492.6,497402.44,289661.88,1894415.05,24766.43,461384.76,46035.95,312250.98,459889.99,259665.6,45950.69,133274.26,349879.61,444954.02,501588.92,88852.88,150299.24,143492.43,184150.56,107821.94,159539.71,132042.25,137711.24,143167.61,109715.0,160755.5,93301.68,140028.34,1505171.66,23442.06,16259.7,113725.46,253586.6,144.86,1253106.85,4468837.43,32214.16,906579.76,586346.74,53256.9,54674.45
Scenario 2,423,2,True Positive News,123,TRADING,151786.84,1395076.21,164392.79,294183.64,600393.28,601073.75,229661.67,518884.05,706947.62,944139.08,496318.93,289455.19,1900002.77,24815.36,461707.97,46027.79,312752.55,459932.89,259251.29,45959.29,133084.1,348950.16,445723.61,502439.75,88752.66,150529.01,143483.2,184259.05,107648.18,159222.42,132050.58,137548.88,143272.02,109787.73,161049.62,93470.66,140081.7,1504907.01,23474.99,16237.28,113785.0,253471.67,144.77,1252836.81,4468255.21,32267.42,905607.91,587970.37,53329.78,54676.79
Scenario 2,424,2,True Positive News,124,TRADING,151778.61,1395195.16,164615.4,294181.94,602515.3,601922.6,229606.83,518505.64,706494.41,944512.97,495412.7,289125.95,1903578.87,24881.79,462131.98,46024.19,313397.59,459895.7,258749.58,45954.09,132892.48,348031.17,446322.72,503202.69,88705.33,150764.48,143491.89,184280.39,107477.61,159223.01,132057.6,137339.43,143347.46,109690.79,161412.23,93600.82,140279.46,1505924.68,23498.47,16221.69,113726.08,253584.35,144.4,1252639.92,4457764.62,32288.08,904804.67,589577.85,53412.39,54715.44
Scenario 2,425,2,True Positive News,125,TRADING,151752.39,1395273.5,164925.17,294207.67,604788.91,602026.59,229618.61,518383.2,706505.09,944601.85,494873.67,288729.55,1908277.55,24932.4,461971.65,46035.64,313741.43,459858.44,258564.59,45977.65,132624.38,347098.65,447152.57,503615.49,88709.05,150951.17,143474.58,184219.14,107410.71,158877.38,132033.66,137150.44,143430.07,109630.75,161645.26,93779.46,140307.57,1507182.24,23518.32,16225.73,113675.56,253618.2,144.23,1252958.87,4447910.74,32339.48,903556.35,591288.66,53487.2,54783.97
Scenario 2,426,2,True Positive News,126,TRADING,151739.54,1395219.18,164992.23,294650.48,606821.11,602967.05,229533.81,517870.29,706689.49,944801.74,494356.59,288383.11,1913939.94,25002.85,462399.93,46030.28,314560.05,459841.91,258259.99,45979.16,132485.04,346198.36,447631.6,503881.96,88695.35,151148.67,143510.62,184125.39,107147.87,158557.56,131984.55,137016.11,143898.31,109535.19,161725.24,93954.39,140432.89,1508663.1,23547.27,16206.14,113700.23,253663.16,144.1,1252877.91,4441023.34,32381.82,903185.81,592463.39,53585.2,54896.15
Scenario 2,427,2,True Positive News,127,TRADING,151745.98,1395651.81,165213.29,294919.54,608918.16,603711.69,229530.33,517534.92,706593.88,944877.71,493278.56,287697.11,1919523.43,25042.72,462350.27,46043.04,315192.19,459841.79,258083.19,45963.91,132278.37,345291.76,448195.29,504230.38,88585.37,151384.87,143458.26,184092.69,106885.14,158382.49,132021.41,136888.52,144152.98,109361.08,162225.39,94120.4,140669.85,1509254.34,23583.93,16189.75,113694.81,253647.63,143.98,1253133.02,4436500.73,32447.31,902560.08,594218.38,53646.25,54955.15
Scenario 2,428,2,True Positive News,128,TRADING,151737.29,1395275.11,165468.09,295176.84,610730.67,604182.51,229572.54,517502.66,706635.57,944489.93,492181.92,287628.23,1925029.09,25085.23,462176.13,46056.55,315747.55,459775.22,257989.55,45939.8,132063.99,344454.84,448783.66,504670.08,88434.14,151520.13,143466.19,184183.15,106781.14,158239.84,132026.59,136752.34,144294.11,109307.95,162485.12,94299.84,140702.76,1510766.75,23605.43,16183.68,113665.3,253666.91,143.93,1252460.13,4432498.13,32526.65,901665.94,595945.6,53738.32,55010.35
Scenario 2,429,2,True Positive News,129,TRADING,151700.74,1395142.98,165975.91,295482.64,612882.03,604741.35,229579.49,517108.21,706772.04,944494.88,491349.03,287427.59,1930060.64,25154.48,462218.59,46056.78,316646.18,459861.58,257337.86,45928.89,131846.72,343573.62,449246.84,505060.56,88432.72,151857.91,143494.92,184110.03,106633.25,157795.73,132077.13,136498.44,144520.91,109020.92,162750.45,94460.85,140926.76,1513812.04,23632.69,16161.95,113698.61,253687.16,143.72,1252911.01,4422231.54,32489.93,900791.47,597509.47,53810.12,55075.96
Scenario 2,430,2,True Positive News,130,TRADING,151740.02,1395363.18,166032.0,295575.87,614963.73,605099.71,229516.31,517495.19,706584.47,944459.46,490235.68,287194.62,1934989.14,25205.0,462821.79,46052.52,317481.55,459900.72,256579.82,45916.47,131657.72,342691.98,449896.56,505591.44,88351.96,152117.02,143505.32,184020.29,106369.9,157496.34,132091.76,136379.58,144870.1,108886.79,162928.51,94629.48,141218.49,1515689.41,23661.77,16129.06,113717.77,253793.04,143.42,1253076.01,4417770.8,32540.41,899858.35,598998.29,53878.74,55123.35
Scenario 2,431,2,True Positive News,131,TRADING,151738.15,1394917.74,166148.91,295654.94,616683.82,605400.74,229473.52,517061.71,706647.67,944237.08,489583.7,286752.28,1939964.61,25255.23,462805.39,46057.7,317601.28,459943.11,256488.9,45881.17,131424.5,341794.76,450159.6,506114.19,88359.3,152424.27,143548.7,183911.74,106149.42,157322.78,132210.62,136175.96,145187.98,108776.04,163133.05,94757.31,141484.12,1515185.73,23694.68,16102.5,113729.28,253919.4,143.42,1253107.59,4413666.48,32571.65,899153.1,600704.36,53948.49,55219.92
Scenario 2,432,2,True Positive News,132,TRADING,151707.76,1394682.77,166608.5,295572.19,618725.08,606040.57,229568.63,516241.27,706551.53,944310.57,489363.67,286415.72,1944746.41,25333.35,462419.06,46065.76,318296.49,459914.17,256194.73,45894.19,131158.84,340954.6,450452.79,506687.85,88181.21,152612.68,143581.61,183857.19,106035.75,157202.02,132244.99,136114.13,145382.84,108666.0,163379.04,94901.34,141688.1,1517031.95,23738.05,16087.39,113743.59,253897.73,143.2,1253226.76,4406265.16,32576.44,898639.5,602294.92,54009.04,55269.36
Scenario 2,433,2,True Positive News,133,TRADING,151712.61,1394712.57,166910.94,295613.79,620850.25,606875.47,229543.7,515920.83,707022.27,944302.2,488359.15,286085.27,1949162.16,25366.17,462805.46,46072.44,318284.43,459909.21,255694.5,45896.89,131028.96,340104.97,451153.25,507372.01,88185.18,152793.97,143610.44,183917.0,105863.99,157002.33,132278.82,135914.91,145699.74,108635.5,163467.47,95061.83,141919.02,1519960.52,23770.76,16062.32,113793.24,253926.73,143.07,1253451.42,4397648.54,32670.2,898058.77,603728.93,54093.49,55355.15
Scenario 2,434,2,True Positive News,134,TRADING,151692.76,1395181.54,167045.59,296058.02,623075.54,607094.71,229563.56,514824.81,707078.85,944122.91,487786.95,285630.39,1955980.76,25410.26,462867.62,46081.93,318954.55,459931.08,255275.72,45894.09,130684.28,339163.22,451692.38,508048.33,88009.25,152989.85,143670.62,183846.07,105637.43,156948.79,132266.45,135791.95,145884.39,108529.81,163727.58,95192.9,142191.76,1520777.23,23800.96,16049.16,113779.43,253997.54,143.02,1253562.45,4388543.86,32718.71,896714.03,605208.87,54163.98,55432.25
Scenario 2,435,2,True Positive News,135,TRADING,151721.0,1394596.72,167346.78,296337.38,624772.88,607224.28,229619.41,514547.3,707165.93,944384.06,487491.04,285125.12,1960803.15,25467.57,463073.54,46090.66,319497.15,460002.04,254833.93,45910.98,130356.99,338262.55,452239.97,508587.3,87818.99,153192.48,143682.65,183906.38,105426.32,156921.55,132348.21,135534.22,146183.4,108435.92,163998.07,95367.62,142523.82,1522384.94,23832.86,16024.45,113768.01,254015.71,142.71,1253183.61,4383433.65,32773.64,895661.39,606697.97,54257.05,55478.76
Scenario 2,436,2,True Positive News,136,TRADING,151708.2,1394283.26,167448.48,296490.71,626813.73,608145.55,229576.93,513852.0,707241.78,944199.57,487412.68,284984.2,1965210.41,25522.58,463330.21,46093.41,319806.49,460109.3,254561.2,45909.12,130053.31,337313.18,452822.34,509027.04,87707.28,153355.31,143673.11,183842.69,105205.58,156785.46,132337.99,135312.98,146298.05,108270.84,164325.36,95535.8,142679.47,1524051.39,23869.81,16007.7,113721.1,254087.26,142.59,1253223.45,4376410.61,32841.6,894858.18,608099.1,54309.91,55512.26
Scenario 2,437,2,True Positive News,137,TRADING,151695.7,1394353.8,167779.76,296444.29,628874.39,608946.37,229614.29,513783.18,707211.07,944692.1,486571.65,284673.59,1969837.81,25575.93,463771.66,46101.17,320430.37,460296.36,254311.51,45906.36,129787.92,336354.24,453121.99,509544.04,87509.18,153515.32,143660.76,183858.31,105058.52,156557.64,132322.08,135258.63,146618.84,108099.94,164518.18,95702.94,142939.81,1524465.58,23902.78,15991.33,113772.64,254042.98,142.56,1253239.25,4374780.07,32864.17,894370.77,609592.8,54383.0,55590.87
Scenario 2,438,2,True Positive News,138,TRADING,151667.56,1394434.29,168059.47,296611.29,630383.1,609473.9,229574.29,512935.89,707127.06,944847.6,485918.57,284205.64,1975751.18,25621.65,464241.64,46077.03,320901.68,460343.56,253935.75,45903.63,129520.08,335437.16,453743.93,510065.15,87370.88,153722.84,143641.74,183750.32,104888.86,156413.74,132252.39,135237.05,146865.09,108013.55,164726.93,95877.11,143163.72,1525598.65,23930.63,15970.07,113833.16,253886.51,142.52,1252896.26,4370688.31,32914.34,894045.41,611021.6,54454.33,55645.5
Scenario 2,439,2,True Positive News,139,TRADING,151703.72,1394668.81,168219.65,296767.24,632696.42,609051.16,229541.08,512153.71,706888.39,944224.09,484732.44,283685.54,1980349.46,25694.65,464601.47,46079.99,321120.03,460366.16,253628.93,45936.64,129300.6,334590.34,454457.86,510524.13,87181.57,153970.37,143688.07,183799.29,104571.24,156149.72,132302.67,134950.37,147171.75,107862.15,164911.58,96034.5,143410.38,1526197.59,23963.21,15963.41,113761.05,254059.05,142.46,1252911.05,4367727.18,32967.58,892765.13,612586.09,54534.44,55733.13
Scenario 2,440,2,True Positive News,140,TRADING,151739.37,1394533.7,168355.24,296726.06,634853.32,609526.38,229517.12,511829.36,706981.33,944677.9,483648.97,282684.19,1986498.94,25754.23,464696.66,46065.23,321662.41,460283.57,253673.93,45951.59,129041.46,333750.19,455333.66,511105.22,87225.78,154241.65,143673.28,183691.5,104436.09,155868.96,132356.88,134781.49,147444.8,107835.28,165232.04,96177.11,143592.15,1529693.3,23994.99,15946.53,113755.95,254123.98,142.39,1252895.76,4361067.18,32994.49,892272.38,614008.55,54612.15,55760.86
Scenario 2,441,2,True Positive News,141,TRADING,151719.17,1395193.73,168657.57,296636.27,637201.54,610466.15,229625.31,511048.86,707046.52,944740.66,483044.13,282388.69,1992174.36,25815.21,464793.63,46067.05,322470.43,460279.22,253724.91,45943.36,128796.88,333004.26,455748.51,511786.42,87153.86,154509.57,143695.58,183655.32,104164.54,155647.59,132358.01,134508.4,147759.69,107620.45,165411.16,96335.95,143819.79,1531238.79,24039.42,15921.56,113784.93,254190.54,141.94,1252876.43,4350400.71,33007.11,891540.06,616016.34,54674.15,55831.6
Scenario 2,442,2,True Positive News,142,TRADING,151706.97,1395633.43,168905.02,296235.52,638828.46,610484.92,229654.05,510742.26,707011.47,944981.71,482810.61,282126.45,1997278.68,25879.65,464816.0,46074.26,322920.91,460337.88,252993.77,45952.33,128563.93,332186.68,456339.41,512292.57,87088.57,154687.75,143771.42,183624.13,103912.2,155512.59,132389.77,134236.57,147978.98,107450.25,165673.65,96470.41,144117.53,1534397.52,24065.84,15910.45,113883.61,254196.71,141.68,1252768.96,4345816.25,33081.13,890582.87,617765.26,54724.61,55867.35
Scenario 2,443,2,True Positive News,143,TRADING,151721.53,1395747.92,169143.31,296165.44,640978.49,610922.2,229666.05,510524.42,706991.97,945280.35,481875.29,281719.1,2002946.54,25934.79,465174.55,46041.96,323323.92,460342.96,252492.05,45950.35,128277.31,331346.0,457069.19,513086.68,86964.52,155039.42,143724.88,183624.34,103764.42,155363.14,132414.84,134003.23,148298.57,107385.47,165809.25,96603.82,144362.59,1535818.56,24094.9,15889.69,113926.19,254256.14,141.62,1252709.32,4341836.45,33153.76,888642.24,619391.31,54793.76,55906.18
Scenario 2,444,2,True Positive News,144,TRADING,151752.2,1395684.51,169622.84,296574.84,642565.95,611193.5,229694.76,509762.45,706569.72,944873.58,481215.85,281158.74,2009143.54,26029.09,465053.61,46042.32,324061.9,460284.1,252371.24,45946.41,128063.92,330499.88,457635.96,513452.71,86907.81,155086.25,143736.19,183578.04,103502.94,155095.72,132421.19,133847.59,148498.09,107391.07,166057.05,96728.83,144621.04,1537348.29,24120.66,15861.39,113954.37,254290.28,141.37,1252943.04,4336001.39,33200.65,887478.41,621039.33,54869.85,55995.29
Scenario 2,445,2,True Positive News,145,TRADING,151703.04,1394996.67,169988.76,296866.51,645286.73,611532.84,229740.55,508869.68,706918.25,944992.99,480391.51,280744.65,2013992.41,26093.74,465673.75,46042.52,324643.39,460208.11,251856.66,45922.08,127905.49,329630.03,458093.02,513995.74,86772.29,155194.54,143647.32,183490.25,103394.52,154830.01,132478.32,133693.96,148684.45,107196.45,166530.67,96895.72,144780.77,1539217.72,24163.42,15833.49,113826.17,254310.01,141.21,1252997.1,4326810.73,33302.17,886571.0,622309.94,54948.85,56028.73
Scenario 2,446,2,True Positive News,146,TRADING,151731.42,1395228.08,170274.85,296829.82,647248.57,610961.58,229797.35,508339.25,706859.2,944845.41,479516.73,280406.2,2019812.89,26145.04,465856.65,46033.35,325007.29,460094.0,251837.99,45928.52,127697.03,328807.21,458803.37,514665.47,86705.49,155477.31,143583.87,183492.26,103201.92,154688.38,132434.91,133573.12,149015.4,107006.4,166528.79,97043.85,144968.26,1540919.39,24205.24,15809.17,113962.91,254284.18,140.97,1253018.59,4318769.73,33341.75,885567.26,624136.63,55030.96,56044.96
Scenario 2,447,2,True Positive News,147,TRADING,151736.91,1394714.0,170229.19,296068.6,649162.44,611481.01,229771.58,507686.4,707106.43,945414.43,478767.45,280823.27,2024886.84,26204.69,465304.13,46034.6,325659.59,460087.23,251150.91,45972.63,127461.69,327888.29,459281.01,515106.18,86769.19,155704.7,143520.3,183507.54,103035.2,154768.36,132405.12,133459.2,149084.46,106810.85,166491.15,97221.33,145147.78,1538905.95,24234.52,15812.91,114169.05,254366.55,141.22,1253012.75,4311247.02,33340.89,884234.1,625425.95,55118.63,56025.83
Scenario 2,448,2,True Positive News,148,TRADING,151737.92,1394702.33,170255.65,295290.71,651124.9,611922.76,229749.85,506870.16,706831.53,945641.29,477581.63,281303.91,2028906.74,26272.14,464863.34,46030.15,326548.0,460164.31,250716.83,45995.31,127314.02,327157.65,460085.37,515865.94,86802.76,155934.22,143506.22,183420.46,102901.57,154804.66,132369.89,133413.08,149275.5,106798.73,166270.57,97372.63,145276.08,1537907.68,24259.4,15834.51,114376.11,254349.24,141.45,1252943.49,4308042.61,33376.7,883120.6,626904.05,55194.19,56009.76
Scenario 2,449,2,True Positive News,149,TRADING,151751.2,1394205.95,170151.37,294922.37,653307.77,612064.06,229796.81,505564.55,706415.44,945403.43,476667.52,281465.11,2034811.25,26316.71,464676.83,46017.05,327081.06,460176.09,250163.2,46016.82,127199.28,326271.19,460538.86,516505.38,86844.82,156157.79,143532.89,183511.39,102762.35,154899.85,132388.68,133134.11,149519.61,106610.18,166391.71,97522.28,145515.8,1535612.29,24287.02,15842.58,114605.8,254333.89,141.73,1252773.2,4306871.29,33425.95,882351.49,628560.49,55267.98,55979.29
Scenario 2,450,2,True Positive News,150,TRADING,151703.61,1394547.42,170153.72,294229.65,654511.49,612620.64,229826.0,504629.92,706279.69,944766.11,475874.52,281915.83,2037557.4,26374.32,464426.34,46000.0,327600.71,460222.64,249926.45,46005.37,127097.06,325381.77,460981.4,517492.46,86929.61,156225.67,143581.16,183503.36,102526.12,154986.65,132360.8,132978.05,149705.66,106452.28,166422.63,97713.31,145713.01,1533215.23,24325.51,15858.88,114857.66,254329.31,141.93,1253260.97,4300793.86,33484.02,881343.0,630401.43,55349.59,55998.79
Scenario 2,451,2,True Positive News,151,TRADING,151744.79,1394094.76,169990.23,293718.23,656275.53,612675.58,229778.85,503918.06,706202.85,944668.0,474811.81,281987.78,2043859.61,26435.4,464328.61,46000.51,327989.05,460261.44,249764.39,46006.11,126882.57,324538.71,461658.71,517998.43,86939.04,156404.17,143574.18,183460.31,102374.87,154959.13,132362.24,132741.35,149982.6,106329.07,166473.83,97863.14,145734.59,1530944.32,24353.2,15867.08,114924.13,254308.81,142.24,1253265.77,4297055.63,33545.37,880106.91,632087.99,55407.69,55975.54
Scenario 2,452,2,True Positive News,152,TRADING,151701.47,1394281.25,169912.01,293077.43,658018.09,613005.65,229742.96,503385.05,706044.27,944586.06,473985.61,282053.35,2048281.3,26507.33,463658.84,46010.1,328695.16,460269.77,249665.03,46015.25,126720.82,323696.42,462171.07,518588.18,87081.68,156628.05,143486.92,183455.95,102208.3,154887.49,132379.49,132432.58,150200.62,106189.34,166366.76,98013.36,145903.56,1529141.22,24393.45,15872.65,115124.72,254244.81,142.59,1253793.69,4285539.41,33608.81,879578.45,633804.07,55478.97,55970.09
Scenario 2,453,2,True Positive News,153,TRADING,151671.31,1394181.9,169693.58,292818.9,659873.07,613521.02,229726.88,502664.55,706032.62,944359.43,473175.75,282254.9,2051950.16,26568.46,463164.98,46018.55,328887.49,460172.52,249204.1,46002.79,126377.76,322713.67,462540.3,519149.4,87058.86,156939.11,143575.56,183385.37,102128.13,154986.4,132334.31,132276.95,150319.24,106156.68,166157.37,98162.28,146072.82,1526579.12,24416.28,15896.67,115317.23,254234.09,142.73,1253976.32,4278328.22,33671.1,879243.23,635216.83,55558.41,55939.0
Scenario 2,454,2,True Positive News,154,TRADING,151581.68,1394047.0,169656.96,292318.17,661522.7,613754.95,229722.68,502786.08,706143.13,943984.44,472301.29,282831.49,2058918.3,26638.69,462953.69,46000.82,329267.57,460176.18,249027.79,45976.72,126092.99,321696.32,463104.86,519807.07,87268.3,157096.29,143586.03,183425.37,101939.23,155115.46,132303.41,131974.61,150656.33,106107.62,166050.66,98346.24,146397.97,1524353.14,24458.65,15917.46,115524.69,254131.87,142.76,1254230.27,4268389.31,33745.16,878241.25,637092.88,55651.47,55893.46
Scenario 2,455,2,True Positive News,155,TRADING,151519.41,1394453.35,169818.57,291374.98,663179.28,613654.2,229717.06,501953.42,706296.73,944776.18,471731.48,283264.62,2064200.58,26696.16,462307.94,45998.34,329808.81,460048.55,248744.66,45926.8,126038.13,320847.71,463769.36,520431.65,87272.6,157231.43,143633.81,183408.96,101903.92,155091.51,132157.27,131828.63,150786.86,106014.78,165955.96,98515.84,146644.32,1520415.57,24494.48,15922.8,115827.68,254218.84,142.89,1254689.34,4264827.3,33767.41,877434.0,638495.97,55714.6,55894.74
Scenario 2,456,2,True Positive News,156,TRADING,151440.27,1394605.57,169714.3,291035.51,665399.86,614005.53,229615.31,500536.6,705800.3,944503.15,471018.77,283661.42,2070097.32,26740.96,461948.69,46025.79,330436.94,459848.41,248324.03,45912.22,125821.08,319364.04,464701.87,520775.05,87301.82,157414.42,143649.61,183353.48,101756.43,155048.76,132139.71,131647.88,151157.79,105914.88,165985.15,98668.26,146891.64,1518394.58,24535.7,15939.66,115989.29,254174.27,143.19,1254671.69,4254946.19,33838.33,876797.31,639853.18,55804.58,55872.38
Scenario 2,457,2,True Positive News,157,TRADING,151452.66,1394502.07,169767.6,290494.64,667879.22,613991.7,229583.63,499822.41,706100.99,944128.93,470384.54,284269.58,2076045.38,26814.83,461889.12,46006.34,330782.29,459950.67,248395.61,45893.33,125473.89,320755.08,465055.89,521504.58,87312.54,157564.97,143675.25,183370.78,101329.79,155157.91,132168.76,131490.26,151547.44,105747.47,165797.77,98828.03,147108.02,1515027.64,24554.5,15945.61,116169.09,254131.48,143.24,1254661.78,4243723.09,33902.55,876433.99,641432.15,55907.26,55865.37
Scenario 2,458,2,True Positive News,158,TRADING,151423.03,1394754.39,169493.22,289866.97,669661.74,614266.5,229500.37,499151.26,706517.26,943646.29,469717.01,284722.35,2080433.75,26890.96,461495.71,46014.36,331440.13,459896.79,247558.62,45867.79,125238.96,321557.92,465649.48,522184.03,87427.52,157794.03,143673.08,183381.77,101090.88,155216.64,132117.89,131197.93,151909.75,105722.45,165455.41,98985.72,147349.3,1511840.65,24579.02,15944.68,116401.13,254180.69,143.44,1254744.66,4234356.22,33962.39,875707.93,642858.26,56041.28,55866.77
Scenario 2,459,2,True Positive News,159,TRADING,151430.77,1395105.45,169432.34,289045.86,671537.84,614412.01,229445.38,498696.32,706753.06,943683.18,468853.48,285268.2,2083191.2,26949.54,461310.82,46009.06,331601.05,459709.48,247607.89,45862.17,125030.19,322360.48,466192.08,522787.21,87472.45,157874.42,143627.68,183405.04,100885.23,155230.69,132032.68,130940.4,152349.19,105592.42,165366.19,99136.32,147610.13,1509928.96,24599.86,15953.16,116528.35,254147.48,143.76,1255346.76,4227277.78,34024.99,874913.48,644490.24,56087.26,55835.73
Scenario 2,460,2,True Positive News,160,TRADING,151443.77,1394890.72,169311.49,288679.16,673750.47,614123.91,229406.16,498097.93,706398.22,943387.07,467660.39,285592.35,2089116.03,27027.42,460686.6,46001.5,332508.96,459687.57,247059.08,45847.77,124691.96,323037.81,466759.41,523398.0,87549.23,158182.1,143632.66,183374.72,100667.52,155419.76,132015.45,130742.87,152693.07,105555.01,165194.03,99296.82,147757.61,1508785.35,24627.52,15973.42,116684.89,254048.75,143.97,1255263.74,4216090.47,34036.46,873619.97,645967.3,56146.71,55777.71
Scenario 2,461,2,True Positive News,161,TRADING,151410.86,1395132.77,169290.34,288142.35,675986.17,614791.13,229436.48,497126.66,706880.07,943489.77,467125.5,286036.79,2095106.14,27101.96,460220.35,46000.04,333125.86,459494.83,246876.8,45835.1,124451.18,323851.66,467262.92,523990.67,87610.62,158330.23,143654.96,183417.79,100395.91,155208.63,131989.89,130620.68,152960.19,105577.87,165078.23,99461.86,148031.52,1505001.35,24662.38,15974.6,116842.7,254088.76,144.36,1255477.5,4207668.85,34049.07,872423.07,647708.91,56223.73,55776.95
Scenario 2,462,2,True Positive News,162,TRADING,151419.17,1395590.46,169086.19,287355.65,678014.68,615034.49,229448.61,496913.74,707120.26,943744.99,466016.24,286548.05,2101434.11,27163.41,459556.31,46003.5,333784.37,459388.99,246549.08,45791.23,124132.8,324432.14,468186.34,524789.76,87744.28,158425.03,143657.41,183477.4,100134.12,155199.97,131980.28,130591.21,153156.68,105354.58,165084.47,99636.08,148095.56,1502441.6,24689.08,15983.33,117132.17,254139.27,144.6,1255212.21,4199734.38,34165.79,871722.15,648958.68,56302.39,55752.21
Scenario 2,463,2,True Positive News,163,TRADING,151424.57,1395429.6,168771.57,286754.4,680474.37,615329.36,229399.21,496684.68,707126.83,943993.71,465031.1,286969.18,2106173.68,27231.86,459368.44,45995.63,334747.96,459340.37,246263.09,45788.84,123818.4,325143.7,469070.56,525544.86,87828.34,158856.47,143739.72,183491.68,99907.07,155267.66,131956.12,130397.74,153421.22,105202.12,165014.14,99746.03,148243.85,1501926.49,24718.45,15987.07,117370.22,254084.57,144.77,1254874.48,4189596.53,34242.54,870732.16,650570.71,56371.6,55733.14
Scenario 2,464,2,True Positive News,164,TRADING,151457.06,1395547.5,168906.82,286021.99,682112.03,615491.78,229404.08,496050.9,707340.92,943746.06,464347.91,287168.19,2111706.95,27277.47,458938.56,45987.5,335202.5,459362.89,246092.21,45785.7,123593.8,325768.91,469775.63,525933.03,87792.57,159058.99,143699.54,183538.39,99649.27,155069.94,131956.38,130134.16,153484.99,105004.6,164952.93,99896.2,148482.72,1500320.91,24742.72,16002.62,117620.7,253998.02,144.98,1254897.39,4184431.53,34254.83,870294.27,651912.63,56446.62,55730.63
Scenario 2,465,2,True Positive News,165,TRADING,151428.12,1397295.85,168679.68,285407.79,683871.75,615786.5,229436.19,495898.36,707530.45,943080.19,463369.76,287404.94,2116737.42,27343.98,458853.96,45992.06,335631.21,459351.37,245713.11,45749.7,123452.3,326410.95,470277.96,526623.92,87926.15,159277.89,143691.73,183580.57,99448.59,155145.58,131985.96,129866.58,153704.9,104862.84,164846.84,100067.68,148757.38,1497066.19,24778.1,16040.36,117812.54,254038.65,145.05,1255201.17,4177660.7,34310.16,869789.74,653448.28,56519.08,55719.51
Scenario 2,466,2,True Positive News,166,TRADING,151441.21,1397430.18,168589.84,284615.77,685243.36,616532.86,229360.18,494831.91,707568.31,943448.39,462973.08,288077.24,2118699.44,27405.35,458692.78,45978.71,336145.84,459160.62,245534.06,45749.21,123222.7,327058.42,471173.2,527106.59,88060.22,159558.6,143683.91,183651.08,99194.41,155057.36,131941.6,129681.66,154045.52,104756.55,164704.98,100213.03,148931.05,1495482.89,24790.75,16063.51,117996.33,253925.46,145.3,1254857.63,4173253.56,34320.07,868803.19,654928.62,56598.83,55642.93
Scenario 2,467,2,True Positive News,167,TRADING,151400.61,1397653.02,168517.0,284108.57,687055.99,616793.0,229349.07,495014.59,707652.78,943485.97,462844.97,288810.47,2121672.2,27465.01,458725.12,45964.2,337095.45,459068.65,245164.08,45765.99,123017.99,327714.23,471828.11,527472.42,88132.62,159771.34,143674.61,183647.1,99055.31,155230.31,131961.28,129425.95,153995.42,104603.88,164693.31,100376.72,149139.7,1493378.15,24813.01,16085.43,118277.83,253907.76,145.39,1255011.07,4164474.05,34346.19,868037.42,656421.55,56649.02,55645.64
Scenario 2,468,2,True Positive News,168,TRADING,151433.83,1397221.69,168267.5,283500.36,689249.37,617475.97,229430.74,494565.15,707755.35,943478.67,461731.04,289111.92,2126961.27,27511.35,458180.12,45941.84,337718.63,459180.59,244904.8,45739.13,122800.53,328321.23,472250.33,528129.89,88214.96,160022.18,143642.19,183729.29,98860.56,155304.24,131904.82,129188.98,154208.04,104408.1,164648.19,100576.94,149236.65,1488485.73,24827.08,16091.49,118392.99,254019.53,145.54,1254985.93,4161695.27,34389.48,867437.37,657953.75,56729.36,55597.93
Scenario 2,469,2,True Positive News,169,TRADING,151438.32,1397686.01,167937.52,282948.51,690936.44,617965.45,229456.77,493917.92,708281.09,943412.86,461508.0,289478.97,2132732.24,27589.27,457463.26,45938.41,338075.37,459176.5,244520.5,45751.42,122633.89,329016.03,472923.09,528607.51,88270.39,160284.2,143683.92,183694.74,98603.33,155488.45,131831.96,128888.19,154437.19,104424.16,164648.38,100746.71,149462.14,1485592.42,24850.69,16100.11,118656.49,253935.22,145.79,1254789.4,4150410.15,34481.08,866582.78,659231.39,56806.86,55550.7
Scenario 2,470,2,True Positive News,170,TRADING,151443.14,1397885.86,167960.05,282407.47,692619.95,618481.58,229491.56,493927.56,708259.0,943322.15,460885.82,289878.61,2137013.67,27648.9,457498.25,45941.55,338348.79,459023.13,244319.05,45716.74,122351.05,329771.65,473293.13,529100.79,88371.52,160454.88,143668.67,183668.22,98434.7,155583.08,131887.82,128741.28,154705.07,104280.23,164490.63,100955.47,149636.6,1482408.84,24884.42,16112.55,118912.86,253838.24,145.96,1254973.2,4147368.75,34525.23,865746.16,660820.85,56857.61,55501.49
Scenario 2,471,2,True Positive News,171,TRADING,151444.97,1397339.77,167878.91,282062.98,694361.01,618984.79,229413.14,493925.32,708511.28,943096.81,460942.61,290176.14,2141733.5,27706.84,456807.47,45955.92,339079.54,458837.19,244019.54,45724.79,122196.11,330482.0,473910.87,529778.64,88367.71,160583.24,143658.29,183607.16,98237.4,155546.79,131897.53,128428.78,154986.12,104145.68,164534.67,101076.5,149774.65,1480012.03,24910.86,16111.11,118991.66,253843.53,146.09,1254999.99,4145024.48,34568.18,864798.16,662402.7,56924.74,55482.72
Scenario 2,472,2,True Positive News,172,TRADING,151459.83,1397746.91,167656.47,281538.56,695976.74,619567.96,229457.39,493145.67,708614.79,943284.46,460335.21,290685.02,2148092.64,27777.38,456792.96,45970.43,339850.19,458853.8,243800.38,45730.18,121840.04,331184.96,474337.98,530352.18,88395.25,160919.23,143596.0,183578.89,98026.72,155530.83,131839.04,128204.0,155274.4,104007.69,164388.1,101280.54,149906.1,1476441.21,24949.35,16111.01,119297.49,253765.93,146.29,1254965.52,4133341.9,34575.68,864504.2,664181.53,56998.84,55453.83
Scenario 2,473,2,True Positive News,173,TRADING,151450.74,1398136.25,167586.26,280903.49,697719.02,619209.86,229458.29,491909.77,708331.3,942870.44,459654.56,291139.57,2152799.16,27829.3,456117.31,45951.81,340598.91,458807.94,243676.85,45732.04,121623.59,331972.96,475146.25,531283.51,88362.11,161135.27,143610.35,183608.9,97855.71,155349.7,131754.66,128072.15,155783.79,103766.87,164187.11,101484.99,150650.47,1474643.78,24971.19,16122.7,119552.82,253809.24,146.46,1255172.56,4125252.77,34622.23,864093.33,666020.45,57006.56,55419.46
Scenario 2,474,2,True Positive News,174,TRADING,151500.92,1398214.95,167533.69,280323.21,699311.22,619665.34,229330.99,491366.74,708400.32,942558.92,459194.68,291644.16,2158076.08,27871.22,455560.24,45946.25,341110.38,458753.41,242937.89,45705.2,121452.62,332629.69,475794.22,532204.42,88405.62,161384.94,143645.24,183586.61,97722.2,155510.29,131710.18,127921.32,155979.72,103612.49,164153.88,101655.14,149693.19,1471941.01,25016.91,16131.15,119784.6,253799.38,146.74,1255509.8,4114391.92,34696.36,862944.54,667634.58,57006.56,55404.5
Scenario 2,475,2,True Positive News,175,TRADING,151480.33,1398648.72,167303.56,279799.88,701353.04,620010.15,229280.87,490459.52,708644.72,942353.02,458808.51,292159.47,2163781.72,27935.44,455037.01,45943.73,342055.13,458801.67,242285.79,45722.2,121242.97,333268.55,476082.8,532907.41,88380.73,161532.32,143611.36,183583.64,97443.52,155375.75,131734.86,127487.56,156211.33,103647.7,164056.7,101831.42,149388.52,1470162.6,25052.48,16134.19,120102.4,253694.03,146.84,1255644.67,4104310.07,34767.29,862668.1,668672.26,57006.56,55373.43
Scenario 2,476,2,True Positive News,176,TRADING,151428.94,1398865.25,167175.58,279282.71,703120.56,620212.52,229348.33,490354.26,708688.84,942609.5,458139.6,292829.16,2169087.71,27984.86,454914.93,45922.53,342521.73,458679.06,241745.6,45719.86,120878.53,334050.79,476702.31,533506.04,88304.38,161716.91,143528.49,183606.17,97172.83,155607.9,131640.47,127338.87,156441.42,103430.82,164047.06,101982.57,149024.02,1467214.14,25082.74,16156.95,120283.02,253626.6,147.03,1255554.06,4096539.35,34790.72,861355.3,670287.43,57006.56,55374.32
Scenario 2,477,2,True Positive News,177,TRADING,151444.12,1399164.31,167244.94,278930.78,705064.18,621015.57,229390.55,489836.02,708431.09,943132.69,457454.34,293488.06,2172355.11,28065.18,454052.07,45933.75,343198.73,458533.99,241350.3,45707.37,120615.28,334604.53,477410.08,534121.53,88434.28,161995.78,143532.85,183606.04,96926.99,155671.97,131629.96,127193.41,156830.77,103303.98,163977.19,102110.35,148842.65,1466322.66,25107.71,16163.59,120477.84,253618.63,147.25,1255701.17,4088045.08,34817.1,860365.08,671479.97,56999.91,55379.73
Scenario 2,478,2,True Positive News,178,TRADING,151407.69,1399565.39,167345.82,278609.08,706898.57,620905.81,229499.35,489419.99,708130.22,942745.68,456974.06,293580.45,2177376.95,28121.71,453612.02,45934.16,343804.7,458547.78,240943.22,45697.8,120434.07,335353.98,477410.08,535137.63,88420.45,162320.59,143490.02,183585.7,96732.76,155455.27,131564.43,127060.3,156888.96,103294.32,163847.29,102270.49,148532.75,1463962.16,25133.78,16182.25,120699.12,253527.97,147.47,1255759.46,4082785.01,34842.82,859123.54,673180.15,56888.19,55385.3
Scenario 2,479,2,True Positive News,179,TRADING,151330.66,1399312.37,167198.03,278017.45,708951.35,621068.01,229477.43,488750.0,708258.78,942893.15,456548.22,294304.04,2182005.5,28196.5,453240.85,45945.02,343925.67,458507.16,240578.09,45691.57,120233.9,336114.2,477410.08,535963.46,88539.69,162625.85,143540.37,183647.61,96579.56,155574.08,131576.04,126829.95,157075.43,103065.23,163882.23,102482.7,148285.32,1463056.99,25177.3,16183.35,120931.71,253476.28,147.56,1255950.76,4072823.68,34897.63,858018.97,674868.12,56787.76,55321.98
Scenario 2,480,2,True Positive News,180,TRADING,151326.73,1399549.61,167182.15,277649.82,711215.81,621175.58,229500.21,487848.39,708300.98,942769.25,455496.7,294706.62,2186760.43,28247.63,452608.62,45928.83,344384.57,458420.58,239981.09,45675.6,120021.1,336786.64,477410.08,536569.27,88605.96,163302.23,143501.13,183760.17,96384.26,155476.86,131555.23,126529.7,157429.62,102857.62,163882.99,102618.28,148109.85,1460802.16,25202.44,16198.69,121193.21,253395.32,147.76,1256132.66,4067205.71,34923.64,857330.96,676123.93,56696.12,55305.66
Scenario 2,481,2,True Positive News,181,TRADING,151298.5,1399632.97,167206.4,277276.04,713158.62,621232.42,229485.15,488237.55,708341.21,942890.85,454750.06,295198.74,2191012.76,28302.19,451901.36,45929.47,344883.82,458281.68,239568.71,45694.43,119883.37,337604.73,477410.08,537121.81,88673.19,162491.05,143508.13,183720.67,96249.41,155407.87,131511.07,126310.38,157703.5,102607.92,163838.25,102790.51,147886.48,1458695.82,25221.83,16218.24,121409.83,253353.44,147.93,1256300.35,4061151.75,34968.22,856060.29,677485.42,56579.16,55292.51
Scenario 2,482,2,True Positive News,182,TRADING,151312.0,1399999.3,167167.88,276757.46,715290.65,621069.81,229534.89,487569.17,708296.82,943340.4,454117.58,295300.53,2195818.51,28394.9,451928.42,45920.63,345823.63,458230.97,239364.49,45684.92,119662.92,338382.75,477410.08,537730.78,88735.46,162263.96,143505.96,183756.47,95997.65,155445.95,131495.89,126105.31,157871.8,102334.85,163661.0,102997.74,147551.08,1456296.06,25266.01,16229.8,121738.66,253292.17,148.06,1256264.42,4053295.88,34991.76,854950.09,678546.3,56498.66,55275.61
Scenario 2,483,2,True Positive News,183,TRADING,151277.8,1399714.5,167076.39,276385.25,717105.75,620955.88,229556.76,486882.25,708261.02,943061.66,453370.26,295828.85,2200166.36,28445.49,451859.43,45918.15,346420.53,458102.16,238891.55,45722.17,119530.26,338935.59,477410.08,538392.04,88923.12,161962.98,143524.09,183796.89,95786.11,155326.56,131500.15,125894.24,158098.68,102206.31,163502.95,103163.99,147284.61,1455252.02,25303.0,16234.97,121915.23,253289.88,148.18,1256143.41,4041797.87,35035.33,853515.13,680118.25,56379.65,55283.47
Scenario 2,484,2,True Positive News,184,TRADING,151238.17,1400150.7,166800.41,275623.7,719376.67,621453.58,229551.06,486623.43,708238.11,943577.2,452410.92,295779.64,2202082.61,28516.27,451198.29,45909.3,347116.48,458045.42,238436.87,45734.83,119209.0,339568.51,477410.08,538950.85,89052.45,161799.08,143518.16,183729.68,95589.06,155250.12,131413.44,125730.02,158379.7,102070.14,163336.03,103339.34,147029.45,1452286.76,25324.69,16257.97,122151.51,253319.96,148.41,1255702.98,4035556.76,35057.49,852440.26,681821.87,56287.42,55272.15
Scenario 2,485,2,True Positive News,185,TRADING,151251.03,1400161.56,166667.9,274940.0,721303.8,621889.79,229520.49,486425.01,707960.59,943664.08,451648.48,296142.99,2207132.81,28583.72,450470.94,45902.43,347504.11,457903.01,238119.77,45745.09,118929.9,340195.92,476874.87,539266.76,89169.4,161427.85,143581.36,183690.44,95396.1,155122.84,131364.77,125493.55,158824.7,101840.52,163204.99,103488.02,146608.25,1448887.31,25340.65,16270.08,122400.35,253437.57,148.4,1255802.85,4025288.45,35117.67,851735.2,682691.99,56175.6,55271.54
Scenario 2,486,2,True Positive News,186,TRADING,151215.64,1399728.76,166496.85,274251.58,723387.08,622660.05,229572.11,486178.01,707885.89,943622.78,451377.22,296548.16,2213900.08,28632.99,450145.26,45906.8,347865.7,457826.24,237314.78,45730.77,118695.99,340912.25,476371.09,539495.65,89212.19,161227.77,143583.66,183704.72,95163.45,155172.25,131362.51,125441.69,159060.65,101758.53,163022.37,103640.42,146401.85,1446607.55,25374.4,16286.65,122512.58,253435.11,148.59,1256289.75,4013081.17,35175.1,850971.2,684348.84,56075.33,55264.04
Scenario 2,487,2,True Positive News,187,TRADING,151214.04,1399619.49,166273.72,273578.97,725162.71,622420.62,229514.34,485857.71,708060.32,943523.86,450589.13,296871.74,2218804.21,28680.19,449457.64,45914.59,348520.32,457747.14,237120.4,45717.56,118334.37,341426.6,475531.87,540302.26,89314.25,160957.33,143579.05,183667.48,94996.5,155303.39,131369.06,125253.19,159118.44,101539.05,162811.89,103814.87,145880.71,1445424.55,25410.63,16310.77,122733.51,253577.65,149.07,1256637.47,4006641.48,35211.73,850218.97,685942.04,55963.73,55261.38
Scenario 2,488,2,True Positive News,188,TRADING,151209.92,1399661.54,166158.88,273313.51,726559.74,622876.6,229507.02,485234.08,708300.12,943374.2,450058.49,297657.01,2223003.23,28750.19,449586.05,45922.18,348826.58,457597.72,236960.6,45736.08,118028.39,342127.93,474697.01,540816.65,89350.46,160842.64,143627.75,183622.1,94849.58,155391.11,131359.22,125006.22,159290.02,101420.11,162780.46,103951.37,145637.39,1444578.82,25455.31,16310.96,122904.38,253699.04,149.16,1257016.25,3996502.04,35237.56,848740.18,687711.92,55868.42,55243.64
Scenario 2,489,2,True Positive News,189,TRADING,151228.32,1400316.89,165986.74,272617.99,728614.73,622281.37,229479.68,485394.25,708150.38,943254.59,449359.05,298005.73,2228002.88,28824.1,449121.51,45905.99,349531.14,457509.79,236813.18,45723.69,117793.51,342856.38,473869.16,541344.56,89490.14,160364.35,143601.38,183539.45,94631.66,155349.63,131360.25,124801.95,159657.27,101176.89,162686.22,104113.47,145320.18,1444146.87,25499.08,16316.65,123178.87,253619.0,149.24,1257388.2,3986565.72,35269.35,847747.47,689644.83,55776.87,55255.14
Scenario 2,490,2,True Positive News,190,TRADING,151196.27,1400434.14,165912.05,272037.21,731168.49,622370.23,229477.51,484505.9,708335.21,942838.43,448607.5,298461.45,2232726.37,28919.05,448643.91,45905.79,349817.22,457541.7,236365.0,45696.82,117541.32,343788.63,473111.39,541774.95,89536.69,159984.54,143596.37,183439.64,94480.6,155249.49,131442.41,124639.73,159770.35,101038.85,162637.92,104259.58,144973.41,1443132.05,25532.9,16330.57,123534.62,253689.46,149.3,1257291.44,3978921.4,35338.17,847048.83,691125.56,55666.51,55209.37
Scenario 2,491,2,True Positive News,191,TRADING,151203.04,1399780.97,165909.45,271455.84,733287.83,623091.29,229499.9,483703.4,708423.65,943327.62,447815.56,299027.0,2237670.97,28990.48,448268.31,45891.43,350735.22,457432.48,236319.72,45673.26,117268.01,344498.67,472093.25,542346.11,89583.14,159627.88,143650.04,183458.11,94254.32,155321.56,131443.31,124419.79,159931.0,100836.64,162614.22,104409.93,144712.38,1438417.51,25545.11,16328.43,123822.12,253756.43,149.47,1258017.22,3972629.72,35385.28,846185.18,692654.99,55574.31,55193.96
Scenario 2,492,2,True Positive News,192,TRADING,151245.6,1398986.73,165952.81,270985.79,735538.31,623693.52,229550.52,482933.65,708216.04,943269.47,447417.23,299427.29,2243138.53,29049.89,448082.72,45879.33,351161.32,457349.36,236087.6,45646.83,116995.83,345143.39,471190.97,542876.03,89662.31,159353.82,143701.56,183484.39,93959.49,155396.92,131393.18,124222.96,160142.12,100691.4,162696.0,104569.45,144313.83,1436315.73,25564.93,16333.81,123974.53,253686.18,149.68,1258277.66,3966851.4,35412.61,845391.82,693990.02,55456.09,55163.73
Scenario 2,493,2,True Positive News,193,TRADING,151243.58,1399051.48,165759.77,270573.64,737892.63,624257.65,229453.19,482217.14,708007.15,942824.1,446674.58,299765.12,2247891.78,29095.23,447730.2,45879.39,351423.49,457267.84,235988.29,45651.14,116721.89,345774.18,470314.22,543423.42,89752.4,158987.51,143793.69,183465.89,93792.57,155577.86,131406.53,124066.42,160426.53,100493.85,162770.82,104734.98,143925.85,1434359.53,25601.68,16334.09,124264.05,253662.07,149.97,1258470.01,3958819.78,35470.3,844854.09,695459.17,55360.4,55157.86
Scenario 2,494,2,True Positive News,194,TRADING,151229.17,1399421.35,165500.56,269988.92,739719.81,624072.38,229491.65,481707.96,708377.61,943062.82,445607.2,300334.54,2251935.07,29191.43,447663.82,45903.72,351916.56,457255.74,235743.66,45673.13,116282.71,346421.77,469882.99,543538.14,89814.14,158825.91,143807.72,183543.78,93482.63,155658.19,131388.12,123921.6,160671.99,100340.57,162835.39,104940.86,143673.04,1431988.83,25632.59,16349.72,124434.66,253794.67,150.16,1258590.8,3951640.67,35522.36,844261.43,697023.02,55257.45,55177.11
Scenario 2,495,2,True Positive News,195,TRADING,151254.73,1399602.44,165467.45,269008.64,740824.37,624535.73,229474.93,480633.79,708715.72,943451.85,445019.2,300696.81,2257209.67,29245.89,447315.6,45905.28,352200.07,457222.01,235169.98,45669.52,116074.39,347213.2,469323.48,544023.58,89886.34,158611.8,143798.9,183602.94,93228.03,155594.77,131398.86,123735.94,161021.39,100380.96,162671.1,105140.52,143392.8,1429966.32,25664.6,16349.27,124561.51,253854.95,150.44,1258929.21,3939808.9,35567.57,843550.21,698127.85,55160.41,55180.94
Scenario 2,496,2,True Positive News,196,TRADING,151275.21,1399929.01,165450.17,268582.8,742644.8,625097.45,229493.71,479578.47,708575.2,943381.83,444249.68,301515.66,2261260.6,29318.29,446996.84,45904.15,352631.93,457274.2,234901.63,45641.22,115849.52,347819.77,468601.75,544827.61,89803.01,158393.13,143855.47,183596.93,93017.73,155611.37,131430.21,123468.29,161388.59,100212.47,162722.6,105315.0,143224.89,1428199.4,25691.56,16378.15,124851.94,253827.51,150.58,1259178.39,3930326.01,35587.78,843026.7,699080.2,55079.17,55184.99
Scenario 2,497,2,True Positive News,197,TRADING,151247.91,1399744.7,165349.8,268383.34,745214.57,624908.44,229378.13,479185.16,708559.64,943346.48,443434.85,301738.79,2265674.3,29400.19,446017.63,45910.7,353198.11,457220.24,234343.73,45607.65,115687.26,348446.36,468127.36,545192.02,89881.03,158140.78,143890.61,183718.25,92848.14,155406.19,131432.53,123245.19,161580.67,100082.3,162663.3,105489.23,142902.93,1426126.1,25691.56,16397.48,124979.86,253766.25,150.69,1259183.63,3924937.48,35660.33,842439.1,700207.71,55004.97,55143.9
Scenario 2,498,2,True Positive News,198,TRADING,151168.2,1400452.17,165096.34,268072.01,747121.63,625293.36,229353.81,478570.98,708597.99,943402.46,442383.28,301986.4,2272358.91,29444.4,445548.08,45903.18,353862.25,457152.86,233852.03,45595.18,115549.84,349138.86,467451.83,545591.01,90081.64,157824.22,143893.7,183692.71,92685.88,155142.56,131431.58,122953.41,161927.56,99844.55,162719.71,105667.81,142647.14,1423610.06,25691.56,16412.3,125182.08,253807.01,150.82,1259156.92,3923117.08,35686.36,841501.25,701704.32,54899.97,55150.48
Scenario 2,499,2,True Positive News,199,TRADING,151183.95,1400419.82,164962.64,267349.45,748595.46,625881.63,229343.91,477549.87,708471.22,943463.48,441856.87,301989.83,2276110.05,29490.9,445652.58,45902.27,354088.07,457095.81,233534.54,45570.6,115444.0,349912.08,466682.96,546438.85,90141.98,157463.37,143923.06,183673.78,92465.62,154986.53,131436.95,122822.52,162084.66,99620.17,162458.69,105790.33,142391.88,1421179.81,25691.56,16411.02,125467.09,253947.87,151.12,1259327.84,3919574.75,35726.75,840281.58,703289.04,54811.2,55170.76
Scenario 2,500,2,True Positive News,200,TRADING,151168.01,1399901.51,164733.23,267028.7,750535.37,626152.47,229315.87,476648.16,708701.28,943309.66,440902.1,302409.22,2281377.15,29567.2,445602.64,45901.26,354495.17,456831.92,233530.58,45574.91,115166.39,350772.64,466235.51,547145.49,90057.67,157269.6,143927.15,183633.24,92211.57,154984.57,131464.84,122658.75,162389.51,99499.83,162434.2,105940.86,142293.23,1418177.06,25691.56,16418.71,125668.94,253996.1,151.45,1259358.07,3915449.94,35770.11,839309.66,704870.65,54693.83,55144.71
Scenario 2,501,2,True Positive News,201,TRADING,151159.38,1399807.15,164505.14,266337.39,752379.74,626110.07,229326.19,475334.11,708637.59,943226.38,440377.57,302640.49,2286581.57,29631.83,445472.56,45889.62,355305.58,456702.04,233077.66,45577.17,115045.86,351615.86,465135.88,547890.27,90165.02,156936.97,143928.89,183620.59,92023.62,155043.2,131452.08,122460.1,162693.93,99301.12,162146.27,106075.74,142086.04,1414334.28,25669.27,16422.42,125781.43,253951.85,151.71,1259621.54,3907697.4,35830.59,838562.87,706249.95,54573.43,55153.24
Scenario 2,502,2,True Positive News,202,TRADING,151114.65,1399183.5,164205.43,265938.97,754281.93,626093.87,229201.84,474173.71,708653.33,943476.56,439386.21,303370.04,2292107.16,29672.23,445264.7,45891.77,356211.3,456685.89,232740.07,45576.9,114873.74,352364.18,464429.37,548019.46,90365.94,156721.79,143981.86,183621.63,91758.76,154940.12,131428.39,122278.8,162995.64,99085.78,162052.11,106303.89,141958.24,1411766.99,25623.34,16455.42,126051.39,253957.9,151.79,1259820.14,3906333.2,35884.9,837808.59,707868.08,54451.87,55123.32
Scenario 2,503,2,True Positive News,203,TRADING,151040.37,1399269.72,164170.44,265339.58,756492.61,626559.48,229219.13,473969.28,708417.08,943133.06,438903.05,303979.17,2296264.45,29725.14,444970.32,45902.28,357055.83,456666.43,232389.47,45575.25,114612.65,353153.22,463346.97,549017.47,90352.35,156476.79,143972.56,183626.44,91552.43,154897.74,131445.8,122007.55,163233.94,98831.24,162048.84,106410.25,141549.09,1409269.21,25562.85,16482.4,126146.85,253964.09,152.08,1260093.91,3898590.96,35917.28,836710.2,709240.16,54338.58,55129.88
Scenario 2,504,2,True Positive News,204,TRADING,151068.56,1399319.79,164020.53,264789.99,758848.37,626717.0,229208.78,474055.04,709008.38,943204.33,438513.41,304506.25,2300060.08,29768.72,444689.21,45907.49,357964.5,456508.77,232064.51,45567.85,114353.47,353917.71,462571.54,549984.69,90333.38,156145.21,144022.83,183601.23,91303.99,154970.4,131430.24,121814.87,163464.44,98716.32,161799.74,106543.26,141337.91,1407957.54,25505.35,16509.27,126505.84,254039.11,152.27,1260332.62,3896455.58,35960.68,835853.18,710742.78,54255.05,55118.6
Scenario 2,505,2,True Positive News,205,TRADING,151092.34,1399560.89,163981.48,264072.32,760494.2,626400.01,229282.42,473389.68,708590.31,942703.0,437715.39,305303.75,2305430.36,29838.51,443997.63,45912.81,358598.65,456389.33,231883.2,45543.44,114092.26,354564.8,462001.03,550700.0,90445.83,155928.2,144087.89,183613.89,91028.28,154894.98,131423.77,121653.39,163653.05,98614.62,162023.96,106708.14,141002.24,1407357.36,25438.54,16511.21,126716.52,253944.63,152.39,1260223.9,3889848.27,36019.32,835216.97,710250.94,54196.27,55116.02
Scenario 2,506,2,True Positive News,206,TRADING,151106.86,1399442.09,163850.66,263335.0,762790.7,626625.12,229250.28,472851.06,708462.54,943052.46,436847.35,305951.87,2309465.17,29901.48,443394.15,45922.98,359080.92,456344.9,231433.66,45510.41,113849.32,355419.84,461205.99,551262.8,90514.7,155518.97,144087.53,183666.6,90836.22,154947.39,131416.45,121529.05,163905.57,98392.4,161966.1,106848.79,140951.27,1404585.67,25379.06,16514.88,126901.92,253940.05,152.64,1260358.06,3884573.14,36078.64,834300.84,709683.52,54089.59,55073.69
Scenario 2,507,2,True Positive News,207,TRADING,151090.66,1399385.39,163619.91,262535.59,764843.76,626790.53,229252.25,472850.38,708738.05,943096.47,436861.29,307064.0,2315068.3,29983.07,443112.07,45926.2,359145.14,456218.94,231491.67,45488.81,113987.25,356155.44,460602.95,551980.86,90708.98,155163.56,144151.5,183646.55,90966.91,155052.86,131439.36,121593.99,163558.06,98510.67,161873.89,107047.02,140752.47,1403266.57,25318.77,16529.78,126993.74,253837.64,152.83,1260269.26,3888963.2,36038.04,834021.07,709307.95,53988.6,55068.98
Scenario 2,508,2,True Positive News,208,TRADING,151057.38,1400376.17,163506.37,262190.21,767449.73,626798.4,229212.19,472994.6,708785.3,943123.46,436949.52,307273.96,2318763.91,30030.14,442015.51,45927.84,358789.56,456272.41,231706.02,45475.19,114083.71,356996.36,459977.46,552703.24,90734.44,154776.03,144220.27,183581.05,91103.31,155017.11,131358.41,121596.4,163251.6,98522.88,161656.1,107204.66,140446.0,1399836.48,25288.47,16527.85,127195.37,253767.03,153.0,1260130.84,3895193.18,36012.95,832725.01,709094.92,53898.31,55072.24
Scenario 2,509,2,True Positive News,209,TRADING,151043.79,1400641.95,163435.57,261721.11,769586.26,626568.49,229227.67,473429.78,708834.93,942913.35,437396.27,308126.66,2323409.74,30097.88,441522.87,45944.08,358353.85,456281.91,232085.87,45465.43,114308.96,357772.82,459115.98,553198.23,90749.55,154460.44,144274.02,183519.87,91187.75,154973.7,131398.49,121715.98,162978.74,98408.2,161512.29,107343.39,140215.33,1396811.36,25217.42,16544.71,127451.77,253745.9,153.16,1260267.6,3900993.85,35992.69,831439.1,708551.87,53813.93,55062.05
Scenario 2,510,2,True Positive News,210,TRADING,151018.09,1400283.56,163565.65,261267.51,771309.54,627218.21,229155.77,474191.21,709161.89,942434.97,437353.09,308545.83,2329984.79,30168.25,440919.62,45939.88,357837.46,456114.19,232614.35,45465.58,114474.32,358517.62,458223.73,553429.66,90816.34,154195.55,144300.4,183543.96,91295.36,154931.89,131390.73,121675.04,162746.93,98380.95,161513.42,107497.94,140012.88,1393322.73,25154.41,16543.82,127678.04,253774.43,153.27,1260306.19,3906301.88,36010.19,830447.67,708072.66,53734.13,55052.61
Scenario 2,511,2,True Positive News,211,TRADING,151045.46,1400461.82,163594.41,260836.45,772656.34,627381.42,229095.54,475031.74,709350.01,942505.71,437583.72,308947.16,2337205.64,30211.0,441060.08,45953.47,357725.43,456092.63,233207.43,45456.24,114594.03,359350.49,457358.53,553959.01,90882.87,154006.32,144310.6,183571.46,91420.14,154747.55,131351.11,121700.61,162607.61,98361.44,161331.25,107680.4,139714.19,1391684.58,25102.17,16550.3,127891.42,253780.69,153.37,1260398.06,3909529.04,35967.31,829301.31,707762.8,53632.25,55035.21
Scenario 2,512,2,True Positive News,212,TRADING,151082.39,1400185.73,163381.5,259966.6,772106.0,627642.64,229109.77,475342.99,709212.77,942412.67,437720.0,309713.98,2343325.41,30294.68,440290.27,45959.6,357082.8,456030.43,233709.83,45458.37,114715.07,360043.41,456679.48,554831.26,91006.96,153697.64,144282.13,183444.64,91611.93,154669.48,131357.12,121677.02,162451.16,98291.34,161173.82,107836.96,139520.86,1387518.91,25058.42,16584.47,128061.97,253738.19,153.49,1260412.82,3915099.98,35937.92,828208.65,707019.27,53517.16,55012.56
Scenario 2,513,2,True Positive News,213,TRADING,151091.14,1400534.64,163362.65,259152.51,771597.81,627530.06,229146.06,475335.48,709187.31,942047.15,438242.31,310297.52,2348267.9,30360.7,439892.36,45951.62,356808.33,456003.85,233962.93,45427.86,114868.67,360614.69,456057.47,554872.2,91158.29,153251.5,144364.68,183422.7,91758.03,154837.78,131342.53,121812.18,162368.68,98335.84,161349.34,108012.07,139226.0,1385328.46,25000.17,16591.8,128240.12,253733.77,153.57,1259998.73,3923733.06,35973.37,827632.72,706615.47,53437.08,54977.37
Scenario 2,514,2,True Positive News,214,TRADING,151029.82,1400413.45,163195.62,258818.34,769832.67,628086.65,229129.66,475814.45,709450.62,942098.83,438512.2,310597.66,2351393.79,30415.82,439501.43,45948.32,356832.79,456075.24,234197.66,45409.59,114980.89,361411.2,455421.63,554872.2,91169.58,153067.78,144350.02,183431.56,91918.85,154852.52,131209.32,121745.68,162081.79,98381.55,161284.68,108130.09,138966.14,1383301.12,24945.64,16604.68,128477.91,253809.2,153.73,1259748.01,3929662.58,35910.06,827633.75,706202.33,53349.2,54961.55
Scenario 2,515,2,True Positive News,215,TRADING,151006.82,1400190.69,163220.4,258276.05,769138.76,627973.93,229076.32,476369.62,709544.77,942146.67,438628.09,311467.14,2356842.73,30483.1,439106.88,45953.22,356587.6,455909.32,234284.12,45408.93,115006.41,362010.41,454459.5,554872.2,91293.65,152807.17,144347.75,183415.01,92089.5,154665.03,131231.0,121754.43,161919.19,98218.26,161230.5,108305.64,138793.99,1381998.01,24898.31,16628.48,128800.27,253795.26,153.8,1259975.58,3935932.97,35839.96,827259.43,705496.22,53242.59,54941.01
Scenario 2,516,2,True Positive News,216,TRADING,150966.38,1400147.5,163132.38,257476.33,767664.86,628298.04,229033.13,476715.52,709282.64,942346.95,438699.93,312362.67,2360229.38,30535.51,439022.73,45948.67,356549.49,455911.35,234284.51,45414.14,115142.74,362605.6,453757.27,554872.2,91491.61,152580.22,144403.76,183456.13,92132.58,154650.08,131226.98,121846.58,161636.18,98253.69,161133.86,108515.18,138509.3,1380210.62,24839.87,16630.76,129171.64,253783.24,154.11,1259956.17,3940761.76,35817.76,826306.04,705288.19,53160.9,54905.94
Scenario 2,517,2,True Positive News,217,TRADING,150927.76,1400795.78,162965.9,256835.75,766751.89,628900.68,229007.63,477533.46,708996.47,942363.73,438880.7,312909.17,2366530.07,30583.4,438928.46,45942.21,356258.57,455828.4,234249.63,45410.78,115245.83,363327.62,453246.15,553329.84,91484.83,152352.92,144383.24,183449.87,92236.51,154625.82,131210.05,121798.74,161486.69,98342.43,160993.42,108671.31,138263.89,1378959.18,24795.88,16643.3,129406.83,253742.78,154.37,1259855.43,3945433.45,35793.94,825269.74,704588.23,53047.39,54900.59
Scenario 2,518,2,True Positive News,218,TRADING,150902.77,1401596.08,162863.96,255908.43,765879.67,629300.17,228996.17,477232.1,709188.6,942589.37,438978.32,313240.33,2372617.27,30646.06,438356.37,45948.62,356255.43,455697.49,234464.8,45377.74,115464.58,364026.63,452366.54,551672.19,91552.64,151865.03,144365.49,183428.19,92314.94,154602.53,131200.94,121880.9,161287.73,98376.26,160854.78,108782.89,137987.55,1377786.17,24734.47,16643.18,129602.06,253715.84,154.47,1259610.95,3952083.24,35732.84,824027.64,704218.84,52966.69,54898.06
Scenario 2,519,2,True Positive News,219,TRADING,150911.46,1402061.99,162748.57,255583.63,765059.76,628995.86,228981.08,477944.48,709151.44,942306.46,439240.53,313684.49,2377166.67,30723.91,438120.95,45958.57,355809.44,455492.25,235024.85,45362.2,115539.76,364771.51,451403.84,549883.07,91545.06,151608.81,144373.74,183381.95,92461.49,154639.76,131189.79,122002.63,161200.57,98424.25,160599.79,108920.55,137767.23,1375718.13,24668.14,16635.38,129864.64,253743.51,154.51,1260138.32,3957390.45,35717.31,822604.81,703713.86,52861.21,54898.79
Scenario 2,520,2,True Positive News,220,TRADING,150965.02,1401639.29,162543.5,254632.12,764280.0,628533.4,228894.9,478387.09,709200.77,942218.23,439459.66,314102.72,2383291.26,30778.91,437788.09,45967.46,355769.72,455333.37,235447.62,45366.98,115719.16,365374.77,451001.08,548378.36,91564.49,151256.49,144368.21,183266.02,92676.42,154699.7,131169.16,121976.29,160918.79,98460.02,160682.7,109090.01,137560.4,1374997.5,24610.44,16646.23,130019.49,253658.68,154.72,1260419.34,3963883.74,35693.84,821633.97,703352.92,52778.65,54897.87
Scenario 2,521,2,True Positive News,221,TRADING,150932.59,1401521.35,162441.83,253958.78,763521.7,628959.81,228844.28,479018.09,709565.04,941742.0,439689.4,314772.97,2390071.91,30849.0,437542.13,45961.51,355517.16,455325.47,235713.57,45375.49,115822.62,366258.86,450226.29,546864.8,91723.58,150873.48,144365.88,183327.62,92800.16,154592.4,131108.47,122008.06,160829.15,98392.16,160541.44,109257.99,137279.55,1372692.26,24555.84,16659.35,130213.33,253672.81,155.0,1260376.96,3970403.4,35675.38,820628.83,702746.39,52695.85,54890.3
Scenario 2,522,2,True Positive News,222,TRADING,150944.0,1401522.93,162217.37,253506.91,761947.9,629104.62,228923.42,479391.95,709525.85,941746.03,440247.55,315436.2,2394123.15,30908.26,437323.61,45958.63,354869.05,455314.22,236061.56,45357.77,116041.67,366966.98,449511.51,545565.69,91772.83,150574.25,144442.63,183321.37,92872.67,154798.22,131132.75,122061.34,160654.78,98364.55,160500.77,109358.43,137009.11,1371564.58,24512.49,16661.53,130507.52,253773.38,155.14,1260726.09,3974168.81,35625.79,819801.56,702561.24,52591.03,54870.64
Scenario 2,523,2,True Positive News,223,TRADING,150944.66,1401953.14,162005.3,253053.31,760968.0,629685.09,228879.36,480083.67,709780.02,941570.06,440480.56,315816.01,2400653.23,30970.7,436777.98,45953.97,354615.3,455227.28,236311.88,45334.39,116164.99,367841.28,448929.28,544097.44,91852.48,150286.94,144523.89,183299.57,93029.65,154696.59,131091.79,122068.8,160253.93,98480.22,160335.35,109465.9,136830.69,1368303.29,24445.07,16684.8,130707.5,253822.68,155.22,1261010.01,3979549.5,35568.88,818520.81,702180.88,52499.98,54860.07
Scenario 2,524,2,True Positive News,224,TRADING,150954.24,1402250.18,161817.91,252514.61,759849.56,629603.5,228918.16,480610.1,709822.79,941940.73,440809.03,315978.36,2403988.94,31003.95,436571.42,45934.38,354500.8,455078.33,236789.08,45340.05,116331.54,368585.07,448144.09,542415.85,91933.84,149918.44,144520.81,183361.15,93211.49,154756.86,131041.75,122135.77,159879.03,98499.56,160252.27,109585.59,136504.97,1366855.27,24387.72,16697.6,130789.95,253857.33,155.52,1261070.38,3986284.17,35523.36,817719.52,701587.74,52389.44,54830.46
Scenario 2,525,2,True Positive News,225,TRADING,150897.8,1401870.94,161751.11,251981.45,758505.93,630076.47,228939.19,480647.39,709485.83,941657.12,441373.01,316762.03,2408572.25,31048.47,436382.49,45940.71,354371.22,454976.46,237425.1,45355.01,116411.78,369140.45,447475.24,540804.97,91989.44,149463.65,144557.11,183366.36,93344.06,154766.93,131045.86,122148.0,159756.0,98465.51,160016.68,109711.45,136226.78,1364216.99,24334.21,16699.36,131009.4,253850.89,155.6,1260781.6,3994351.24,35498.6,816860.55,701244.81,52280.5,54802.31
Scenario 2,526,2,True Positive News,226,TRADING,150892.17,1402190.74,161524.58,251483.41,758747.52,629918.64,228910.3,480260.84,708943.8,941309.9,441628.39,317035.09,2413762.43,31091.26,436419.78,45920.98,354171.02,455052.99,237763.4,45300.38,116571.57,369888.7,446635.67,538808.03,92017.17,149201.79,144640.35,183314.17,93459.67,154927.72,130962.02,122312.54,159603.99,98559.51,159974.52,109924.71,135893.83,1362881.0,24284.41,16696.86,131137.52,253706.73,155.87,1260845.25,4004908.85,35531.27,816054.88,700553.09,52168.75,54809.68
Scenario 2,527,2,True Positive News,227,TRADING,150857.5,1402675.1,161400.34,251629.68,757329.0,629502.65,228891.16,480528.47,708730.05,941736.53,442172.35,316581.11,2418513.1,31177.77,436024.11,45908.61,353430.44,454987.23,238156.03,45293.28,116793.65,370479.96,446135.5,537139.32,92046.65,148759.59,144676.05,183311.33,93611.66,154731.96,130922.81,122385.73,159142.68,98537.1,159761.34,110081.72,135584.44,1364296.73,24224.13,16714.27,131032.2,253602.51,155.7,1261364.86,4009635.24,35493.0,814744.54,699698.51,52041.05,54805.89
Scenario 2,528,2,True Positive News,228,TRADING,150854.18,1402458.09,161326.35,251748.2,756976.43,628777.66,228921.19,480582.5,708828.9,941353.6,442445.59,316394.11,2421050.2,31254.58,435873.43,45909.27,353604.03,454857.79,238422.73,45269.61,116958.48,371287.09,445322.14,535572.59,92099.49,148509.79,144569.25,183253.83,93845.18,154655.18,130847.21,122417.58,158935.07,98619.09,159588.76,110192.14,135310.3,1364877.23,24163.04,16737.45,131040.27,253674.53,155.58,1261464.11,4017452.27,35484.03,813802.89,699193.05,51932.39,54831.65
Scenario 2,529,2,True Positive News,229,TRADING,150847.08,1402776.75,161239.48,252046.31,756504.09,627751.29,228874.07,481084.19,708817.06,941438.92,442617.06,315991.94,2426390.16,31315.07,436026.65,45887.18,352904.36,454665.78,239029.44,45259.11,117070.25,371886.06,444299.7,533861.03,92146.21,148182.36,144598.08,183189.21,94064.44,154900.26,130824.87,122448.8,158753.0,98536.65,159511.41,110346.75,135008.47,1366058.23,24090.47,16759.62,130961.88,253677.03,155.45,1261787.4,4027310.34,35492.8,812404.53,698608.85,51846.18,54813.32
Scenario 2,530,2,True Positive News,230,TRADING,150773.47,1403052.65,161178.45,252156.64,755862.47,627479.2,228890.89,480640.67,708822.78,941749.25,442979.52,315795.15,2425191.76,31370.72,435680.87,45891.27,352835.88,454601.32,239348.01,45240.76,117259.15,372587.08,443487.8,532259.66,92314.43,147893.4,144583.34,183099.73,94199.37,154971.9,130757.71,122346.58,158593.16,98624.73,159378.92,110493.48,134801.02,1365919.86,24028.45,16774.55,130942.9,253622.4,155.45,1261831.13,4038848.61,35460.07,810945.14,698081.39,51739.97,54824.6
Scenario 2,531,2,True Positive News,231,TRADING,150751.48,1403023.88,161360.87,252615.5,754802.39,626521.02,228910.24,481706.19,708688.36,941641.22,442864.63,315388.59,2424953.45,31339.32,435470.15,45877.66,352706.74,454588.37,239759.01,45235.25,117398.73,373230.53,442664.94,530430.51,92468.73,147486.41,144602.67,183134.6,94322.1,154938.81,130701.31,122460.47,158229.75,98750.0,159295.6,110652.72,134550.96,1368914.86,23981.76,16798.47,130988.9,253617.67,155.42,1261959.73,4041967.47,35430.94,809658.08,697374.0,51630.54,54816.82
Scenario 2,532,2,True Positive News,232,TRADING,150739.11,1403358.08,161305.33,252986.29,754245.96,626091.68,228785.36,482630.07,708557.42,941502.19,443236.32,315138.46,2425098.55,31305.27,435123.25,45881.9,351808.25,454464.32,239996.05,45197.53,117568.04,373891.37,442055.86,528973.1,92540.07,147219.98,144661.25,183060.88,94447.26,155005.79,130740.88,122570.19,157886.51,98665.15,159362.34,110848.08,134357.71,1369759.87,23919.7,16837.68,130786.41,253494.82,155.19,1262289.76,4045867.87,35421.0,808847.53,696947.14,51546.18,54837.82
Scenario 2,533,2,True Positive News,233,TRADING,150779.05,1403454.31,161141.75,253297.38,752750.64,625702.42,228802.24,483407.08,708460.27,941151.9,443276.52,315263.19,2422636.98,31272.81,434871.16,45885.95,351742.39,454397.67,240471.4,45155.61,117803.05,374691.97,441365.77,527350.87,92694.19,146912.73,144665.35,183029.39,94495.31,155077.2,130731.92,122595.26,157573.53,98563.81,159284.1,111004.39,134177.82,1370938.97,23865.7,16850.29,130738.27,253536.36,155.13,1262578.16,4051165.93,35350.74,807797.02,696941.12,51463.75,54837.44
Scenario 2,534,2,True Positive News,234,TRADING,150734.75,1404004.82,161134.88,253228.23,752411.01,624964.3,228712.39,483729.07,708369.07,940958.72,443261.06,315024.45,2419164.65,31239.6,434880.88,45887.21,351367.78,454457.72,240695.53,45151.76,118011.12,375257.45,440623.89,525941.86,92870.23,146653.47,144666.38,182968.15,94643.83,155229.85,130708.9,122697.83,157429.26,98569.0,159140.32,111192.42,133802.44,1373144.27,23809.95,16859.17,130713.27,253529.06,155.11,1262515.1,4056865.83,35286.61,806811.85,696010.53,51353.74,54809.66
Scenario 2,535,2,True Positive News,235,TRADING,150690.06,1403965.45,161031.33,253015.62,752144.66,624865.38,228749.3,483826.59,708576.54,940550.09,443533.69,314865.28,2416573.73,31192.85,434268.59,45887.61,351359.48,454330.2,241118.49,45142.33,118091.14,375831.2,439647.78,524148.76,92971.8,146333.98,144739.65,182934.23,94699.87,155149.89,130640.63,122714.75,157141.88,98702.66,159027.59,111339.92,133761.98,1373698.78,23751.04,16884.43,130758.89,253576.08,154.78,1261907.95,4063346.55,35275.69,806301.86,695528.84,51271.67,54822.41
Scenario 2,536,2,True Positive News,236,TRADING,150673.31,1404244.48,160980.36,253465.99,751576.33,624985.0,228758.66,484137.07,708607.88,940331.87,443457.4,314944.29,2412988.52,31158.78,434113.1,45884.02,351226.7,454327.24,241304.29,45151.28,118186.62,376377.62,439026.93,522642.42,93141.69,146164.15,144741.02,182908.55,94810.85,155233.02,130630.33,122792.43,156959.46,98803.62,158996.51,111471.53,133448.5,1375301.76,23690.35,16892.23,130655.79,253547.04,154.64,1261964.09,4069167.59,35219.36,805444.52,694630.3,51152.35,54834.26
Scenario 2,537,2,True Positive News,237,TRADING,150672.51,1404619.36,160918.09,253862.52,751454.86,624857.61,228647.59,484318.06,708429.0,940461.01,443753.43,314857.51,2412327.89,31119.62,433765.0,45879.28,350624.36,454310.71,241604.52,45129.62,118300.53,376974.7,438289.57,521422.19,93247.65,145925.29,144816.11,182879.67,95036.21,155090.73,130604.77,122906.46,156704.82,98985.27,159019.08,111628.08,133115.45,1376105.56,23638.81,16913.59,130658.83,253473.75,154.52,1262141.79,4073660.89,35206.71,804362.89,694275.1,51049.1,54860.2
Scenario 2,538,2,True Positive News,238,TRADING,150611.14,1404628.28,160980.67,254108.15,750861.18,624288.93,228635.44,484762.14,708159.89,940679.39,443352.12,314626.12,2410545.57,31114.87,433528.02,45885.86,350179.92,454250.68,241800.99,45138.39,118589.84,377717.38,437428.45,519622.1,93261.26,145793.81,144846.71,182876.75,95149.96,155102.91,130602.81,122992.99,156353.33,98950.56,159002.71,111836.24,132802.86,1377002.96,23580.07,16934.21,130599.6,253504.28,154.53,1262123.66,4076857.29,35139.31,803459.49,694237.71,50953.32,54807.47
Scenario 2,539,2,True Positive News,239,TRADING,150579.22,1404356.51,160902.71,254471.52,750032.51,623742.8,228556.8,484628.9,708076.85,940902.52,443497.45,314494.49,2407175.01,31060.75,433392.36,45875.36,350300.64,454208.4,241847.23,45128.34,118841.31,378395.49,436729.18,517888.24,93323.08,145597.26,144832.26,182858.61,95283.12,155360.41,130564.4,123121.75,156042.65,98862.37,158845.85,112013.52,132476.13,1379279.47,23538.29,16946.15,130444.26,253326.4,154.46,1262407.32,4085310.92,35108.89,802479.06,693921.07,50863.48,54830.97
Scenario 2,540,2,True Positive News,240,TRADING,150561.2,1404183.78,160991.82,254813.42,749321.66,623233.9,228614.39,485246.59,707756.19,940698.53,443411.21,314171.64,2407154.65,31021.76,433192.02,45870.08,349191.46,454203.57,242201.23,45109.44,118902.77,378884.39,436008.16,516278.83,93325.79,145366.98,144871.61,182922.56,95490.46,155386.47,130518.65,123126.44,155742.96,98804.08,158779.61,112112.07,132101.25,1380144.79,23481.62,16968.7,130339.19,253322.66,154.54,1262018.55,4087118.72,35059.2,802088.31,693597.2,50745.18,54821.38
Scenario 2,541,2,True Positive News,241,TRADING,150568.99,1404141.02,160892.27,254888.44,748507.48,622806.9,228603.99,485369.78,707693.74,940799.68,443963.56,313664.69,2409326.47,30998.89,432964.92,45866.16,348486.9,454026.33,242635.92,45133.25,119164.92,379630.61,435050.63,514742.74,93473.51,145072.19,144882.04,182976.31,95618.2,155478.56,130490.97,123077.78,155647.92,98953.33,158772.2,112323.34,131802.75,1382961.41,23424.07,16977.44,130156.6,253240.37,154.47,1262023.57,4095639.27,35049.6,801327.52,692986.89,50647.55,54828.44
Scenario 2,542,2,True Positive News,242,TRADING,150566.82,1404264.77,160803.95,255025.39,747235.14,622031.94,228666.97,486187.81,707647.64,940646.9,444315.55,313209.04,2406650.95,30961.72,432867.79,45875.28,348536.81,454088.81,243054.22,45157.33,119283.68,380262.3,434230.17,513200.69,93571.98,144870.44,144932.79,182853.93,95765.36,155518.0,130471.0,123066.9,155507.95,98984.35,158775.56,112440.52,131565.17,1383033.79,23367.77,17005.03,130147.24,253175.78,154.46,1262189.84,4104899.81,35015.65,800408.85,692320.24,50562.46,54782.88
Scenario 2,543,2,True Positive News,243,TRADING,150552.6,1404327.92,160755.3,255022.65,745808.86,621099.0,228661.97,487014.34,707544.04,940998.58,444873.26,313234.87,2404386.65,30943.91,432842.21,45869.12,348197.6,453906.27,243452.27,45150.39,119393.76,380973.57,433427.59,511357.01,93664.68,144681.75,144932.87,182843.04,95803.29,155575.24,130437.27,123181.95,155434.74,99089.9,158761.24,112559.33,131276.12,1383495.74,23313.19,17024.84,130293.48,253177.95,154.36,1261998.58,4108871.3,34973.96,799319.54,692160.7,50445.34,54795.81
Scenario 2,544,2,True Positive News,244,TRADING,150576.13,1403720.51,160593.9,255518.83,744911.02,621176.81,228646.03,487609.69,707347.64,941126.11,445212.06,312824.08,2401962.3,30934.77,432333.7,45848.16,347861.51,453884.61,243603.61,45172.54,119582.46,381797.54,432843.26,509540.12,93813.38,144337.67,144919.44,182891.04,95879.08,155695.7,130401.88,123170.37,155356.45,99137.0,158788.63,112693.31,131030.54,1384937.43,23276.4,17044.28,130213.27,253114.48,154.48,1262320.51,4113991.91,34932.85,798006.49,691621.83,50354.03,54785.86
Scenario 2,545,2,True Positive News,245,TRADING,150540.54,1404230.99,160661.67,255716.89,744365.37,620966.79,228572.45,487257.57,707404.67,940925.21,445535.25,312780.2,2397596.7,30910.78,431842.93,45857.76,347773.66,453800.92,244119.98,45167.25,119733.06,382568.72,432093.71,508098.85,93873.17,144084.8,144864.97,182860.19,95965.17,155769.91,130463.38,123177.25,155076.47,99220.29,158676.95,112833.5,130760.96,1385819.66,23222.27,17080.77,130215.07,253155.81,154.44,1262940.04,4113374.85,34894.4,796816.13,691415.56,50246.26,54801.5
Scenario 2,546,2,True Positive News,246,TRADING,150571.28,1404239.32,160606.13,255740.34,743836.45,620073.68,228514.7,487662.93,707229.42,940811.82,445756.27,312898.47,2395090.29,30875.62,431505.75,45874.36,347432.27,453702.94,243912.77,45211.58,119841.65,383258.11,431170.36,506585.34,93981.5,143766.88,144884.84,182900.46,96083.4,155696.04,130478.23,123078.08,154961.34,99305.43,158538.76,113033.43,130577.33,1387494.93,23159.0,17080.96,130028.56,253152.9,154.45,1263093.65,4121600.74,34854.42,796385.79,691266.08,50146.48,54815.2
Scenario 2,547,2,True Positive News,247,TRADING,150554.58,1404202.81,160516.73,256031.88,742799.01,619534.89,228425.31,487642.29,706971.07,940710.77,445584.76,312517.08,2393847.14,30871.34,431457.89,45859.69,347234.69,453622.51,244044.69,45189.96,120016.85,383906.03,430104.23,504851.0,94127.1,143464.01,144915.72,182846.15,96252.98,155591.02,130462.25,123020.73,154754.42,99414.8,158377.2,113196.43,130319.24,1388820.74,23114.19,17110.08,129946.84,253143.47,154.36,1263552.27,4118656.6,34791.88,795761.08,690633.19,50028.22,54828.43
Scenario 2,548,2,True Positive News,248,TRADING,150566.52,1404646.74,160375.34,256128.26,741807.05,619148.93,228499.25,488076.21,706803.5,939718.38,445835.58,312133.57,2390976.34,30835.12,431001.98,45860.95,346904.04,453399.63,243897.64,45172.31,120093.03,384473.74,429278.86,503111.05,94191.77,143036.8,144927.57,182891.92,96458.42,155522.86,130364.35,123079.54,154459.04,99479.17,158224.85,113284.74,130032.84,1390424.2,23061.02,17123.44,129812.28,253169.06,154.5,1264109.67,4124603.47,34776.2,795503.26,690250.99,49955.13,54841.96
Scenario 2,549,2,True Positive News,249,TRADING,150589.18,1405013.48,160332.64,256299.39,740757.22,618854.43,228565.07,488359.71,706959.98,939245.66,445591.31,311486.8,2389252.52,30814.58,430942.91,45861.82,346978.57,453359.3,244243.8,45146.91,120213.49,385122.05,428237.66,501281.21,94306.17,142721.06,144935.32,182898.92,96570.26,155471.86,130404.14,123211.89,154280.7,99422.84,158076.36,113438.04,129661.35,1389955.89,23009.32,17132.32,129597.45,253055.43,154.54,1264038.24,4127983.62,34762.84,794346.9,689650.53,49839.71,54830.12
Scenario 2,550,2,True Positive News,250,TRADING,150562.15,1405063.24,160277.68,256419.43,739955.42,618698.52,228478.26,487989.3,707175.61,939084.65,446290.24,311459.42,2385951.5,30771.24,430748.8,45855.19,346273.31,453175.01,244907.21,45137.83,120479.25,385999.12,427313.29,499545.26,94431.02,142391.3,144979.85,182855.44,96721.94,155599.33,130435.03,123256.2,153830.24,99506.43,158094.25,113638.82,129444.21,1390819.2,22971.53,17164.16,129582.49,253065.47,154.37,1264389.94,4132245.12,34772.83,793666.86,689122.02,49767.21,54850.59
Scenario 2,551,2,True Positive News,251,TRADING,150573.7,1404460.45,160071.9,256552.29,738551.48,618605.15,228428.06,488564.98,707300.54,939423.47,446702.27,311178.37,2383378.89,30721.1,430362.11,45852.04,345906.32,453178.62,245243.46,45138.18,120687.11,386860.31,426115.25,497758.3,94391.02,142181.91,145045.98,182763.5,96807.22,155595.71,130425.36,123317.3,153656.74,99635.86,158025.77,113780.42,129172.79,1392126.36,22921.99,17183.42,129417.17,253158.59,154.02,1264529.95,4133140.3,34772.71,793061.24,688425.78,49683.21,54836.44
Scenario 2,552,2,True Positive News,252,TRADING,150536.04,1404460.46,159899.81,256582.59,738217.58,618434.07,228440.08,489402.05,707472.81,938800.88,447136.19,310691.45,2381092.13,30695.75,430224.39,45838.59,345637.41,453200.09,245498.73,45150.33,120820.19,387462.34,425388.02,496010.05,94507.6,141965.17,145070.0,182732.99,96957.24,155530.46,130395.41,123351.04,153469.34,99806.98,157966.48,113896.46,128997.47,1393025.49,22872.4,17193.16,129330.81,253026.77,153.88,1264524.86,4142101.62,34744.69,791918.28,687642.1,49587.62,54863.12
Scenario 2,553,2,True Positive News,253,TRADING,150544.48,1404804.38,159621.81,256806.97,737067.93,618150.2,228414.43,489621.03,707603.89,938038.47,446894.12,310655.89,2377770.37,30674.96,430188.99,45832.15,345276.28,453150.91,245633.05,45150.37,120954.8,388111.87,424416.87,494466.76,94604.72,141921.45,145086.42,182708.17,97079.9,155429.28,130411.84,123403.85,153063.3,99690.61,157957.97,114074.51,128713.23,1394196.49,22825.17,17211.28,129299.02,253097.15,153.63,1264617.03,4146392.46,34707.87,791459.94,687083.32,49491.1,54869.37
Scenario 2,554,2,True Positive News,254,TRADING,150519.62,1404538.43,159581.42,257243.54,736353.74,617704.89,228404.96,489315.74,707959.44,938484.38,446807.73,310385.28,2374473.69,30629.67,430340.2,45816.5,345169.23,453125.73,245931.02,45108.28,121140.64,388748.28,423583.76,492780.07,94617.32,141671.58,145064.19,182771.12,97262.96,155458.41,130370.6,123322.87,152876.69,99759.58,157827.46,114276.31,128409.18,1395417.61,22776.94,17217.34,129378.03,252957.04,153.69,1264831.75,4147951.91,34664.98,790507.82,686996.44,49372.29,54878.85
Scenario 2,555,2,True Positive News,255,TRADING,150546.22,1404850.95,159408.43,257473.77,735402.38,616980.12,228388.61,489528.59,707910.38,938598.51,447367.21,310237.65,2372622.07,30593.43,429884.33,45816.64,344550.16,453034.38,245905.09,45083.13,121262.79,389412.34,422844.95,491505.23,94653.37,141441.88,145057.11,182698.87,97333.97,155328.49,130383.51,123386.71,152767.32,99784.95,157831.23,114423.38,127929.47,1395253.06,22738.38,17252.67,129181.16,252939.66,153.6,1265008.93,4153856.86,34628.1,789576.19,686769.75,49282.68,54879.18
Scenario 2,556,2,True Positive News,256,TRADING,150574.36,1405041.05,159235.1,257533.31,734271.65,616727.87,228392.36,489828.53,707948.66,938683.71,447504.65,310076.35,2369965.93,30586.64,429616.09,45809.4,343914.88,452994.41,246358.05,45076.81,121479.05,389949.41,422095.47,489974.05,94902.66,141187.37,145105.61,182749.25,97413.83,155265.4,130355.46,123547.44,152578.91,99880.53,157701.85,114528.89,127670.23,1396421.11,22681.09,17268.86,128998.52,252857.98,153.47,1265356.92,4163936.33,34594.69,788714.39,686233.98,49180.3,54922.86
Scenario 2,557,2,True Positive News,257,TRADING,150600.76,1405271.84,159123.7,257651.98,733563.25,615923.68,228312.56,490896.2,707814.28,938187.8,447820.09,309982.49,2366637.7,30549.17,429676.28,45806.1,343654.71,452915.93,247058.61,45067.11,121612.81,390654.82,421291.06,488718.95,95018.73,140813.16,145090.04,182660.83,97595.33,155286.92,130372.3,123687.31,152171.75,99905.15,157657.68,114666.75,127256.52,1397303.34,22624.78,17276.27,128797.08,252717.23,153.44,1265645.33,4172532.38,34527.02,787811.38,685999.38,49071.23,54938.18
Scenario 2,558,2,True Positive News,258,TRADING,150580.24,1404974.53,159004.37,257959.86,733315.76,615222.72,228299.14,491215.37,707867.34,937962.83,448265.72,309845.83,2363918.87,30515.24,428988.05,45787.15,343083.42,452874.04,247249.7,45061.18,121730.81,391219.97,420527.39,487314.15,95081.82,140465.01,145105.9,182678.46,97764.29,155523.07,130366.55,123850.09,152105.09,100023.96,157545.17,114790.67,126917.47,1398581.0,22581.16,17300.56,128705.33,252734.07,153.24,1265977.22,4180048.43,34483.16,787376.18,685434.01,48940.37,54966.53
Scenario 2,559,2,True Positive News,259,TRADING,150540.87,1404848.79,158766.46,257778.08,733092.33,614764.95,228276.39,491108.63,707633.69,937917.93,448465.69,309480.75,2364274.38,30496.34,429022.94,45796.87,342531.46,452754.54,247626.36,45028.65,121904.78,391870.9,420160.5,485836.37,95151.44,140112.95,145109.16,182644.99,97922.92,155481.21,130420.21,123941.72,151909.12,100165.11,157305.1,114921.51,126718.25,1398748.54,22526.93,17318.4,128667.78,252624.02,153.12,1265693.23,4186600.5,34428.6,787115.19,685055.63,48821.3,54912.49
Scenario 2,560,2,True Positive News,260,TRADING,150529.81,1404907.38,158846.72,258170.4,732207.51,614501.07,228234.79,491284.82,707819.42,937818.6,448658.67,309154.47,2361151.76,30455.82,428859.68,45792.83,342559.25,452717.85,247763.79,45037.39,122093.19,392770.56,419301.26,484321.51,95157.99,139886.13,145153.79,182542.3,98063.14,155442.08,130395.85,123794.08,151982.92,100110.61,157218.73,115076.09,126442.79,1399349.9,22469.42,17339.7,128718.34,252572.33,153.04,1265753.68,4191532.99,34406.83,786176.18,684650.87,48722.3,54960.17
Scenario 2,561,2,True Positive News,261,TRADING,150505.13,1405266.84,158788.48,258481.65,731335.84,614077.0,228281.96,491161.42,707928.83,937660.17,448867.58,309076.34,2359393.27,30403.16,429201.27,45766.36,342508.94,452693.34,248255.96,45018.11,122319.83,393406.11,418451.98,482447.31,95146.34,139601.62,145233.96,182457.87,98191.32,155515.34,130398.89,123924.23,151647.03,100080.77,157019.59,115243.72,126193.84,1400902.01,22414.01,17357.22,128542.77,252607.93,152.95,1265458.37,4197821.46,34358.13,785118.28,684081.31,48630.76,54951.34
Scenario 2,562,2,True Positive News,262,TRADING,150476.4,1405702.26,158831.65,258767.32,730833.44,612756.02,228341.77,490933.08,708187.08,937852.52,449117.09,309023.07,2357535.45,30354.36,429310.4,45764.94,342252.01,452621.9,248481.58,45030.12,122468.41,393962.92,417727.95,480849.84,95099.26,139342.59,145207.16,182379.32,98391.67,155436.08,130344.05,123848.16,151597.37,100093.95,157014.17,115365.6,125999.43,1401824.91,22368.78,17380.22,128366.01,252551.85,152.93,1265193.58,4203245.44,34336.21,784735.05,683535.9,48524.62,54980.96
Scenario 2,563,2,True Positive News,263,TRADING,150476.54,1405766.42,158748.78,259124.63,729947.95,612068.12,228299.82,491703.14,708127.07,938238.62,449512.58,308963.39,2355929.11,30318.06,429570.79,45750.13,341553.14,452557.5,248435.8,45026.76,122655.02,394437.51,417032.08,479095.58,94948.89,138944.56,145190.84,182408.47,98580.85,155271.55,130379.9,123929.43,151393.61,100082.91,156900.04,115480.95,125637.17,1402802.08,22327.17,17396.66,128283.7,252507.51,152.96,1265180.86,4207941.49,34287.28,784114.5,682805.03,48453.95,55030.57
Scenario 2,564,2,True Positive News,264,TRADING,150438.58,1405960.13,158771.61,259303.61,728793.56,611558.92,228347.17,492008.34,708241.57,938163.61,449030.84,308945.23,2353762.02,30270.97,428911.98,45747.11,340992.97,452334.88,248314.09,45028.92,122727.59,395179.33,416240.84,477261.66,95049.41,138600.69,145222.36,182452.0,98671.03,155204.96,130297.08,124002.91,151312.45,100081.46,156928.91,115631.0,125330.42,1404689.79,22285.11,17406.87,128167.18,252417.36,152.91,1265099.48,4211855.38,34287.79,783030.92,682746.85,48354.81,55057.34
Scenario 2,565,2,True Positive News,265,TRADING,150380.52,1406465.45,158542.13,259425.43,728022.12,611109.57,228460.07,492078.09,708153.21,938659.6,449078.43,308756.69,2351443.01,30234.85,429121.01,45747.91,340801.96,452276.46,248801.86,45023.42,122825.98,395802.27,415514.02,475707.33,95145.55,138345.09,145142.79,182389.66,98861.43,155165.2,130289.66,123955.26,151096.72,100072.83,156935.04,115768.65,125097.15,1406487.97,22236.57,17430.74,128135.05,252389.04,152.94,1265322.75,4221819.83,34255.55,782807.74,682104.44,48263.33,55051.34
Scenario 2,566,2,True Positive News,266,TRADING,150393.68,1406562.77,158401.99,259451.29,726928.13,610338.98,228379.49,492504.26,708479.26,938465.52,449598.11,308840.92,2349603.54,30209.91,429080.09,45743.57,340130.16,452062.93,248913.2,45054.42,122962.1,396510.17,414845.72,474165.08,95265.17,138050.52,145156.74,182380.29,99054.65,155082.26,130291.77,124036.23,150888.92,100123.2,157005.27,115940.21,124842.6,1407016.13,22200.35,17441.25,127979.62,252425.74,152.94,1265687.84,4230721.09,34274.8,782170.49,681567.65,48150.18,55038.6
Scenario 2,567,2,True Positive News,267,TRADING,150421.75,1406719.51,158289.5,259535.83,726187.39,609634.14,228231.6,493758.5,708367.72,938587.84,449498.73,308551.81,2345236.17,30169.3,428886.14,45756.1,339863.48,451957.55,249255.76,45029.83,123153.67,397237.38,414065.07,472499.4,95252.37,137779.86,145215.93,182355.07,99154.91,155166.24,130268.28,124066.33,150637.21,100126.17,156884.06,116064.86,124592.08,1409217.45,22149.96,17447.81,127785.65,252476.52,152.82,1265745.19,4236188.8,34229.73,781177.31,681220.42,48052.41,55039.31
Scenario 2,568,2,True Positive News,268,TRADING,150471.59,1406829.78,158322.18,259866.98,725627.67,608845.11,228158.22,494339.76,708310.18,938565.55,450001.59,308505.12,2339771.25,30143.19,428763.04,45753.97,339653.79,451881.5,249519.29,44999.77,123269.96,398057.51,413200.53,470705.98,95379.26,137333.12,145134.84,182418.38,99157.39,155246.69,130279.64,124215.15,150399.95,100194.24,156750.07,116217.68,124232.67,1409652.05,22104.96,17471.2,127781.91,252515.99,152.85,1265471.65,4241775.1,34166.82,781070.49,680872.98,47950.73,55052.71
Scenario 2,569,2,True Positive News,269,TRADING,150463.05,1406480.0,158371.97,260215.22,724496.61,608650.31,228111.29,495131.39,708545.08,938549.22,449885.8,308071.51,2337333.33,30105.08,428561.33,45763.1,339133.53,451818.97,250055.57,45027.08,123501.24,398893.14,412305.9,469351.16,95391.22,136996.96,145138.76,182413.62,99352.82,155090.63,130378.15,124220.14,150141.79,100034.58,156631.05,116397.64,123935.35,1409740.18,22069.85,17487.7,127711.26,252522.11,152.83,1265611.26,4245464.02,34124.23,779990.42,680466.37,47841.33,55073.36
Scenario 2,570,2,True Positive News,270,TRADING,150454.23,1406435.14,158131.32,260374.98,723980.18,608080.52,228164.37,495791.42,708464.1,938731.24,450293.87,307658.25,2333909.3,30049.08,428616.3,45768.36,338805.38,451735.68,250293.6,45030.32,123625.69,399723.06,411592.89,467834.85,95576.99,136765.8,145166.08,182368.7,99490.51,155030.36,130428.08,124249.14,149872.83,100103.62,156620.94,116556.3,123683.62,1409437.65,22016.17,17493.38,127616.1,252543.74,152.83,1265532.36,4253888.97,34072.75,779110.63,679798.12,47736.53,55060.07
Scenario 2,571,2,True Positive News,271,TRADING,150462.78,1406799.38,157959.54,260435.23,722835.9,607714.72,228145.19,495855.72,708260.72,938772.66,450606.45,307504.75,2332515.96,30003.45,428621.11,45774.0,338963.28,451613.43,250800.43,45034.63,123717.94,400646.16,411046.43,466032.29,95603.64,136500.63,145150.29,182451.17,99697.68,155091.58,130439.88,124276.03,149614.38,100063.26,156607.97,116695.44,123521.3,1410423.98,21966.87,17508.48,127607.77,252475.71,152.6,1265284.66,4258406.62,34055.25,778299.33,679165.33,47650.79,55070.04
Scenario 2,572,2,True Positive News,272,TRADING,150365.77,1406746.1,157981.09,260633.84,721828.02,607516.05,228140.38,496284.47,708208.95,938703.86,450966.12,307074.7,2330139.67,29973.06,428243.79,45768.3,338610.99,451643.35,251202.66,45027.14,123807.76,401500.79,410165.93,464222.57,95689.67,136250.59,145218.69,182551.95,99923.95,154882.63,130489.84,124310.31,149389.23,100140.32,156671.82,116868.97,123226.38,1412102.1,21898.05,17531.58,127506.99,252636.67,152.5,1265136.79,4266470.36,34011.05,777512.95,678576.88,47565.67,55069.06
Scenario 2,573,2,True Positive News,273,TRADING,150355.01,1406756.42,158122.05,260568.53,721020.12,606884.32,228199.74,497052.99,708484.04,938531.71,450869.17,306886.76,2328166.76,29970.72,427754.92,45757.36,337925.52,451649.97,251154.46,45030.47,123859.21,402075.08,409349.8,462474.23,95682.79,135948.91,145257.95,182527.94,100044.71,154874.84,130519.24,124257.19,149376.16,100219.49,156642.74,117013.15,122973.97,1413533.03,21837.8,17538.3,127397.25,252515.75,152.3,1265413.08,4275393.38,33962.77,776399.99,677554.6,47456.53,55076.45
Scenario 2,574,2,True Positive News,274,TRADING,150370.68,1407190.65,158094.72,260848.1,719715.29,606134.96,228244.02,497121.63,708690.78,938018.6,451146.87,306422.84,2325692.73,29941.15,427936.9,45759.02,337236.55,451574.14,251589.53,45068.67,123933.24,402761.18,408262.2,461046.0,95815.12,135754.79,145263.79,182483.85,100160.66,155057.8,130470.12,124395.78,149169.59,100237.94,156588.66,117143.97,122696.12,1415437.22,21795.57,17553.53,127212.63,252496.15,152.08,1265695.0,4278336.8,33882.01,775378.31,677428.29,47345.18,55091.34
Scenario 2,575,2,True Positive News,275,TRADING,150382.42,1407747.01,158043.82,260971.18,719821.1,606041.42,228167.43,497854.86,708523.04,938500.92,451743.4,306319.99,2323444.05,29904.79,427505.67,45748.56,336696.74,451476.96,251757.13,45070.84,124159.57,403352.63,407566.74,459434.96,95783.76,135431.45,145279.23,182440.3,100226.18,154974.53,130415.21,124434.6,149172.01,100306.86,156382.11,117307.45,122424.4,1419056.99,21746.92,17565.05,127114.96,252442.62,151.68,1265885.67,4281989.57,33833.16,774510.31,676596.69,47233.5,55112.9
Scenario 2,576,2,True Positive News,276,TRADING,150359.2,1408399.92,157878.48,261228.34,719247.78,605598.85,228206.54,498152.61,708391.85,938574.74,451826.3,306060.76,2320256.22,29877.28,427105.21,45754.66,336278.83,451484.87,252001.3,45087.36,124283.74,404043.98,406715.97,458045.61,95786.77,135046.11,145268.52,182370.31,100428.58,154894.96,130387.09,124462.68,149007.41,100390.56,156353.24,117448.79,122154.45,1421167.7,21690.92,17591.26,127153.4,252437.27,151.63,1266080.59,4283664.6,33856.06,773232.2,676229.06,47143.57,55135.01
Scenario 2,577,2,True Positive News,277,TRADING,150315.07,1408154.28,157829.41,261323.3,717371.55,605019.18,228212.97,498468.52,708537.39,938369.17,452088.04,305632.65,2317822.99,29828.73,427072.44,45742.01,336201.77,451400.54,252371.65,45092.3,124441.39,404717.37,405828.41,456260.6,95809.11,134808.45,145283.85,182355.06,100535.8,154891.53,130361.45,124534.05,148885.04,100644.98,156361.55,117590.32,121879.78,1421722.37,21648.33,17603.83,127015.7,252297.34,151.54,1266352.4,4288108.84,33811.27,772185.06,675942.59,47054.7,55144.38
Scenario 2,578,2,True Positive News,278,TRADING,150295.09,1407927.05,157778.37,261400.42,716693.34,604080.16,228154.72,498772.65,708852.48,938382.67,452303.28,304997.33,2316011.76,29770.1,427114.3,45741.82,335937.59,451247.38,252892.04,45091.83,124532.26,405455.6,404942.28,454592.11,95936.47,134436.99,145263.32,182416.14,100616.53,155026.77,130374.07,124606.73,148967.83,100707.11,156292.33,117733.82,121579.94,1421210.31,21594.61,17618.2,126998.29,252313.95,151.6,1266159.23,4295777.14,33804.58,771668.73,675190.33,46973.32,55133.7
Scenario 2,579,2,True Positive News,279,TRADING,150325.3,1407602.58,157627.32,261427.28,715941.41,603593.91,228164.03,498839.13,708889.61,938295.54,452045.18,304659.29,2313727.36,29780.89,426740.91,45747.24,335498.81,451227.93,253137.24,45091.49,124751.76,406220.49,404233.06,452907.32,96088.18,134172.72,145232.13,182476.47,100779.63,155193.42,130204.08,124844.11,148809.97,100726.5,156211.67,117929.29,121296.67,1420401.23,21551.44,17628.56,126945.01,252336.28,151.41,1266090.65,4304881.18,33750.05,770518.42,674672.5,46871.05,55109.95
Scenario 2,580,2,True Positive News,280,TRADING,150304.59,1408069.14,157533.65,261631.0,715690.67,602685.82,228101.04,499205.54,709158.97,938464.4,452416.63,304884.6,2311026.14,29749.44,426566.94,45738.92,335489.66,451282.97,253284.0,45078.8,125015.01,406881.94,403563.41,451306.77,96131.66,133918.36,145199.72,182500.71,100966.82,155163.55,130161.91,124801.35,148686.04,100872.22,155977.03,118108.64,121091.93,1421135.21,21510.24,17647.25,126792.87,252365.71,151.36,1266554.55,4307478.07,33717.03,769313.87,674336.72,46765.24,55078.27
Scenario 2,581,2,True Positive News,281,TRADING,150308.4,1407836.24,157666.02,261507.48,715173.48,601727.78,228091.16,498865.69,709181.73,937887.81,453077.35,304728.73,2309333.7,29699.11,426221.8,45754.64,335287.27,451240.78,253546.73,45050.42,125119.57,407603.66,402700.19,449716.16,96157.89,133610.85,145223.84,182452.06,101046.42,155143.83,130196.34,124855.75,148268.01,100866.83,155801.26,118259.5,120724.8,1421621.84,21450.73,17658.32,126771.01,252338.18,151.15,1266014.09,4310022.72,33653.52,768904.27,673660.38,46663.78,55104.83
Scenario 2,582,2,True Positive News,282,TRADING,150321.4,1408469.84,157609.55,261514.52,714665.52,601447.8,228127.23,499383.75,709437.08,937825.14,453544.2,304882.97,2306846.64,29666.24,426022.79,45750.74,335132.63,451199.42,253589.46,45064.92,125316.15,408266.66,401815.92,448056.17,96217.85,133357.31,145240.13,182520.64,101196.18,155117.12,130253.19,124971.88,148045.91,100908.08,155624.1,118404.19,120390.79,1422391.3,21394.32,17689.28,126653.93,252388.83,151.08,1266245.83,4314424.03,33621.03,768071.09,673535.8,46564.78,55099.97
Scenario 2,583,2,True Positive News,283,TRADING,150338.59,1407904.08,157453.65,261974.83,713173.18,600789.24,228071.98,500068.43,709521.6,937807.48,454272.47,305066.65,2304598.48,29603.08,425757.54,45751.37,334877.25,451111.93,253978.78,45050.79,125456.59,408916.63,401019.34,446485.94,96184.42,132993.99,145240.36,182455.03,101344.8,155073.12,130220.33,125059.29,147803.4,101082.08,155473.13,118578.28,120132.31,1421168.81,21342.0,17705.37,126586.3,252361.98,151.1,1266412.92,4321459.06,33593.86,767060.59,673087.66,46481.7,55112.81
Scenario 2,584,2,True Positive News,284,TRADING,150302.38,1408066.99,157389.22,262124.41,712022.46,600001.34,228083.16,500767.48,709483.46,937606.78,455022.08,305053.15,2301910.32,29580.66,425673.33,45746.2,334270.41,450920.72,254418.16,45064.32,125541.38,409599.46,400151.87,445153.21,96194.95,132560.5,145317.49,182427.22,101518.93,155132.35,130166.3,124970.53,147568.29,101106.1,155333.52,118726.13,119940.87,1422358.9,21285.06,17717.95,126451.74,252316.75,151.09,1266411.48,4325950.16,33586.57,765689.54,672820.6,46376.47,55116.89
Scenario 2,585,2,True Positive News,285,TRADING,150286.58,1408416.08,157311.98,262482.95,710842.38,599170.83,228035.61,501686.66,709747.33,937734.74,455409.76,304836.72,2299901.25,29550.28,425278.36,45735.88,333628.48,450985.67,254762.03,45068.69,125699.31,410527.59,399631.96,443495.54,96259.39,132294.95,145296.59,182434.09,101637.75,155068.19,130134.76,124974.76,147327.24,101249.12,155141.62,118877.33,119647.82,1421604.5,21230.37,17722.13,126275.32,252239.12,150.92,1266653.68,4332735.75,33569.12,765412.45,672246.19,46280.03,55134.3
Scenario 2,586,2,True Positive News,286,TRADING,150263.81,1408680.26,157310.76,262719.3,709705.7,598694.4,228015.86,501152.82,709610.91,937667.77,455384.26,303967.45,2299490.89,29528.79,424706.8,45732.25,333241.17,450955.88,255239.47,45062.37,125841.55,411263.08,398997.44,441928.59,96280.89,132075.5,145354.57,182308.88,101745.46,154946.19,130129.99,125093.69,147078.22,101467.08,155046.86,119065.58,119365.67,1421738.57,21168.29,17721.54,126116.09,252239.7,150.72,1266669.24,4342144.61,33512.84,764850.04,671873.48,46163.74,55116.19
Scenario 2,587,2,True Positive News,287,TRADING,150257.0,1408781.67,157364.49,262916.49,708827.89,598081.17,228009.18,501939.49,709491.04,937724.0,455540.29,303839.99,2297833.92,29501.42,424550.64,45719.88,333242.81,450903.94,255762.78,45031.22,125939.9,412093.3,398326.16,440442.8,96270.03,131769.34,145306.04,182325.29,101824.88,155009.44,130083.5,125214.44,146818.39,101403.91,154933.13,119200.71,119189.54,1421736.51,21108.52,17731.11,125979.91,252158.89,150.78,1266981.05,4351975.12,33409.21,763737.2,671369.52,46052.66,55078.29
Scenario 2,588,2,True Positive News,288,TRADING,150276.08,1408563.55,157258.14,263211.88,708466.66,597480.9,228024.26,502216.57,709684.23,937795.88,455986.64,303613.98,2295512.74,29470.86,424643.43,45714.21,332726.62,450883.7,255935.09,45010.47,126085.98,412770.65,397624.55,439181.45,96203.22,131624.32,145276.11,182362.31,102018.62,155049.12,130068.65,125247.93,146538.58,101457.44,154805.16,119357.6,118916.53,1423239.09,21054.89,17747.35,125789.98,252117.03,150.89,1267309.93,4359957.57,33374.54,762738.1,670986.87,45959.7,55094.26
Scenario 2,589,2,True Positive News,289,TRADING,150255.45,1408615.76,157307.85,263552.55,708064.91,596926.13,227913.76,502725.96,709481.35,938117.24,455959.79,303592.54,2294151.66,29424.05,424719.47,45712.68,332538.64,450797.03,256087.34,45019.48,126206.47,413328.47,396818.23,437763.98,96220.86,131345.08,145382.28,182334.2,102151.4,154980.0,130050.28,125191.13,146320.86,101411.72,154885.76,119539.26,118722.39,1424711.96,20995.29,17775.54,125729.75,252151.97,150.87,1267102.92,4367803.69,33318.72,762204.94,670714.33,45859.62,55122.13
Scenario 2,590,2,True Positive News,290,TRADING,150217.47,1408975.82,157156.89,263756.55,707564.59,596381.9,227927.59,503146.83,709432.15,937430.99,455629.64,303655.71,2292562.57,29394.34,424740.82,45724.72,331925.34,450669.32,256308.81,45020.57,126410.59,414163.44,396184.01,436073.44,96327.53,131048.16,145338.64,182258.54,102348.1,154966.23,130037.71,125242.52,146198.96,101454.28,154887.15,119722.05,118442.12,1425866.68,20938.69,17785.4,125597.15,252173.33,150.73,1267464.44,4369264.3,33271.41,760883.62,670332.49,45782.04,55145.46
Scenario 2,591,2,True Positive News,291,TRADING,150171.78,1409235.77,156991.8,263634.54,706791.04,595873.22,227929.45,503626.57,709487.27,936905.42,455657.9,303577.38,2290037.83,29368.44,424411.76,45705.14,331662.7,450663.6,256246.67,44994.59,126465.7,414792.24,395406.51,434372.22,96389.0,130785.15,145315.41,182275.48,102506.76,155014.39,129924.06,125269.95,145998.26,101423.95,154755.55,119863.74,118179.69,1428262.22,20879.08,17811.1,125579.93,252164.72,150.63,1267607.76,4375538.69,33239.57,759651.75,670141.49,45695.26,55155.35
Scenario 2,592,2,True Positive News,292,TRADING,150194.48,1409741.99,157062.72,263601.08,706352.8,595109.49,227780.61,505028.14,709302.87,936447.64,455532.94,303286.39,2288339.95,29340.18,424057.9,45710.92,331391.31,450591.13,256759.43,45020.26,126626.77,415569.12,394718.09,432819.84,96411.86,130569.36,145358.09,182300.29,102685.86,155016.15,129866.58,125326.38,145937.14,101503.47,154772.94,120009.16,117959.33,1429090.56,20822.63,17821.49,125429.02,252201.66,150.57,1267409.95,4383148.34,33217.46,758776.54,669741.16,45626.61,55174.56
Scenario 2,593,2,True Positive News,293,TRADING,150161.05,1409802.27,157083.24,263847.6,705529.07,594154.28,227703.92,505325.9,708859.44,935815.82,455199.83,303357.8,2285935.13,29317.98,423541.66,45722.09,331134.34,450476.01,256995.57,45008.74,126983.82,416454.46,394003.51,431069.6,96447.27,130371.55,145338.72,182297.12,102855.76,154910.92,129781.64,125268.77,145827.51,101544.44,154481.79,120125.44,117763.87,1429793.84,20791.4,17837.02,125541.07,252239.97,150.2,1267588.96,4391578.71,33165.08,757701.88,669423.94,45550.03,55161.78
Scenario 2,594,2,True Positive News,294,TRADING,150189.15,1410527.89,157079.29,264115.51,705036.95,594030.26,227620.17,505532.41,709090.61,936024.08,455018.63,303267.51,2284385.18,29295.02,423222.55,45718.0,331063.84,450294.13,257395.93,44990.72,127106.65,417124.74,393336.96,429571.07,96456.28,129970.86,145389.0,182303.68,102980.08,154972.59,129763.6,125376.05,145627.66,101643.56,154302.15,120266.69,117501.11,1429055.49,20731.93,17855.08,125482.14,252205.81,150.16,1267431.01,4401062.69,33124.1,756558.55,668793.02,45460.44,55132.02
Scenario 2,595,2,True Positive News,295,TRADING,150190.48,1410489.58,157072.68,264279.59,704178.52,593812.52,227651.82,506128.46,709606.09,936481.38,455350.97,303064.8,2283079.66,29255.23,423075.47,45727.24,330718.18,450108.87,258169.47,44975.6,127379.91,417956.15,392659.04,427718.84,96474.46,129669.56,145391.26,182365.73,103173.54,154973.47,129759.8,125383.4,145530.72,101659.97,154137.54,120424.97,117272.3,1432167.1,20668.35,17885.77,125501.02,252225.24,150.17,1267223.23,4405417.57,33063.13,755957.35,668231.54,45356.38,55131.49
Scenario 2,596,2,True Positive News,296,TRADING,150128.28,1410694.41,156941.91,264596.55,703311.03,593610.42,227588.3,506433.99,709509.47,936164.07,455391.96,303076.67,2281433.6,29200.19,423051.51,45728.38,330613.34,449986.58,258297.66,44961.71,127581.48,418647.12,392070.44,425707.22,96580.64,129242.88,145429.15,182255.03,103214.31,155104.07,129637.75,125249.54,145347.54,101742.11,153998.43,120593.97,116971.82,1434357.54,20616.95,17880.64,125531.27,252186.75,150.1,1267291.35,4409511.29,33025.31,754678.28,667609.13,45251.26,55134.62
Scenario 2,597,2,True Positive News,297,TRADING,150130.19,1411105.66,156933.41,264553.08,702340.96,593462.45,227618.17,506623.62,709170.68,936001.67,455823.47,303074.7,2279380.38,29171.34,422517.48,45728.61,330639.45,450051.22,258611.24,44957.38,127734.59,419337.76,391112.8,424076.44,96657.12,128876.79,145425.65,182204.19,103295.26,155014.93,129529.49,125253.74,145022.52,101694.49,153898.42,120742.49,116687.2,1434734.7,20555.87,17892.23,125462.03,252259.73,150.2,1267587.37,4416275.58,32974.29,754189.96,667123.21,45180.0,55152.95
Scenario 2,598,2,True Positive News,298,TRADING,150168.84,1410683.39,156875.25,264869.42,701145.92,593374.85,227667.33,506809.4,709108.21,935753.29,456232.24,302729.65,2277560.76,29147.7,422512.56,45730.61,330482.99,450116.01,258937.19,44942.24,127817.15,419967.48,390231.81,422370.11,96880.95,128468.81,145413.64,182214.11,103401.27,155120.88,129558.69,125315.16,144829.27,101706.75,153857.81,120846.92,116425.67,1436226.72,20513.79,17894.62,125391.79,252191.33,149.94,1268228.32,4424439.25,32941.47,753714.52,666865.74,45059.35,55137.61
Scenario 2,599,2,True Positive News,299,TRADING,150141.79,1411338.36,156806.28,264935.48,700031.7,592451.55,227693.32,507646.13,709495.43,935816.28,457097.83,302701.64,2275591.95,29112.59,422545.27,45727.92,330503.42,449942.78,259227.83,44949.21,127894.17,420631.18,389541.11,420707.28,97104.17,128142.42,145435.79,182174.95,103522.37,155352.4,129596.21,125465.72,144461.02,101904.81,153732.08,121007.47,116230.06,1436212.82,20468.51,17895.04,125376.25,252214.48,149.82,1268536.75,4430350.27,32892.07,752590.7,666845.28,44983.1,55127.87
Scenario 2,600,2,True Positive News,300,TRADING,150129.06,1411579.47,156767.31,265037.69,699053.64,592153.4,227675.53,507857.2,709090.77,935762.51,457484.51,302194.32,2272166.93,29078.86,422486.69,45736.22,330286.53,449804.0,259351.49,44923.32,127944.36,421621.79,388899.78,419073.89,97091.85,127848.3,145406.84,182211.58,103727.18,155511.36,129648.08,125564.96,144380.16,101792.27,153805.54,121170.85,115958.98,1436492.83,20404.6,17898.83,125217.83,252151.42,149.75,1268397.09,4436365.64,32837.41,751404.58,665945.82,44891.68,55113.22
Scenario 2,601,3,Bull Market,1,TRADING,158461.65,1408606.76,153038.52,285691.95,750078.21,593522.23,229287.13,531180.19,730036.78,950834.82,462663.86,289785.48,2365519.24,30842.53,417969.7,44124.82,327303.91,444798.45,262177.96,45782.09,122332.33,455691.51,372205.02,418114.62,95434.5,132240.81,152329.42,193213.55,100415.12,167828.07,134215.56,126737.25,156879.83,107913.53,151977.32,133045.01,116071.6,1417179.89,19648.37,17317.3,127791.5,241301.88,145.64,1245864.3,4281571.36,35498.23,727162.1,696851.67,43405.42,52769.21
Scenario 2,602,3,Bull Market,2,TRADING,158468.66,1407603.13,153063.1,285608.02,750489.07,592148.47,229744.65,531993.07,729918.83,951108.23,462659.75,289601.34,2366231.68,30824.99,417200.74,44263.23,327821.93,444926.14,261695.49,45809.64,122181.22,454975.66,371398.85,417982.78,95414.96,132283.4,152233.92,193540.62,100248.69,167812.79,134448.19,127155.69,157002.82,108305.66,152014.16,133067.13,116145.35,1417070.85,19644.26,17329.5,127519.58,240906.97,146.08,1245975.68,4289767.08,35540.67,727712.06,696289.41,43409.87,52844.42
Scenario 2,603,3,Bull Market,3,TRADING,158492.59,1407346.19,153016.63,285588.2,751932.89,591103.36,230015.79,532403.91,730426.95,951845.49,462916.1,289602.55,2365985.22,30820.3,416396.33,44381.76,327779.7,444924.21,261074.72,45807.54,121963.24,455533.1,371216.77,418286.73,95602.27,132346.0,151932.16,193865.12,100092.8,167825.32,134684.11,127495.09,157328.02,108656.79,152399.6,133073.76,116340.85,1416793.76,19625.32,17318.43,127303.57,240508.44,146.54,1246637.23,4298438.44,35577.27,728672.21,696033.24,43404.58,52921.92
Scenario 2,604,3,Bull Market,4,TRADING,158487.29,1407299.27,153027.98,285542.28,752335.14,589843.67,230041.08,533024.92,731662.91,952429.81,462857.78,289491.05,2366266.95,30787.02,415694.97,44495.0,328043.24,445073.26,260591.05,45789.83,121899.37,455448.44,371094.57,419441.45,95684.07,132322.25,151784.1,194194.34,100029.28,167870.18,134927.29,127875.33,157509.15,109048.24,152457.98,133060.48,116639.19,1416918.81,19616.99,17325.33,127128.33,240275.97,146.93,1246495.79,4307523.72,35626.67,729113.82,695904.09,43407.7,53006.76
Scenario 2,605,3,Bull Market,5,TRADING,158465.95,1407628.13,153023.01,285607.39,753523.12,588743.12,230076.63,533974.97,731974.04,952301.35,462993.33,289551.87,2364584.13,30735.14,414824.02,44626.14,328304.07,445049.14,260100.43,45771.31,121741.85,455134.48,371179.04,419702.73,95716.41,132372.13,151707.59,194525.73,99937.11,167861.16,135189.61,128235.96,157501.49,109309.03,152578.52,133048.18,116655.54,1416375.16,19599.35,17304.06,126843.34,239921.65,147.45,1245788.93,4310987.07,35704.48,729920.17,695842.88,43406.71,53058.23
Scenario 2,606,3,Bull Market,6,TRADING,158435.08,1408290.33,153027.16,285707.35,753114.8,587327.43,230300.05,534388.27,732216.55,952221.9,463284.28,289529.54,2364781.15,30690.2,414014.34,44754.48,328502.34,445043.29,259618.91,45773.42,121511.63,455431.38,370962.31,420543.74,95802.77,132382.73,151513.47,194820.91,99938.77,167836.4,135429.84,128555.96,157575.9,109698.56,152918.77,133043.3,116803.04,1415952.64,19567.77,17306.97,126482.78,239548.13,147.98,1246230.44,4317426.72,35775.28,730342.33,694902.37,43411.66,53134.77
Scenario 2,607,3,Bull Market,7,TRADING,158406.59,1408782.38,153031.15,285730.37,754897.19,585553.02,230729.33,535387.88,732682.93,952692.62,463426.61,289670.4,2365604.39,30624.74,413389.84,44886.47,329356.6,444941.38,258979.29,45764.87,121411.68,454975.18,370829.41,421158.85,95896.03,132397.8,151285.3,195077.35,99910.41,167808.63,135695.76,128847.21,157688.01,110051.1,153024.13,133052.51,116847.83,1416122.0,19565.54,17297.22,126174.73,239150.25,148.44,1246156.57,4327628.54,35835.48,731359.68,693571.35,43408.58,53206.97
Scenario 2,608,3,Bull Market,8,TRADING,158435.59,1408880.95,153011.58,285643.67,755509.31,584781.2,230855.56,535706.58,732712.83,954315.9,463453.29,289617.98,2364457.54,30551.59,412826.91,45015.04,330107.98,444911.42,258568.84,45827.47,121300.85,454687.19,370403.31,421851.14,95957.81,132427.18,151129.39,195441.82,99664.57,167764.92,135987.29,129258.97,157732.57,110415.85,153174.46,133060.12,117016.24,1415774.21,19550.56,17290.96,125886.56,238680.51,148.79,1246336.34,4331318.54,35905.56,731506.54,693343.36,43400.55,53262.31
Scenario 2,609,3,Bull Market,9,TRADING,158450.77,1409327.21,153032.37,285723.95,757193.31,583617.11,231272.9,536568.86,733487.23,954043.62,463510.27,289520.74,2364571.52,30526.1,411840.17,45129.07,330585.04,444813.5,257990.62,45719.06,121248.14,454918.31,370291.72,422442.56,96055.56,132396.55,150804.08,195808.82,99710.55,167777.7,136195.9,129560.28,157792.77,110753.59,153413.95,133084.28,117090.65,1415793.55,19516.05,17276.95,125654.43,238291.02,149.21,1246889.47,4336118.66,35934.24,731895.11,693137.74,43392.5,53318.85
Scenario 2,610,3,Bull Market,10,TRADING,158416.58,1410056.39,152928.55,285828.59,757736.86,581965.95,231595.23,537115.42,734158.69,954524.18,463500.16,289637.79,2365177.88,30533.16,411176.11,45251.32,331246.01,444748.32,257512.43,45721.61,121064.79,454567.97,369592.14,422934.85,96151.29,132424.43,150697.75,196072.45,99534.48,167792.74,136486.93,129877.65,157736.45,111120.65,153576.75,133100.87,117206.24,1416093.43,19497.92,17271.94,125477.01,238020.6,149.65,1247109.3,4341652.66,35970.53,732652.07,692677.79,43393.47,53403.85
Scenario 2,611,3,Bull Market,11,TRADING,158446.88,1410875.24,152966.91,285756.82,759408.85,580732.78,231898.43,537540.43,734059.38,955021.55,463442.65,289665.05,2365560.56,30491.62,410536.11,45370.34,331987.77,444692.95,257174.5,45713.15,121001.74,454137.13,369539.23,423290.09,96221.99,132468.08,150402.3,196370.29,99393.59,167795.58,136753.91,130280.3,157776.06,111453.99,153691.5,133116.31,117547.71,1415918.6,19475.41,17281.2,125241.3,237591.96,150.09,1246730.85,4346058.38,36013.85,733039.52,691865.0,43401.97,53466.28
Scenario 2,612,3,Bull Market,12,TRADING,158458.63,1411662.44,152932.98,285683.81,760738.41,578927.81,232063.62,538029.45,734797.49,955282.88,463402.69,289638.04,2365475.85,30440.44,409756.83,45485.02,332602.85,444727.82,256632.93,45676.35,120939.92,452933.32,369400.24,423183.28,96328.68,132441.8,150091.71,196710.46,99306.49,167810.99,137019.12,130592.91,157609.76,111797.25,153793.98,133103.83,117940.78,1415691.2,19460.09,17284.99,125048.32,237270.23,150.52,1246690.13,4347358.0,36110.37,733026.17,691603.22,43399.38,53553.33
Scenario 2,613,3,Bull Market,13,TRADING,158498.73,1411898.49,152919.77,285664.87,762675.72,577729.33,232276.22,537966.37,734965.99,955200.78,463444.15,289690.58,2364774.63,30355.02,409132.04,45616.0,333037.7,444735.99,256198.34,45643.77,120806.36,452612.65,369271.16,423713.24,96486.83,132438.04,149879.37,196995.57,99210.15,167787.81,137320.86,130934.44,157687.23,112087.45,154111.16,133102.38,118103.75,1415989.57,19442.96,17275.95,124769.24,236925.92,150.86,1247106.88,4352970.12,36137.52,732899.71,691503.43,43400.65,53603.81
Scenario 2,614,3,Bull Market,14,TRADING,158480.51,1411814.53,152943.6,285680.04,763788.5,576869.12,232304.76,538661.11,735025.66,955448.69,463611.17,289581.04,2364974.17,30360.44,408562.51,45747.57,333080.47,444608.96,255510.42,45620.22,120772.0,451870.24,369299.43,424214.71,96502.9,132406.05,149683.59,197321.38,99081.04,167778.99,137629.83,131222.37,157653.65,112425.56,154296.64,133121.01,118298.01,1415831.54,19419.11,17279.88,124429.76,236708.3,151.19,1247169.26,4355244.6,36166.1,734016.34,691433.21,43406.84,53716.48
Scenario 2,615,3,Bull Market,15,TRADING,158477.98,1412201.34,152995.76,285642.04,764658.97,575664.76,232580.58,538741.19,735255.63,955576.54,463849.63,289659.68,2365033.14,30263.55,407653.71,45858.3,333707.35,444690.88,254946.91,45621.08,120671.02,451264.45,369524.45,424958.07,96637.32,132346.51,149171.47,197586.46,98961.85,167759.09,137894.97,131530.49,157720.29,112700.38,154425.18,133129.12,118360.0,1416302.76,19412.96,17291.93,124260.61,236590.12,151.69,1247787.28,4362617.74,36215.28,734747.56,690829.17,43406.08,53777.04
Scenario 2,616,3,Bull Market,16,TRADING,158483.9,1411108.07,153094.62,285837.6,765799.83,574156.6,232790.44,539396.85,736239.25,955760.09,464113.13,289525.81,2366341.14,30232.05,406925.52,45975.76,334210.58,444671.85,254598.73,45560.62,120503.16,450965.21,369020.13,425147.59,96713.22,132375.5,148985.51,197935.39,98735.15,167764.97,138194.67,131938.46,157790.02,113056.17,154721.1,133120.69,118670.37,1416258.7,19369.81,17276.33,123943.62,236267.72,152.15,1247206.76,4364416.89,36228.83,736328.16,690361.65,43399.7,53879.22
Scenario 2,617,3,Bull Market,17,TRADING,158485.87,1411118.18,153103.88,285823.81,766987.3,572962.14,233027.52,539619.47,736710.7,955938.63,464175.63,289584.95,2366865.34,30167.17,406331.61,46088.55,334651.86,444564.01,254043.0,45519.86,120386.0,451037.65,368784.21,425938.79,96866.71,132436.05,148897.3,198184.77,98606.26,167736.18,138474.37,132231.03,157764.06,113458.66,154783.32,133101.37,118781.22,1416972.04,19361.25,17273.32,123645.32,235829.0,152.48,1246479.49,4366624.81,36293.96,737791.48,690553.8,43402.73,53951.62
Scenario 2,618,3,Bull Market,18,TRADING,158485.71,1411193.25,153041.77,285820.05,768064.84,571611.41,233559.08,540455.19,737280.63,956036.79,464127.09,289600.07,2366895.35,30120.44,405681.84,46202.63,334855.93,444493.12,253396.41,45473.59,120211.96,450376.79,368606.63,426628.96,96969.71,132375.98,148860.33,198512.69,98356.58,167789.72,138769.54,132612.65,157666.57,113819.63,154999.37,133096.29,118888.06,1416967.43,19365.77,17280.32,123404.89,235565.35,152.8,1246154.22,4376655.45,36330.91,738632.06,690209.28,43400.16,54063.06
Scenario 2,619,3,Bull Market,19,TRADING,158487.66,1410609.95,153057.21,285892.4,768446.91,570241.92,233668.02,541117.25,737832.66,955836.41,464051.56,289765.25,2366629.17,30131.82,405043.32,46324.22,335143.82,444394.75,252915.21,45422.38,120028.49,450212.05,367973.03,427077.73,97057.48,132379.61,148519.9,198843.51,98216.56,167807.59,139060.47,132942.52,157691.0,114184.34,155248.45,133090.82,119004.22,1416761.96,19355.42,17270.66,123142.03,235449.47,153.41,1245927.62,4382006.19,36365.49,740855.19,689479.46,43404.8,54149.37
Scenario 2,620,3,Bull Market,20,TRADING,158519.09,1410770.43,153051.32,285809.24,769612.75,568688.97,233965.01,541427.02,737975.45,956869.99,463865.05,289650.53,2366210.35,30077.6,404025.15,46467.84,335505.65,444292.92,252430.35,45367.9,119867.56,449581.93,367822.09,428017.39,97156.44,132362.15,148245.66,199173.07,98172.15,167767.29,139292.75,133375.54,157723.9,114507.02,155519.85,133075.4,119057.74,1416643.3,19328.95,17272.83,122880.89,235268.05,153.77,1245761.69,4384948.03,36376.37,740755.33,689498.52,43404.53,54260.72
Scenario 2,621,3,Bull Market,21,TRADING,158553.77,1410531.97,153079.81,285858.54,771887.38,567315.47,234017.86,542671.44,738655.19,957819.45,464134.56,289617.13,2367055.15,30078.64,403162.72,46593.55,335794.18,444246.11,252058.89,45371.86,119729.41,449410.61,367368.18,428725.03,97213.52,132359.68,148120.2,199409.57,98030.6,167795.68,139599.03,133722.59,157756.47,114853.98,155763.86,133109.37,119210.2,1416676.92,19342.36,17271.92,122609.38,235049.82,154.24,1246033.95,4383389.87,36383.32,741189.63,689057.56,43396.4,54355.73
Scenario 2,622,3,Bull Market,22,TRADING,158565.72,1411051.57,153064.99,285776.52,771576.24,565841.88,234166.48,543247.32,739310.67,957771.52,464075.29,289732.02,2367349.1,29991.27,402534.4,46711.57,336401.95,444269.77,251804.82,45377.83,119580.43,448479.07,367601.28,429300.94,97230.2,132371.21,147900.31,199693.15,97857.75,167761.21,139899.09,134023.63,157850.15,115242.59,155737.77,133138.93,119467.53,1416647.96,19330.51,17279.53,122374.81,234707.66,154.7,1246776.97,4390125.08,36473.79,742752.0,688499.35,43393.81,54458.91
Scenario 2,623,3,Bull Market,23,TRADING,158535.14,1410749.66,152978.88,285868.16,772967.98,564868.48,234484.37,544080.46,739463.51,958590.85,464182.14,289697.25,2366004.64,29963.55,401702.86,46823.34,336754.01,444259.69,251442.79,45351.94,119494.54,448346.95,367684.18,429772.75,97436.69,132394.9,147427.45,200019.09,97884.05,167731.66,140147.39,134313.56,158047.32,115536.37,155591.41,133138.18,119618.06,1416555.89,19311.01,17267.39,122101.99,234382.02,155.17,1246579.53,4392006.55,36469.55,742516.43,687547.0,43394.04,54529.4
Scenario 2,624,3,Bull Market,24,TRADING,158511.59,1410296.29,152970.15,285771.17,773322.28,563627.79,234601.41,544002.85,739927.57,957222.25,464238.17,289651.04,2367108.38,29955.67,400813.38,46940.7,337610.98,444263.86,251038.85,45349.53,119429.86,448165.84,367496.56,429893.42,97507.19,132377.09,147258.38,200280.76,97782.72,167791.72,140423.4,134665.59,158147.58,115886.23,155723.91,133152.33,119845.03,1416520.95,19278.93,17255.65,121779.65,233985.07,155.71,1246380.02,4396725.94,36540.94,743386.68,686907.98,43392.18,54608.77
Scenario 2,625,3,Bull Market,25,TRADING,158496.6,1409773.63,152951.08,285666.72,773084.63,562230.1,235116.14,544484.56,740684.77,958143.31,464327.6,289562.5,2366248.9,29921.33,400093.18,47055.57,338104.45,444243.25,250515.44,45294.88,119273.01,447868.92,367074.96,430651.02,97560.05,132378.69,147174.84,200536.31,97688.53,167791.86,140639.99,135033.11,158021.07,116260.06,155880.25,133137.74,119985.53,1416723.56,19246.56,17248.34,121502.36,233746.81,156.14,1245576.34,4398335.95,36566.05,743023.49,686543.92,43393.24,54690.22
Scenario 2,626,3,Bull Market,26,TRADING,158452.23,1409559.18,152905.41,285540.61,773820.68,561213.44,235371.31,545046.8,742126.66,958196.76,464143.22,289485.6,2366220.67,29938.52,399260.17,47169.09,338636.29,444109.83,250005.1,45281.06,119162.02,447579.45,367350.36,431067.61,97628.93,132381.33,146930.7,200850.47,97822.19,167812.68,140891.69,135333.67,158089.28,116651.64,155919.3,133131.62,120203.6,1416742.08,19245.51,17241.92,121240.07,233518.89,156.49,1245416.18,4404036.12,36627.77,744245.5,686300.21,43391.01,54766.93
Scenario 2,627,3,Bull Market,27,TRADING,158459.92,1409542.86,152946.69,285566.63,773530.4,560014.14,235344.92,545685.74,742529.18,959307.51,464257.62,289502.54,2366292.32,29877.53,398316.43,47261.89,339081.56,444118.4,249476.35,45265.25,119021.05,447580.53,367541.64,431968.61,97680.53,132386.78,146815.88,201161.81,97689.47,167793.32,141181.88,135679.31,158277.14,116943.3,156244.38,133144.29,120430.68,1416347.01,19246.0,17238.57,121062.15,233192.31,156.95,1245461.89,4410156.22,36664.93,744128.09,686351.86,43383.96,54835.85
Scenario 2,628,3,Bull Market,28,TRADING,158472.88,1409760.43,152987.55,285412.96,774526.03,558826.6,235771.72,545978.08,743942.17,959754.52,464321.34,289424.86,2366005.67,29831.86,397559.55,47369.76,339586.08,444053.39,249154.69,45328.43,118970.2,446942.3,367468.22,432369.08,97843.27,132438.35,146575.23,201524.13,97508.0,167827.37,141422.8,136089.85,158425.41,117335.84,156473.94,133122.64,120673.46,1416075.65,19254.07,17232.19,120828.46,233015.91,157.53,1245862.78,4417711.98,36691.28,743405.82,685663.26,43398.1,54888.95
Scenario 2,629,3,Bull Market,29,TRADING,158446.95,1408857.76,153059.95,285391.05,774815.82,557374.88,236028.04,546676.54,744807.16,960012.98,464505.03,289408.17,2367441.45,29791.66,396795.05,47472.43,340363.99,443975.28,248667.69,45314.78,118887.43,446732.91,367195.99,433282.56,98013.87,132469.97,146263.18,201829.24,97412.42,167857.38,141683.2,136317.33,158558.19,117661.83,156449.41,133088.73,120527.79,1415467.38,19230.65,17218.91,120682.56,232680.59,158.1,1245716.78,4424089.11,36693.33,745324.85,685563.67,43378.75,54956.74
Scenario 2,630,3,Bull Market,30,TRADING,158479.25,1408867.7,153134.27,285339.67,775786.31,556478.19,236270.73,547435.82,746249.0,959680.31,464407.88,289426.37,2366990.1,29712.76,396064.9,47596.53,340812.47,444013.19,248344.91,45280.33,118771.18,446763.52,366966.1,433645.55,98137.19,132490.53,146177.06,202169.48,97283.73,167881.02,141972.25,136650.94,158552.55,118032.43,156615.59,133081.65,120666.46,1415350.23,19246.23,17194.65,120459.61,232261.2,158.35,1244496.47,4422763.29,36720.0,745802.49,685097.57,43389.77,55013.47
Scenario 2,631,3,Bull Market,31,TRADING,158489.08,1409389.35,153093.7,285167.56,777483.09,555299.87,236536.39,547556.01,746599.17,959633.83,464348.63,289257.39,2366373.7,29711.0,395258.24,47733.75,341398.39,444089.87,247775.14,45311.02,118700.49,446606.12,366631.86,434127.07,98174.56,132522.0,145896.67,202412.89,97080.13,167902.88,142221.01,136984.67,158610.32,118338.3,156863.94,133074.91,120836.79,1415656.71,19233.33,17182.47,120102.58,231794.21,158.79,1244264.52,4422413.19,36738.53,746216.89,685025.57,43390.23,55103.85
Scenario 2,632,3,Bull Market,32,TRADING,158486.08,1409717.92,153016.47,285218.1,777357.11,553614.93,236721.03,547656.83,747322.65,960249.37,464536.15,289222.97,2365423.09,29642.16,394322.28,47854.38,341734.15,444147.17,247014.7,45337.35,118606.49,445999.67,366319.56,434683.76,98312.1,132535.21,145614.94,202644.65,96957.37,167882.76,142471.49,137204.14,158756.45,118626.21,156884.88,133080.99,120992.07,1415838.68,19216.62,17193.69,119801.38,231353.89,159.12,1244105.26,4425801.06,36742.47,747805.98,684775.3,43385.1,55199.98
Scenario 2,633,3,Bull Market,33,TRADING,158458.48,1409411.23,152880.54,285275.8,778759.98,552240.86,237276.1,548307.3,748336.46,960211.04,464688.25,289185.47,2365081.6,29550.72,393578.17,47980.21,342386.52,443988.99,246532.94,45384.88,118498.07,445040.48,366439.54,435688.03,98396.54,132504.2,145383.06,202928.81,96764.65,167888.98,142746.45,137537.96,158884.47,118944.74,157250.61,133076.44,121113.23,1415801.34,19190.34,17178.24,119629.52,231022.3,159.53,1244689.17,4433281.9,36727.14,748097.14,684083.46,43387.73,55294.4
Scenario 2,634,3,Bull Market,34,TRADING,158458.77,1409784.84,152878.24,285208.45,780459.48,550653.29,237594.02,548799.07,749238.73,961384.18,464829.35,289072.9,2365960.71,29510.99,392926.13,48086.45,342812.11,444060.27,246214.85,45334.11,118343.08,444682.09,366444.76,435970.55,98502.73,132463.64,145262.75,203228.01,96606.89,167867.75,143050.0,137891.55,158945.89,119354.97,157491.38,133118.98,121388.98,1416028.39,19166.28,17165.23,119358.91,230805.01,160.03,1243986.61,4439670.33,36784.6,748139.73,683443.82,43383.81,55390.53
Scenario 2,635,3,Bull Market,35,TRADING,158426.67,1410213.11,152914.3,285068.83,780682.0,549569.35,237838.33,549357.4,750093.71,961060.73,464968.56,289109.2,2366365.99,29461.78,392056.16,48206.75,343164.53,444142.96,245629.93,45350.45,118219.18,443823.93,365867.85,436679.85,98609.17,132471.85,145100.65,203555.23,96421.87,167840.36,143331.29,138350.94,158965.91,119697.82,157563.1,133104.81,121568.32,1415701.65,19154.55,17149.81,119116.81,230474.09,160.42,1243862.23,4445553.02,36803.84,748433.14,683189.78,43387.55,55484.51
Scenario 2,636,3,Bull Market,36,TRADING,158448.65,1411386.6,152896.59,284980.91,781516.26,548278.05,237833.11,549986.87,750374.46,961335.52,465008.68,289161.88,2367261.61,29367.81,391507.37,48316.54,343730.45,444150.27,245286.03,45313.0,118076.22,443995.63,365644.84,437488.45,98673.99,132442.97,144881.95,203781.09,96326.71,167850.88,143601.91,138749.01,158879.46,120089.32,157547.5,133122.56,121838.33,1415809.78,19132.5,17145.43,118873.5,230197.67,160.81,1243522.97,4448321.21,36864.14,748592.83,682475.76,43382.96,55580.42
Scenario 2,637,3,Bull Market,37,TRADING,158453.79,1411797.26,152954.88,285047.29,782120.01,547524.04,238155.85,551044.68,749924.22,961362.14,465168.85,289109.34,2368093.11,29316.24,390748.72,48446.0,344256.18,444159.67,244761.8,45335.02,117953.22,442724.03,365522.8,438190.53,98758.7,132433.26,144657.73,204129.34,96365.85,167886.67,143894.91,139096.06,158877.38,120420.7,157516.36,133137.81,122004.71,1415811.33,19104.82,17146.13,118555.48,229817.85,161.16,1243682.91,4453388.76,36901.69,748229.28,682325.52,43386.72,55688.9
Scenario 2,638,3,Bull Market,38,TRADING,158483.18,1411421.44,152906.98,285090.84,783334.02,546081.98,238582.89,551416.41,750605.79,962217.75,465290.53,289083.99,2366442.49,29275.23,390015.36,48564.67,344708.61,444124.42,244213.98,45290.45,117835.07,442047.02,365366.8,439109.18,98811.65,132394.23,144178.03,204554.79,96252.59,167854.43,144128.26,139424.82,158948.52,120644.71,157616.63,133142.09,122052.4,1415652.02,19115.58,17130.35,118259.81,229532.45,161.69,1243834.64,4457048.18,36873.52,749345.36,681854.75,43372.18,55762.01
Scenario 2,639,3,Bull Market,39,TRADING,158486.6,1411099.99,152920.03,284980.8,784353.47,544497.32,238949.05,551803.6,751540.78,962546.27,465303.19,289129.28,2366460.75,29236.68,389007.85,48691.55,345464.56,444068.49,243670.69,45215.73,117671.38,441738.88,365634.74,439587.59,98949.47,132409.43,143963.04,204884.77,96173.53,167889.36,144342.37,139794.24,158959.52,120946.9,157747.03,133111.1,122238.48,1415773.99,19122.82,17109.86,117997.05,229247.03,162.21,1244279.74,4459461.52,36897.15,750324.92,680958.51,43381.8,55842.67
Scenario 2,640,3,Bull Market,40,TRADING,158514.73,1411392.82,152977.0,285128.04,783916.62,543174.72,238993.76,552721.41,751864.9,962690.7,465397.02,289015.95,2367258.46,29223.08,388124.73,48842.76,346313.19,443993.35,243242.31,45219.7,117546.98,441693.39,365907.65,440335.85,99020.74,132458.72,143774.17,205226.74,96174.45,167917.48,144623.74,140116.12,159025.21,121258.65,157908.51,133094.28,122350.3,1415658.6,19125.43,17106.37,117766.62,228855.57,162.57,1244038.12,4469372.43,36933.39,751083.07,680643.74,43367.54,55946.62
Scenario 2,641,3,Bull Market,41,TRADING,158485.2,1411450.68,152918.14,285212.51,784903.99,541942.01,239066.35,553230.97,752137.27,962972.4,465325.46,289039.8,2368067.6,29158.15,387203.11,48948.68,347110.09,443980.96,242853.95,45215.82,117622.69,441612.77,365600.15,440836.97,99105.59,132472.67,143402.45,205561.82,96094.45,167914.26,144902.42,140441.92,159089.98,121542.49,157963.65,133092.45,122411.33,1415400.4,19110.0,17103.79,117499.37,228518.9,163.13,1244138.48,4477921.85,36909.32,750850.35,680450.25,43373.67,56019.73
Scenario 2,642,3,Bull Market,42,TRADING,158532.21,1411044.43,152940.24,285327.1,786292.18,541081.22,239025.28,553970.56,752746.46,963247.49,465319.88,289113.11,2369386.62,29152.32,386417.47,49070.56,347672.5,443957.12,242224.41,45137.58,117493.77,441303.96,365688.68,441684.0,99196.05,132419.77,143419.68,205932.76,95984.68,167900.13,145093.91,140740.6,159258.59,121868.06,158123.35,133084.55,122440.72,1415137.23,19095.48,17119.17,117190.05,228214.71,163.64,1244280.19,4487430.18,36956.29,751172.67,680294.31,43366.7,56104.09
Scenario 2,643,3,Bull Market,43,TRADING,158523.96,1411027.93,152987.14,285327.32,787771.67,539855.86,239633.0,554438.03,753605.51,963870.71,465372.6,289148.21,2369091.61,29099.89,385492.22,49202.9,347923.04,443856.77,241701.1,45144.55,117401.91,440304.85,365581.6,442046.73,99222.22,132492.25,143036.88,206204.0,95835.49,167868.54,145378.93,141063.33,159449.35,122157.66,158237.09,133089.22,122611.41,1414979.96,19102.19,17120.12,116992.19,227960.0,164.02,1243934.22,4491516.78,36960.7,751442.09,679067.48,43365.56,56162.31
Scenario 2,644,3,Bull Market,44,TRADING,158490.14,1411069.42,153001.54,285291.08,788533.95,538036.65,239946.34,555266.86,753924.02,963929.99,465485.74,289091.95,2369408.59,29077.94,384585.29,49331.58,348545.35,443836.52,241233.9,45118.55,117163.65,440293.21,365477.28,442437.27,99318.96,132483.15,142746.19,206501.67,95823.22,167892.64,145668.58,141370.24,159440.99,122468.21,158298.13,133108.82,122648.4,1414744.68,19087.72,17116.35,116792.35,227755.3,164.38,1243125.48,4493543.43,36978.53,752523.85,678693.12,43352.78,56231.17
Scenario 2,645,3,Bull Market,45,TRADING,158500.96,1411535.63,152976.91,285240.59,790457.92,537037.03,240184.04,556511.8,754061.66,965132.18,465645.37,289010.07,2370973.7,29049.68,383868.78,49426.69,349317.56,443809.58,240976.99,45057.84,117078.84,440100.39,365560.01,443044.65,99452.03,132504.63,142342.96,206773.85,95661.4,167951.03,145945.06,141693.79,159386.86,122789.04,158632.99,133091.95,122712.17,1414760.92,19090.29,17120.72,116544.71,227411.34,164.72,1242802.93,4502345.24,37030.84,751491.05,678215.27,43352.41,56316.48
Scenario 2,646,3,Bull Market,46,TRADING,158442.41,1411792.47,152945.43,285149.12,791709.23,535502.6,240291.98,557162.62,754207.07,966053.03,465789.19,289069.53,2371814.66,29009.07,382935.15,49529.35,349807.23,443884.35,240544.93,45057.26,116985.94,439333.26,365104.14,443817.14,99479.82,132528.13,142223.83,207034.94,95676.99,167894.52,146218.24,142023.96,159433.19,123082.05,158908.55,133131.45,122923.71,1414764.57,19082.16,17097.79,116280.52,227173.55,165.24,1243102.3,4512817.37,37058.07,751475.25,677027.09,43351.93,56377.05
Scenario 2,647,3,Bull Market,47,TRADING,158423.33,1412062.81,152988.22,285081.92,793017.01,533932.71,240793.74,557838.37,754139.19,966503.13,465839.6,288976.87,2373375.55,28983.76,382191.31,49650.74,350221.17,443947.67,239969.24,45025.03,116779.08,438726.94,365052.77,444573.8,99604.77,132543.28,141954.58,207327.2,95546.0,167892.27,146500.2,142394.81,159396.88,123433.36,159018.44,133126.92,122944.05,1414623.51,19082.03,17083.57,115996.65,226784.93,165.53,1243445.69,4526033.0,37075.63,752945.66,676324.42,43344.63,56470.17
Scenario 2,648,3,Bull Market,48,TRADING,158400.77,1412156.71,153018.24,285070.19,793626.57,532588.38,240967.96,558515.51,754346.42,967055.04,466003.32,288937.65,2373266.11,28942.66,381553.36,49773.88,350914.48,443889.59,239544.86,44941.62,116691.3,437757.3,364329.52,445045.66,99670.45,132527.41,141563.32,207575.88,95432.56,167922.79,146780.81,142705.07,159446.55,123792.77,159185.79,133149.66,122955.58,1414581.99,19083.44,17072.58,115725.89,226468.59,165.91,1243754.05,4529449.81,37082.66,752957.31,676001.73,43333.83,56558.32
Scenario 2,649,3,Bull Market,49,TRADING,158378.15,1412019.75,153059.6,285240.91,794955.31,531422.85,241225.3,559543.79,754646.4,967390.88,466039.3,288826.57,2372900.65,28911.37,380727.06,49906.06,351454.49,443788.62,239127.57,44958.09,116526.86,436913.44,364420.85,445236.18,99731.94,132528.21,141145.22,207902.63,95305.72,167962.71,147037.72,143074.34,159379.83,124154.59,159387.69,133156.31,123068.18,1413913.14,19074.07,17073.08,115474.55,226049.61,166.28,1243049.97,4531575.91,37123.28,753249.7,676166.11,43326.97,56648.73
Scenario 2,650,3,Bull Market,50,TRADING,158381.17,1411381.15,153068.99,285153.55,795962.06,529935.65,241671.39,559589.94,755548.66,968559.38,466097.25,288674.06,2373071.43,28867.47,379907.05,50023.18,351792.16,443769.18,238655.87,44885.85,116319.85,436653.07,364626.59,445326.22,99806.87,132574.42,140892.37,208148.09,95199.13,167997.0,147360.84,143400.0,159368.77,124472.2,159537.19,133154.83,123300.23,1414172.53,19060.99,17088.12,115178.62,225791.95,166.69,1243001.1,4537629.29,37164.74,754672.0,675674.7,43333.96,56724.19
Scenario 2,651,3,Bull Market,51,TRADING,158369.36,1412147.49,153010.34,285199.83,796488.84,528763.6,242473.51,560031.6,756643.73,968895.37,466260.04,288744.63,2373675.74,28806.27,378987.75,50136.94,352390.53,443633.16,238188.16,44884.68,116090.43,436143.52,364651.41,445957.99,99870.7,132606.89,140701.2,208512.56,95046.97,168002.03,147690.36,143696.18,159407.14,124813.22,159785.09,133153.17,123477.12,1414185.52,19023.58,17061.03,114969.64,225443.08,167.15,1243213.52,4544032.33,37246.38,755874.88,675622.59,43337.42,56775.14
Scenario 2,652,3,Bull Market,52,TRADING,158386.39,1412573.4,153036.56,285189.22,797821.04,527761.35,242632.71,560778.55,757289.06,969286.35,466244.36,288740.94,2372987.13,28761.66,378244.38,50258.98,352470.77,443572.64,237680.6,44845.11,116011.38,435831.28,364275.01,445930.97,100054.02,132604.36,140341.65,208806.71,94902.59,168028.79,147923.94,143987.13,159543.92,125153.97,159874.89,133159.88,123652.6,1413708.27,19004.02,17049.65,114713.29,225140.71,167.68,1243921.6,4554628.92,37310.42,756556.28,674589.42,43330.06,56835.3
Scenario 2,653,3,Bull Market,53,TRADING,158388.39,1413316.39,153066.74,285091.98,799811.77,526479.05,242501.6,561456.4,757844.21,969163.63,466251.7,288669.53,2374280.79,28745.93,377472.54,50384.98,352797.53,443433.11,237075.14,44791.35,115956.01,435811.21,364539.64,445935.45,100091.21,132643.89,140220.45,209148.1,94797.04,167964.25,148211.67,144349.27,159714.95,125477.24,160251.37,133184.55,123655.91,1413073.65,18946.02,17047.66,114413.34,224732.72,167.98,1243043.06,4555894.77,37355.43,757007.79,673929.72,43328.1,56901.85
Scenario 2,654,3,Bull Market,54,TRADING,158381.17,1413902.14,153090.14,285060.64,800653.88,525528.0,242654.85,561489.5,758079.92,969112.19,466197.38,288744.63,2374902.38,28654.41,376657.69,50492.86,353261.45,443303.67,236471.19,44728.87,115809.47,435587.9,364867.3,446167.94,100111.04,132667.61,140094.53,209375.99,94745.19,167938.17,148407.02,144689.4,159754.52,125808.61,160565.17,133196.68,123635.91,1412911.81,18910.0,17061.52,114170.23,224324.29,168.56,1242880.0,4562043.86,37358.94,757853.8,673495.11,43322.85,56979.99
Scenario 2,655,3,Bull Market,55,TRADING,158428.06,1413393.38,153051.12,285203.94,801501.88,524446.39,243077.29,562050.55,758763.78,969807.24,466171.35,288636.16,2374715.78,28648.14,376087.84,50616.17,353484.38,443388.33,236040.92,44684.04,115769.69,434705.68,364811.26,446490.62,100205.09,132738.77,139918.6,209522.58,94660.01,167919.39,148625.27,145057.48,159803.98,126159.7,160616.65,133176.53,123760.22,1412859.52,18899.99,17066.87,113881.2,223979.93,169.12,1242389.94,4566786.85,37374.42,758187.4,673790.55,43316.2,57053.66
Scenario 2,656,3,Bull Market,56,TRADING,158433.86,1413670.02,153057.47,285086.32,802831.16,523198.2,243488.36,562800.64,759048.27,969887.1,466308.3,288800.7,2373184.36,28640.13,375274.95,50721.92,353834.99,443408.56,235508.65,44657.21,115592.29,433924.59,364783.7,447013.47,100296.36,132762.01,139704.26,209852.63,94624.28,167904.89,148893.29,145331.76,159959.73,126515.46,160770.28,133175.03,123754.99,1412946.1,18900.44,17045.62,113620.84,223661.9,169.51,1242857.93,4570271.48,37385.49,759554.31,673754.53,43314.85,57118.75
Scenario 2,657,3,Bull Market,57,TRADING,158427.64,1413538.33,153043.95,285071.76,802994.8,521671.29,243508.41,563225.74,758971.1,970124.61,466311.11,288810.21,2373732.94,28597.44,374546.24,50854.11,354384.12,443223.53,234974.79,44628.83,115500.63,433902.55,365157.68,447795.34,100353.97,132729.48,139472.44,210130.06,94576.02,167907.11,149129.98,145686.28,160032.81,126921.07,160838.39,133159.21,123883.46,1413115.74,18946.54,17030.86,113382.26,223366.38,169.81,1242895.21,4576263.92,37426.74,760425.77,673279.11,43311.5,57202.27
Scenario 2,658,3,Bull Market,58,TRADING,158424.78,1413797.6,153105.56,284975.09,804838.29,520384.96,244034.53,563703.35,759795.45,970044.64,466176.58,288792.78,2374480.84,28581.45,373788.39,50973.78,354780.04,443159.25,234688.16,44666.31,115370.15,433306.65,365143.24,448617.64,100527.78,132760.13,139211.11,210333.65,94604.43,167921.28,149469.21,145972.33,159996.28,127297.1,161179.42,133146.56,123944.74,1413340.75,18945.16,17040.51,113029.47,222911.47,170.33,1243320.27,4583359.59,37483.02,760712.53,672401.73,43311.98,57281.92
Scenario 2,659,3,Bull Market,59,TRADING,158420.17,1413124.63,153096.4,285033.0,805539.49,519150.73,244251.93,564790.28,760337.06,969918.71,466412.75,288816.75,2374151.09,28504.21,372871.13,51084.27,355161.47,443137.63,234195.33,44701.49,115339.46,432689.6,365156.35,449088.12,100684.09,132745.74,139020.52,210661.5,94496.15,167947.49,149740.33,146272.04,160166.39,127650.66,161407.54,133148.34,124075.23,1413018.37,18917.69,17034.87,112754.16,222630.06,170.72,1243296.68,4587319.81,37522.92,761953.3,671839.34,43315.54,57366.12
Scenario 2,660,3,Bull Market,60,TRADING,158419.86,1413461.17,153065.84,284890.94,806651.49,518100.73,244333.63,565570.44,760767.83,970529.13,466422.06,288805.08,2374574.58,28489.65,372074.32,51224.97,355790.39,443101.76,233646.66,44681.29,115211.36,431823.24,365718.99,449676.23,100812.98,132743.66,139035.48,211004.98,94411.86,167948.18,149920.73,146528.57,160226.07,128037.06,161563.33,133169.45,124308.13,1412923.8,18922.12,17026.36,112437.85,222287.87,171.28,1243187.78,4592454.42,37536.71,764138.72,671459.98,43306.7,57453.63
Scenario 2,661,3,Bull Market,61,TRADING,158425.82,1412988.3,153036.9,284807.69,807455.3,516721.22,244737.5,566248.65,761218.78,971064.52,466507.38,288689.29,2375870.84,28483.16,371371.77,51346.95,356436.35,443094.54,233198.57,44655.5,115057.66,431211.47,365734.67,450491.42,100859.23,132729.29,138865.4,211287.55,94270.26,167957.12,150151.46,146838.75,160303.67,128332.61,161598.64,133171.25,124424.32,1412180.63,18890.01,17012.3,112245.99,222091.3,171.66,1243457.72,4597539.53,37597.18,764237.48,670774.12,43298.58,57541.57
Scenario 2,662,3,Bull Market,62,TRADING,158412.94,1412964.98,153035.15,284999.46,807676.32,515299.13,244973.39,566425.23,762044.23,971430.26,466610.18,288847.17,2374697.22,28470.51,370639.57,51461.27,356922.36,443186.54,232834.95,44622.9,115003.02,431013.46,365740.61,450999.59,100946.24,132700.38,138616.87,211576.39,94162.09,167980.25,150381.67,147213.9,160375.93,128616.53,161642.06,133162.61,124528.38,1411775.06,18853.87,17009.37,111929.44,221872.68,172.08,1243529.12,4603956.02,37617.22,764585.29,671100.44,43293.16,57581.76
Scenario 2,663,3,Bull Market,63,TRADING,158408.13,1412568.24,153026.37,285084.95,808343.54,514157.04,245141.83,566814.69,762444.08,972089.85,466607.44,288874.61,2374741.19,28396.31,369879.25,51563.6,357136.97,443326.24,232454.51,44558.71,114929.99,430904.83,365651.22,451556.01,101010.07,132753.37,138454.55,211983.26,94065.76,167983.31,150648.79,147477.22,160407.3,129006.14,162003.97,133132.36,124615.06,1411721.75,18827.23,17006.8,111602.34,221615.97,172.61,1243398.45,4604328.83,37671.45,766191.85,671039.94,43290.99,57637.56
Scenario 2,664,3,Bull Market,64,TRADING,158388.19,1412453.07,153030.62,284946.85,809803.48,512905.07,245381.14,567304.82,763358.91,972309.25,466530.3,288756.42,2373040.98,28324.23,368973.86,51685.74,357275.61,443349.82,232070.61,44599.6,114737.58,430506.02,365563.99,452520.93,101234.69,132747.48,138364.54,212357.22,93970.88,167942.17,150877.03,147738.71,160482.5,129371.83,162212.46,133167.25,124587.27,1411731.63,18831.53,16986.13,111322.2,221313.9,172.94,1243209.07,4610978.27,37716.58,766857.75,670832.01,43293.79,57688.68
Scenario 2,665,3,Bull Market,65,TRADING,158410.52,1413481.03,153072.18,284880.56,810828.05,514556.74,245442.93,568122.22,763786.4,973305.94,466506.23,288632.1,2372636.38,28268.62,368160.22,51817.03,357817.85,443297.89,231670.46,44592.85,114735.25,430187.88,365399.58,452599.18,101319.17,132777.42,138220.94,212650.07,93801.29,167979.42,151087.31,148040.47,160433.54,129738.27,162463.78,133202.8,124437.85,1411541.66,18785.56,16985.9,111065.03,220981.68,173.52,1243317.93,4616131.27,37745.82,768638.26,670728.86,43285.66,57777.11
Scenario 2,666,3,Bull Market,66,TRADING,158382.42,1413662.09,152976.11,285027.48,812864.45,516263.08,245470.78,568319.85,764736.37,973463.68,466576.78,288596.88,2373975.48,28241.23,367426.83,51937.33,358324.11,443371.29,231133.56,44561.39,114649.41,429557.73,365273.3,452864.52,101391.3,132783.89,137871.29,212969.58,93609.58,167994.64,151374.27,148392.11,160372.89,130067.6,162695.18,133189.64,124749.12,1411800.62,18763.55,16985.06,110762.12,220440.8,173.92,1242614.56,4619936.88,37772.79,769707.13,670336.07,43289.7,57848.69
Scenario 2,667,3,Bull Market,67,TRADING,158399.34,1413413.16,152979.84,285095.42,813904.79,517532.49,245636.59,568892.33,765483.26,973914.27,466579.02,288565.03,2371668.84,28202.68,366527.31,52071.05,358829.4,443327.32,230466.57,44509.7,114497.98,429473.75,364988.41,453148.48,101515.8,132806.35,137729.22,213252.99,93528.01,167999.55,151594.07,148728.42,160535.21,130377.66,162545.59,133176.75,124775.08,1411606.41,18728.82,16977.56,110516.55,220071.72,174.44,1242205.99,4623441.59,37814.55,771119.69,670064.74,43281.22,57910.43
Scenario 2,668,3,Bull Market,68,TRADING,158419.27,1413192.49,152861.64,285026.59,814101.68,518916.15,245823.03,570018.46,765816.6,974615.65,466649.23,288443.39,2370850.86,28142.76,365661.84,52225.81,359466.48,443308.82,230068.72,44448.11,114240.07,428917.38,364988.36,453490.8,101561.73,132777.03,137437.7,213549.25,93500.37,167978.9,151872.31,149120.67,160544.45,130739.36,162830.65,133164.16,125060.56,1411110.72,18681.46,16985.49,110259.44,219853.6,174.87,1242666.53,4630096.35,37889.12,771370.32,669588.77,43287.57,58016.87
Scenario 2,669,3,Bull Market,69,TRADING,158461.15,1412401.9,152876.34,284957.29,814281.97,520710.7,246086.61,570471.7,766345.74,974446.56,466653.83,288420.38,2373508.33,28116.78,364870.13,52313.25,359691.6,443395.05,229492.81,44483.12,114156.87,428057.09,364864.22,453825.42,101722.47,132770.09,137385.21,213769.86,93310.85,167959.35,152110.63,149471.87,160533.9,131180.91,163132.25,133158.29,125065.28,1411210.07,18653.76,16986.45,110009.74,219734.99,175.23,1243012.34,4635813.7,37927.65,771043.2,669171.04,43279.78,58132.11
Scenario 2,670,3,Bull Market,70,TRADING,158453.57,1412173.74,152854.69,284873.57,814359.71,522176.17,246256.88,571318.86,766607.85,974674.75,466650.65,288484.13,2373557.58,28102.71,364140.08,52428.14,360008.12,443423.62,229156.2,44528.46,114157.29,428014.16,364732.3,454150.34,101773.73,132725.43,137100.31,214088.01,93267.76,167930.06,152384.56,149752.5,160586.91,131469.09,163335.88,133162.26,125135.51,1411263.66,18628.14,16977.3,109690.97,219481.45,175.7,1242731.65,4643346.05,37948.64,770947.97,668885.34,43277.38,58188.41
Scenario 2,671,3,Bull Market,71,TRADING,158431.7,1412427.52,152878.7,284816.87,814341.3,524098.9,246677.0,572038.56,766857.03,974674.65,466730.17,288417.62,2374238.63,28037.49,363203.72,52558.53,360582.28,443301.33,228791.05,44506.39,113986.94,427580.02,364721.37,454835.48,101883.78,132744.81,136819.81,214374.59,93236.17,167914.69,152695.74,150121.22,160471.23,131844.53,163510.38,133168.96,125401.89,1410964.63,18606.41,16981.52,109380.19,219274.38,176.25,1243038.56,4647552.88,37986.24,771608.21,668512.24,43275.16,58278.83
Scenario 2,672,3,Bull Market,72,TRADING,158413.79,1412449.67,152938.53,284891.92,815602.71,525823.11,246778.2,571910.42,764935.75,974921.8,466637.11,288310.71,2374656.67,27990.37,362307.13,52701.02,361425.71,443286.19,228222.71,44560.65,113737.7,426838.86,364810.75,455440.23,101920.67,132766.5,136658.11,214714.79,93196.43,167922.87,152876.47,150491.44,160396.99,132228.9,163592.68,133169.91,125630.51,1410819.67,18554.25,17003.73,109079.93,218874.88,176.69,1242974.79,4653135.32,38039.94,772255.7,669137.75,43275.4,58361.2
Scenario 2,673,3,Bull Market,73,TRADING,158408.92,1412652.94,152933.04,284875.2,817024.46,527491.1,246887.63,571472.87,763560.2,974302.76,466699.79,288255.47,2373639.16,27978.28,361383.18,52833.34,362072.37,443310.93,228593.64,44677.39,113528.93,426843.59,364569.73,456056.78,101945.92,132805.09,136344.85,215017.79,93145.72,167964.35,153169.99,150820.74,160253.32,132548.7,163764.05,133180.22,125855.4,1411232.15,18509.61,16998.68,108848.37,218539.79,177.02,1243543.93,4654758.62,38058.93,773102.77,669466.11,43284.73,58463.38
Scenario 2,674,3,Bull Market,74,TRADING,158422.97,1413344.15,152802.29,284883.12,818442.73,529450.33,246693.32,570880.77,761772.8,974105.79,466458.55,288225.15,2374592.77,27926.82,360360.11,52930.11,362471.17,443267.05,229280.2,44750.03,113499.21,426054.72,364476.65,456854.97,102060.71,132881.45,136298.21,215372.85,92982.97,167997.35,153456.8,151106.04,160140.06,132944.13,163821.39,133186.31,125942.8,1411494.83,18504.39,16991.84,108549.29,218310.49,177.56,1244052.77,4661271.5,38157.33,774633.21,669783.59,43294.36,58546.43
Scenario 2,675,3,Bull Market,75,TRADING,158428.24,1412896.12,152787.09,284783.4,819143.01,530941.28,246537.87,569769.25,761103.8,974008.99,466505.65,288284.02,2374835.4,27883.7,359699.36,53044.15,362896.29,443334.2,229893.21,44860.47,113467.68,425329.79,364222.37,457535.16,102129.76,132944.79,135941.87,215628.89,92998.5,168001.74,153745.9,151468.31,159919.84,133308.9,164029.12,133214.15,126147.47,1411532.88,18475.26,17007.31,108252.0,218026.43,178.05,1244247.62,4670504.7,38214.66,776312.31,669847.87,43296.83,58644.75
Scenario 2,676,3,Bull Market,76,TRADING,158429.02,1413326.35,152736.41,284786.15,820168.59,532917.94,246519.93,569154.79,759574.54,974740.45,466468.87,288373.47,2374390.96,27836.11,358817.02,53168.05,363514.17,443423.99,230430.46,44929.71,113340.15,424663.8,364462.24,458380.43,102245.46,132993.41,135890.62,215969.93,92857.33,167995.87,154004.65,151881.4,159820.31,133655.1,164106.32,133206.96,126311.24,1411499.16,18453.04,17002.21,108023.95,217720.91,178.58,1244658.75,4676105.74,38290.29,775222.96,670633.71,43302.56,58701.29
Scenario 2,677,3,Bull Market,77,TRADING,158444.33,1413038.32,152701.27,284635.67,820705.33,534597.02,246680.45,568589.71,758297.4,974542.17,466459.79,288217.97,2373898.92,27838.25,358052.37,53277.0,363631.22,443398.4,231133.14,45001.11,113241.97,424220.64,364395.78,459422.26,102310.66,132954.1,135944.33,216214.59,92762.43,168034.96,154220.68,152238.65,159578.53,134028.44,164062.98,133205.8,126252.98,1410936.61,18437.37,17021.75,107782.81,217393.42,178.9,1244726.26,4682598.65,38345.02,774633.73,671235.86,43310.32,58807.61
Scenario 2,678,3,Bull Market,78,TRADING,158453.97,1412648.22,152723.36,284690.29,821393.84,536222.53,246974.53,567927.65,756924.26,974803.79,466773.27,288280.76,2374133.64,27797.82,357290.36,53411.74,364195.6,443293.83,231704.21,45016.15,113133.22,424225.1,364549.47,459725.15,102428.98,132951.32,135915.12,216515.22,92579.93,168048.87,154413.98,152585.31,159225.28,134419.95,164244.96,133176.69,126424.45,1410640.72,18405.64,17028.05,107503.09,216974.51,179.34,1245013.04,4690648.67,38318.12,774691.36,671686.82,43316.07,58879.34
Scenario 2,679,3,Bull Market,79,TRADING,158453.76,1412553.93,152723.88,284821.39,822360.18,537899.05,246866.43,567164.23,755234.62,974114.05,466744.41,288251.5,2372851.29,27792.4,356289.71,53529.96,364616.7,443334.07,232340.01,45079.78,113056.97,423435.12,364694.2,460693.0,102546.16,133025.62,135607.88,216850.24,92375.58,168030.98,154724.36,152906.55,159113.67,134720.99,164440.12,133165.66,126626.34,1410414.74,18387.39,17037.5,107254.73,216507.19,179.78,1244808.41,4696672.9,38391.52,775520.76,671700.16,43328.9,58945.34
Scenario 2,680,3,Bull Market,80,TRADING,158458.02,1412085.04,152694.61,284755.25,822492.02,539377.53,247010.16,566584.24,753711.38,974216.25,466657.06,288237.75,2372924.08,27759.48,355544.2,53654.13,365155.15,443294.95,232967.17,45132.18,112909.25,423205.34,365227.36,460659.98,102573.49,132990.04,135344.92,217138.32,92287.89,167995.58,154943.47,153249.91,159101.19,135008.91,164627.96,133121.48,126653.95,1410479.01,18387.73,17036.57,106957.63,216067.26,180.07,1245116.06,4703980.17,38396.32,775284.29,672335.93,43322.05,59059.58
Scenario 2,681,3,Bull Market,81,TRADING,158442.18,1411935.78,152670.76,284836.87,823282.27,541044.87,247253.66,566147.33,752106.54,974320.19,466911.02,288193.12,2374334.62,27731.86,354807.26,53774.98,365570.67,443328.88,233562.74,45189.23,112686.5,423399.4,364980.43,461478.02,102605.66,132964.11,134956.4,217437.81,92072.95,168034.37,155149.27,153497.8,159052.12,135362.78,164744.62,133108.86,126754.48,1410806.56,18371.01,17028.46,106687.24,215755.68,180.51,1245153.78,4705866.05,38459.99,777674.76,672509.68,43314.8,59100.19
Scenario 2,682,3,Bull Market,82,TRADING,158451.36,1412260.29,152676.51,284775.42,823066.9,542831.35,247431.06,565376.95,750235.83,974746.4,467147.71,288198.61,2375401.31,27703.74,354069.96,53874.53,366052.46,443260.16,234239.64,45276.67,112557.35,422657.79,364758.27,462009.33,102656.02,132896.95,134715.77,217767.95,91791.12,168066.42,155378.98,153976.17,158990.32,135730.76,164914.71,133086.41,126871.65,1410506.13,18342.79,17021.65,106460.91,215499.59,180.94,1245445.91,4711694.24,38502.5,778494.25,673655.23,43322.2,59219.49
Scenario 2,683,3,Bull Market,83,TRADING,158490.89,1412881.53,152661.46,284768.78,823637.07,544014.76,247602.59,564565.17,748513.39,974689.12,466947.38,288252.18,2375811.37,27672.64,353172.38,53988.71,366740.76,443346.48,234875.38,45353.69,112416.15,422090.81,364701.74,462854.99,102766.41,132972.25,134594.99,217999.31,91599.85,168035.63,155632.5,154252.81,158915.1,136065.27,165208.8,133064.26,126896.63,1410563.94,18335.27,17020.47,106144.37,215204.14,181.37,1245564.92,4720548.46,38523.79,778661.2,673790.63,43323.85,59316.3
Scenario 2,684,3,Bull Market,84,TRADING,158488.26,1412476.93,152653.63,284704.16,825689.57,546014.62,247542.5,564075.0,747234.31,974540.7,467114.43,288252.04,2376750.2,27624.88,352502.17,54096.16,366965.03,443163.74,235408.28,45383.94,112342.12,421826.19,364569.99,463431.15,102844.76,132958.18,134433.95,218304.44,91502.65,168060.25,155886.52,154512.68,158837.71,136416.86,165497.94,133109.08,127254.89,1410639.38,18317.55,17044.57,105848.25,214981.37,181.96,1246177.57,4722997.85,38601.85,779774.24,674747.91,43319.39,59413.15
Scenario 2,685,3,Bull Market,85,TRADING,158486.04,1413339.57,152583.31,284651.22,827078.65,547911.42,247774.16,562965.49,745450.66,973691.56,467178.17,288477.7,2376050.91,27623.83,351858.05,54201.9,367206.4,443196.17,235811.54,45443.08,112263.77,421340.16,364926.36,463632.53,102972.99,133030.36,134158.71,218636.47,91364.86,168041.99,156144.38,154881.91,158650.02,136739.87,165701.31,133121.83,127682.28,1410681.5,18272.39,17049.7,105610.44,214788.49,182.29,1246033.37,4722710.26,38655.1,780548.21,675645.48,43331.24,59477.63
Scenario 2,686,3,Bull Market,86,TRADING,158474.53,1413556.25,152546.73,284644.12,828422.44,549813.34,247800.96,562409.53,743824.96,973914.98,467018.82,288339.17,2374821.98,27578.32,350956.14,54325.86,367059.77,443133.86,236337.23,45598.93,112111.05,420830.66,364522.4,463751.05,103022.94,133011.07,134011.53,218913.16,91263.72,168010.08,156400.85,155224.61,158594.15,137050.94,165842.28,133125.55,127815.91,1410402.92,18250.72,17050.81,105407.24,214431.96,182.83,1245929.74,4727711.72,38740.76,781287.63,676669.23,43327.4,59556.54
Scenario 2,687,3,Bull Market,87,TRADING,158442.42,1413803.21,152568.07,284553.18,830323.52,551922.5,247945.15,561702.12,742644.98,973861.21,466930.14,288416.97,2375372.1,27532.14,350233.26,54437.06,367454.64,443187.45,236863.45,45681.56,112000.35,420038.09,364589.45,464246.07,103103.57,133036.26,133635.45,219233.22,91164.3,168014.75,156691.59,155501.0,158514.97,137443.17,165906.64,133141.82,128092.56,1410533.09,18248.72,17045.19,105152.19,214074.46,183.33,1245689.51,4735844.03,38767.87,782077.67,677333.96,43316.11,59613.05
Scenario 2,688,3,Bull Market,88,TRADING,158460.22,1413659.94,152560.36,284555.33,830693.26,553688.12,247963.22,561041.55,741052.56,974005.37,466863.81,288347.48,2375299.4,27521.19,349530.64,54557.82,367563.79,443202.73,237384.92,45753.6,111870.95,419896.43,364375.85,464562.51,103152.5,133069.42,133626.92,219506.95,91057.41,167997.42,156922.42,155786.65,158433.17,137703.28,166102.43,133134.15,128319.54,1410645.63,18227.37,17044.39,104833.36,213738.56,183.66,1245701.28,4739947.93,38804.3,782888.72,678076.79,43325.99,59682.88
Scenario 2,689,3,Bull Market,89,TRADING,158464.75,1413298.57,152538.23,284665.06,831888.82,555343.95,248089.64,560326.04,739608.0,974503.75,466877.86,288340.0,2375860.02,27489.06,348853.38,54667.53,367928.44,443246.19,238087.31,45772.08,111745.17,419352.72,364295.99,465521.18,103294.83,133059.1,133231.09,219804.84,90906.49,168037.68,157196.73,156070.89,158391.14,138174.96,166132.9,133141.82,128430.69,1410017.8,18185.72,17026.61,104583.54,213491.35,184.03,1245950.3,4744071.22,38874.19,782888.39,678757.43,43326.84,59794.3
Scenario 2,690,3,Bull Market,90,TRADING,158479.24,1413462.22,152551.4,284663.77,833168.28,557192.37,248162.8,559810.45,738240.43,974639.88,467131.98,288333.84,2376018.39,27439.97,347998.75,54799.89,368284.54,443130.27,238830.22,45831.4,111699.76,418629.47,364583.66,465844.1,103381.87,133089.11,132832.28,220164.47,90684.6,168061.1,157431.69,156435.21,158240.47,138552.16,166179.49,133105.48,128539.46,1409382.32,18151.66,17032.1,104376.71,213184.94,184.34,1246019.61,4751014.93,38906.96,783835.79,679036.2,43318.79,59847.12
Scenario 2,691,3,Bull Market,91,TRADING,158479.28,1412656.54,152617.34,284540.58,834417.77,558793.26,248055.38,559478.21,737051.16,975205.93,467144.06,288265.58,2375487.04,27440.85,347257.31,54939.93,369255.78,443085.11,239512.34,45922.28,111510.83,418668.98,364004.65,465952.28,103459.27,133092.82,132650.11,220521.13,90499.5,168065.71,157688.61,156772.95,158351.27,138854.35,166190.27,133079.54,128589.68,1409309.44,18167.95,17049.78,104136.73,212902.43,184.69,1246526.79,4756554.99,39001.78,784609.41,679787.1,43313.03,59925.46
Scenario 2,692,3,Bull Market,92,TRADING,158509.75,1412802.51,152607.31,284513.55,834304.95,560518.8,248233.09,559161.19,736224.79,976051.69,467141.32,288191.59,2376140.28,27552.66,346631.46,55048.03,368760.98,443018.08,240172.49,46031.32,111820.04,419668.79,364304.67,465389.33,103399.38,133119.26,133128.02,220881.93,90784.2,168049.98,157933.97,157071.5,158121.84,139241.83,165987.69,133063.47,128205.4,1409055.67,18149.87,17040.64,103805.06,212501.77,185.04,1246619.08,4749783.6,38917.62,782286.59,680864.97,43324.79,59984.92
Scenario 2,693,3,Bull Market,93,TRADING,158461.66,1412930.2,152583.89,284406.0,832442.13,562475.77,248334.52,558610.26,734717.89,976048.07,467083.24,288051.48,2376118.17,27641.16,345834.3,55158.57,368311.99,442958.96,240768.06,46113.86,112129.16,420055.26,364861.67,464527.22,103125.69,133176.56,133458.83,221103.9,90944.33,168054.84,158144.14,157375.63,158029.28,139649.14,165663.18,133065.31,127970.8,1408842.0,18176.69,17049.17,103497.83,212130.89,185.5,1247531.42,4740351.36,38861.16,781201.02,682154.47,43319.58,60060.03
Scenario 2,694,3,Bull Market,94,TRADING,158469.52,1413033.94,152579.43,284267.76,831753.45,564211.15,248405.05,557857.14,733056.56,975660.91,467133.18,288070.19,2376909.9,27678.86,344992.36,55282.43,367489.44,443061.15,241367.28,46189.81,112386.13,420831.75,364639.73,464253.01,103026.99,133161.45,133904.81,221405.59,91186.34,168125.14,158432.42,157640.89,157992.07,140287.58,165601.68,133086.38,127664.79,1408591.18,18202.03,17035.3,103243.34,211735.69,185.85,1246978.28,4729700.34,38848.24,779831.27,683188.24,43322.91,60108.54
Scenario 2,695,3,Bull Market,95,TRADING,158474.97,1413378.93,152536.85,284172.33,830973.33,565703.71,248301.07,556502.98,732209.8,976322.5,467104.06,288095.57,2378243.42,27751.23,344110.47,55407.47,367486.32,443067.5,242004.64,46271.24,112626.95,421913.21,364719.09,463261.96,102864.36,133151.87,134137.69,221680.93,91344.34,168098.86,158750.03,158038.06,157852.18,139933.94,165370.54,133045.75,127425.41,1408617.1,18211.76,17046.37,102912.51,211442.23,186.36,1247408.28,4722830.19,38830.1,779340.68,683388.86,43318.99,60171.35
Scenario 2,696,3,Bull Market,96,TRADING,158457.18,1413269.05,152488.42,284024.29,830633.11,566834.18,248362.66,555460.29,730906.78,976389.09,466902.5,287921.3,2378063.6,27762.6,343248.45,55534.27,366812.71,442966.84,242526.27,46340.1,112802.03,422753.7,364344.16,462130.82,102736.13,133143.53,134476.3,222015.98,91437.68,168087.21,158966.75,158317.75,157691.3,139655.02,165357.48,133080.77,127063.5,1408938.87,18254.12,17059.12,102629.79,212295.24,186.76,1247980.78,4713825.03,38811.13,777270.8,684257.99,43313.78,60235.28
Scenario 2,697,3,Bull Market,97,TRADING,158433.77,1412844.47,152408.91,283860.11,831048.68,568524.2,248293.46,554530.19,729384.55,976451.87,467065.67,287874.16,2378210.24,27833.17,342511.35,55650.22,365865.75,442946.17,243282.18,46400.31,112978.84,423160.18,364179.73,461272.55,102652.46,133237.72,134878.31,222327.81,91637.72,168060.06,159240.93,158605.48,157598.05,139499.83,165279.04,133127.27,126920.92,1408807.22,18254.79,17071.11,102346.69,213145.46,187.08,1247704.87,4705797.35,38766.17,777561.3,684552.4,43308.09,60341.11
Scenario 2,698,3,Bull Market,98,TRADING,158420.6,1412764.45,152386.28,283725.66,829735.61,570521.9,248399.83,553941.48,728146.65,976205.95,466948.05,287911.05,2379136.92,27888.78,341837.29,55760.62,365382.09,442790.58,243903.5,46470.44,113219.93,423886.49,364375.27,460673.14,102474.2,133277.92,135053.8,222678.08,91874.0,168008.79,159528.02,158956.16,157541.54,139456.5,165025.78,133130.28,126922.14,1408716.76,18279.74,17055.22,102104.7,213874.2,187.63,1248455.17,4697368.17,38721.96,777281.92,685153.73,43309.69,60422.76
Scenario 2,699,3,Bull Market,99,TRADING,158429.22,1412763.72,152380.41,283588.83,827291.84,571857.72,248657.33,553003.23,727472.11,976716.87,467150.46,287878.62,2379012.09,28000.22,341012.22,55875.32,365047.01,442741.5,244631.65,46578.84,113435.03,425181.41,363956.94,459967.12,102342.78,133318.69,135559.53,222995.17,92161.95,167981.42,159830.15,159280.7,157336.23,139195.49,164926.21,133147.76,126868.76,1408330.5,18324.79,17057.55,101846.05,214691.94,188.02,1248478.83,4695251.06,38633.05,776951.42,684923.73,43307.98,60519.96
Scenario 2,700,3,Bull Market,100,TRADING,158399.38,1413416.71,152381.62,283625.45,825103.02,573425.98,248854.31,552521.31,726439.91,976957.8,467082.68,287822.03,2379226.24,28031.76,340184.35,56009.76,364249.51,442643.53,245401.25,46611.68,113686.16,425885.15,364058.25,459237.16,102221.6,133324.77,135793.23,223334.24,92218.83,167997.66,160149.49,159571.78,157182.16,139028.06,164614.07,133179.88,126489.89,1408171.43,18339.59,17047.81,101603.33,215540.09,188.38,1249125.14,4687846.64,38563.41,775467.86,685931.56,43306.89,60614.93
Scenario 2,701,3,Bull Market,101,TRADING,158406.19,1413670.71,152403.74,283425.66,823026.95,575103.16,248960.57,551917.57,725347.81,975897.42,467335.54,287911.07,2379417.81,28070.73,339468.69,56138.5,363623.99,442614.88,245980.78,46719.41,113805.92,426471.49,364107.98,458690.09,102173.62,133279.08,135992.8,223739.19,92315.38,167981.97,160429.5,159833.72,157070.77,138862.28,164244.67,133193.82,126405.37,1408679.43,18376.22,17061.15,101268.22,216369.97,189.33,1249859.04,4682084.1,38499.56,774919.09,686738.75,43305.68,60705.23
Scenario 2,702,3,Bull Market,102,TRADING,158433.54,1414446.89,152394.34,283494.37,821493.42,576951.58,249378.25,551503.86,723488.91,976351.08,467390.13,287855.61,2379329.79,28111.3,338806.74,56285.62,363194.16,442607.38,246396.18,46831.22,113998.23,426774.98,363961.77,458061.19,102093.13,133298.35,136409.96,224000.46,92607.42,168055.82,160674.9,160163.92,156982.72,138818.29,163919.67,133163.56,126074.97,1408715.66,18443.3,17059.79,100948.77,217287.95,188.74,1250284.05,4665618.92,38457.98,773655.85,687241.52,43302.94,60774.6
Scenario 2,703,3,Bull Market,103,TRADING,158413.28,1414583.65,152369.65,283398.73,819122.21,578826.77,249228.2,550714.59,722412.3,977088.05,467450.75,287784.29,2379975.72,28142.05,337966.72,56398.82,362618.62,442507.04,247039.54,46923.82,114251.44,427654.6,363894.62,457040.78,101868.89,133305.95,136663.26,224317.23,92717.56,168119.51,161000.92,160465.42,156796.48,138702.87,163606.75,133155.44,125803.87,1408922.48,18475.7,17057.8,100628.05,218169.65,188.58,1249470.21,4658927.77,38478.35,772650.19,688152.6,43300.36,60854.05
Scenario 2,704,3,Bull Market,104,TRADING,158406.2,1414979.23,152363.71,283404.32,817987.09,580148.89,249388.14,550090.16,721048.35,976829.61,467561.03,287691.27,2380058.94,28215.72,337364.92,56483.88,361941.12,442519.42,247574.17,47022.56,114470.86,428523.15,364269.19,455909.79,101675.34,133322.18,137124.14,224666.67,92890.05,168096.36,161237.14,160819.12,156731.93,138431.29,163427.72,133139.18,125458.97,1408890.64,18496.91,17062.17,100354.17,218814.84,188.4,1248428.32,4648458.84,38457.08,772090.42,688616.8,43298.04,60924.3
Scenario 2,705,3,Bull Market,105,TRADING,158374.91,1415190.56,152409.89,283370.16,816808.77,582069.26,249462.18,549969.53,720047.42,976931.98,467563.96,287809.8,2381488.76,28278.23,336491.54,56614.07,361329.57,442540.76,248280.23,47127.1,114654.7,429537.8,364325.18,455159.07,101547.12,133321.64,137573.64,224960.96,93094.82,168069.63,161540.3,161141.89,156645.48,138130.45,163390.18,133113.3,125289.16,1408920.45,18502.55,17050.23,100098.21,219814.98,188.02,1248397.1,4640336.73,38450.35,771034.96,689861.44,43295.68,60997.03
Scenario 2,706,3,Bull Market,106,TRADING,158382.25,1414897.34,152395.49,283295.22,814803.73,583670.53,249658.31,549476.22,718659.81,976688.39,467483.29,287817.78,2382131.14,28356.59,335676.23,56735.16,360349.23,442695.33,248883.52,47212.62,114992.04,430878.17,364029.45,453807.81,101531.57,133342.77,137830.62,225330.4,93245.79,168079.22,161776.7,161542.59,156546.67,137955.11,163070.84,133096.65,124770.67,1408780.58,18519.88,17042.49,99798.21,220667.9,187.87,1247768.54,4632736.15,38367.75,769491.22,690499.3,43291.82,61087.58
Scenario 2,707,3,Bull Market,107,TRADING,158361.97,1415006.0,152386.83,283292.5,814066.23,585723.81,249772.84,548804.45,717305.51,976618.93,467505.32,287691.4,2382105.08,28419.86,334935.13,56854.69,360023.94,442702.9,249366.39,47321.47,115232.73,431127.0,363742.83,453680.47,101465.33,133330.22,138145.15,225610.83,93460.3,168064.5,161987.89,161914.83,156579.17,137854.03,162781.09,133099.24,124698.69,1408791.3,18561.15,17024.39,99510.99,221407.9,187.5,1248016.15,4625058.48,38361.82,768510.64,691162.84,43294.28,61162.66
Scenario 2,708,3,Bull Market,108,TRADING,158376.18,1415319.52,152390.36,283134.08,812489.72,587092.15,249844.92,548272.81,715965.99,977706.0,467439.13,287643.6,2382929.6,28493.33,334205.66,56973.04,359130.17,442678.53,249880.72,47388.33,115502.12,431933.81,363999.6,452569.86,101341.5,133277.64,138537.21,225936.97,93695.9,168070.9,162223.46,162356.7,156429.58,137655.15,162470.65,133087.23,124713.24,1408216.34,18576.63,17003.76,99212.23,222319.35,187.32,1248484.94,4615511.14,38261.63,767417.29,691555.11,43295.73,61234.59
Scenario 2,709,3,Bull Market,109,TRADING,158405.16,1414944.69,152369.82,283030.87,810980.63,589206.82,249731.74,547911.35,715162.6,978019.63,467596.06,287653.38,2383144.29,28524.57,333445.87,57098.48,358599.71,442739.83,250523.73,47523.05,115633.5,432990.53,364741.8,452005.04,101256.55,133253.77,138880.64,226315.98,93906.95,168109.23,162435.43,162706.35,156209.05,137496.87,162374.64,133091.04,124580.01,1408135.11,18593.69,16992.97,98972.0,223054.47,187.23,1248611.53,4604660.49,38214.17,765858.06,692407.05,43292.53,61301.99
Scenario 2,710,3,Bull Market,110,TRADING,158381.17,1415138.46,152393.79,282958.98,809888.27,590737.99,249818.77,547648.12,713518.87,977939.05,467696.08,287561.12,2382300.66,28589.27,332857.91,57240.09,358160.7,442821.49,251232.27,47607.43,116016.79,433123.72,365016.04,451439.95,101153.46,133256.5,139172.19,226626.93,94055.68,168149.07,162670.38,163084.21,156236.66,137331.6,162168.88,133117.66,124253.42,1407946.52,18600.4,17012.4,98712.56,223837.72,187.18,1247933.39,4592149.09,38142.85,765467.33,693268.76,43287.89,61372.72
Scenario 2,711,3,Bull Market,111,TRADING,158375.06,1415322.65,152478.18,282928.46,806518.02,592767.21,249612.54,547232.03,712046.28,978137.68,467570.83,287630.96,2381603.68,28686.92,332110.95,57362.26,357671.25,443008.86,251827.01,47654.68,116159.12,434024.97,364810.06,450985.47,100944.74,133267.8,139668.72,226950.68,94313.33,168198.62,162940.29,163402.25,156199.03,137156.15,161746.07,133088.08,124162.46,1407845.75,18621.91,17001.4,98423.71,224627.86,187.1,1248287.87,4589549.86,38130.96,763408.25,693604.84,43291.2,61450.41
Scenario 2,712,3,Bull Market,112,TRADING,158405.87,1416003.72,152448.36,282877.61,805039.23,594404.37,249332.54,546238.63,711107.81,977889.0,467580.15,287643.21,2380874.05,28783.96,331399.14,57362.26,357045.76,443054.57,252547.93,47671.38,116324.97,435202.71,364662.65,450215.05,100807.18,133282.3,140256.35,227290.64,94395.96,168158.72,163214.3,163760.33,156054.38,136972.32,161775.82,133132.22,123565.31,1407681.35,18662.2,16992.32,98191.52,225393.14,187.07,1248327.84,4582775.28,38069.06,761412.19,694081.11,43292.16,61517.17
Scenario 2,713,3,Bull Market,113,TRADING,158414.3,1415971.02,152450.68,282779.86,803865.18,596694.09,249687.0,545844.98,709621.32,977171.77,467703.44,287591.73,2382828.77,28879.48,330672.34,57362.26,356663.6,443058.92,253167.65,47708.46,116373.85,436432.0,364911.57,449802.67,100681.71,133277.39,140701.11,227576.69,94712.97,168196.7,163527.08,164125.87,155928.57,136819.66,161577.47,133158.52,123216.33,1407363.14,18656.58,16983.96,97860.88,226239.88,186.95,1249154.1,4572521.78,38010.17,761274.36,694763.03,43295.42,61603.08
Scenario 2,714,3,Bull Market,114,TRADING,158436.15,1415839.73,152405.04,282882.22,801559.36,598649.49,249751.57,545075.24,708575.77,977102.97,467894.96,287604.04,2382093.42,28930.65,329961.75,57362.26,356176.49,443120.85,253825.38,47774.98,116646.62,437429.22,364872.3,449237.86,100540.46,133286.96,141110.76,227870.01,95005.22,168185.6,163771.47,164493.54,155798.2,136686.07,161452.15,133164.83,122812.96,1406706.04,18679.7,17001.0,97556.65,226902.71,186.95,1249305.67,4567829.13,37932.56,760008.67,695492.89,43294.89,61702.27
Scenario 2,715,3,Bull Market,115,TRADING,158449.35,1415375.36,152404.44,283058.39,799298.25,600234.01,249729.84,544723.88,706986.42,976676.03,467846.01,287645.66,2382194.96,28988.44,329203.74,57362.26,354797.63,443021.19,254389.43,47829.34,116881.87,438325.97,365165.48,448556.67,100291.57,133257.77,141578.2,228248.03,95143.78,168221.68,163969.49,164758.42,155815.23,136508.26,161172.97,133170.93,122614.3,1406187.98,18696.18,16996.76,97272.62,227857.16,186.79,1248628.39,4558483.95,37920.46,758234.59,696286.45,43282.16,61786.99
Scenario 2,716,3,Bull Market,116,TRADING,158430.21,1415473.06,152454.94,283094.39,797621.03,601454.66,249993.71,544197.73,705558.87,976404.71,467707.08,287713.63,2382367.89,29062.56,328302.87,57362.26,354256.49,443049.38,255105.15,47922.05,117124.93,438601.3,365137.08,447766.15,100108.71,133224.56,141972.07,228524.97,95399.78,168234.54,164291.48,164476.49,155705.18,136319.88,160876.99,133186.1,122157.58,1406151.45,18723.34,17014.97,96994.52,228820.43,186.7,1248404.53,4548742.12,37852.56,756539.08,697141.52,43291.58,61919.39
Scenario 2,717,3,Bull Market,117,TRADING,158435.23,1414840.67,152403.98,283033.79,795337.42,602921.92,250150.47,543692.96,704356.68,975952.2,467567.14,287760.53,2381544.82,29069.26,327345.68,57347.55,353416.24,443044.09,255945.56,47955.67,117295.43,439345.83,364825.01,447345.55,100041.48,133235.06,142147.86,228866.68,95705.04,168260.87,164541.46,164205.22,155677.68,136134.67,160753.25,133196.02,121812.03,1406163.8,18733.39,17040.56,96688.4,229736.24,186.49,1249002.86,4541940.48,37808.34,754145.85,697880.04,43295.97,61969.02
Scenario 2,718,3,Bull Market,118,TRADING,158450.95,1415224.2,152305.43,282966.35,794214.91,604596.56,250130.3,543037.47,703155.63,975681.52,467619.3,287829.94,2381943.05,29149.44,326492.64,57290.03,352715.89,443060.29,256443.91,48066.85,117527.25,440013.1,364520.83,446556.49,99844.77,133313.45,142628.56,229163.29,96021.18,168281.04,164798.28,163934.73,155634.71,136044.92,160670.34,133189.94,121565.84,1406420.66,18782.81,17038.41,96416.11,230562.43,186.32,1249615.96,4541251.6,37761.48,754198.51,698985.56,43292.96,62060.74
Scenario 2,719,3,Bull Market,119,TRADING,158479.69,1415050.64,152357.85,282819.13,792593.5,605806.31,250429.14,542157.93,701280.44,975177.94,467821.31,287752.75,2383567.43,29227.36,325975.33,57222.47,352138.49,442918.99,257103.99,48161.01,117761.19,441111.13,364822.32,445873.93,99730.54,133304.88,142826.53,229408.91,96292.04,168229.42,165069.54,163709.98,155592.69,135823.88,160386.62,133179.2,121241.77,1406095.52,18841.89,17044.58,96131.51,231558.72,186.23,1249502.02,4535137.61,37695.73,752828.25,699103.82,43295.98,62150.55
Scenario 2,720,3,Bull Market,120,TRADING,158479.18,1415439.52,152405.7,282999.74,790370.5,607448.44,250333.62,541615.52,699671.8,975194.36,467714.35,287672.81,2382126.85,29289.99,325171.81,57167.35,351910.96,442761.13,257714.49,48219.09,117906.94,441422.4,365121.52,445230.7,99616.08,133299.19,143014.28,229773.29,96507.17,168250.63,165351.61,163415.83,155530.94,135583.14,159961.8,133207.17,121056.44,1406327.79,18871.7,17051.26,95867.4,232390.07,186.06,1249433.3,4527639.75,37618.41,753059.74,700059.06,43284.37,62257.85
Scenario 2,721,3,Bull Market,121,TRADING,158469.62,1414718.89,152393.23,283104.94,788443.59,609240.63,250521.2,540779.36,698034.37,974890.81,467812.9,287697.31,2380567.83,29324.67,324496.71,57104.61,351358.01,442505.78,258286.45,48310.31,118071.45,442500.9,365448.13,444252.07,99431.39,133385.0,143177.94,230191.01,96630.08,168295.04,165538.4,163093.79,155563.27,135539.58,159777.08,133218.43,120605.62,1406268.29,18880.03,17059.92,95626.05,233093.8,185.92,1249405.95,4517388.98,37588.66,751579.95,701102.16,43282.54,62314.76
Scenario 2,722,3,Bull Market,122,TRADING,158474.35,1414200.23,152397.64,283043.58,787099.47,611083.16,250590.68,540219.53,697055.75,975423.71,467939.29,287711.3,2379834.83,29361.25,323857.19,57022.53,350577.65,442566.7,258775.56,48403.17,118246.46,443030.37,365040.17,443822.14,99316.07,133424.36,143738.89,230546.01,96855.64,168327.07,165864.42,162862.8,155486.01,135354.51,159608.86,133212.78,120175.81,1405793.82,18928.7,17073.95,95375.93,234004.49,185.63,1249858.73,4511073.54,37528.89,750706.02,701610.14,43285.67,62408.53
Scenario 2,723,3,Bull Market,123,TRADING,158496.66,1414380.87,152389.5,283263.87,785882.52,612378.53,250698.9,539162.12,696072.65,975718.58,467810.06,287632.34,2379836.39,29441.88,323001.06,56951.66,349783.95,442471.73,259359.37,48461.29,118270.16,443517.45,364903.67,442980.21,99175.88,133414.71,144149.02,230876.34,97032.51,168318.25,166160.88,162570.32,155267.66,135237.85,159347.86,133201.1,120041.94,1405539.76,18939.71,17079.75,95069.38,234743.0,185.33,1249700.4,4499069.97,37479.58,749919.7,702174.38,43281.33,62511.68
Scenario 2,724,3,Bull Market,124,TRADING,158461.63,1414667.19,152418.98,283194.32,784660.76,614223.38,250708.65,538148.49,694976.36,974687.25,467653.76,287668.58,2378473.25,29533.16,322210.95,56866.95,349418.6,442439.0,259957.76,48605.47,118341.79,444637.14,364330.91,442608.47,99049.21,133385.93,144191.47,231190.84,97215.35,168371.02,166411.12,162332.04,155343.49,135112.92,159250.87,133173.46,119758.36,1405080.63,18963.02,17056.72,94821.49,235563.51,185.26,1250321.76,4491629.91,37426.8,747714.51,703348.91,43285.24,62635.39
Scenario 2,725,3,Bull Market,125,TRADING,158469.53,1415242.73,152407.47,283237.68,783606.43,616177.53,250874.95,537330.66,693206.97,974039.74,467664.72,287524.48,2378269.17,29566.29,321406.33,56789.1,348285.05,442430.22,260400.37,48681.93,118572.76,445204.93,364179.82,441620.52,98904.52,133422.58,144395.87,231581.18,97488.85,168410.91,166657.73,162226.96,155352.25,134838.13,159084.09,133191.72,119389.15,1405335.68,19012.52,17043.45,94571.36,236446.52,185.09,1250144.51,4482585.69,37329.91,746865.32,704312.66,43283.56,62715.66
Scenario 2,726,3,Bull Market,126,TRADING,158488.49,1415315.38,152399.99,283254.13,783055.36,617700.68,250980.78,536394.26,692013.91,974247.12,467645.67,287594.29,2377001.1,29640.46,320718.71,56711.16,347546.07,442341.87,261174.77,48733.35,118799.15,445785.37,363779.82,441091.92,98852.71,133391.11,144848.07,231874.59,97769.35,168356.17,166914.69,161983.69,155218.1,134695.22,159018.02,133212.84,119307.57,1405323.49,19053.05,17052.11,94240.43,237221.57,184.91,1250156.33,4478274.91,37242.89,745429.97,704914.5,43294.98,62791.9
Scenario 2,727,3,Bull Market,127,TRADING,158461.89,1415803.2,152359.39,283260.28,782264.71,619607.39,250843.42,535514.38,691174.74,975057.54,467547.89,287531.62,2377142.6,29691.9,320023.22,56676.49,346967.59,442278.87,261847.12,48786.61,118825.81,447157.32,363405.86,440107.11,98741.09,133397.76,145370.44,232183.01,97745.5,168340.51,167157.58,161753.82,155061.72,134503.36,158838.77,133233.85,119037.6,1405543.31,19075.4,17043.16,93942.76,238120.49,184.72,1249399.27,4471801.73,37219.14,743908.34,705751.31,43292.49,62856.29
Scenario 2,728,3,Bull Market,128,TRADING,158476.17,1415663.17,152398.74,283234.94,780454.29,621347.94,250700.84,535049.24,689965.05,974288.18,467563.17,287541.89,2377870.62,29769.39,319175.92,56605.4,346096.38,442335.1,262385.39,48843.09,119056.67,448607.78,363317.32,438989.4,98602.81,133422.11,145568.3,232492.37,97939.19,168342.63,167422.69,161518.96,154833.38,134277.86,158625.49,133240.89,118689.8,1405847.87,19125.3,17058.87,93699.54,238785.7,184.54,1249690.9,4464333.17,37215.37,743350.83,706214.8,43309.28,62943.93
Scenario 2,729,3,Bull Market,129,TRADING,158471.61,1416097.55,152328.71,282975.21,779114.95,623749.24,250712.82,534231.15,688587.7,974374.91,467677.44,287497.09,2379158.25,29825.13,318331.05,56546.33,345363.69,442287.91,263009.95,48905.61,119177.33,449464.4,363402.65,438319.55,98439.55,133399.77,145962.82,232736.27,98167.78,168312.47,167662.21,161246.7,154910.44,134178.28,158316.09,133223.2,118511.93,1405532.51,19136.55,17060.55,93456.67,239558.18,184.63,1248863.95,4453108.98,37161.74,742078.71,707240.39,43303.14,63022.35
Scenario 2,730,3,Bull Market,130,TRADING,158431.32,1415926.39,152323.91,282899.39,777534.35,625403.61,250824.53,533665.55,687362.22,974222.46,467719.73,287507.21,2379554.25,29869.82,317519.67,56491.94,344630.34,442176.75,263712.38,48952.25,119446.9,450738.86,363932.5,437806.4,98277.64,133423.78,146306.37,233072.41,98236.13,168303.52,167884.67,160990.33,154859.53,134041.5,158230.64,133247.33,118135.59,1405392.42,19179.2,17051.92,93189.73,240402.64,184.24,1248559.5,4445134.98,37088.08,739946.07,707844.0,43302.91,63090.98
Scenario 2,731,3,Bull Market,131,TRADING,158396.1,1415686.66,152326.86,282948.42,775525.89,627274.23,250882.55,533081.34,686370.01,974045.07,467764.34,287464.37,2380136.0,29930.56,316863.76,56418.49,344162.56,442190.68,264379.92,48970.87,119538.63,452056.01,363912.48,436935.05,98159.0,133400.99,146422.97,233329.5,98387.48,168293.03,168137.06,160678.96,154770.47,133870.95,158108.08,133232.0,117926.37,1405679.52,19204.12,17036.99,92966.68,241309.17,184.09,1248859.54,4433454.13,37045.05,739400.2,708421.08,43318.15,63193.68
Scenario 2,732,3,Bull Market,132,TRADING,158418.56,1415768.89,152374.84,283055.63,774026.38,628989.29,251048.08,532548.15,685377.09,973850.74,467871.01,287451.16,2379659.36,30054.11,315978.73,56333.58,343749.76,442116.51,264925.58,49093.81,119797.17,452167.8,364173.01,436264.69,98005.01,133452.58,146837.4,233601.36,98629.88,168286.67,168368.86,160480.23,154475.84,133714.65,157976.86,133214.08,117700.53,1405727.68,19233.66,17043.72,92674.96,242161.85,183.95,1249787.13,4425842.26,37027.6,738562.09,708594.94,43313.33,63273.29
Scenario 2,733,3,Bull Market,133,TRADING,158427.97,1415544.17,152382.86,283021.61,773212.86,630247.06,251131.64,531943.99,683757.94,973513.95,467662.46,287428.01,2379814.5,30105.45,315222.89,56249.38,343497.03,442107.85,265582.81,49207.15,120025.01,452894.22,363916.68,435597.94,97793.29,133510.1,146873.03,233921.69,98754.08,168285.62,168664.41,160252.96,154427.61,133480.72,157699.0,133234.21,117455.49,1405545.65,19246.62,17046.22,92448.56,242909.42,183.89,1250203.51,4417811.68,37006.16,736824.29,709150.9,43323.07,63321.34
Scenario 2,734,3,Bull Market,134,TRADING,158402.87,1415425.72,152327.53,283199.28,772355.14,631745.93,251166.08,531735.28,682766.76,973768.3,467658.98,287407.24,2380599.13,30189.36,314512.83,56158.88,342691.72,442029.53,266128.01,49296.67,120148.01,453885.34,363400.05,435172.6,97637.79,133497.64,147156.75,234179.31,98863.62,168270.79,168937.25,160068.51,154441.9,133221.11,157577.11,133226.92,117294.11,1405135.38,19256.03,17045.69,92193.45,243829.71,183.61,1250475.78,4409885.15,36954.59,736342.57,709264.62,43321.34,63403.54
Scenario 2,735,3,Bull Market,135,TRADING,158402.2,1414977.99,152382.06,282995.34,769883.85,633521.23,251469.49,531394.04,681526.87,973777.33,467707.09,287390.73,2379940.89,30245.08,313750.3,56107.26,342092.85,441950.86,266737.16,49370.63,120260.1,454643.1,363786.32,435024.62,97592.93,133511.1,147245.77,234560.87,99086.41,168298.6,169272.76,159876.94,154344.17,133026.96,157404.44,133226.59,117086.03,1405007.79,19251.39,17050.99,91924.89,244649.52,183.4,1249968.12,4403609.56,36934.15,734651.33,709165.23,43327.47,63510.57
Scenario 2,736,3,Bull Market,136,TRADING,158382.36,1414833.99,152479.23,283008.1,767815.75,635421.98,251494.18,530775.45,680133.57,974352.08,467822.5,287520.09,2379389.58,30323.92,312845.93,56022.36,340999.65,441959.1,267340.2,49461.91,120385.8,455931.86,363846.04,433987.3,97412.45,133574.63,147562.03,234924.21,99301.18,168273.91,169566.49,159654.19,154202.96,132843.74,157061.3,133210.74,116745.05,1405375.2,19295.74,17058.28,91599.5,245436.58,183.29,1250378.98,4395543.15,36832.23,732629.28,709983.8,43316.68,63594.31
Scenario 2,737,3,Bull Market,137,TRADING,158376.14,1414014.62,152388.88,283005.55,765014.85,637023.0,251593.32,530114.33,678874.8,974299.05,467746.92,287389.53,2379792.16,30369.86,312190.76,55946.29,340293.6,441900.99,268085.84,49547.46,120409.9,456952.65,363813.17,432751.53,97332.51,133623.57,147974.51,235269.8,99392.65,168274.4,169852.94,159464.48,154216.34,132640.17,156820.32,133191.04,116602.53,1404816.74,19304.08,17038.88,91301.65,246309.42,183.08,1250611.9,4389705.32,36798.15,731047.39,710858.41,43314.15,63690.54
Scenario 2,738,3,Bull Market,138,TRADING,158393.67,1413955.42,152359.83,282905.17,764647.98,639321.98,251633.09,529476.77,677992.85,974788.95,467754.37,287335.14,2380057.02,30425.23,311356.62,55872.56,339746.32,441944.8,268862.71,49639.3,120473.74,458304.45,363168.37,432330.84,97267.88,133587.3,148244.6,235679.23,99723.51,168244.9,170098.11,159157.19,154120.82,132440.15,156502.61,133191.04,116399.45,1404901.45,19296.96,17027.24,91040.56,247095.31,182.88,1250562.67,4378802.3,36763.29,730696.94,712014.14,43311.12,63722.53
Scenario 2,739,3,Bull Market,139,TRADING,158398.18,1414152.51,152324.18,282911.38,763998.8,640993.05,251682.2,529204.1,676931.36,975048.88,467843.15,287282.08,2381239.33,30497.28,310434.95,55815.64,338572.08,441959.66,269548.62,49687.67,120747.22,459292.97,363325.17,431335.99,97047.28,133614.04,148589.56,235969.78,99948.74,168282.62,170404.15,158899.5,153981.67,132313.98,156035.87,133237.68,116199.91,1405025.58,19313.13,17023.41,90760.43,247980.84,182.62,1250680.53,4368040.9,36716.71,728603.11,712568.61,43310.81,63794.26
Scenario 2,740,3,Bull Market,140,TRADING,158379.48,1414435.66,152343.49,282694.77,763782.57,642976.28,251527.89,528643.59,675786.54,975001.63,468029.18,287307.16,2381276.17,30567.67,309563.38,55742.41,338019.58,442122.02,270250.99,49801.34,120953.95,459728.5,363306.87,430278.04,96986.91,133576.91,148968.39,236241.1,100259.91,168313.48,170667.5,158699.26,153879.77,132115.17,155730.62,133247.4,115849.9,1404746.64,19328.96,17016.83,90495.26,248773.84,182.48,1250443.71,4361938.35,36694.0,728409.58,713989.46,43299.17,63832.27
Scenario 2,741,3,Bull Market,141,TRADING,158457.05,1414090.68,152307.48,282526.08,761216.59,644456.16,251541.98,527578.81,674485.61,975000.06,468127.82,287232.15,2381547.3,30639.71,308925.88,55666.28,337476.95,442127.42,270880.12,49787.81,121208.98,460671.9,362856.69,429463.23,96844.73,133619.67,149434.26,236443.01,100421.45,168296.91,170887.18,158480.38,153796.92,131923.52,155584.49,133264.59,115605.73,1404968.24,19368.77,17029.59,90184.73,249502.87,182.38,1250605.89,4355760.48,36653.95,727147.64,714547.17,43296.31,63934.98
Scenario 2,742,3,Bull Market,142,TRADING,158456.94,1414495.79,152316.08,282469.38,760933.75,646239.81,251652.59,527053.8,673039.98,975087.63,467946.22,287216.02,2381788.32,30698.69,308098.63,55622.37,336762.77,442021.57,271722.36,49835.33,121463.36,460874.55,362266.35,428209.06,96738.88,133631.04,149893.85,236727.08,100678.47,168296.77,171214.74,158211.39,153702.62,131686.85,155344.74,133256.15,115467.98,1405138.46,19380.34,17023.48,89905.44,250397.9,182.27,1251172.81,4347652.26,36625.43,724840.79,715213.9,43295.99,64007.72
Scenario 2,743,3,Bull Market,143,TRADING,158440.31,1414165.82,152341.84,282493.27,758691.2,648054.49,251886.87,526367.58,671915.95,975579.34,468133.59,287249.48,2381847.39,30739.93,307355.91,55550.78,336367.48,442081.06,272425.92,49861.02,121647.31,461407.27,362246.57,427496.94,96638.34,133649.06,150009.19,237028.6,100875.97,168298.68,171428.88,157967.52,153655.2,131499.02,154975.34,133289.71,115223.16,1405072.41,19427.32,17017.44,89454.05,251234.18,182.15,1251563.89,4338526.56,36557.16,725381.52,716783.21,43286.67,64073.26
Scenario 2,744,3,Bull Market,144,TRADING,158447.1,1414518.52,152312.07,282513.48,756769.01,649600.44,251985.59,525829.77,670518.05,975384.48,468113.72,287182.31,2382603.71,30828.86,306615.38,55482.46,335679.48,442002.61,272952.77,49853.12,121796.06,461942.42,362253.76,427079.33,96523.64,133621.06,150183.72,237360.21,101060.76,168285.29,171676.43,157672.38,153566.95,131302.92,154724.77,133316.8,114935.56,1404938.44,19444.85,17022.26,89831.94,251869.38,182.04,1251437.52,4328075.89,36566.62,723457.22,717410.77,43276.55,64177.6
Scenario 2,745,3,Bull Market,145,TRADING,158397.82,1414158.79,152303.62,282651.4,756019.83,651395.15,252108.02,524995.17,668698.73,974986.82,468045.91,287096.48,2384035.53,30950.7,305692.27,55400.03,335319.51,441917.8,273346.79,49930.08,121998.66,462529.11,362739.83,426266.28,96415.5,133617.14,150579.36,237576.86,101265.77,168268.17,171887.06,157558.45,153337.0,131189.02,154656.61,133336.74,114427.06,1404727.4,19453.65,17033.8,89993.55,252677.0,181.96,1252124.9,4324711.79,36519.68,721889.38,718687.88,43282.23,64245.89
Scenario 2,746,3,Bull Market,146,TRADING,158416.07,1414953.12,152298.29,282738.56,755126.39,652997.09,252183.0,524616.95,667303.3,975447.73,467981.77,287072.78,2384265.56,31040.29,304994.67,55324.59,334771.7,441946.81,273999.52,50004.85,122176.41,462955.01,362689.04,425655.1,96353.14,133696.26,150954.69,237883.82,101376.62,168237.51,172221.0,157358.7,153264.76,131005.89,154161.15,133339.5,114213.41,1404590.56,19464.19,17034.91,90225.49,253463.58,181.77,1252006.3,4317576.1,36483.08,720000.74,719476.29,43274.7,64361.22
Scenario 2,747,3,Bull Market,147,TRADING,158463.88,1415640.82,152296.76,282706.97,754106.29,654428.6,251927.71,524912.45,668045.66,975818.08,467969.84,287063.66,2382946.42,31154.09,304226.9,55258.82,334249.12,441941.72,274727.57,49889.79,122282.95,464343.89,362871.58,425086.49,96236.65,133641.89,151452.1,238168.88,101390.82,168208.1,172413.42,157166.36,153210.74,130854.98,153923.07,133324.95,113917.47,1403969.6,19450.67,17035.83,90385.18,254298.89,181.6,1251939.25,4311554.08,36420.37,718428.58,719505.75,43265.3,64457.47
Scenario 2,748,3,Bull Market,148,TRADING,158429.22,1415657.86,152341.88,282693.23,752712.04,656087.18,251989.08,525211.44,669381.45,976250.85,467967.16,286948.29,2384130.26,31237.49,303457.96,55196.24,333321.46,441793.89,275322.74,49829.04,122370.45,464882.09,363136.73,424366.16,96045.94,133579.02,151797.83,238535.89,101547.19,168263.2,172629.3,156889.66,153182.3,130671.35,153531.36,133355.92,113680.45,1403601.63,19461.83,17061.55,90572.32,255202.22,181.4,1251786.14,4304765.13,36413.87,716971.12,719239.1,43260.78,64515.87
Scenario 2,749,3,Bull Market,149,TRADING,158383.44,1415647.51,152318.76,282741.94,750354.04,657466.94,251691.7,525309.87,670195.08,976720.56,468049.42,287044.59,2384155.63,31284.46,302740.8,55099.01,332716.71,441683.86,275799.82,49784.03,122634.73,465621.67,363064.64,423652.38,95933.35,133580.6,152101.96,238904.62,101750.53,168254.35,172861.41,156650.89,153276.2,130550.07,153280.07,133347.12,113461.53,1403587.36,19462.51,17110.79,90743.37,256156.31,181.22,1251269.52,4295179.67,36324.33,716408.16,720172.09,43243.11,64622.43
Scenario 2,750,3,Bull Market,150,TRADING,158411.28,1415802.97,152331.12,282792.95,748649.19,659179.77,251330.91,525925.79,670893.27,978223.9,468069.92,287123.4,2384181.27,31361.74,301889.91,55024.41,331694.47,441560.61,276317.58,49727.06,122802.02,466770.9,363859.79,422317.58,95912.43,133567.52,152418.01,239235.17,101897.73,168209.53,173213.64,156446.57,153234.39,130314.28,153094.72,133353.7,113367.52,1403508.86,19491.58,17113.56,90925.76,257233.11,180.77,1250808.74,4291796.8,36271.92,714378.0,719873.16,43256.25,64712.43
Scenario 2,751,3,Bull Market,151,TRADING,158458.8,1415510.59,152311.68,282959.41,746267.15,661291.47,251341.28,525869.85,671878.63,977867.94,468153.55,287101.36,2382832.69,31390.85,301256.82,54947.9,331081.38,441547.11,276930.74,49606.89,122971.02,467415.61,364261.4,421642.22,95777.54,133635.55,152742.45,239592.05,102072.54,168192.21,173544.37,156213.38,153290.87,130154.9,152832.29,133341.56,113266.81,1403576.87,19506.96,17126.07,91077.65,258097.89,180.61,1250559.92,4284555.02,36255.78,713456.25,720081.68,43243.54,64788.39
Scenario 2,752,3,Bull Market,152,TRADING,158385.01,1415299.64,152321.43,282947.69,743949.09,663097.88,251105.25,526182.57,673035.72,978388.34,468162.16,287101.79,2384431.52,31504.86,300459.44,54880.67,330370.65,441430.08,277459.31,49540.21,123199.86,468317.43,364886.96,421005.96,95676.28,133614.74,153070.48,239946.36,102286.81,168165.6,174480.22,155934.15,153253.94,129965.67,152565.42,133300.06,112846.43,1403621.65,19536.5,17150.77,91281.4,258771.92,180.54,1250454.7,4269809.82,36203.46,712188.73,720031.07,43254.2,64872.57
Scenario 2,753,3,Bull Market,153,TRADING,158377.33,1416025.88,152301.14,282818.19,742487.34,664928.16,251147.03,526289.54,673981.74,979118.12,468051.33,287194.54,2384144.21,31598.64,299832.09,54803.26,329987.26,441407.33,278158.77,49520.77,123405.58,469290.86,365565.12,420438.1,95485.13,133599.41,153333.41,240278.91,102558.99,168168.48,173720.51,155701.48,153320.23,129833.95,152403.56,133289.99,112513.91,1403756.75,19571.77,17158.32,91462.76,259469.08,180.23,1250295.1,4260904.99,36162.86,710440.35,719834.49,43263.68,64957.25
Scenario 2,754,3,Bull Market,154,TRADING,158356.96,1415794.61,152281.61,282944.83,740728.75,666877.36,251106.23,526580.06,675018.38,979882.15,467928.13,287183.32,2383899.21,31678.74,299040.63,54741.72,329292.89,441491.99,278665.91,49412.37,123670.22,470382.12,366151.91,419251.77,95350.16,133604.93,153680.02,240472.13,102731.73,168128.49,173490.54,155562.29,153081.05,129734.44,152353.42,133303.29,112027.57,1403889.69,19623.7,17163.39,91649.58,260427.77,179.9,1250325.05,4254969.8,36109.11,709838.22,719628.53,43278.7,65043.22
Scenario 2,755,3,Bull Market,155,TRADING,158352.46,1415816.8,152310.29,282893.59,740338.63,668381.7,250906.47,526659.51,676269.23,979765.83,467752.8,287230.73,2384331.42,31725.77,298308.46,54690.06,328693.4,441494.51,279384.1,49266.79,123876.59,470891.85,366616.4,418037.6,95211.96,133577.46,154091.89,240704.8,102828.86,168110.23,173274.91,155278.12,152931.09,129613.14,152132.38,133254.62,111861.68,1404357.4,19644.18,17169.58,91808.38,261041.82,179.8,1250294.86,4243287.8,36063.34,708066.83,719181.94,43294.91,65126.58
Scenario 2,756,3,Bull Market,156,TRADING,158355.2,1416096.66,152302.62,282862.42,739670.46,669662.6,250852.48,527286.37,676791.93,978722.17,467591.63,287328.33,2384632.7,31789.46,297471.0,54609.11,327778.07,441505.95,279839.63,49132.4,124064.91,471446.78,367200.07,417511.33,95126.32,133590.32,154584.1,240997.7,103014.13,168112.02,173013.7,155070.42,153204.82,129370.56,151891.49,133246.27,111477.96,1404614.22,19651.58,17190.71,91980.67,261762.05,179.58,1249855.07,4229188.23,35991.22,707566.47,719065.77,43297.39,65203.93
Scenario 2,757,3,Bull Market,157,TRADING,158377.6,1416463.5,152295.85,282864.75,738794.71,671715.35,250833.12,527821.67,678000.19,980275.52,467436.32,287429.02,2384957.26,31852.29,296622.89,54527.8,327304.59,441432.6,280272.81,49045.62,124283.54,472864.6,367376.34,416725.53,94897.15,133554.55,155004.42,241167.1,103217.82,168151.82,172810.5,154879.6,153321.5,129222.66,151517.26,133204.74,111297.24,1404673.8,19648.16,17204.37,92119.96,262624.21,179.38,1249284.66,4221159.16,35927.83,705919.46,719455.45,43314.62,65298.41
Scenario 2,758,3,Bull Market,158,TRADING,158390.83,1416895.82,152255.91,283048.06,738148.01,673295.91,250583.77,528334.14,678918.56,979660.47,467370.79,287360.6,2383820.54,31965.36,295932.19,54474.7,326723.08,441603.02,280997.09,48929.15,124376.28,473353.79,367958.08,416082.53,94846.21,133501.26,155317.79,241358.52,103290.34,168177.37,172544.68,154629.81,153360.48,129081.42,151215.14,133214.56,111014.83,1404797.62,19679.86,17216.66,92331.52,263383.64,179.28,1249259.43,4214879.54,35861.57,704984.85,719604.0,43329.47,65383.31
Scenario 2,759,3,Bull Market,159,TRADING,158365.94,1416550.62,152272.39,283008.94,737154.65,675407.16,250536.28,528512.33,679977.18,979480.09,467242.13,287369.08,2384359.35,32033.14,295121.39,54373.86,326110.12,441727.86,281555.64,48894.4,124458.31,473902.33,368473.16,415372.84,94734.16,133483.36,155650.2,241716.2,103451.7,168198.39,172387.6,154407.75,153347.31,128915.36,151052.94,133212.47,110871.36,1404642.2,19718.96,17230.82,92454.52,264213.55,179.08,1248764.72,4209092.39,35823.11,703407.43,719413.76,43330.32,65449.16
Scenario 2,760,3,Bull Market,160,TRADING,158383.06,1416665.05,152300.81,282888.05,736607.58,676591.35,250461.11,528640.92,681102.67,980299.15,467052.18,287489.89,2384625.7,32064.05,294245.85,54295.65,325274.8,441721.5,282414.63,48818.48,124667.92,475244.01,368174.7,414684.6,94612.26,133449.12,155947.16,241990.1,103698.13,168204.91,172091.0,154156.56,153300.44,128774.61,150771.42,133194.83,110672.14,1404651.31,19763.55,17245.65,92673.62,264973.48,178.81,1248834.38,4202794.08,35751.67,701021.32,718764.7,43333.99,65559.56
Scenario 2,761,3,Bull Market,161,TRADING,158368.14,1416704.82,152383.74,282709.65,735401.02,678690.44,250259.59,529028.49,682040.78,980376.52,467193.75,287453.01,2383614.69,32116.81,293466.1,54218.77,324955.89,441728.78,283179.79,48734.3,124709.06,475615.07,368274.04,413810.11,94556.5,133464.59,156185.84,242247.84,103884.97,168195.34,171897.5,153842.52,153240.57,128545.05,150448.37,133230.84,110444.42,1404840.59,19776.25,17253.29,92822.68,265891.14,178.66,1248451.57,4195692.26,35740.11,700249.46,718464.69,43336.86,65664.74
Scenario 2,762,3,Bull Market,162,TRADING,158433.18,1417398.08,152347.42,282546.19,733757.93,680440.76,250169.73,529060.32,683234.65,980056.49,467310.69,287492.74,2383199.02,32136.94,292578.79,54159.62,324226.92,441899.72,283958.8,48697.55,124974.87,476015.52,368818.61,413238.3,94379.28,133452.05,156550.11,242554.53,104087.85,168185.36,171621.35,153648.72,153280.3,128452.94,150423.5,133231.42,110250.01,1404695.36,19812.95,17252.14,93052.45,266628.28,178.54,1247898.11,4185624.66,35646.04,698457.49,718557.7,43336.89,65742.19
Scenario 2,763,3,Bull Market,163,TRADING,158428.27,1417887.47,152356.65,282489.91,731325.43,682467.47,249998.13,529299.84,684684.78,979888.38,467190.71,287571.84,2383009.83,32222.11,293330.07,54089.85,323692.37,441938.72,284420.21,48602.7,125131.02,476816.3,369226.11,412674.63,94210.19,133472.31,156780.03,242809.49,104286.63,168190.04,171456.98,153395.62,153306.56,128317.13,150276.89,133243.56,109977.98,1404856.69,19867.99,17261.73,93229.52,267472.84,178.5,1248614.78,4176654.24,35584.11,697035.45,718744.36,43339.32,65820.24
Scenario 2,764,3,Bull Market,164,TRADING,158391.38,1417820.26,152376.37,282397.35,730425.18,684261.47,249775.98,529489.13,685879.09,979673.01,467153.8,287647.64,2383006.07,32238.72,294173.26,54012.62,323145.74,441995.27,285017.99,48521.09,125205.65,477544.91,369854.12,411946.26,94037.33,133526.4,157111.82,243115.61,104580.23,168186.46,171143.7,153202.63,153340.69,128258.31,149983.69,133242.64,109731.89,1404917.73,19915.36,17248.86,93454.67,268097.49,178.23,1248902.5,4165863.82,35542.32,696032.07,718607.93,43354.73,65887.28
Scenario 2,765,3,Bull Market,165,TRADING,158408.45,1418093.87,152356.38,282405.14,728493.37,685691.73,249466.64,530046.52,686805.19,980060.69,467197.35,287804.51,2382258.5,32298.25,294998.82,53926.16,322507.67,441963.54,285572.41,48425.16,125296.47,477887.83,370044.68,411474.28,93958.44,133539.22,157322.03,243391.59,104632.8,168223.33,170909.49,152975.78,153396.59,128098.94,149717.41,133205.58,109539.9,1405086.31,19967.99,17251.06,93619.94,268678.16,178.06,1249499.07,4159904.16,35482.3,694493.98,719224.88,43360.91,65953.2
Scenario 2,766,3,Bull Market,166,TRADING,158415.55,1418191.34,152455.75,282306.6,726844.42,687235.04,249199.3,530462.33,687600.77,980087.89,467216.36,287813.96,2383351.83,32355.56,295819.85,53839.47,321592.59,441977.72,286051.03,48366.03,125452.35,478311.09,370553.7,410888.88,93802.89,133557.97,157537.96,243588.15,104841.4,168183.54,170775.19,152777.24,153427.31,127999.9,149493.2,133205.06,109484.74,1405221.84,19989.1,17264.93,93833.79,269515.49,177.82,1248862.08,4151783.58,35404.29,692777.47,718775.31,43367.19,66047.76
Scenario 2,767,3,Bull Market,167,TRADING,158416.7,1418589.95,152437.48,282312.2,724964.69,688467.2,248913.54,530412.27,688505.16,980297.75,467051.97,287926.99,2383682.42,32397.46,296506.65,53755.84,320483.75,442080.41,286550.49,48319.61,125633.89,479066.02,370822.96,410290.39,93773.0,133536.9,157989.73,243843.97,104983.52,168160.72,170468.28,152549.41,153390.43,127772.0,149394.25,133199.84,109287.08,1405091.14,20026.27,17254.46,93990.54,270312.0,177.66,1248750.49,4143085.93,35372.25,691182.02,718668.55,43374.47,66159.45
Scenario 2,768,3,Bull Market,168,TRADING,158413.55,1419243.25,152440.43,282108.8,723678.61,690071.4,248515.12,530866.5,689370.86,980942.38,467272.74,287982.14,2383652.34,32442.86,297294.88,53685.38,319186.4,441914.9,286980.25,48264.11,125934.53,479798.39,370388.69,409742.64,93697.5,133457.71,158321.28,244195.93,105181.72,168177.88,170270.46,152305.98,153276.14,127590.07,149263.6,133205.74,109139.09,1404845.14,20036.24,17278.9,94095.83,271010.94,177.67,1247905.9,4136085.94,35348.19,690414.09,718582.41,43369.52,66203.19
Scenario 2,769,3,Bull Market,169,TRADING,158436.75,1419090.16,152476.84,282087.11,721506.38,692050.3,248634.54,531424.94,690451.07,982225.33,467009.03,287978.44,2385118.62,32548.01,298026.6,53612.53,318173.32,442036.9,287547.63,48214.56,126071.26,480912.16,370620.12,409401.92,93462.76,133421.58,158697.7,244543.02,105141.26,168127.57,169997.61,151983.74,153249.35,127436.32,148951.53,133172.25,108853.64,1404221.67,20087.78,17297.68,94225.75,271883.81,177.4,1248775.25,4128836.57,35321.61,689411.73,718177.68,43364.93,66285.95
Scenario 2,770,3,Bull Market,170,TRADING,158445.99,1419692.07,152509.22,282033.7,720993.52,693939.27,248342.32,531702.34,691817.59,981649.71,466946.69,288005.91,2385476.62,32617.59,298987.66,53536.29,317412.15,442093.47,287966.85,48188.76,126277.94,482103.95,370728.69,408602.68,93327.48,133411.51,159190.61,244754.1,105400.78,168123.93,169757.05,151760.37,153401.41,127240.21,148768.04,133139.88,108712.84,1404006.46,20095.04,17298.13,94469.66,272697.84,177.35,1248751.04,4122668.83,35269.77,688125.72,717742.05,43374.85,66376.93
Scenario 2,771,3,Bull Market,171,TRADING,158483.43,1419202.8,152521.91,281963.73,719593.65,695705.45,248118.87,532041.57,692615.98,981753.11,466808.02,288055.02,2386420.48,32705.55,299870.13,53477.99,316526.27,442053.52,288450.23,48122.23,126483.61,483437.4,371027.29,407959.91,93206.34,133441.36,159723.73,244960.56,105643.23,168117.47,169540.45,151523.51,153464.29,127148.72,148572.56,133101.36,108471.53,1404334.3,20137.8,17293.06,94635.75,273525.34,177.3,1248397.4,4110150.58,35221.13,685698.3,717355.27,43359.29,66429.67
Scenario 2,772,3,Bull Market,172,TRADING,158528.8,1419279.32,152562.18,281881.91,718490.2,697561.36,247817.81,532258.09,693407.56,981858.6,466802.97,288003.59,2385674.7,32757.02,300702.12,53422.54,315697.89,442145.49,289034.66,48017.97,126597.99,484222.44,371488.31,407614.21,93121.67,133397.76,160213.5,245204.38,105798.96,168112.01,169266.16,151292.64,153456.48,126951.69,148265.95,133102.47,108161.17,1404569.09,20181.51,17283.79,94839.8,274294.69,177.08,1248301.12,4101464.74,35151.85,684703.98,717087.63,43377.46,66524.28
Scenario 2,773,3,Bull Market,173,TRADING,158558.03,1418729.87,152556.48,281884.24,717328.58,698526.09,247444.92,532132.9,694310.11,982219.86,466631.32,288079.25,2386372.46,32826.64,301535.43,53342.08,315005.17,442132.91,289654.57,47953.36,126727.43,485171.48,372026.76,407267.85,92968.33,133333.61,160454.15,245465.77,106022.85,168105.89,169099.18,151094.8,153448.19,126786.35,147915.81,133065.82,107666.97,1404794.7,20225.73,17286.94,95021.21,275031.81,176.96,1248093.65,4097181.58,35104.47,682667.31,716561.86,43387.75,66618.11
Scenario 2,774,3,Bull Market,174,TRADING,158564.34,1418753.04,152521.4,281965.62,716074.93,700240.2,247212.34,532247.07,695321.28,982285.56,466320.63,288086.38,2386699.02,32905.97,302429.39,53251.2,314427.11,442250.37,290193.98,47904.43,126866.95,486785.14,371825.38,406364.73,92770.16,133319.38,160739.22,245721.54,106141.94,168101.91,168883.46,150888.85,153484.78,126573.2,147722.47,133051.68,107708.57,1405238.73,20270.2,17312.29,95202.26,275844.04,176.82,1247781.96,4091895.69,35097.81,681009.65,716095.1,43392.83,66699.69
Scenario 2,775,3,Bull Market,175,TRADING,158602.24,1419029.95,152560.05,281950.57,714980.56,701795.69,247109.51,532528.35,696822.11,982452.78,466252.06,288073.92,2387646.52,32969.84,303237.51,53188.8,313757.36,442351.9,290780.0,47813.72,126966.92,487595.05,372058.48,405861.62,92730.71,133286.95,161065.48,246010.32,106488.77,168109.53,168609.2,150686.04,153427.15,126315.46,147692.46,133058.12,107648.97,1405718.74,20321.45,17295.99,95359.27,276631.1,176.69,1248134.4,4080413.43,35049.5,679681.36,715365.06,43396.77,66776.02
Scenario 2,776,3,Bull Market,176,TRADING,158678.66,1418696.0,152607.87,281785.53,714100.66,703120.12,246902.22,533080.8,697917.67,983195.78,466040.26,288237.99,2386606.48,33041.04,304126.88,53104.18,312491.69,442420.28,291178.25,47779.67,127181.91,488824.04,372657.38,405156.75,92587.46,133263.5,161399.64,246328.82,106706.6,168076.81,168442.36,150484.89,153554.45,126199.53,147404.49,133026.79,107455.92,1406284.11,20332.33,17297.29,95525.52,277614.74,176.29,1248046.54,4073565.09,35030.95,678591.54,715552.79,43401.05,66847.29
Scenario 2,777,3,Bull Market,177,TRADING,158686.92,1419404.46,152659.1,281680.47,711678.97,704753.56,246500.63,533461.11,699059.37,984478.65,465868.01,288374.52,2386743.96,33097.91,305155.76,53031.63,311636.3,442528.16,291663.51,47702.79,127335.84,488764.96,373363.75,404524.57,92516.59,133266.24,161544.97,246578.25,106902.99,168052.28,168264.56,150270.74,153551.9,126030.38,147339.57,132982.4,107318.68,1406334.45,20343.46,17312.45,95708.63,278606.97,176.12,1248605.4,4067150.43,35010.53,676937.84,715649.74,43406.09,66921.77
Scenario 2,778,3,Bull Market,178,TRADING,158687.0,1418753.04,152662.44,281562.2,710981.58,706567.26,246189.05,533896.36,700325.28,984517.02,465854.48,288397.5,2386241.78,33169.18,306018.6,52961.31,310819.67,442719.55,292292.44,47604.24,127530.93,489597.21,373710.37,404072.89,92369.77,133235.89,161984.3,246838.27,107147.07,168020.38,167992.06,150033.31,153729.53,125874.47,147188.9,132952.04,107038.43,1406078.29,20377.79,17333.53,95869.2,279329.23,176.08,1249049.47,4061074.4,35036.73,675376.41,715663.63,43405.58,67023.52
Scenario 2,779,3,Bull Market,179,TRADING,158704.53,1419606.78,152765.27,281626.47,710099.81,708420.03,246039.44,533967.38,701190.46,984688.54,465871.24,288384.86,2384667.5,33232.02,307002.08,52882.99,310106.26,442577.51,292943.42,47572.35,127776.65,489788.46,373503.75,403406.68,92213.69,133287.7,162271.54,247163.26,107310.66,168025.53,167752.96,149822.29,153780.14,125659.75,147093.91,132955.54,106743.15,1406283.26,20417.88,17343.04,96052.05,280313.84,175.86,1249035.59,4054366.34,34980.65,673647.65,715704.13,43423.09,67123.18
Scenario 2,780,3,Bull Market,180,TRADING,158706.64,1419671.03,152778.82,281631.23,708447.32,710046.44,245775.99,533994.85,702236.07,985120.66,465928.68,288421.83,2384811.89,33261.21,307763.22,52831.09,308985.15,442588.63,293618.02,47550.56,127957.38,490800.23,373782.21,402524.29,92144.53,133291.37,162993.62,247406.33,107473.02,168061.89,167373.16,149609.74,153824.73,125474.87,146851.66,132994.0,106591.91,1406009.55,20446.06,17355.26,96229.65,281019.17,175.67,1249224.53,4047253.86,34961.33,671621.11,715552.64,43429.96,67178.44
Scenario 2,781,3,Bull Market,181,TRADING,158704.94,1419835.26,152786.64,281677.79,707906.56,711718.05,245805.72,534333.38,703500.44,985149.91,465918.35,288491.0,2383039.62,33363.2,308459.05,52739.95,308828.91,442702.18,294044.13,47460.07,128104.39,491236.08,374644.31,401962.92,92104.33,133246.3,163499.71,247771.43,107604.42,168048.99,167091.21,149319.24,153959.07,125319.55,146611.95,132981.07,106191.25,1405973.54,20473.65,17345.63,96423.55,281722.81,175.45,1248996.87,4037342.26,34898.68,669821.35,715879.71,43433.62,67257.46
Scenario 2,782,3,Bull Market,182,TRADING,158728.48,1420074.36,152778.13,281762.53,706697.75,713400.06,245745.23,534559.99,704262.11,985529.6,466006.51,288555.11,2382209.44,33390.29,309347.39,52667.74,308026.87,442823.16,294777.08,47405.91,128381.92,491070.51,374989.21,401415.64,91912.46,133273.64,163811.11,248023.21,107796.31,168080.73,166832.13,149101.76,153898.72,125177.08,146300.24,132983.77,105954.03,1405794.92,20499.95,17366.87,96601.63,282574.85,175.31,1248944.32,4029758.29,34833.56,668155.11,714892.58,43445.96,67357.57
Scenario 2,783,3,Bull Market,183,TRADING,158702.74,1419438.51,152835.96,281909.3,706439.67,715039.01,245524.72,535224.05,705209.19,985556.4,465933.06,288501.04,2381098.11,33460.28,309976.1,52592.04,307551.96,442738.07,295529.44,47374.97,128451.77,492002.6,375710.04,400864.99,91756.7,133266.46,164190.43,248301.66,108057.88,168072.2,166591.04,148824.92,154091.1,125005.56,145988.06,132989.86,105637.15,1405982.79,20525.81,17394.03,96753.45,283366.99,175.11,1249304.71,4016760.32,34797.95,666266.45,715002.87,43455.5,67443.49
Scenario 2,784,3,Bull Market,184,TRADING,158717.75,1419552.04,152780.24,281883.58,705028.42,717317.71,245572.44,535627.48,706687.16,985432.7,465915.47,288563.17,2382679.37,33517.23,310765.38,52523.47,306852.27,442820.23,296019.75,47336.74,128522.52,492778.2,376755.31,400365.58,91599.5,133245.61,164456.1,248520.33,108275.49,168054.51,166313.76,148643.29,154121.9,124855.29,145677.49,132993.77,105428.63,1406026.95,20522.53,17398.39,96929.95,284054.35,174.89,1249019.96,4005684.81,34743.83,665119.11,714194.44,43463.68,67477.63
Scenario 2,785,3,Bull Market,185,TRADING,158756.43,1420216.81,152777.19,281905.19,704603.23,719241.04,245368.65,535937.12,707567.77,985688.41,465945.72,288566.33,2382973.46,33595.96,311527.45,52462.9,306315.51,442804.8,296592.02,47271.25,128664.59,493392.94,376872.61,399628.57,91476.18,133212.2,164820.79,248908.67,108447.21,168087.32,166066.15,148386.09,154203.85,124641.61,145615.65,132986.2,105098.0,1405928.27,20536.77,17413.17,97083.39,284822.92,174.65,1248052.68,3999071.84,34702.7,663227.62,713882.01,43476.5,67581.03
Scenario 2,786,3,Bull Market,186,TRADING,158750.08,1420107.02,152774.14,281885.25,703571.52,721390.47,245270.29,536440.52,708442.65,985617.92,466086.04,288592.84,2383143.47,33665.56,312323.34,52387.5,305486.52,442825.98,297161.09,47130.48,128831.88,494105.82,377041.29,399247.83,91342.48,133272.83,165253.81,249183.88,108535.78,168054.64,165850.78,148187.4,154124.81,124461.79,145381.0,132967.36,105058.95,1405269.84,20605.47,17405.93,97285.18,285702.94,174.51,1248116.47,3991266.9,34690.42,662617.15,713950.53,43471.89,67647.94
Scenario 2,787,3,Bull Market,187,TRADING,158737.51,1419893.88,152788.72,281923.15,702744.64,722908.37,245276.51,536727.8,709304.42,986625.62,465867.29,288645.99,2385013.69,33705.49,313219.84,52314.41,304650.06,442829.2,297898.76,47037.83,128982.66,495331.28,377423.63,398519.08,91230.59,133265.51,165483.1,249526.26,108727.89,168071.83,165616.53,148025.5,154165.46,124292.91,144926.6,132970.31,104845.52,1405136.07,20621.38,17428.99,97412.46,286644.29,174.3,1248547.4,3981224.03,34670.19,661546.61,713155.0,43481.77,67743.69
Scenario 2,788,3,Bull Market,188,TRADING,158717.15,1420047.79,152780.01,281953.04,701244.6,724486.01,245097.61,536916.54,710203.91,986033.41,465804.29,288706.02,2382744.24,33800.85,314251.71,52233.43,303948.2,442862.81,298436.25,46952.12,129151.23,496059.14,378159.09,398162.89,91133.27,133286.75,165881.02,249900.47,108867.46,168052.66,165289.18,147805.89,154008.13,124107.62,144817.97,132954.41,104630.89,1405419.01,20669.24,17445.44,97606.48,287388.43,174.15,1248329.13,3976736.65,34618.06,659920.82,712898.41,43471.89,67857.37
Scenario 2,789,3,Bull Market,189,TRADING,158754.38,1420525.04,152814.46,281816.1,699220.16,725773.52,244581.69,537387.92,710898.41,985593.97,465663.38,288786.52,2383720.88,33868.32,315262.39,52158.05,303123.44,442957.44,298816.96,46945.64,129429.24,496966.87,377930.19,397403.74,90989.43,133293.72,166571.97,250288.23,109112.4,168052.95,164997.07,147520.35,154061.42,123947.4,144656.77,132956.37,104445.38,1405163.5,20711.72,17443.43,97771.97,288204.23,173.98,1247962.01,3966255.33,34546.4,659069.32,712752.07,43483.38,67946.13
Scenario 2,790,3,Bull Market,190,TRADING,158819.92,1420285.27,152859.52,281891.68,697516.61,727278.31,244639.48,537765.8,711710.75,985253.57,465661.39,288792.65,2382079.73,33964.17,316097.33,52059.62,302499.11,443104.39,299408.54,46799.53,129671.38,497939.97,378047.6,396796.63,90806.71,133323.7,167038.66,250670.96,109242.4,168063.27,164831.44,147364.89,154149.52,123852.9,144533.91,132945.36,104272.71,1405357.26,20740.09,17434.2,97921.19,289161.98,174.0,1248243.73,3955836.4,34482.44,657440.45,713117.57,43486.74,67988.18
Scenario 2,791,3,Bull Market,191,TRADING,158846.39,1419606.93,152946.31,281922.76,695549.64,729710.24,244541.74,538362.46,712712.64,986196.51,465730.64,288807.06,2380952.75,34028.63,317037.04,51958.94,301345.93,443114.2,300054.88,46748.86,129927.04,498360.27,378810.92,395904.27,90736.29,133284.11,167630.5,250952.29,109339.97,168063.26,164656.17,147166.57,154163.48,123730.54,144289.47,132931.29,104036.28,1405592.49,20791.63,17436.07,98044.01,290065.36,173.88,1248232.59,3949592.27,34437.07,656859.57,713270.68,43495.26,68107.06
Scenario 2,792,3,Bull Market,192,TRADING,158856.53,1419368.34,152991.69,281762.57,694566.33,732038.46,244133.62,538550.54,713958.11,987047.03,465813.79,288775.03,2380412.22,34074.02,317836.23,51865.52,300374.52,443255.56,300780.62,46598.51,130102.04,498621.62,379443.1,395124.54,90645.31,133290.27,168016.08,251177.61,109644.7,168080.53,164439.9,146950.02,154123.52,123554.67,143933.75,132952.78,103950.19,1405786.11,20801.48,17446.33,98191.45,290738.51,173.7,1247832.06,3944085.37,34371.49,655534.98,712762.27,43498.14,68207.92
Scenario 2,793,3,Bull Market,193,TRADING,158888.17,1418947.94,153012.06,281656.03,692758.31,733672.64,244094.81,539179.34,715144.37,987186.51,466059.95,288803.74,2380638.59,34114.71,318765.99,51792.91,299514.08,443192.58,301444.62,46503.5,130314.06,499339.16,379541.4,394265.87,90611.25,133295.16,168228.99,250843.93,109819.66,168071.97,164162.88,146797.39,154109.21,123341.43,143884.71,132964.69,103567.87,1405181.6,20813.44,17446.09,98361.36,291444.73,173.62,1247705.02,3934287.75,34290.88,654010.3,712405.45,43520.63,68280.11
Scenario 2,794,3,Bull Market,194,TRADING,158924.46,1419057.48,153105.96,281691.18,691307.03,735245.39,243723.43,539764.35,716565.12,986926.63,466150.43,288809.33,2380360.63,34138.13,319533.57,51722.47,298753.36,443098.12,302237.53,46458.34,130610.7,500241.03,379950.03,393686.27,90500.84,133210.03,168508.63,250472.2,109929.18,168113.83,163920.76,146529.71,154201.42,123208.98,143681.94,133007.12,103386.12,1405250.11,20867.1,17442.34,98493.83,292417.64,173.53,1247006.43,3929171.54,34224.19,653010.72,712308.39,43526.49,68349.92
Scenario 2,795,3,Bull Market,195,TRADING,158908.07,1419166.27,153152.29,281741.75,689491.32,736789.65,243425.11,540215.67,717297.96,987913.31,465895.2,288901.88,2379532.27,34208.41,320454.11,51658.1,298005.98,443160.34,302673.89,46411.47,130792.16,500697.4,380361.0,392809.97,90368.97,133166.51,169071.39,249976.13,110066.43,168100.68,163725.0,146341.95,154286.47,122974.85,143590.29,132996.05,103195.52,1404875.01,20920.37,17447.02,98673.57,293277.34,173.35,1246338.74,3920536.1,34147.93,651847.96,711478.51,43542.31,68476.29
Scenario 2,796,3,Bull Market,196,TRADING,158874.7,1419413.38,153166.98,281613.93,688790.84,738829.11,243164.91,540402.87,718658.51,987370.92,465790.87,289005.59,2379207.02,34224.97,321297.35,51579.68,296977.1,443082.78,303193.12,46357.05,130985.77,501219.17,380327.86,392141.1,90235.34,133150.35,169212.0,249530.5,110408.21,168077.17,163491.2,146080.7,154257.2,122854.18,143403.75,133017.87,102917.32,1404831.12,20958.58,17468.79,98840.5,294017.9,173.3,1246730.44,3911178.16,34132.92,650769.43,711610.71,43545.68,68551.72
Scenario 2,797,3,Bull Market,197,TRADING,158900.07,1420289.4,153208.42,281574.71,688249.25,740657.54,243183.82,540639.02,720081.37,987264.4,465694.23,288942.06,2378630.85,34256.6,322008.7,51505.82,296692.96,443059.79,303930.36,46284.47,131196.18,501250.35,380508.57,391262.75,90060.84,133055.19,169621.79,249058.62,110648.59,168090.51,163276.77,145841.51,154098.26,122737.53,143011.96,132971.13,102677.9,1404768.69,20947.62,17494.64,98944.41,294784.23,172.99,1246860.18,3903806.77,34071.71,649275.47,711285.12,43558.45,68599.97
Scenario 2,798,3,Bull Market,198,TRADING,158934.02,1419984.94,153112.48,281550.53,686311.35,742362.78,242905.37,541146.06,721582.84,987440.38,465596.14,288986.1,2379480.72,34332.59,322642.05,51459.93,296266.99,443073.98,304607.24,46195.13,131424.55,502089.03,381140.04,390086.49,89900.23,132989.95,169826.31,248620.28,111019.51,168127.17,163067.58,145608.81,154135.92,122610.78,142807.77,132980.97,102445.05,1405071.68,20974.04,17498.07,99094.06,295537.79,172.96,1247131.83,3894166.35,34053.08,647421.62,711275.35,43557.76,68599.97
Scenario 2,799,3,Bull Market,199,TRADING,158934.93,1420591.58,153074.44,281522.46,684721.91,743448.91,242721.42,541832.44,722200.98,988444.0,465659.54,288931.71,2380187.02,34421.85,323429.25,51386.61,295733.72,443080.2,305251.46,46156.0,131671.41,503107.93,381710.43,389425.29,89710.97,132969.83,170372.43,248076.87,111233.16,168097.11,162858.66,145329.42,154195.75,122481.48,142570.3,133009.14,102080.69,1405824.88,21040.24,17503.82,99296.92,296209.11,172.92,1246704.63,3885447.94,33985.77,645477.57,710456.72,43558.58,68599.97
Scenario 2,800,3,Bull Market,200,TRADING,158969.2,1419964.95,153076.21,281658.25,683434.71,745377.66,242529.73,542111.84,723946.44,988478.99,465614.09,289045.81,2381181.75,34517.4,324288.93,51278.42,294888.8,443011.34,305850.6,46042.18,131781.18,503902.14,381920.82,388454.37,89544.42,132934.17,170674.81,247549.56,111284.34,168076.24,162627.13,145060.96,154221.48,122232.23,142300.6,133025.59,101879.35,1405357.91,21037.55,17520.38,99498.02,297006.09,172.67,1246491.1,3877936.88,33928.67,644627.35,709901.74,43568.65,68599.97
Scenario 2,801,3,Bull Market,201,TRADING,158972.14,1419880.27,153092.97,281539.86,682550.68,746303.83,242790.71,542145.51,724901.78,989033.9,465345.05,289074.33,2380079.87,34588.25,325029.57,51210.81,294224.41,443106.3,306467.37,45955.02,131877.38,505308.81,383008.27,387931.7,89421.15,132930.74,171061.72,247067.92,111435.0,168051.21,162385.57,144827.0,154356.54,122068.02,142182.07,133020.31,101680.62,1405260.17,21071.17,17548.27,99695.46,297759.98,172.49,1246275.86,3868950.83,33926.13,642415.62,709580.84,43567.5,68464.69
Scenario 2,802,3,Bull Market,202,TRADING,158955.04,1419977.63,153084.19,281613.16,680451.27,747436.35,242420.73,542332.73,726117.6,989378.76,465332.09,289164.2,2378869.82,34610.02,325958.75,51148.05,293709.54,443184.27,307074.65,45840.76,131939.57,506081.18,383554.4,387334.89,89307.96,132904.37,171557.57,246606.38,111705.38,168041.18,162112.94,144625.09,154280.14,121925.75,142021.27,133028.67,101603.78,1405536.84,21105.8,17552.69,99903.64,298833.49,172.2,1245963.11,3857555.44,33862.13,640421.49,708526.39,43573.05,68322.92
Scenario 2,803,3,Bull Market,203,TRADING,158965.86,1420260.58,153100.18,281622.69,679674.2,749733.45,242491.79,542815.68,727064.17,989971.58,465164.27,289336.96,2377246.88,34695.54,326658.98,51072.66,293235.88,443142.03,307818.13,45785.81,132103.61,506381.77,383792.2,386705.93,89171.65,132860.61,172266.47,246184.03,111914.33,167967.29,161904.75,144386.17,154225.17,121764.45,141883.12,133043.35,101265.75,1405687.14,21145.05,17571.96,100008.67,299777.98,172.0,1245701.88,3847778.03,33767.81,639922.9,709411.23,43579.21,68154.91
Scenario 2,804,3,Bull Market,204,TRADING,158912.49,1420676.58,153145.3,281620.15,677489.79,751101.34,242584.62,542785.99,728397.02,990084.76,464900.22,289388.01,2376682.57,34776.18,327519.54,50993.49,292489.84,443242.71,308477.19,45737.5,132245.23,507587.01,383873.66,385964.49,89072.16,132861.44,172676.55,245730.85,112196.18,167914.11,161636.49,144159.38,154115.79,121510.51,141644.42,132993.3,101077.97,1405997.27,21167.7,17571.44,100192.63,300586.07,171.92,1245559.39,3841728.54,33734.3,638364.13,709899.58,43582.41,68010.62
Scenario 2,805,3,Bull Market,205,TRADING,158911.17,1420801.19,153132.86,281569.44,675140.5,753313.39,242454.61,542863.35,729337.54,990420.35,465057.14,289429.5,2374955.61,34823.99,328366.01,50944.81,291632.33,443319.06,309167.12,45715.65,132398.7,507612.58,384307.05,385424.46,88983.2,132857.7,173382.56,245319.39,112488.03,167928.17,161408.11,143899.2,154145.19,121364.98,141367.51,132984.5,100873.31,1405920.93,21211.24,17600.55,100416.74,301071.89,171.79,1245108.98,3833512.57,33654.6,637033.41,709468.91,43574.11,67840.24
Scenario 2,806,3,Bull Market,206,TRADING,158920.0,1420566.59,153173.67,281672.53,672238.55,755062.53,241910.51,543112.53,729944.31,990670.38,464909.02,289566.82,2372728.92,34843.9,329232.58,50878.07,291299.36,443345.2,309954.72,45586.57,132592.38,508188.92,384555.21,384927.6,88801.12,132744.94,173668.0,244837.89,112564.65,167941.0,161166.46,143760.53,154273.01,121178.61,141053.56,133005.01,100685.4,1405668.87,21234.21,17612.55,100630.74,302009.67,171.59,1244292.65,3828296.53,33614.83,636094.96,709124.11,43568.2,67630.18
Scenario 2,807,3,Bull Market,207,TRADING,158932.36,1420911.72,153219.79,281720.22,673095.77,754072.11,241779.67,543341.23,730650.38,990943.38,464801.18,289686.78,2373168.2,34869.28,330041.64,50812.73,291753.81,443363.33,310724.86,45527.61,132481.22,507018.3,385003.59,385317.19,88941.23,132753.02,173585.08,244406.64,112524.77,167926.53,160979.29,143685.03,154385.96,120945.88,141130.98,132965.92,100888.25,1405418.6,21213.9,17621.25,100853.34,302887.51,171.43,1245279.34,3832376.74,33652.94,636294.24,709550.57,43572.94,67471.54
Scenario 2,808,3,Bull Market,208,TRADING,158939.1,1420922.55,153179.39,281799.79,674105.83,753502.39,241605.96,543178.97,732584.58,991417.42,464673.27,289724.25,2372558.4,34821.34,331079.07,50742.84,292104.22,443417.3,311056.3,45437.39,132419.78,506812.49,385003.74,385119.1,89108.54,132744.39,173348.78,244006.92,112449.51,167901.2,160710.14,143497.34,154320.03,120905.59,141053.57,132952.68,101091.03,1405181.85,21170.79,17621.18,101009.02,303839.98,171.29,1245185.87,3835663.32,33636.99,637833.55,709330.05,43586.93,67332.84
Scenario 2,809,3,Bull Market,209,TRADING,158876.1,1421473.24,153090.39,281934.54,674677.78,752920.21,241221.0,543614.53,733964.45,992011.21,464343.21,289931.97,2372314.63,34778.23,331767.81,50666.97,292372.38,443425.81,311387.7,45308.22,132378.77,506636.37,385544.35,385235.55,89236.4,132694.12,173196.51,243586.32,112332.65,167902.78,160503.07,143389.41,154457.85,120700.61,141103.55,132944.93,101146.6,1405108.17,21165.95,17605.88,101198.36,304781.88,171.12,1245228.91,3836507.91,33623.53,638406.16,708820.72,43606.94,67164.92
Scenario 2,810,3,Bull Market,210,TRADING,158887.96,1422690.62,153124.27,281803.57,676008.9,752051.5,240860.49,544197.99,735103.19,992006.06,464249.86,289964.22,2372694.71,34740.46,332746.03,50595.2,292517.63,443396.18,312074.17,45238.56,132333.54,505841.21,385624.1,385639.52,89300.83,132695.27,172990.18,243185.8,112287.07,167867.51,160259.57,143197.86,154493.07,120503.74,141322.64,132936.72,101336.51,1405293.25,21139.55,17611.82,101446.37,305517.3,170.87,1245033.16,3838062.36,33676.49,639806.84,708593.24,43609.93,67009.4
Scenario 2,811,3,Bull Market,211,TRADING,158923.18,1423000.08,153086.95,281822.1,677217.06,751650.34,240491.62,544430.49,735369.42,992123.91,464064.09,290019.84,2371994.16,34670.91,333753.91,50536.61,292651.7,443392.46,312677.5,45146.36,132160.86,505847.64,385794.13,385909.14,89407.91,132599.74,172754.15,242689.92,112195.53,167871.07,160003.65,143029.99,154497.39,120300.26,141448.61,132962.71,101549.37,1405506.19,21114.74,17618.31,101620.96,306312.06,170.61,1244751.58,3841909.72,33729.54,640610.55,708975.61,43628.71,66860.18
Scenario 2,812,3,Bull Market,212,TRADING,158898.62,1422964.66,153146.4,281885.44,678535.8,751121.9,240408.13,545146.93,736794.55,991847.32,464202.87,290084.82,2371041.24,34658.65,334463.0,50480.56,293156.43,443510.69,313481.51,45055.14,132096.49,504645.81,386715.71,385888.26,89595.33,132565.14,172241.31,242226.22,112118.08,167871.95,159824.79,142770.01,154603.3,120141.85,141733.81,132954.28,101646.47,1405213.41,21112.11,17628.22,101803.74,307403.41,170.53,1244143.93,3842573.73,33764.45,641685.37,708906.69,43638.48,66685.92
Scenario 2,813,3,Bull Market,213,TRADING,158882.64,1423147.6,153147.23,281750.95,678784.43,750675.61,240194.83,545402.27,737668.83,992033.36,464075.43,290189.3,2370524.16,34636.24,335394.7,50410.02,293206.64,443494.36,314284.65,44973.13,131979.14,504245.5,386735.53,385839.97,89611.94,132473.0,171978.34,241775.35,112122.04,167906.78,159588.96,142459.84,154694.07,119993.27,141757.45,132929.93,101689.32,1404790.28,21110.04,17632.3,101974.43,306995.16,170.41,1244102.08,3847471.36,33784.03,643056.51,708515.44,43646.68,66532.49
Scenario 2,814,3,Bull Market,214,TRADING,158924.64,1422556.27,153124.91,281683.99,680159.41,750269.99,239861.24,545885.95,739339.59,991843.77,464164.14,290227.38,2371512.82,34584.73,336334.9,50325.31,293485.38,443437.01,315149.87,44900.2,131824.1,502829.98,387507.62,385994.81,89757.58,132412.79,172083.7,241313.74,112040.33,167882.9,159361.63,142229.73,154810.39,119799.43,141764.43,132942.4,101860.82,1404570.02,21091.18,17634.79,102148.0,306721.78,170.22,1243881.36,3844257.2,33805.97,644866.36,708077.47,43647.53,66404.53
Scenario 2,815,3,Bull Market,215,TRADING,158935.93,1422210.25,153147.54,281720.17,680526.26,750070.66,239651.69,546474.9,740139.03,992361.74,464085.46,290222.11,2372168.77,34491.72,337181.49,50263.71,293855.89,443599.59,315826.74,44804.73,131661.06,502461.98,387916.03,386195.1,89957.1,132408.31,171755.54,240916.67,112042.59,167952.12,159096.47,141999.51,154695.9,119678.2,141827.33,132905.25,101944.6,1404766.09,21057.67,17639.85,102308.62,306374.9,170.18,1244011.55,3844813.78,33824.27,647111.33,708044.73,43649.68,66189.44
Scenario 2,816,3,Bull Market,216,TRADING,158935.23,1422144.14,153146.73,281765.39,681217.92,748618.53,239647.69,546395.39,741095.76,992969.73,464010.98,290443.64,2371484.06,34491.73,338130.09,50195.31,294147.48,443644.09,316283.99,44747.97,131424.93,501641.65,388228.84,386414.2,90083.19,132395.93,171422.62,240418.41,112057.51,167894.15,158857.36,141750.78,154846.68,119426.01,141914.44,132892.26,102201.14,1404866.49,21035.03,17636.16,102450.39,306032.43,170.01,1243344.47,3846074.05,33835.25,647782.89,708416.72,43664.86,66042.6
Scenario 2,817,3,Bull Market,217,TRADING,158983.3,1421447.84,153192.19,281918.62,681632.93,747902.74,239320.53,546817.0,741899.07,993041.08,463945.99,290360.62,2372052.51,34428.22,339088.36,50121.86,294478.68,443612.37,316999.39,44697.47,131388.91,501536.75,388083.51,386363.46,90219.46,132370.26,171177.18,239895.6,111939.76,167902.39,158600.95,141566.22,154843.73,119317.2,141993.17,132869.88,102185.86,1405242.27,21004.2,17627.66,102666.17,305915.72,169.93,1243397.72,3849783.05,33871.55,649099.14,707963.57,43677.05,65876.17
Scenario 2,818,3,Bull Market,218,TRADING,158991.04,1421574.92,153272.37,281792.08,681516.9,747452.1,239101.36,546928.32,742090.21,993653.43,463903.77,290447.35,2373385.86,34434.18,339847.29,50047.01,294777.89,443756.16,317341.92,44542.16,131296.65,500397.28,388562.79,386344.79,90296.56,132346.54,171019.14,239485.32,111940.98,167891.64,158430.05,141449.31,154797.79,119212.94,142054.99,132858.8,102377.18,1405166.27,20986.1,17618.87,102841.8,305654.31,169.7,1242731.39,3853075.93,33880.0,650698.4,707740.87,43676.65,65708.16
Scenario 2,819,3,Bull Market,219,TRADING,158996.15,1422015.81,153304.59,281652.44,682292.23,747025.18,238934.95,547074.71,743203.95,994251.6,463826.84,290361.94,2374221.21,34383.52,340740.92,49976.58,295340.1,443706.26,317920.04,44465.09,131096.43,499687.77,388884.98,386528.69,90430.79,132322.56,171008.76,239010.33,112005.05,167963.27,158215.9,141231.01,154814.44,119008.81,142195.71,132849.36,102510.05,1405374.07,20967.91,17634.49,103060.78,305200.27,169.73,1243029.33,3851341.68,33883.43,652113.1,707065.24,43688.47,65534.23
Scenario 2,820,3,Bull Market,220,TRADING,159030.32,1421583.3,153343.84,281533.11,681973.56,746064.32,238645.32,547202.47,744498.31,993797.01,463726.19,290350.54,2373901.31,34313.8,341480.01,49929.25,295762.58,443852.65,318671.53,44399.71,130980.85,499052.78,389528.05,386723.04,90444.68,132303.38,170919.54,238533.2,111816.05,167977.75,157999.3,140978.74,154876.79,118793.19,142319.85,132843.01,102748.09,1405427.23,20934.02,17646.24,103137.89,304828.34,169.52,1243046.71,3853276.36,33917.1,653425.03,706398.49,43694.12,65367.13
Scenario 2,821,3,Bull Market,221,TRADING,159063.33,1422638.21,153299.05,281524.29,682854.66,745170.86,238453.03,547642.24,745597.75,993931.64,463626.29,290463.84,2372829.21,34218.02,342353.13,49854.82,295849.39,443932.23,319167.71,44319.74,130798.7,499032.91,390671.32,386436.04,90573.57,132287.72,170560.34,238038.67,111684.69,167980.08,157804.18,140804.95,154887.75,118674.8,142389.99,132838.02,102897.39,1405162.2,20925.49,17638.32,103325.1,304775.24,169.45,1242568.2,3858481.17,33896.76,654249.85,705722.83,43705.67,65198.43
Scenario 2,822,3,Bull Market,222,TRADING,159047.95,1422614.93,153363.74,281618.73,682435.04,744796.7,238229.17,548289.78,746017.64,995007.69,463561.72,290554.29,2372259.51,34198.33,343163.69,49791.11,296461.16,443994.04,320251.85,44238.68,130756.22,498158.25,391134.77,386778.99,90658.33,132202.47,170286.16,237521.02,111612.73,168001.14,157609.95,140600.46,154966.17,118445.6,142532.17,132834.05,103064.23,1405097.49,20926.17,17652.94,103484.52,304452.96,169.28,1242543.71,3855827.14,33877.5,655415.54,705351.97,43709.1,65062.77
Scenario 2,823,3,Bull Market,223,TRADING,159053.93,1422443.32,153340.29,281659.98,682737.94,743910.37,238324.06,548843.39,747525.63,995892.89,463569.98,290542.56,2372501.23,34229.13,344015.43,49697.87,296646.97,444070.25,321044.12,44192.5,130612.83,498187.36,391480.67,387043.72,90771.78,132164.77,170134.45,237054.63,111520.73,167960.02,157308.18,140448.68,154927.62,118243.9,142577.37,132822.34,103178.88,1404964.68,20892.36,17653.0,103669.6,304307.66,169.1,1241987.9,3857663.77,33897.43,657583.46,704342.32,43718.03,64903.26
Scenario 2,824,3,Bull Market,224,TRADING,159058.76,1422464.76,153325.28,281560.12,681897.23,743439.03,238296.53,549128.72,748123.06,996940.04,463130.58,290509.86,2373653.39,34173.33,344984.82,49630.11,297120.68,444100.32,321590.46,44145.83,130439.66,497575.82,391686.67,387194.63,90815.86,132116.52,169891.62,236589.93,111448.41,167972.64,157004.29,140205.09,155085.8,118046.18,142789.76,132825.8,103367.09,1405170.49,20877.53,17670.05,103848.41,303966.08,168.99,1241233.16,3862815.21,33899.78,658907.52,704075.1,43714.13,64774.04
Scenario 2,825,3,Bull Market,225,TRADING,159069.76,1421668.97,153388.6,281494.2,682077.44,742707.39,238147.22,549386.71,749517.37,997769.89,463179.83,290345.67,2374016.65,34171.0,345863.43,49550.68,297376.93,444174.29,322231.85,44050.78,130427.72,497049.46,392255.33,386849.12,90974.08,132122.65,169860.72,236083.74,111314.5,168000.37,156767.03,140033.22,155097.12,117899.75,142809.42,132789.73,103583.21,1405485.6,20882.88,17685.43,104094.28,303517.75,168.62,1240875.57,3863290.84,33919.08,660178.59,703701.99,43723.63,64594.15
Scenario 2,826,3,Bull Market,226,TRADING,159040.52,1422056.68,153358.54,281298.61,682295.08,741929.91,237773.1,549453.57,750737.01,998311.87,463257.74,290468.83,2375076.75,34136.84,346792.67,49474.62,297772.42,444232.43,322815.29,43946.41,130307.92,495995.59,392536.0,386940.63,91081.65,132135.26,169682.45,235649.49,111465.99,167982.57,156522.68,139781.34,155257.76,117778.51,142833.96,132785.31,103832.27,1405389.08,20828.86,17700.48,104284.58,303112.68,168.31,1240635.1,3870761.49,33945.54,660359.26,703514.14,43731.18,64391.45
Scenario 2,827,3,Bull Market,227,TRADING,159034.42,1422082.23,153409.6,281350.28,684299.66,741582.41,237821.18,548675.84,750291.17,997722.99,463231.8,290549.62,2375578.73,34104.85,347445.44,49383.1,298133.6,444394.42,323383.86,43976.89,130177.43,495357.43,392268.45,387187.6,91252.52,132063.91,169377.81,235308.68,111498.03,167996.19,156322.53,139554.12,155341.4,117602.43,142847.87,132780.76,103884.83,1405370.9,20817.03,17717.67,104518.99,302783.66,168.32,1241097.82,3870292.57,33966.89,660094.49,703663.21,43739.7,64234.43
Scenario 2,828,3,Bull Market,228,TRADING,159030.9,1421658.45,153448.88,281389.82,685530.27,740655.94,237663.45,547712.75,750147.46,997222.61,463066.22,290587.65,2375680.94,34074.17,348412.93,49285.08,298412.59,444490.38,324123.57,44042.4,130061.86,494888.21,391438.09,387600.49,91420.03,132023.94,169326.05,234806.66,111459.75,167969.99,156080.47,139358.59,155530.63,117374.65,142973.19,132789.4,103850.43,1404989.28,20750.41,17731.9,104743.01,302544.3,168.27,1240917.42,3870094.06,33988.8,659529.24,703317.19,43757.47,64088.42
Scenario 2,829,3,Bull Market,229,TRADING,159062.26,1421363.61,153404.88,281391.35,685813.23,740215.66,237595.82,547502.98,750021.92,996676.23,463074.55,290585.6,2373685.18,34054.89,349045.01,49213.98,299109.86,444525.28,324865.21,44054.39,129760.53,493527.42,391188.22,388315.24,91539.7,132025.45,169006.86,234506.47,111278.23,167986.85,155816.91,139095.41,155446.84,117235.7,143138.17,132773.81,103832.81,1405024.87,20735.48,17729.95,104950.18,302317.44,168.13,1241535.38,3871416.37,34017.44,661006.59,703209.5,43771.03,63902.95
Scenario 2,830,3,Bull Market,230,TRADING,159102.83,1421438.32,153394.36,281178.89,686229.35,739802.64,237635.63,547079.4,750122.32,996319.24,462873.11,290660.0,2374244.73,34064.85,350051.99,49127.74,299479.29,444470.45,325409.44,44144.49,129665.65,492807.22,391252.4,388237.67,91545.27,131936.62,168728.15,234101.89,111152.59,167984.58,155618.71,138910.96,155483.52,116937.38,143174.37,132742.19,103927.44,1405952.11,20712.0,17734.37,105138.42,302094.58,167.89,1241555.28,3874408.43,34040.23,662292.13,702714.08,43781.9,63725.56
Scenario 2,831,3,Bull Market,231,TRADING,159138.1,1421524.14,153402.34,281190.84,686847.21,739299.92,237589.09,546439.32,749843.85,995318.14,462950.53,290783.29,2373525.52,34016.31,350843.27,49047.29,299792.24,444611.27,326190.76,44184.99,129723.38,492652.56,391442.5,388296.91,91617.74,131913.99,168523.01,233621.52,110969.94,167980.14,155421.75,138687.24,155514.38,116804.37,143283.88,132748.64,103956.25,1406270.12,20693.35,17749.45,105300.59,301670.61,167.68,1242140.24,3886253.5,34022.62,663104.62,702444.87,43788.69,63553.6
Scenario 2,832,3,Bull Market,232,TRADING,159176.73,1421642.68,153426.44,281132.68,686827.64,738386.43,237469.09,545502.62,749431.95,995235.93,462721.37,290732.23,2372840.36,34039.42,351717.76,48956.14,300132.65,444720.19,326679.02,44275.67,129640.26,492446.59,391124.37,388539.92,91727.51,131852.59,168495.01,233210.32,110860.68,167990.54,155260.08,138539.86,155576.45,116665.64,143445.29,132758.37,104088.42,1406346.02,20685.26,17746.95,105498.06,301352.81,167.56,1242066.75,3884505.82,34037.86,663812.38,702268.41,43800.52,63340.59
Scenario 2,833,3,Bull Market,233,TRADING,159223.26,1421479.76,153397.47,281167.18,687345.19,737304.24,237364.15,545024.87,749381.25,994301.68,462711.45,290755.3,2372662.33,34013.85,352561.07,48878.5,300464.78,444819.61,327365.33,44281.68,129458.95,491766.9,390652.04,388851.11,91838.9,131801.8,168307.92,232726.11,110839.35,167989.71,155129.18,138297.95,155486.49,116493.17,143516.14,132716.94,104232.93,1406212.37,20656.73,17758.65,105671.71,301041.36,167.48,1241775.96,3886758.27,34079.06,664372.97,702072.9,43823.32,63212.51
Scenario 2,834,3,Bull Market,234,TRADING,159254.79,1422224.42,153408.31,281042.67,687257.87,736857.54,237227.05,545116.7,749760.08,993798.85,462815.92,290667.18,2373026.79,33976.59,353276.76,48825.58,300560.89,445002.55,327969.1,44319.46,129335.61,491620.86,390499.03,388812.03,92077.7,131817.49,168096.24,232198.1,110806.46,167967.28,154879.06,138020.81,155599.17,116395.13,143448.92,132712.1,104298.41,1406214.2,20617.7,17743.38,105806.69,300524.74,167.24,1242460.89,3885243.02,34090.64,666013.96,701981.49,43839.0,63069.14
Scenario 2,835,3,Bull Market,235,TRADING,159270.88,1422570.93,153479.54,281118.56,687747.22,736274.11,237530.69,544854.24,749564.31,993560.19,462755.22,290687.15,2374204.38,33974.59,354012.34,48763.73,301025.33,445120.0,328347.19,44357.39,129225.47,490998.39,390202.58,388976.95,92132.68,131803.99,167888.41,231788.88,110699.04,168010.23,154587.13,137782.57,155534.84,116227.51,143592.12,132708.08,104590.63,1405661.66,20636.78,17760.56,105948.67,300018.4,166.93,1242290.36,3890145.39,34115.02,666389.21,701444.7,43835.51,62941.18
Scenario 2,836,3,Bull Market,236,TRADING,159284.24,1422639.91,153452.32,281185.25,688587.22,735821.16,237470.17,544684.14,749586.24,993147.69,462701.81,290680.45,2374531.23,33960.57,354863.62,48691.48,301423.89,445159.16,329159.84,44380.56,129128.37,489857.09,389732.01,389257.88,92185.62,131808.18,167512.62,231308.28,110599.51,167997.77,154370.76,137574.44,155641.82,116106.73,143496.01,132712.42,104810.41,1406215.88,20638.7,17770.32,106081.9,299560.28,166.68,1242531.24,3891573.17,34096.41,667384.96,700903.57,43832.33,62736.54
Scenario 2,837,3,Bull Market,237,TRADING,159268.69,1422644.26,153495.62,281162.32,688915.96,735140.68,237510.7,544498.61,749215.66,991957.02,462393.63,290640.08,2374032.0,33933.79,355653.82,48624.56,301533.89,445137.77,329842.38,44460.58,129030.55,489329.53,389266.01,389484.72,92274.83,131785.43,167366.83,230938.65,110427.99,167972.35,154098.66,137358.04,155636.98,115948.93,143686.81,132722.19,104968.46,1406298.95,20596.15,17765.13,106310.57,299238.59,166.33,1242604.06,3892778.23,34126.19,668440.81,701299.69,43842.31,62550.98
Scenario 2,838,3,Bull Market,238,TRADING,159263.39,1422091.49,153475.26,281196.05,689862.25,734889.34,237645.23,543890.08,748742.64,991650.0,462557.09,290719.57,2374281.92,33927.02,356709.05,48558.76,301875.56,445161.3,330129.7,44472.72,128863.49,488431.84,388862.28,389563.45,92439.91,131824.31,167144.38,230372.28,110330.19,167978.79,153876.65,137125.13,155750.16,115803.5,143613.39,132732.22,105179.96,1406559.81,20570.49,17749.08,106516.52,298772.83,166.02,1242546.56,3897949.85,34148.44,669682.05,701840.59,43846.78,62378.68
Scenario 2,839,3,Bull Market,239,TRADING,159313.97,1421777.98,153544.02,281289.1,690213.29,734260.96,237642.11,543583.82,747937.96,992394.83,462577.89,290866.22,2373844.22,33908.5,357589.42,48479.38,302028.45,445237.06,330836.86,44452.91,128840.02,488147.52,388636.1,389859.6,92567.39,131860.79,167095.66,229832.4,110259.39,167966.59,153594.65,136990.7,155723.84,115707.9,143586.15,132719.48,105293.93,1407011.03,20544.63,17742.22,106714.88,298490.13,165.92,1242924.71,3902327.32,34200.77,669625.19,701675.18,43862.21,62253.69
Scenario 2,840,3,Bull Market,240,TRADING,159289.99,1421793.93,153595.12,281199.46,690571.3,733902.97,237120.58,543467.42,747513.81,991506.29,462522.03,290900.86,2372786.58,33918.92,358466.71,48406.74,302356.78,445286.95,331680.96,44438.52,128657.81,487096.76,388255.4,389793.6,92675.86,131871.02,166863.44,229408.11,110167.08,167952.1,153401.34,136832.66,155721.25,115534.15,143638.61,132717.41,105450.54,1407090.78,20527.21,17753.02,106896.23,298044.05,165.85,1242087.45,3904644.94,34225.75,671100.23,701850.14,43874.49,62094.8
Scenario 2,841,3,Bull Market,241,TRADING,159309.31,1421394.03,153563.31,281060.49,691830.88,733288.98,236963.18,543197.07,747019.16,990721.24,462459.58,290886.28,2370936.25,33864.07,359369.67,48350.91,302688.74,445359.11,332136.55,44459.45,128470.42,486097.66,387585.72,390013.92,92717.97,131849.03,166682.46,228919.01,110089.47,167982.85,153172.31,136612.99,155692.79,115258.44,143895.4,132745.77,105629.48,1407453.31,20506.52,17757.74,107077.04,297763.84,165.71,1241875.36,3908058.08,34242.87,671883.35,701741.2,43884.15,61939.29
Scenario 2,842,3,Bull Market,242,TRADING,159330.34,1420691.28,153524.72,281195.95,692235.5,733388.75,237151.7,542919.43,746650.04,990465.06,462369.23,290970.85,2369488.76,33851.86,360305.98,48280.6,302838.05,445405.35,332827.58,44501.25,128322.31,484513.7,387434.26,390036.94,92866.61,131827.61,166578.96,228475.35,110002.64,167939.91,152949.46,136450.96,155659.91,115068.05,144031.23,132757.06,105824.24,1407733.97,20523.84,17756.67,107250.31,297303.67,165.54,1241266.1,3915029.09,34312.7,672909.39,701480.26,43886.87,61758.95
Scenario 2,843,3,Bull Market,243,TRADING,159360.96,1420362.68,153518.27,281092.24,692532.26,732789.54,236933.32,542601.64,746420.89,989260.03,462349.41,290941.68,2368331.22,33854.29,361058.71,48210.06,303012.23,445454.09,333508.99,44486.74,128178.79,483678.4,387358.94,390147.59,93042.92,131784.1,166230.3,228014.18,109921.6,167910.08,152653.43,136222.97,155597.71,114842.98,144126.15,132704.78,105878.32,1407660.22,20516.68,17740.01,107392.51,297011.08,165.37,1241383.93,3920639.4,34320.84,673465.29,701786.14,43887.19,61610.4
Scenario 2,844,3,Bull Market,244,TRADING,159413.4,1419946.96,153608.69,281031.18,693831.97,732208.6,236867.83,541958.69,746089.62,989038.15,462244.28,290970.61,2367392.36,33878.37,361803.64,48128.88,303288.64,445477.48,332837.08,44549.74,128146.11,482682.58,387207.86,390199.56,93170.56,131708.17,166057.91,227663.01,109853.86,167909.93,152399.9,135969.11,155631.84,114665.7,144276.45,132700.53,105803.78,1407717.92,20505.75,17758.2,107576.39,296678.86,165.18,1241499.92,3924590.72,34396.92,673905.92,701143.67,43906.8,61474.17
Scenario 2,845,3,Bull Market,245,TRADING,159420.15,1420235.5,153666.39,281068.74,693398.26,731951.67,236564.06,541736.19,745952.9,988176.76,462476.62,291004.59,2367491.62,33789.72,362766.04,48059.59,303186.62,445569.96,332288.87,44569.82,128037.18,482193.88,386720.93,390246.85,93247.87,131681.55,165811.55,227219.94,109779.33,167892.23,152206.09,135790.04,155617.55,114524.53,144226.45,132674.5,105868.21,1407799.51,20510.03,17758.24,107698.13,296349.34,164.91,1241913.86,3928944.31,34457.33,675939.89,701356.68,43904.99,61303.76
Scenario 2,846,3,Bull Market,246,TRADING,159417.55,1420314.01,153696.99,281122.4,694365.87,731648.14,236426.49,541682.26,745666.6,987404.2,462483.93,290996.32,2368353.12,33748.32,363636.09,48012.93,303120.84,445624.19,331439.76,44682.32,128035.58,481394.82,386682.74,390400.82,93367.33,131619.56,165852.48,226853.6,109741.54,167881.71,152077.97,135560.18,155727.06,114383.03,144193.99,132677.82,105847.78,1407644.4,20464.38,17758.69,107871.33,295789.78,164.75,1241366.7,3934328.2,34492.71,676019.19,701454.87,43899.75,61127.61
Scenario 2,847,3,Bull Market,247,TRADING,159423.91,1420448.72,153678.48,280946.18,695084.89,730663.11,236404.16,541060.21,745051.39,986300.01,462248.93,290911.73,2368258.48,33692.16,364527.37,47944.76,303208.96,445676.01,330842.52,44688.7,127821.0,480504.63,385798.91,390634.89,93527.99,131583.25,165822.53,226413.8,109685.32,167858.86,151866.38,135391.05,155976.59,114110.56,144392.49,132666.71,106116.69,1407665.28,20433.91,17744.93,108045.18,295435.37,164.34,1241389.69,3937873.44,34505.04,676703.15,701187.67,43906.36,60947.8
Scenario 2,848,3,Bull Market,248,TRADING,159447.14,1420190.22,153771.09,280907.03,695742.79,730140.29,236374.56,540534.73,745063.9,985839.77,462252.87,291013.16,2367650.26,33641.92,365392.98,47869.2,303903.98,445575.85,330388.65,44697.15,127644.67,480179.27,384904.06,390725.69,93669.8,131535.92,165678.54,225947.6,109400.52,167834.9,151635.54,135192.21,156020.37,113926.25,144545.94,132680.12,106260.05,1407897.01,20394.94,17750.7,108170.11,295218.34,164.25,1240867.51,3941424.13,34560.02,678566.12,701310.91,43912.05,60755.9
Scenario 2,849,3,Bull Market,249,TRADING,159471.61,1420082.67,153761.22,280871.73,695907.04,729781.57,236513.53,540131.22,744273.09,985698.59,462057.31,291059.97,2366210.74,33628.19,366287.87,47765.55,303964.62,445598.61,329886.74,44731.85,127566.4,479856.29,384668.06,390563.56,93759.51,131497.84,165680.1,225547.11,109281.71,167806.98,151422.1,134919.6,156023.07,113738.24,144544.46,132699.34,106371.98,1408067.08,20400.5,17790.65,108279.47,294718.86,164.1,1239802.32,3942510.2,34570.57,678455.07,701142.38,43912.31,60602.53
Scenario 2,850,3,Bull Market,250,TRADING,159487.23,1420231.78,153773.85,280947.5,696954.75,729824.35,236642.78,539632.68,744122.91,985193.02,461985.9,291075.88,2365674.12,33590.17,367147.09,47684.22,304476.13,445740.33,329244.29,44768.99,127452.81,478941.92,385084.74,390349.35,93890.95,131426.88,165125.94,225104.63,109256.84,167840.22,151189.35,134648.35,155986.08,113515.55,144691.84,132684.27,106367.87,1408065.37,20383.22,17805.19,108406.58,294452.77,163.92,1240085.3,3941004.53,34598.92,679533.68,701261.33,43913.97,60437.63
Scenario 2,851,3,Bull Market,251,TRADING,159450.84,1420911.46,153806.91,281076.2,697174.62,729536.28,236575.31,539301.14,744222.27,984781.42,461983.41,291166.46,2365806.72,33583.14,367907.42,47631.58,304583.46,445704.32,328570.72,44724.5,127295.6,478389.07,385091.53,390651.81,93981.38,131429.29,164746.07,224552.14,109165.11,167865.99,150969.26,134341.67,155956.56,113358.13,144785.11,132670.92,106502.03,1408534.5,20367.02,17792.53,108520.09,294171.91,163.56,1239744.51,3944593.66,34610.42,680043.9,700881.15,43920.32,60251.12
Scenario 2,852,3,Bull Market,252,TRADING,159453.19,1420681.21,153780.87,281184.81,699480.89,729077.03,236422.07,539100.4,743945.27,984070.33,461849.64,291187.37,2367410.44,33556.06,368804.13,47567.32,304750.47,445837.05,327986.92,44796.08,127192.13,478157.39,384960.52,390532.7,94177.21,131385.37,164495.91,224102.72,108946.42,167832.39,150715.55,134161.7,156074.93,113199.47,144926.99,132675.72,106462.74,1408811.3,20359.38,17805.17,108651.42,293716.66,163.13,1239378.83,3945863.99,34645.25,681022.35,701021.08,43919.43,60083.6
Scenario 2,853,3,Bull Market,253,TRADING,159472.68,1421234.1,153806.81,281076.87,701104.85,728475.68,236192.71,538785.08,743793.07,983840.26,461834.05,291268.26,2366227.55,33561.85,369705.43,47498.8,305275.1,445818.19,327536.58,44771.69,127126.57,477220.57,384749.41,390933.97,94285.37,131329.79,164417.17,223594.14,108858.0,167801.36,150550.81,133942.24,156096.54,113033.97,145007.52,132646.21,106719.32,1408760.99,20358.44,17809.69,108835.17,293433.53,163.09,1238390.24,3947555.24,34649.28,681235.06,701288.98,43933.36,59906.23
Scenario 2,854,3,Bull Market,254,TRADING,159493.65,1421377.59,153791.21,281054.4,699987.03,728637.03,236226.64,538382.62,743154.43,983668.01,461774.73,291380.28,2368013.38,33534.41,370501.22,47426.43,305466.17,445835.53,326863.78,44784.38,126996.63,476786.26,384832.42,390772.09,94394.94,131286.44,164199.06,223201.29,108796.25,167800.48,150344.98,133696.19,155977.31,112870.16,145100.0,132654.69,106986.26,1409084.63,20323.62,17826.01,108988.74,293129.92,162.95,1238513.67,3952410.5,34663.76,681369.57,701112.46,43952.93,59738.56
Scenario 2,855,3,Bull Market,255,TRADING,159467.28,1421882.45,153837.95,281059.31,699933.45,728138.5,236150.51,538291.94,743274.84,983120.72,461731.81,291429.5,2368203.87,33513.04,371370.23,47358.88,305859.58,445854.44,326545.41,44784.94,126923.66,475887.03,384740.31,390992.09,94481.13,131261.13,163808.79,222752.83,108585.74,167747.34,150153.54,133526.13,156003.43,112733.88,145080.17,132626.07,107146.87,1409497.21,20317.38,17822.2,109154.74,292764.59,162.74,1238179.38,3954585.74,34678.11,682931.94,701294.93,43957.65,59578.31
Scenario 2,856,3,Bull Market,256,TRADING,159516.7,1421798.39,153858.59,281011.1,700916.28,727830.53,236034.95,537918.32,742679.48,983091.16,461766.63,291545.8,2367411.87,33515.24,372165.0,47296.97,306351.74,445920.14,325979.85,44794.83,126805.69,475093.09,383906.95,391343.83,94494.31,131264.32,163426.56,222302.71,108380.65,167785.45,149928.35,133302.93,155728.88,112553.84,145250.07,132595.24,107226.7,1410129.61,20304.39,17844.63,109309.81,292401.7,162.59,1238401.06,3955151.73,34659.11,684660.51,701117.84,43951.09,59436.91
Scenario 2,857,3,Bull Market,257,TRADING,159509.67,1421706.0,153859.52,281066.18,701819.67,727641.07,235667.19,537612.27,742548.2,982860.31,461958.31,291498.84,2367043.85,33496.13,373048.61,47215.42,306700.26,446042.3,325323.87,44809.33,126806.06,474640.6,383890.85,391520.62,94699.88,131193.35,163117.09,221941.94,108281.44,167819.13,149656.44,133070.93,155725.88,112368.63,145295.52,132586.62,107343.29,1410293.07,20300.5,17845.11,109467.24,291978.51,162.34,1237773.84,3955811.24,34684.52,686336.68,701405.08,43951.8,59267.38
Scenario 2,858,3,Bull Market,258,TRADING,159528.15,1421491.75,153861.02,280976.17,702679.64,726938.51,235415.4,537107.49,742267.38,982785.12,461864.04,291674.6,2367312.41,33486.62,373803.81,47166.2,306857.7,446087.88,324664.53,44815.1,126800.78,473878.13,383312.82,391753.96,94848.05,131163.88,162890.42,221629.21,108018.36,167761.28,149413.39,132920.0,155860.8,112248.16,145590.37,132580.8,107419.54,1409873.69,20294.01,17844.69,109656.95,291698.07,162.13,1237864.28,3960961.58,34714.15,686752.89,701359.26,43960.54,59129.52
Scenario 2,859,3,Bull Market,259,TRADING,159547.23,1420895.18,153848.93,281004.2,703585.39,726387.21,235580.05,536430.17,742186.74,982832.38,461852.11,291753.08,2368136.69,33458.46,374499.07,47091.82,307277.7,446137.27,324308.59,44852.57,126652.32,473149.92,382540.62,392248.96,95000.72,131166.91,162619.78,221273.35,107851.92,167766.04,149191.55,132750.67,155826.19,112070.03,145662.2,132543.7,107530.88,1409485.33,20283.15,17841.54,109796.47,291273.39,162.01,1237743.48,3966465.1,34725.18,686598.58,701065.95,43965.17,58958.64
Scenario 2,860,3,Bull Market,260,TRADING,159563.99,1420522.81,153860.87,281023.5,704699.72,726017.78,235540.33,535879.02,741592.73,982081.34,461773.83,291899.67,2367984.43,33426.76,375340.76,47030.13,307507.4,446356.37,323534.98,44932.81,126573.65,473005.21,381988.38,392347.64,95085.35,131203.32,162484.9,220818.36,107743.67,167794.07,149026.81,132507.84,155751.66,111845.5,145775.88,132544.21,107770.35,1409608.24,20259.96,17863.45,109972.47,290887.56,161.66,1237978.73,3966070.05,34742.05,686678.74,701269.75,43976.68,58794.35
Scenario 2,861,3,Bull Market,261,TRADING,159570.97,1419946.93,153878.33,281122.61,706305.06,725623.11,235533.55,535748.05,741339.07,982158.53,461577.48,291772.37,2368073.1,33387.32,375958.99,46948.34,307810.2,446504.36,322988.33,44989.18,126412.5,471929.84,382084.46,392805.44,95252.36,131204.83,162401.34,220344.0,107745.91,167798.0,148804.44,132342.23,155834.23,111715.25,146139.97,132559.56,107688.92,1409563.76,20262.95,17855.38,110176.95,290353.28,161.47,1237872.5,3969414.48,34780.28,687661.8,700838.35,43968.99,58609.06
Scenario 2,862,3,Bull Market,262,TRADING,159593.85,1419045.24,153832.88,281112.52,707151.41,724413.01,235569.51,535566.79,741188.27,981629.26,461639.33,291922.5,2368711.69,33338.75,376913.86,46844.12,307667.54,446516.82,322215.6,45046.17,126308.41,471540.01,381535.44,393049.73,95467.06,131203.27,162505.43,219960.78,107586.65,167788.07,148568.74,132108.65,155963.95,111548.31,146090.9,132540.79,107827.58,1409350.43,20231.08,17859.07,110281.49,289998.76,161.26,1237813.89,3971632.75,34806.16,688304.09,700895.18,43970.92,58486.01
Scenario 2,863,3,Bull Market,263,TRADING,159595.91,1418845.83,153788.4,281246.69,708477.38,724235.1,235222.08,535199.94,740414.58,980557.25,461398.07,291917.92,2369000.76,33325.69,377793.69,46776.2,308033.14,446749.89,321545.12,45037.25,126197.29,470811.89,381323.67,393003.27,95647.41,131148.92,162214.44,219439.69,107640.45,167795.74,148372.12,131952.8,155951.88,111302.59,146116.67,132518.04,107961.28,1409540.89,20219.98,17844.72,110455.2,289657.14,161.12,1237644.82,3978559.62,34849.06,688945.05,701361.5,43981.43,58335.21
Scenario 2,864,3,Bull Market,264,TRADING,159594.18,1419162.18,153866.26,281294.5,709121.02,723642.93,235242.83,534882.49,740396.48,980074.05,461302.64,291898.84,2370094.32,33327.61,378718.55,46703.99,308684.07,446704.47,321020.6,45039.11,126173.32,469627.67,381453.72,392873.73,95757.87,131120.98,161916.5,218956.87,107672.89,167759.07,148133.11,131756.64,155986.73,111152.92,146174.17,132510.18,108100.41,1409297.68,20214.33,17830.71,110590.44,289409.42,160.9,1237590.11,3981032.11,34853.32,689940.04,701432.39,43988.46,58188.95
Scenario 2,865,3,Bull Market,265,TRADING,159576.6,1419257.02,153913.28,281269.39,710274.49,722499.74,235250.75,534434.21,741353.28,980027.36,461138.23,292020.81,2369836.13,33326.59,379712.24,46660.98,308834.54,446824.89,320361.38,45033.63,126076.86,468682.96,380963.52,393162.16,95892.18,131100.53,161746.17,218483.16,107609.37,167766.87,147890.67,131591.77,155957.48,111044.77,146368.63,132548.22,108320.8,1409026.85,20191.89,17837.36,110747.44,289127.75,160.68,1237516.92,3980639.92,34926.14,690112.46,701679.68,43987.96,58040.03
Scenario 2,866,3,Bull Market,266,TRADING,159538.82,1419374.55,153880.03,281205.91,710489.28,721855.2,235281.89,533830.69,740627.11,979679.84,461210.12,291941.68,2369598.4,33287.65,380743.01,46574.18,308883.8,446895.37,319709.44,45046.41,125939.28,468101.73,380983.56,393350.44,96021.71,131060.0,161386.15,218010.5,107566.19,167697.44,147620.78,131434.44,156028.56,110838.78,146471.27,132569.77,108340.33,1409083.76,20161.22,17843.88,110917.82,288752.5,160.55,1237062.63,3981649.18,34936.77,692141.07,702089.4,43980.46,57897.38
Scenario 2,867,3,Bull Market,267,TRADING,159580.78,1419150.38,153866.19,281133.61,711055.08,721910.93,235215.18,533441.02,739895.9,978623.23,461157.92,291956.52,2370045.03,33278.59,381825.31,46501.31,309224.5,447045.05,318900.21,45057.39,125982.68,466959.41,381273.66,393927.7,96096.56,131075.95,161075.71,217509.17,107447.07,167710.97,147404.35,131222.22,155999.81,110656.31,146424.28,132558.68,108464.65,1409216.3,20139.5,17846.59,111037.95,288214.18,160.35,1236488.0,3980603.12,34989.53,692696.36,701696.03,43994.83,57747.35
Scenario 2,868,3,Bull Market,268,TRADING,159614.71,1419129.26,153933.9,281150.18,712132.3,721458.86,235043.05,532761.24,739898.12,978121.4,461114.73,291958.12,2369620.26,33279.97,382613.12,46437.06,309753.82,447084.17,318142.18,45126.42,125789.82,466696.67,380663.45,394211.12,96132.11,131090.01,160813.31,217010.46,107230.75,167712.25,147182.14,130917.12,155849.92,110478.63,146592.81,132542.19,108614.35,1409335.83,20134.55,17842.89,111216.72,287658.27,160.19,1236336.56,3981408.47,35035.14,693893.1,701765.62,43995.28,57609.06
Scenario 2,869,3,Bull Market,269,TRADING,159600.93,1418825.76,153961.44,281196.64,712790.14,720486.91,234954.32,532533.71,740157.46,977463.01,460973.71,291987.84,2368460.69,33285.91,383373.34,46345.37,310104.96,447155.68,317476.73,45145.35,125607.5,466537.88,380357.67,394634.22,96246.13,131067.15,160555.31,216533.15,107224.85,167717.76,146916.62,130739.37,156016.35,110356.46,146649.87,132514.35,108752.95,1409559.28,20108.41,17827.44,111391.91,287410.75,159.98,1236015.11,3980608.74,35026.42,695508.41,701867.34,44000.72,57472.39
Scenario 2,870,3,Bull Market,270,TRADING,159610.72,1418701.88,153921.08,281148.07,713704.11,719887.88,234744.63,532571.39,739690.26,977333.4,461068.13,291949.36,2367663.35,33237.92,384228.38,46263.97,310503.58,447089.59,316859.15,45228.01,125561.68,465737.85,380401.26,394981.86,96357.1,131031.6,160254.19,216142.88,107097.19,167695.33,146649.45,130568.45,156058.04,110199.44,146840.82,132511.31,108815.08,1409136.1,20094.68,17832.27,111559.11,287048.24,160.0,1235574.93,3983506.54,35061.91,697597.09,701448.07,44015.78,57288.37
Scenario 2,871,3,Bull Market,271,TRADING,159616.59,1418543.48,153969.24,281176.89,714684.0,719178.67,234660.22,532031.63,739638.64,977204.83,461131.36,291912.89,2366905.47,33129.99,385046.08,46195.0,311098.11,447218.87,316235.96,45228.87,125432.82,465029.8,380120.64,394706.61,96527.64,130998.41,159803.73,215579.81,106893.69,167683.4,146447.36,130369.61,155971.79,109963.99,146994.07,132507.86,109025.64,1409107.06,20054.96,17834.36,111728.8,286704.38,159.79,1235432.16,3986339.78,35072.89,699311.09,701275.29,44026.09,57133.22
Scenario 2,872,3,Bull Market,272,TRADING,159590.55,1419055.93,153913.78,281223.42,714918.64,718761.29,234559.16,531721.32,739317.39,975969.94,460833.53,291968.6,2368224.24,33152.26,385805.93,46139.53,311465.62,447305.16,315462.84,45244.02,125270.0,464737.16,380210.8,394735.24,96695.45,130914.39,159677.46,215063.43,106777.98,167704.17,146229.59,130109.7,156023.41,109826.59,147095.09,132500.08,109106.48,1408832.39,20028.76,17820.4,111780.49,286474.67,159.55,1234980.53,3991277.65,35061.68,700021.03,701739.92,44026.57,56997.98
Scenario 2,873,3,Bull Market,273,TRADING,159588.63,1419082.65,153953.3,281144.08,715707.12,718304.11,234318.89,530849.2,738948.8,974626.94,460763.34,291931.13,2368493.69,33112.23,386729.16,46052.85,311605.96,447400.88,314941.48,45305.58,125141.87,463878.64,379756.53,395044.69,96788.52,130834.19,159530.91,214555.09,106867.1,167752.44,146042.65,129864.53,156015.04,109671.58,147129.85,132496.68,109250.97,1409393.5,20015.4,17830.31,111940.83,285996.97,159.42,1234889.74,3993611.71,35062.14,701793.11,702774.0,44033.52,56811.17
Scenario 2,874,3,Bull Market,274,TRADING,159601.15,1418690.76,153974.26,281269.34,715554.23,718160.58,234198.05,530362.05,737857.69,974576.61,460755.93,291900.29,2367914.66,33061.0,387598.39,45983.65,312029.07,447447.19,314386.45,45298.96,125088.52,463344.09,379876.2,395265.87,96966.26,130851.92,159183.83,214086.57,106862.95,167759.08,145868.47,129707.52,155999.21,109412.05,147099.12,132467.81,109261.0,1409532.05,20005.36,17810.43,112050.03,285612.69,159.28,1234532.19,3998667.83,35103.85,702138.39,703075.37,44047.0,56676.88
Scenario 2,875,3,Bull Market,275,TRADING,159609.28,1418590.69,154008.34,281176.55,717270.89,717179.81,234288.43,529816.59,737830.71,974690.37,460853.19,291942.8,2367727.8,33072.84,388482.27,45914.39,312225.78,447441.52,313528.18,45323.52,125045.03,462510.35,379541.22,395303.06,97043.86,130780.2,158950.73,213601.09,106881.23,167749.52,145662.88,129504.39,155995.58,109285.05,147065.75,132447.86,109247.58,1409518.0,20003.46,17814.89,112259.7,285373.64,159.06,1234064.07,4006250.62,35147.99,703758.95,702915.8,44051.81,56518.21
Scenario 2,876,3,Bull Market,276,TRADING,159569.3,1418928.06,153985.24,281130.12,717206.28,716971.59,234225.59,529208.54,737856.96,974617.95,460885.45,292097.46,2368353.08,33024.47,389315.55,45844.59,312693.44,447423.45,313038.42,45414.84,124857.63,462100.66,379749.49,395700.54,97146.69,130766.13,158864.69,213200.86,106828.49,167765.78,145512.53,129301.69,156147.54,109156.46,147192.67,132423.44,109335.14,1409684.41,19991.35,17799.58,112465.09,285054.38,158.85,1233605.98,4006092.01,35173.04,704386.52,702522.48,44059.94,56369.52
Scenario 2,877,3,Bull Market,277,TRADING,159626.22,1418987.88,154019.58,281051.39,717879.21,716151.77,234066.66,529089.51,737583.56,973822.54,461219.18,292127.0,2368384.39,32985.98,390082.63,45784.05,312817.46,447416.42,312231.53,45457.83,124694.55,461116.08,379675.79,396138.23,97222.21,130691.8,158573.78,212765.32,106825.66,167820.93,145228.72,129057.37,156310.92,108945.6,147372.51,132433.54,109405.48,1409258.91,19974.63,17818.87,112630.39,284673.08,158.57,1233950.89,4016502.68,35232.49,705615.83,702219.47,44068.98,56223.88
Scenario 2,878,3,Bull Market,278,TRADING,159654.35,1419117.29,154045.2,281078.79,718186.15,715699.98,233730.02,528485.28,737828.89,972443.84,461057.36,292180.67,2368787.66,32940.35,390798.14,45718.7,313122.57,447338.7,311573.38,45503.98,124528.2,460278.32,379495.13,396105.2,97360.7,130658.0,158175.96,212281.9,106836.96,167847.49,145059.33,128853.05,156312.36,108699.23,147613.06,132444.85,109462.84,1409293.56,19924.39,17844.42,112857.69,284392.76,158.32,1233454.66,4017063.11,35247.38,705740.03,702306.69,44074.69,56030.96
Scenario 2,879,3,Bull Market,279,TRADING,159679.54,1419771.25,154043.39,281228.18,717930.91,715299.9,233840.09,528044.45,737245.02,971491.96,461011.38,292217.06,2368709.85,32911.7,391402.43,45635.25,313398.77,447425.73,311032.61,45511.83,124484.67,459617.44,378864.89,395963.66,97518.03,130699.48,157848.11,211814.37,106768.96,167822.33,144884.85,128615.72,156248.31,108469.8,147795.84,132450.99,109716.28,1409241.51,19904.12,17855.79,113009.66,284101.49,158.07,1232952.86,4019206.23,35306.85,707025.99,702427.92,44089.45,55823.35
Scenario 2,880,3,Bull Market,280,TRADING,159673.39,1418736.26,154148.04,281133.01,718169.21,714061.23,233654.83,527556.5,737202.53,971133.91,461043.82,292330.99,2368703.34,32896.37,392243.39,45569.94,313627.37,447486.99,310486.57,45583.7,124288.0,458952.28,378384.38,396272.56,97653.85,130640.86,157582.52,211337.62,106570.98,167817.95,144634.07,128336.26,156431.73,108293.95,148049.38,132425.44,109784.74,1409158.51,19887.99,17834.48,113162.24,283790.72,157.95,1232721.96,4020265.36,35351.97,707109.12,702109.56,44106.08,55659.06
Scenario 2,881,3,Bull Market,281,TRADING,159680.92,1418437.79,154204.07,281152.92,717932.44,712870.78,233591.77,526865.76,737013.01,970327.63,460782.74,292376.83,2369583.82,32911.88,393111.68,45487.89,313916.43,447471.38,310011.67,45628.21,124174.42,457938.17,378272.64,396249.06,97692.28,130641.19,157418.11,210903.41,106453.47,167791.93,144417.19,128067.1,156545.03,108140.76,148323.95,132393.16,109905.03,1409151.4,19876.0,17825.38,113321.2,283546.02,157.8,1232743.98,4023213.69,35415.06,708296.97,701561.79,44115.39,55515.15
Scenario 2,882,3,Bull Market,282,TRADING,159657.92,1418102.48,154227.35,281064.2,718332.1,712175.64,233588.45,526385.13,736561.34,969943.04,460918.32,292414.45,2368243.56,32861.48,394053.97,45425.43,314146.73,447461.64,309334.12,45668.53,124002.32,457433.46,378608.68,396260.65,97761.27,130585.26,157130.16,210422.14,106204.78,167755.82,144228.28,127843.98,156593.71,107985.44,148053.46,132377.27,109939.65,1409307.65,19841.4,17843.03,113498.6,283042.51,157.68,1232396.77,4030591.82,35453.79,709768.44,701740.87,44124.08,55365.08
Scenario 2,883,3,Bull Market,283,TRADING,159656.23,1417681.16,154251.09,281100.36,718954.08,711867.21,233461.18,526054.21,736392.42,968737.21,460944.39,292391.45,2368847.15,32864.45,394869.57,45336.16,314562.64,447494.65,308629.31,45608.35,123810.43,456849.09,377798.6,396591.77,97849.69,130578.51,156743.98,209974.64,106041.68,167737.7,143968.48,127636.12,156592.62,107815.32,148089.0,132335.48,110122.53,1409318.57,19844.2,17841.58,113592.05,282584.96,157.62,1232978.9,4030350.02,35474.11,710430.88,701082.45,44126.55,55235.43
Scenario 2,884,3,Bull Market,284,TRADING,159611.75,1417753.47,154201.05,280985.27,719908.41,711386.14,233409.88,525943.41,735734.36,968284.22,460979.86,292436.69,2369181.97,32817.24,395797.88,45257.19,315069.61,447359.68,308097.68,45661.22,123681.26,455380.63,377501.98,396501.12,97969.47,130506.45,156465.22,209481.84,105755.97,167706.87,143802.87,127482.24,156551.58,107642.86,148201.73,132302.11,110148.32,1409613.56,19821.94,17850.31,113790.84,282318.39,157.37,1233147.48,4032288.34,35508.91,711371.28,701372.25,44130.67,55085.04
Scenario 2,885,3,Bull Market,285,TRADING,159666.45,1417640.28,154285.78,280852.04,722078.49,711126.99,233368.29,525451.08,735132.34,967948.2,461148.87,292454.87,2368584.16,32783.15,396641.46,45178.57,315264.35,447335.61,307395.39,45723.37,123663.06,454181.17,377623.0,395999.06,98110.35,130468.8,156166.19,209043.03,105536.69,167662.58,143566.33,127220.97,156532.4,107539.72,148073.61,132309.87,110152.25,1409512.45,19773.95,17840.74,113906.37,282007.5,157.17,1233375.58,4031873.48,35535.89,712617.77,701238.82,44134.09,54920.89
Scenario 2,886,3,Bull Market,286,TRADING,159679.61,1418162.75,154205.44,280724.04,721762.39,710604.59,233615.84,524758.32,734315.86,967087.5,460960.35,292427.29,2368449.31,32732.84,397456.12,45119.29,315711.43,447453.09,306811.12,45787.86,123573.74,453769.59,377001.22,396120.03,98152.97,130421.2,155870.95,208572.27,105464.65,167684.95,143320.96,127028.5,156529.69,107429.14,148047.99,132287.13,110398.89,1409829.27,19756.14,17847.02,114094.83,281681.05,156.95,1233417.28,4033964.95,35553.88,713267.37,700909.71,44140.45,54794.3
Scenario 2,887,3,Bull Market,287,TRADING,159632.56,1417980.64,154264.26,280882.16,722322.55,709706.26,233512.86,524154.46,733424.09,966487.84,461001.52,292497.3,2369369.44,32698.81,398533.56,45066.8,315715.55,447554.61,305958.06,45839.49,123398.95,453140.19,376947.86,396439.97,98340.84,130432.33,155494.36,208118.65,105470.05,167699.4,143038.72,126759.77,156496.37,107195.99,148169.43,132263.35,110505.41,1410056.63,19744.74,17839.13,114248.96,281641.8,156.73,1233567.72,4034284.07,35576.66,712793.48,700132.86,44133.92,54658.68
Scenario 2,888,3,Bull Market,288,TRADING,159620.97,1417312.92,154294.91,280886.43,723151.43,708817.05,233674.45,523474.38,733538.44,966447.55,460926.1,292383.82,2368650.37,32660.54,399443.11,44992.5,315979.62,447530.5,305170.56,45931.19,123264.48,453018.13,376548.26,396869.74,98460.16,130375.32,155356.1,207732.8,105344.42,167662.75,142800.04,126486.19,156392.85,106996.04,148308.17,132252.24,110710.03,1410587.99,19737.99,17856.42,114476.07,281293.42,156.49,1232505.46,4036529.14,35571.33,714716.17,700033.08,44135.44,54554.2
Scenario 2,889,3,Bull Market,289,TRADING,159596.63,1416727.48,154298.53,280771.46,724327.78,708288.84,233459.45,523192.79,733079.85,965833.97,460910.03,292471.31,2368887.27,32633.29,400314.51,44919.13,316111.95,447587.88,304620.63,45905.86,123044.91,452391.12,376283.15,397156.85,98611.6,130308.06,155020.99,207274.56,105159.24,167667.61,142600.7,126161.41,156425.41,106796.82,148195.79,132254.47,110861.08,1410702.67,19717.46,17850.85,114672.1,280981.71,156.35,1232543.36,4035923.24,35571.23,714865.37,699649.13,44142.76,54401.06
Scenario 2,890,3,Bull Market,290,TRADING,159611.41,1416009.17,154332.63,280787.82,725722.74,708009.74,233362.38,522964.1,732501.07,965249.66,460927.06,292418.28,2369795.86,32567.5,400903.18,44826.42,316357.0,447600.22,304090.0,45974.94,122875.35,452844.35,375920.06,397278.26,98769.44,130321.48,154687.05,206936.12,105292.44,167631.84,142388.24,126030.9,156288.91,106624.63,148352.25,132267.88,111020.3,1410639.49,19677.2,17859.28,114870.82,280837.38,156.15,1233379.17,4042715.11,35604.68,715869.15,699368.48,44150.37,54238.85
Scenario 2,891,3,Bull Market,291,TRADING,159635.62,1416128.52,154398.59,280881.26,725531.46,707607.88,233446.45,522580.55,731446.78,964687.32,460847.54,292404.41,2368532.72,32552.97,401591.82,44752.21,316454.28,447636.66,303453.43,46013.39,122763.71,451988.01,375171.55,397434.36,98817.8,130359.64,154305.33,206462.58,105399.52,167618.8,142213.4,125839.63,156296.49,106468.16,148557.7,132235.59,111148.11,1410491.46,19658.05,17839.54,115086.85,280516.71,155.91,1232974.89,4050023.67,35640.41,716625.29,699720.8,44142.06,54090.57
Scenario 2,892,3,Bull Market,292,TRADING,159649.57,1416392.09,154434.18,280794.66,727439.07,706807.92,233350.48,521718.56,731360.39,964264.52,460844.27,292315.03,2368653.72,32552.48,402401.0,44670.8,316681.87,447824.67,302713.53,46094.24,122577.98,451876.77,374935.13,397573.12,98907.6,130335.07,154267.2,205926.2,105193.13,167660.44,142017.0,125659.42,156342.45,106274.68,148680.29,132232.2,111372.55,1410937.73,19661.11,17824.64,115256.99,280301.77,155.71,1232994.07,4053035.15,35698.25,716974.09,699786.24,44138.58,53918.46
Scenario 2,893,3,Bull Market,293,TRADING,159648.85,1416927.11,154396.88,280741.62,728216.95,706534.49,233531.1,520921.29,730898.26,963192.69,460935.93,292343.03,2368450.06,32465.22,403083.82,44607.72,316643.95,447833.36,302107.87,46160.58,122457.79,451109.96,374616.61,397893.46,99053.86,130331.49,154123.08,205461.6,105187.88,167642.63,141790.76,125438.82,156331.36,106077.19,148631.35,132208.52,111523.39,1411215.93,19640.73,17811.17,115416.12,280137.52,155.36,1232499.98,4055288.73,35715.31,718775.11,699866.83,44135.28,53793.82
Scenario 2,894,3,Bull Market,294,TRADING,159673.48,1416817.16,154432.58,280842.07,729655.21,705735.35,233775.5,520281.96,730086.94,962814.73,460883.29,292340.26,2369393.2,32432.28,403776.69,44522.97,317076.8,447726.71,301442.75,46274.76,122199.2,450697.41,374168.33,398414.22,99167.96,130339.87,153893.26,204973.26,105082.03,167631.21,141549.66,125213.91,156375.24,105930.49,148725.76,132160.99,111751.87,1411074.37,19615.26,17807.34,115540.29,279895.1,155.17,1232799.76,4062549.43,35735.24,718483.54,700111.41,44135.87,53655.14
Scenario 2,895,3,Bull Market,295,TRADING,159638.16,1417532.24,154415.49,280891.58,730537.13,704882.44,233407.8,519776.36,729522.91,961533.4,460875.52,292429.1,2370421.52,32473.38,404797.13,44459.66,317455.31,447768.79,300904.18,46317.83,122091.44,450309.01,373666.3,398436.25,99220.98,130263.54,153582.23,204542.94,105174.24,167624.49,141330.38,125032.25,156344.57,105808.12,148891.78,132180.18,111932.44,1411472.95,19601.54,17826.09,115724.05,279547.95,154.91,1232533.53,4066919.33,35789.62,719423.73,700132.3,44137.93,53501.45
Scenario 2,896,3,Bull Market,296,TRADING,159641.19,1416523.58,154406.67,280838.14,730718.81,703838.2,233178.02,519672.69,729227.66,960207.78,460679.49,292569.26,2371077.01,32402.88,405871.57,44390.15,317860.44,447841.34,300209.76,46378.08,121971.3,448940.71,373668.63,398520.37,99319.56,130157.94,153333.1,204065.4,105180.38,167626.27,141126.81,124881.0,156345.83,105651.52,148965.21,132139.64,112044.99,1411136.91,19573.44,17831.35,115917.14,279094.47,154.82,1232765.43,4069142.97,35804.73,719753.77,699534.22,44141.55,53336.4
Scenario 2,897,3,Bull Market,297,TRADING,159685.31,1416860.56,154403.85,280821.17,732062.31,703662.49,232972.73,519111.5,729355.42,959577.25,460474.28,292585.83,2370262.35,32390.09,406751.3,44317.36,317729.65,447827.73,299485.11,46391.0,121905.16,448566.18,373488.01,398535.32,99402.78,130171.3,153199.44,203661.79,105160.93,167635.28,140885.55,124675.15,156465.38,105501.35,149000.46,132144.23,112058.22,1411490.18,19550.91,17846.58,116093.99,278774.0,154.72,1232828.27,4070799.16,35844.43,721827.17,699677.15,44148.18,53220.39
Scenario 2,898,3,Bull Market,298,TRADING,159710.61,1417246.22,154440.39,280680.13,732440.83,702838.88,232847.88,518347.36,728480.39,958932.59,460458.15,292727.11,2369850.13,32381.75,407481.85,44250.97,317800.96,447895.69,298900.83,46374.02,121819.15,448006.98,373268.7,398877.72,99562.07,130146.59,153047.44,203167.77,105159.75,167593.06,140647.87,124492.39,156336.35,105371.65,149026.05,132135.37,112281.28,1411706.44,19547.87,17820.4,116234.0,278494.0,154.52,1232969.75,4071166.4,35950.9,722660.41,699904.87,44152.02,53049.76
Scenario 2,899,3,Bull Market,299,TRADING,159748.01,1416467.65,154506.03,280626.47,734754.91,701922.86,232882.36,517992.89,728152.83,957869.11,460547.21,292704.29,2369167.0,32313.86,408281.71,44189.17,318186.33,447910.41,298128.61,46412.01,121756.64,447271.83,372721.62,398769.09,99613.75,130184.79,152777.46,202786.28,105120.58,167596.49,140400.53,124262.74,156213.41,105226.81,148961.95,132118.13,112434.71,1411929.47,19544.91,17827.92,116419.34,278203.63,154.32,1232262.32,4075353.25,35967.79,723208.74,699417.82,44166.8,52885.97
Scenario 2,900,3,Bull Market,300,TRADING,159780.32,1417052.19,154448.86,280563.11,736059.26,700898.24,232720.03,517808.4,728167.21,956914.38,460628.61,292819.19,2368917.36,32281.16,409233.49,44117.47,318377.42,448183.14,297609.96,46423.87,121725.23,446752.82,372219.08,398750.25,99662.55,130128.32,152555.83,202314.85,105017.2,167551.87,140125.73,124045.75,156222.4,105022.29,149063.79,132131.32,112541.76,1412294.24,19515.51,17822.96,116626.27,277741.29,154.26,1231674.08,4075431.62,36008.74,723319.08,699469.23,44175.88,52736.27
Scenario 2,901,4,Strong Growth (FOMO),1,TRADING,149748.01,1433828.41,145934.15,290183.05,752768.88,725396.83,221799.09,514736.83,707466.33,1005540.65,479159.07,284414.6,2335632.34,32379.0,400034.21,46042.78,326268.72,468622.62,327677.67,45374.41,116866.62,444864.93,380482.59,396184.92,92752.63,134623.64,149980.65,197598.42,106813.62,169417.26,136081.28,132135.33,165130.64,104505.46,152894.13,140797.84,111309.8,1369412.11,18861.82,17188.67,124132.78,292975.26,145.96,1325957.83,4529363.76,34974.04,698414.44,731874.04,45833.84,50624.54
Scenario 2,902,4,Strong Growth (FOMO),2,TRADING,149538.51,1434689.25,145737.87,289685.05,751818.79,725227.71,221012.42,514063.93,706884.31,1006393.12,478836.68,284367.73,2330947.97,32320.09,399910.55,46059.46,326423.61,466803.45,327751.56,45355.31,116693.24,444836.75,380490.69,396232.42,92681.19,134620.52,149997.37,197596.54,106819.25,169127.09,136107.85,131967.4,165113.23,104512.48,153185.81,140714.02,111188.27,1366094.95,18883.8,17223.13,124421.07,292933.36,145.75,1325933.55,4540594.73,34958.5,699037.3,730873.65,45817.6,50701.36
Scenario 2,903,4,Strong Growth (FOMO),3,TRADING,149207.91,1435484.78,145614.06,289167.32,750643.77,723876.49,220145.89,513588.68,706735.65,1005325.12,478682.13,284415.74,2324984.86,32273.51,399684.77,46053.34,327474.6,464995.31,327696.1,45360.18,116520.39,444708.27,380483.33,396037.04,92691.09,134626.32,149939.39,197593.47,106775.31,168931.04,135796.46,131684.39,165147.54,104549.92,153498.63,140581.25,111153.13,1362848.72,18910.11,17232.64,124784.94,292856.8,145.51,1326269.05,4547493.8,34948.96,699480.05,729708.57,45821.62,50744.37
Scenario 2,904,4,Strong Growth (FOMO),4,TRADING,149020.62,1434798.5,145612.54,288882.6,749535.75,723510.94,219368.42,512952.08,706269.32,1005733.03,478304.84,284381.5,2318333.53,32226.94,399065.37,46029.3,327428.42,463615.39,327684.77,45358.24,116402.34,444713.97,380394.91,395671.38,92692.83,134620.05,149902.82,197599.19,106870.87,168720.88,135735.39,131669.9,165115.7,104417.26,153854.89,140439.33,111124.34,1360385.55,18942.03,17241.05,124713.02,292921.61,145.46,1326683.58,4551341.81,34951.41,699575.03,728641.35,45805.14,50756.25
Scenario 2,905,4,Strong Growth (FOMO),5,TRADING,148765.29,1435405.39,145293.35,288591.83,748694.97,722905.37,218630.13,512131.74,706285.36,1006285.21,477602.17,284443.43,2311570.97,32201.38,398731.43,46004.78,327558.86,461985.25,327558.72,45385.62,116175.42,444687.2,380454.13,395682.5,92760.68,134617.09,149872.16,197644.03,106866.71,168437.65,135539.22,131571.18,165117.87,104348.01,153952.63,140296.86,111025.3,1356716.69,18974.5,17251.15,124786.44,292821.38,145.22,1326038.19,4558475.0,34937.14,700536.25,726987.81,45771.01,50832.28
Scenario 2,906,4,Strong Growth (FOMO),6,TRADING,148552.65,1434910.14,145114.6,288144.84,747841.21,722637.24,217859.44,511946.79,706642.96,1005976.82,477191.04,284423.31,2304840.19,32166.02,398016.64,45935.66,327826.58,460417.11,327681.06,45365.65,116085.8,444776.92,380339.78,395790.94,92758.71,134548.69,149922.01,197521.33,106763.91,168028.72,135304.38,131276.62,165151.83,104239.63,154194.46,140010.38,111020.54,1353667.89,18990.03,17268.05,124911.11,292877.08,144.92,1325748.63,4561212.13,34922.33,700790.6,725276.91,45765.88,50810.35
Scenario 2,907,4,Strong Growth (FOMO),7,TRADING,148327.94,1435189.82,144943.83,287824.96,746780.45,722432.11,217165.74,511428.73,706158.51,1006200.48,476699.43,284441.91,2299628.12,32120.66,397721.53,45868.01,328377.44,458443.5,327774.87,45352.67,116066.73,444681.72,380522.62,395627.32,92548.42,134550.41,149860.08,197421.41,106713.02,167628.23,135219.15,131087.37,165108.57,104222.62,154458.21,139842.33,110862.3,1351358.46,19015.99,17276.83,124890.0,292933.25,144.87,1325325.57,4564993.99,34929.36,701694.08,724131.78,45744.88,50823.44
Scenario 2,908,4,Strong Growth (FOMO),8,TRADING,148072.88,1435697.64,144727.99,287506.61,745480.89,722796.47,216438.61,510675.57,706302.87,1005264.86,476130.81,284425.28,2294026.86,32079.5,397307.0,45821.54,329032.35,456488.81,327744.53,45319.82,115811.24,444553.88,380603.06,395424.5,92458.37,134553.56,149842.13,197438.5,106667.49,167409.81,134929.56,130994.81,165147.03,104183.98,154667.37,139673.18,110838.47,1348402.7,19030.47,17295.34,125150.93,293082.04,144.7,1324862.37,4576836.03,34907.79,702389.71,722817.12,45717.27,50911.48
Scenario 2,909,4,Strong Growth (FOMO),9,TRADING,147824.8,1435204.36,144483.85,286940.57,744526.19,722656.79,215665.79,509732.81,706484.12,1005121.1,475628.98,284462.62,2288256.85,32044.11,396706.41,45754.21,329294.45,454669.85,327736.53,45313.6,115669.26,444514.65,380581.71,395406.65,92421.02,134571.92,149829.79,197436.45,106629.37,167035.78,134840.63,130844.96,165172.52,104078.86,154910.2,139487.68,110772.67,1345106.04,19036.37,17314.64,125147.31,293026.01,144.47,1324221.08,4585994.72,34904.72,702212.36,721865.49,45689.35,50911.76
Scenario 2,910,4,Strong Growth (FOMO),10,TRADING,147570.75,1434281.47,144202.52,286342.25,743610.82,721412.42,215005.85,509123.28,706577.86,1004751.7,475784.72,284322.35,2281975.49,31982.38,396137.16,45742.44,329795.51,452894.22,327663.59,45296.71,115510.23,444433.37,380574.16,395334.47,92364.95,134593.45,149871.3,197423.11,106712.19,166753.56,134557.14,130807.67,165200.45,104127.69,155204.29,139480.66,110691.93,1342501.47,19045.64,17334.83,125316.89,293064.35,144.08,1324320.82,4591528.37,34921.2,702548.95,720766.64,45632.58,50972.06
Scenario 2,911,4,Strong Growth (FOMO),11,TRADING,147377.38,1434698.35,144182.16,286141.96,742385.48,721553.61,214402.36,508464.2,706529.41,1004988.9,474695.77,284332.87,2274992.59,31938.43,395164.18,45711.49,330222.44,451390.89,327608.89,45286.78,115435.83,444468.94,380575.45,395309.65,92410.6,134590.2,149903.87,197416.82,106667.43,166525.03,134524.84,130520.35,165211.83,104051.5,155461.49,139564.39,110640.04,1339209.55,19091.92,17348.73,125432.34,293067.76,143.96,1324111.64,4597364.71,34926.26,701980.67,719414.29,45594.5,51005.27
Scenario 2,912,4,Strong Growth (FOMO),12,TRADING,147169.8,1434617.78,144032.32,285698.48,740856.39,721540.12,213620.14,507863.01,706559.12,1004102.32,474264.74,284307.46,2268652.69,31888.25,394426.5,45696.89,330719.19,449951.59,327593.02,45272.11,115258.23,444544.08,380628.59,395446.79,92263.71,134618.19,149871.68,197412.24,106703.96,166338.41,134314.17,130338.7,165164.53,104007.94,155714.74,139444.5,110562.68,1336640.74,19125.46,17378.24,125436.23,293101.01,143.66,1324099.8,4597919.59,34920.57,702931.01,718544.25,45550.32,51075.27
Scenario 2,913,4,Strong Growth (FOMO),13,TRADING,147006.63,1435838.96,143924.24,285192.18,739514.3,721196.24,212771.18,507780.64,706749.85,1004217.11,473805.25,284261.39,2261817.89,31841.22,393817.33,45653.85,331152.48,448214.26,327629.78,45282.0,115134.65,444515.78,380581.87,395473.64,92235.89,134587.09,149928.38,197353.0,106664.67,166256.36,134264.19,130119.59,165203.79,103916.24,155945.97,139248.26,110473.3,1333972.15,19151.37,17366.78,125565.31,293110.52,143.4,1323941.17,4601495.72,34915.25,703435.59,717742.95,45485.93,51114.51
Scenario 2,914,4,Strong Growth (FOMO),14,TRADING,146807.44,1435829.98,143774.19,284820.92,738399.76,720469.86,211955.23,507284.89,706217.43,1004126.36,473380.21,284320.63,2254609.33,31802.83,393383.08,45648.26,331612.88,446581.63,327353.4,45262.12,114963.56,444564.14,380530.28,395501.96,92103.04,134591.23,149918.2,197403.68,106544.94,166042.41,134089.13,130042.1,165199.89,103785.87,156110.62,139122.06,110352.49,1330364.12,19177.46,17376.62,125426.73,293127.6,143.18,1324352.25,4603809.0,34886.11,704729.05,716533.5,45494.27,51189.48
Scenario 2,915,4,Strong Growth (FOMO),15,TRADING,146535.61,1436458.24,143608.54,284582.03,737046.31,719357.85,211177.88,506713.18,706222.95,1003892.35,472716.46,284345.7,2250584.64,31775.39,392923.62,45634.04,332190.16,445299.16,327272.39,45255.52,114834.85,444620.47,380742.8,395484.16,91983.1,134601.45,149959.3,197420.48,106541.85,165739.84,133892.96,129902.23,165191.32,103864.66,156413.89,138838.95,110165.44,1326856.78,19202.61,17395.06,125469.87,293119.65,143.08,1324000.3,4608754.3,34875.48,705875.55,714630.33,45455.14,51297.46
Scenario 2,916,4,Strong Growth (FOMO),16,TRADING,146260.2,1436141.56,143368.48,284370.43,735758.53,718850.49,210628.08,506043.04,706557.44,1004153.16,472121.38,284347.42,2244007.31,31702.43,392357.07,45614.14,332840.94,444156.49,327224.36,45258.44,114716.13,444579.6,380810.62,395473.32,91842.17,134601.84,149991.43,197451.6,106434.78,165360.58,133807.85,129764.35,165271.04,103689.13,156521.49,138606.5,110077.6,1323467.8,19230.24,17405.55,125496.58,293200.39,143.03,1323420.33,4612883.5,34883.2,705260.42,713699.17,45432.92,51325.16
Scenario 2,917,4,Strong Growth (FOMO),17,TRADING,146049.48,1436870.05,143101.93,284004.87,734030.66,717995.94,209856.23,505422.82,706877.71,1003812.69,471927.46,284328.45,2238954.62,31646.42,392196.8,45553.57,332823.85,442724.22,327184.6,45255.32,114520.88,444598.86,380901.67,395610.45,91702.84,134568.98,149996.29,197434.82,106423.01,165311.06,133597.12,129641.63,165307.6,103564.23,156789.53,138554.46,110008.64,1320500.7,19247.99,17408.7,125535.76,293233.75,142.77,1323091.28,4619033.86,34872.31,706078.99,712553.79,45382.27,51371.75
Scenario 2,918,4,Strong Growth (FOMO),18,TRADING,145801.8,1436951.5,142843.29,283415.35,733217.68,717234.32,209083.18,504928.99,707015.69,1005549.91,471271.57,284312.86,2233109.78,31594.26,391630.85,45491.87,333135.18,441268.49,327182.82,45244.2,114371.16,444508.31,381003.77,395502.24,91607.3,134583.43,150052.6,197394.56,106356.76,165063.79,133472.3,129380.15,165271.0,103597.94,157106.54,138586.19,109986.08,1317779.1,19269.56,17400.18,125841.95,293308.35,142.61,1323424.08,4622382.57,34870.55,706778.31,711265.65,45351.12,51433.82
Scenario 2,919,4,Strong Growth (FOMO),19,TRADING,145625.55,1436822.21,142669.73,282967.13,732337.35,716869.22,208332.05,504234.36,707157.36,1006547.75,470783.18,284305.99,2228665.16,31573.58,391342.78,45475.88,333607.97,439824.93,327027.09,45238.97,114309.87,444395.88,381062.61,395510.27,91540.46,134554.12,150050.3,197350.33,106251.06,164760.2,133405.0,129323.32,165318.59,103545.45,157380.28,138368.59,109850.59,1314349.57,19282.3,17393.1,126056.9,293411.03,142.25,1324286.64,4628859.02,34867.51,707744.89,709846.14,45292.83,51507.95
Scenario 2,920,4,Strong Growth (FOMO),20,TRADING,145385.81,1437295.61,142559.12,282494.3,731186.75,715842.86,207544.87,503708.38,707025.8,1007002.22,470030.33,284358.98,2221488.61,31524.59,390907.95,45435.25,334364.01,438521.91,327001.11,45245.25,114203.89,444323.11,381123.78,395486.79,91396.16,134558.8,150046.98,197396.22,106212.45,164599.28,133422.61,129260.04,165332.01,103523.79,157520.54,138264.04,109776.88,1311212.67,19321.49,17413.97,126201.59,293382.3,141.98,1324237.58,4633864.36,34868.19,708187.65,708405.66,45238.71,51604.62
Scenario 2,921,4,Strong Growth (FOMO),21,TRADING,145166.86,1437473.77,142377.52,282055.17,730075.85,715315.26,206861.9,503081.27,707410.92,1008126.79,470010.5,284352.8,2216124.07,31480.58,390455.3,45428.85,334348.96,436566.56,326977.88,45242.47,114058.82,444384.65,381197.97,395567.93,91388.35,134546.66,150014.38,197374.03,106231.29,164247.37,133199.15,129214.6,165350.3,103580.77,157755.46,138044.39,109692.15,1307573.7,19346.28,17467.33,126526.25,293250.34,141.89,1323944.76,4639659.03,34853.35,709126.29,707368.42,45191.58,51705.83
Scenario 2,922,4,Strong Growth (FOMO),22,TRADING,144922.74,1437527.54,142045.4,281681.71,729257.74,715153.67,206088.22,502386.76,707576.01,1007919.39,469667.88,284366.23,2209693.63,31418.83,390262.33,45365.41,334752.71,434534.63,326697.59,45253.25,113851.49,444372.15,381234.41,395545.25,91331.82,134526.01,150039.01,197390.59,106245.45,163777.75,133212.39,129008.82,165390.25,103585.28,157919.28,137810.59,109643.52,1303772.16,19357.35,17473.05,126476.71,293181.69,141.65,1323845.74,4646522.71,34861.97,709415.26,706162.26,45152.75,51738.39
Scenario 2,923,4,Strong Growth (FOMO),23,TRADING,144746.27,1437640.83,141955.73,281058.01,728363.1,714709.36,205288.45,501907.7,707742.31,1007282.41,469177.89,284359.51,2203828.81,31387.34,390205.85,45320.34,335065.62,433218.64,326537.6,45252.74,113684.46,444405.48,381402.54,395420.15,91233.53,134515.84,150060.11,197417.77,106238.04,163577.28,132947.56,128823.77,165309.53,103484.08,158214.27,137624.72,109628.92,1300553.37,19395.29,17495.63,126695.92,293225.73,141.37,1323919.38,4653960.24,34853.02,708970.3,705147.24,45119.9,51782.29
Scenario 2,924,4,Strong Growth (FOMO),24,TRADING,144525.17,1438149.57,141867.48,280508.02,727017.65,713839.79,204487.75,501384.1,708303.22,1007678.19,468758.82,284398.0,2197846.57,31335.05,389823.54,45281.72,335501.19,431486.43,326547.19,45249.92,113655.72,444543.2,381380.75,395586.67,91111.31,134503.61,150108.46,197351.44,106120.59,163408.64,132870.57,128705.55,165306.56,103408.14,158480.63,137443.67,109603.31,1296305.14,19429.51,17513.52,126890.49,293414.5,141.16,1323391.37,4661544.46,34834.29,708825.69,703978.99,45082.49,51875.99
Scenario 2,925,4,Strong Growth (FOMO),25,TRADING,144269.39,1438673.77,141652.38,279961.47,725787.59,713402.49,203705.68,500865.27,708586.01,1009031.61,468349.15,284447.23,2192403.16,31290.61,389251.72,45230.39,336279.8,430051.2,326488.2,45227.17,113524.34,444549.13,381300.0,395625.22,91017.23,134530.04,150099.98,197405.76,106059.46,163070.89,132648.22,128354.68,165320.26,103227.54,158644.58,137342.61,109580.63,1292782.95,19457.81,17513.47,127093.48,293436.61,140.78,1322969.76,4666201.8,34826.85,710117.31,702909.66,45027.18,51882.91
Scenario 2,926,4,Strong Growth (FOMO),26,TRADING,144074.71,1439445.48,141621.08,279497.57,724551.98,712016.66,202944.0,500439.93,708695.13,1009277.49,467854.92,284437.8,2185716.88,31247.84,388999.21,45151.91,336512.09,428279.6,326416.29,45213.23,113410.94,444496.39,381279.97,395679.62,90958.37,134503.4,150100.75,197412.21,106005.47,162852.1,132538.78,128128.14,165328.39,103133.77,158790.84,137083.9,109489.77,1289260.22,19488.24,17531.19,127265.54,293453.38,140.56,1322805.79,4672521.92,34822.05,710447.16,701683.35,45048.02,51951.83
Scenario 2,927,4,Strong Growth (FOMO),27,TRADING,143900.72,1438201.72,141436.72,279254.92,724128.36,711675.13,202248.21,500009.37,708911.46,1010244.94,467514.57,284385.19,2180514.23,31193.03,388347.72,45112.98,336850.71,426293.41,326563.84,45200.98,113195.92,444514.51,381250.27,395656.87,90826.55,134517.26,150172.28,197417.65,106019.89,162601.14,132431.13,127952.38,165313.82,103003.32,159060.11,136886.55,109388.82,1286513.44,19522.67,17544.93,127383.06,293326.93,140.27,1322949.89,4671781.82,34809.38,711356.96,700751.5,45026.37,52008.18
Scenario 2,928,4,Strong Growth (FOMO),28,TRADING,143663.21,1438895.4,141240.39,279099.87,723463.12,710587.08,201655.35,499719.92,709017.82,1009215.47,467254.91,284418.76,2174449.97,31153.85,387673.57,45061.91,336777.24,424744.39,326367.09,45182.46,112956.06,444504.57,381275.65,395888.01,90606.85,134551.47,150252.04,197351.54,106024.53,162548.7,132443.32,127823.45,165344.65,102989.74,159332.0,136789.98,109448.1,1283976.0,19514.22,17552.48,127458.08,293313.82,139.99,1322780.31,4674496.94,34795.47,712280.06,699205.68,44993.81,52089.49
Scenario 2,929,4,Strong Growth (FOMO),29,TRADING,143429.28,1438691.07,141078.62,278800.79,722184.55,709718.05,200866.26,499483.57,708878.53,1009829.2,466556.81,284461.01,2168818.79,31095.82,387403.1,45029.98,337024.36,423477.7,326363.32,45152.94,112743.02,444682.15,381082.96,395761.04,90491.7,134542.75,150208.45,197311.94,105958.87,162195.11,132451.09,127557.63,165336.08,103072.82,159598.72,136422.42,109379.63,1281649.88,19556.33,17588.11,127787.72,293436.49,139.72,1323113.27,4679500.01,34816.26,712965.73,698151.17,44964.15,52135.28
Scenario 2,930,4,Strong Growth (FOMO),30,TRADING,143220.44,1438327.59,140741.08,278315.32,721674.68,708311.2,200312.8,498945.89,709426.18,1008782.29,465986.27,284540.63,2163336.32,31040.19,386973.92,45019.97,337538.23,421659.38,326321.27,45140.88,112645.95,444574.77,381424.55,395785.08,90435.12,134558.3,150210.88,197317.07,105973.74,161871.71,132515.94,127529.96,165420.49,103007.5,159726.51,136105.97,109280.88,1278303.78,19580.61,17602.23,128108.46,293714.5,139.54,1323096.78,4685072.35,34831.7,713521.05,696632.29,44955.64,52210.69
Scenario 2,931,4,Strong Growth (FOMO),31,TRADING,142931.76,1438027.19,140801.91,278135.68,720658.2,708452.38,199639.4,498322.98,710105.0,1008539.04,465659.6,284481.81,2157132.07,30976.04,386140.39,45000.34,338084.65,420252.07,326258.93,45132.21,112434.19,444501.13,381374.2,395908.81,90375.48,134522.9,150256.99,197172.15,106001.16,161623.69,132287.04,127262.06,165426.71,103001.14,159983.18,135939.82,109200.08,1274959.5,19601.32,17592.34,128348.8,293762.9,139.27,1323124.74,4690783.07,34832.94,714452.68,695039.1,44942.49,52320.76
Scenario 2,932,4,Strong Growth (FOMO),32,TRADING,142715.68,1438066.49,140696.24,277723.41,720133.58,707315.03,198970.81,498201.79,710569.91,1007582.74,465517.71,284460.19,2151255.58,30943.32,385690.23,44992.77,338391.15,418747.99,326257.46,45125.06,112414.32,444622.62,381422.71,396012.21,90342.31,134475.59,150290.55,197169.85,105974.96,161429.89,132275.94,127159.11,165370.31,102965.34,160151.75,135688.35,109052.08,1271670.5,19635.91,17608.9,128644.86,293804.67,139.26,1323180.11,4697718.12,34839.27,715077.5,693984.22,44933.54,52277.62
Scenario 2,933,4,Strong Growth (FOMO),33,TRADING,142521.22,1438728.1,140472.94,277566.89,719685.03,707126.91,198330.85,497458.25,710109.47,1007900.74,465165.57,284435.5,2146895.27,30913.0,385614.74,44946.96,338154.38,417174.79,326209.84,45122.98,112306.82,444630.64,381414.25,396040.82,90314.62,134474.48,150268.01,197215.14,105906.73,161293.24,132050.41,127058.13,165365.3,102928.41,160370.46,135491.51,108973.13,1268000.2,19657.81,17621.62,128758.22,293823.87,139.01,1323302.26,4700408.99,34832.98,715248.25,693321.77,44911.27,52358.1
Scenario 2,934,4,Strong Growth (FOMO),34,TRADING,142311.53,1438614.39,140255.12,277195.92,718242.56,705731.48,197535.21,497037.59,709376.05,1008207.04,465068.34,284462.31,2140644.87,30885.21,385157.26,44901.58,338425.63,415496.28,326345.71,45128.14,112310.0,444507.15,381446.4,396232.96,90260.32,134478.63,150299.67,197277.97,105905.29,160893.02,131916.07,126878.65,165371.64,102902.98,160580.72,135304.38,108902.98,1265265.98,19696.97,17638.93,129100.4,293842.17,139.06,1323411.88,4708226.73,34839.93,716277.84,692351.27,44895.95,52369.32
Scenario 2,935,4,Strong Growth (FOMO),35,TRADING,142087.28,1438574.75,140082.08,277020.19,717116.92,705196.03,196805.59,496593.83,709553.0,1008414.71,464858.26,284459.58,2135917.95,30811.73,384837.94,44841.45,338887.35,413878.84,326273.32,45120.44,112210.05,444502.22,381595.66,396237.64,90157.14,134460.79,150325.29,197262.36,105902.32,160559.66,131826.39,126665.73,165333.34,102897.01,160833.86,135014.94,108826.67,1262296.58,19713.46,17659.05,129268.33,293856.35,138.93,1323353.55,4710611.33,34822.9,716461.32,690706.52,44878.44,52436.87
Scenario 2,936,4,Strong Growth (FOMO),36,TRADING,141882.22,1438202.95,139863.89,276529.3,716374.75,704230.33,196052.04,495783.96,709772.11,1009542.22,464518.89,284509.05,2130186.47,30754.9,384230.08,44800.84,339669.76,412242.72,326290.4,45121.79,112141.0,444563.3,381579.27,396204.37,90174.33,134476.32,150331.73,197248.41,105909.21,160559.59,131758.79,126584.81,165352.06,102803.04,160981.94,134798.04,108733.87,1258880.85,19729.32,17693.86,129236.24,293847.97,138.8,1323412.65,4716246.0,34809.87,717356.78,689530.9,44883.36,52493.04
Scenario 2,937,4,Strong Growth (FOMO),37,TRADING,141717.13,1437937.82,139776.32,276236.49,715805.78,704031.0,195425.72,495061.11,709823.47,1009472.06,463903.03,284480.37,2125057.73,30684.15,383788.78,44804.95,339902.52,410634.27,326361.55,45133.25,112166.19,444625.7,381488.49,396027.9,90053.32,134478.02,150304.09,197285.54,105842.92,160395.87,131801.64,126475.95,165435.37,102760.31,161177.34,134696.93,108568.07,1255204.39,19752.84,17719.92,129392.21,293850.74,138.82,1323205.11,4723160.4,34809.97,717961.16,688410.22,44819.41,52539.41
Scenario 2,938,4,Strong Growth (FOMO),38,TRADING,141573.74,1436336.81,139443.76,275746.33,714681.73,703081.62,194684.24,494551.42,709545.13,1008632.72,463607.62,284452.45,2117921.82,30629.37,383395.13,44772.44,340173.97,409280.27,326198.15,45142.84,112036.5,444784.27,381417.59,395891.42,89963.21,134481.24,150280.8,197243.32,105864.18,160150.55,131615.63,126279.72,165375.98,102844.14,161542.05,134414.96,108456.57,1252619.02,19779.4,17755.84,129272.25,293789.61,138.59,1322776.27,4726354.32,34795.87,718054.21,687081.42,44753.64,52610.16
Scenario 2,939,4,Strong Growth (FOMO),39,TRADING,141420.75,1435743.37,139298.9,275279.76,713716.98,702039.74,193957.18,493999.52,709067.03,1008116.48,462830.31,284612.44,2111281.1,30602.92,383051.76,44729.8,340817.59,407775.62,326268.61,45123.98,111793.6,444701.24,381420.24,395815.23,89944.4,134472.79,150338.85,197217.55,105789.48,159888.36,131492.64,126146.12,165368.52,102838.55,161899.14,134155.73,108310.9,1250298.22,19800.84,17773.0,129385.29,293716.96,138.42,1322462.22,4730621.1,34763.01,718341.91,685352.87,44704.32,52610.44
Scenario 2,940,4,Strong Growth (FOMO),40,TRADING,141225.66,1434918.56,139114.58,274705.02,712699.51,701355.57,193279.51,493699.63,709746.99,1008215.86,462518.56,284598.5,2104968.79,30546.85,382872.25,44677.46,341028.28,406060.83,326272.13,45113.0,111584.13,444662.87,381432.47,395898.78,89890.77,134473.5,150345.79,197141.08,105762.68,159626.72,131422.64,126044.93,165369.2,102838.17,162115.55,133797.81,108200.59,1247243.29,19844.64,17805.11,129471.78,293778.31,138.1,1323164.18,4738731.2,34764.21,718792.09,684200.21,44728.85,52634.41
Scenario 2,941,4,Strong Growth (FOMO),41,TRADING,140978.33,1433889.94,138943.29,274146.27,711676.05,699939.74,192413.72,493223.89,709655.45,1008674.58,461705.47,284648.33,2099775.74,30504.98,382865.25,44616.52,341203.81,405010.18,326303.49,45104.51,111615.86,444734.53,381437.93,395940.93,89848.9,134475.95,150371.45,197073.02,105705.64,159504.62,131431.71,125967.16,165369.56,102750.42,162325.83,133666.43,108088.51,1243707.61,19865.19,17789.61,129409.73,293680.01,137.97,1323320.18,4751980.71,34770.32,719716.76,683266.62,44693.58,52710.4
Scenario 2,942,4,Strong Growth (FOMO),42,TRADING,140765.16,1433641.83,138745.74,273743.7,710427.81,699041.01,191569.88,492819.09,708908.86,1008511.43,461130.91,284598.65,2094830.34,30447.16,382773.26,44591.66,341337.11,403643.33,326486.39,45123.24,111535.69,444673.54,381467.7,395755.31,89650.68,134460.28,150417.77,197065.53,105639.69,159417.91,131226.46,125646.65,165320.33,102695.85,162484.36,133615.27,108073.76,1240057.03,19899.3,17815.73,129529.89,293701.72,137.8,1323145.52,4753501.25,34761.22,720001.39,682122.15,44647.83,52771.47
Scenario 2,943,4,Strong Growth (FOMO),43,TRADING,140628.46,1434376.3,138554.11,273382.07,708944.39,697835.37,190917.88,492518.71,709360.25,1010360.04,460864.65,284552.77,2089182.75,30391.56,382080.62,44548.59,341733.74,402004.73,326480.83,45126.63,111449.67,444471.15,381351.36,395699.32,89530.36,134494.93,150419.78,197054.27,105515.43,159114.15,131166.9,125348.76,165368.75,102740.23,162832.69,133504.27,108053.04,1237372.55,19908.12,17833.07,129739.46,293755.76,137.38,1323048.12,4757890.37,34770.72,720236.82,680000.63,44662.93,52825.46
Scenario 2,944,4,Strong Growth (FOMO),44,TRADING,140390.93,1434601.24,138344.09,272927.68,707859.57,697360.58,190101.11,491807.82,708562.48,1010100.83,460532.49,284500.4,2083663.95,30363.62,381425.42,44479.47,342429.23,400358.0,326378.13,45120.95,111402.72,444577.46,381365.34,395570.73,89389.94,134522.47,150415.83,196998.67,105480.7,158890.45,131030.26,125275.14,165389.6,102698.8,163088.46,133320.71,108054.3,1234293.8,19939.91,17846.55,130066.65,293787.48,137.23,1322641.3,4761480.77,34763.65,721052.52,678611.53,44621.04,52898.61
Scenario 2,945,4,Strong Growth (FOMO),45,TRADING,140115.33,1434709.72,138362.2,272668.0,706393.64,696342.36,189284.87,490731.41,708568.78,1010500.45,460169.44,284458.17,2078410.37,30328.22,380976.29,44468.5,342787.06,398768.73,326146.74,45129.43,111302.06,444546.04,381362.78,395718.01,89394.8,134508.83,150437.69,197008.56,105428.89,158700.79,130897.0,125103.64,165374.24,102590.26,163402.78,133198.88,107902.2,1230538.87,19965.89,17865.32,130160.81,293712.85,136.92,1322511.66,4767968.15,34748.08,721191.84,677437.01,44547.0,52976.78
Scenario 2,946,4,Strong Growth (FOMO),46,TRADING,139845.34,1434503.06,138145.3,272247.42,705159.05,695457.4,188470.7,490285.32,708107.21,1011305.37,459523.61,284404.3,2073144.64,30286.47,380508.16,44442.45,342798.29,397020.86,326104.15,45117.45,111136.01,444565.4,381427.66,395734.74,89272.44,134506.11,150416.68,197001.76,105438.38,158506.63,130840.34,124995.01,165421.88,102507.14,163659.03,132918.09,107903.66,1227362.14,19994.15,17894.39,130076.56,293887.21,136.76,1322657.71,4774363.1,34739.13,721338.22,676037.29,44507.26,52972.1
Scenario 2,947,4,Strong Growth (FOMO),47,TRADING,139653.41,1435900.78,137920.33,272042.86,704207.45,695427.02,187778.22,489723.8,708166.87,1010416.56,459406.16,284454.8,2068143.81,30235.02,380245.07,44389.2,343300.18,395476.96,325929.48,45122.25,111097.14,444748.93,381459.57,395974.43,89248.74,134467.27,150436.49,197092.41,105326.54,158243.88,130672.18,124838.34,165430.84,102502.31,163833.04,132663.85,107897.77,1224003.6,20020.89,17916.77,130299.7,293980.11,136.7,1322484.18,4780116.45,34753.46,722829.45,675105.86,44456.6,52981.9
Scenario 2,948,4,Strong Growth (FOMO),48,TRADING,139464.2,1436005.16,137875.93,271698.55,703219.51,695501.27,187028.96,489243.94,708197.95,1010353.11,458984.86,284448.32,2061362.59,30208.27,379894.35,44350.68,343290.09,393848.52,325858.34,45121.81,111076.54,444771.72,381334.58,395857.54,89261.55,134464.85,150487.05,197043.27,105233.46,157856.86,130658.23,124716.69,165363.33,102440.48,163988.2,132419.51,107746.96,1221489.81,20045.08,17932.05,130607.03,294052.54,136.41,1322277.79,4784211.84,34731.29,723303.15,674308.12,44414.38,53032.38
Scenario 2,949,4,Strong Growth (FOMO),49,TRADING,139233.11,1435787.61,137826.39,271437.36,701461.33,694545.47,186248.9,488523.18,708777.17,1010618.56,458077.33,284427.02,2055738.75,30135.7,379228.55,44329.42,343608.08,392704.78,325728.06,45115.27,110913.96,444577.88,381540.97,395736.02,89133.6,134475.96,150487.33,197119.36,105269.38,157746.59,130420.55,124536.43,165364.73,102393.99,164042.65,132180.04,107624.9,1218417.03,20066.35,17952.48,130682.67,294099.05,136.24,1322097.16,4791979.4,34725.41,723701.23,672693.8,44380.62,53064.13
Scenario 2,950,4,Strong Growth (FOMO),50,TRADING,139046.44,1435652.59,137629.1,271002.41,700527.72,693422.02,185589.84,488174.01,708222.54,1011034.1,457647.54,284569.19,2049961.4,30086.2,378691.97,44299.95,343800.69,391422.08,325767.72,45120.89,110866.07,444567.59,381501.37,395831.34,89004.42,134475.38,150531.89,197057.33,105217.71,157719.95,130280.4,124313.05,165428.89,102382.87,164300.87,132060.2,107512.7,1214817.7,20101.91,17974.05,130751.59,293922.9,135.98,1322078.0,4798105.51,34726.21,723726.26,671618.74,44375.4,53089.4
Scenario 2,951,4,Strong Growth (FOMO),51,TRADING,138832.35,1435383.12,137517.87,270634.43,699087.87,693076.54,184848.87,487681.32,709017.71,1010695.92,457141.32,284594.64,2044224.41,30042.57,378147.2,44203.23,344045.08,389871.13,325823.49,45104.58,110804.46,444521.39,381484.61,395722.19,89039.95,134469.78,150602.78,197049.17,105141.8,157519.24,130079.66,124178.84,165390.91,102327.04,164451.35,131820.65,107449.25,1212240.07,20127.26,17980.85,130772.43,294039.9,135.64,1321688.53,4803360.95,34716.53,724350.33,670558.9,44317.69,53165.45
Scenario 2,952,4,Strong Growth (FOMO),52,TRADING,138564.78,1435563.56,137322.45,270297.24,698100.15,692139.42,184146.05,487203.51,709031.46,1011258.6,456717.57,284539.7,2038259.74,29989.24,377573.55,44151.71,344521.6,388619.92,325838.43,45131.31,110713.7,444652.64,381407.57,395554.09,88997.39,134483.93,150569.6,197029.37,105091.49,157088.2,129940.9,124141.67,165403.74,102123.35,164696.5,131525.41,107353.0,1208822.95,20156.8,18000.37,131279.76,294112.55,135.66,1321772.14,4805829.38,34737.67,724966.03,669413.19,44319.27,53228.0
Scenario 2,953,4,Strong Growth (FOMO),53,TRADING,138411.77,1436060.06,136947.13,269955.05,697554.79,691975.19,183446.68,486566.51,709157.84,1010785.53,456182.79,284536.68,2032976.51,29921.67,377298.88,44106.77,344755.24,386858.67,325619.65,45148.56,110589.37,444501.71,381515.6,395673.68,88906.69,134456.85,150555.61,197097.68,104989.13,156919.26,129698.46,123999.28,165404.25,102116.74,164937.76,131276.77,107325.4,1205078.4,20173.23,18009.67,131484.8,294033.17,135.55,1321925.2,4813981.36,34743.38,724948.46,668579.04,44266.88,53219.76
Scenario 2,954,4,Strong Growth (FOMO),54,TRADING,138178.46,1436446.3,136647.46,269625.37,696775.35,692389.92,182788.84,486233.26,709524.55,1010853.47,455909.63,284544.46,2039552.15,29865.59,376921.5,44104.43,344701.02,385724.02,325703.04,45135.01,110505.93,444377.5,381400.98,395728.46,88778.31,134467.22,150652.24,197150.84,105067.11,156654.5,129588.82,123936.75,165413.9,102102.31,165211.26,131011.23,107326.69,1201554.27,20204.5,18040.95,131652.63,294011.31,135.27,1322067.03,4810305.25,34741.78,726450.42,667511.63,44200.55,53255.78
Scenario 2,955,4,Strong Growth (FOMO),55,TRADING,137955.65,1436843.4,136458.02,269226.34,696431.98,692091.41,182029.04,485637.37,709501.17,1010842.86,455112.97,284545.78,2045906.52,29823.72,376496.78,44057.89,344762.85,384209.01,325659.33,45127.57,110276.06,444513.41,381610.64,395598.4,88746.6,134532.44,150695.51,197154.5,105071.87,156336.32,129484.71,123743.3,165482.07,102121.19,165465.06,130765.38,107261.51,1198360.99,20232.19,18045.05,131667.13,294013.06,135.06,1321470.82,4820320.53,34703.92,727433.7,666572.38,44192.3,53291.94
Scenario 2,956,4,Strong Growth (FOMO),56,TRADING,137799.2,1436478.81,136561.79,268846.1,695565.31,691540.9,181258.46,485199.61,708683.08,1010462.47,454730.78,284619.11,2051965.53,29775.68,375841.48,44030.9,344763.77,382656.98,325457.54,45117.65,110159.09,444464.56,381637.81,395676.71,88684.3,134527.79,150689.74,197164.65,105082.17,155968.74,129474.52,123639.09,165486.87,102087.91,165618.2,130529.4,107137.32,1194968.13,20263.53,18060.69,131792.01,294089.33,134.79,1321262.91,4823477.4,34711.75,727774.62,665517.18,44138.29,53327.88
Scenario 2,957,4,Strong Growth (FOMO),57,TRADING,137596.84,1436756.23,136543.94,268540.13,694472.18,691169.16,180474.11,484824.43,708288.46,1010104.34,454089.25,284555.15,2058416.25,29729.06,375190.66,43963.24,345199.66,381157.47,325452.67,45138.3,110011.2,444473.0,381793.27,395681.61,88667.08,134514.98,150706.47,197180.69,105083.25,155687.86,129300.76,123458.86,165546.51,102003.74,165817.59,130389.31,107071.08,1191216.65,20282.44,18062.83,131900.7,294043.64,134.62,1321111.05,4827267.04,34710.36,728550.82,664020.16,44134.33,53307.32
Scenario 2,958,4,Strong Growth (FOMO),58,TRADING,137330.3,1437031.39,136273.65,268112.47,693705.0,689532.32,179719.74,484198.57,708126.23,1009368.4,453730.02,284593.11,2065059.48,29688.33,374760.59,43905.22,345327.74,379703.9,325366.93,45154.64,109907.91,444538.98,381983.07,395514.04,88626.57,134513.62,150725.43,197153.2,105021.77,155456.82,129147.69,123269.72,165537.29,101902.52,165977.62,130109.25,106940.38,1188023.19,20301.94,18064.94,132047.14,294001.7,134.45,1321255.54,4837296.1,34695.18,728987.29,663265.1,44092.27,53403.71
Scenario 2,959,4,Strong Growth (FOMO),59,TRADING,137090.0,1437391.52,136242.48,267657.5,692279.44,689491.11,178883.8,484015.81,708142.8,1008949.16,453174.56,284571.36,2072430.16,29646.03,374235.79,43813.97,345604.77,378001.09,325330.85,45147.97,109717.83,444482.41,381971.58,395528.9,88629.63,134498.96,150673.24,197213.3,105046.36,155106.55,129110.9,123259.63,165595.07,101907.7,166292.93,129916.51,106883.41,1185028.48,20326.72,18090.43,131928.85,294153.16,134.28,1321476.41,4842440.65,34695.68,729631.94,662346.8,44073.88,53346.35
Scenario 2,960,4,Strong Growth (FOMO),60,TRADING,136869.37,1436805.25,136017.81,267303.41,691258.97,689384.6,178148.41,483568.25,708735.29,1009923.62,452369.78,284660.18,2078554.14,29598.03,373577.97,43792.88,345713.61,376611.39,325248.0,45143.92,109571.62,444443.1,382055.41,395496.56,88545.52,134494.51,150664.31,197244.62,105087.96,155019.6,129030.99,123061.15,165645.59,101775.49,166451.0,129785.83,106796.76,1181216.16,20351.58,18104.23,131890.67,294112.33,134.1,1321511.16,4845597.26,34669.62,729605.04,661283.99,44025.41,53361.76
Scenario 2,961,4,Strong Growth (FOMO),61,TRADING,136557.96,1436405.33,135743.6,266952.32,690351.06,688663.59,177406.5,483079.55,708787.87,1009979.0,451928.25,284708.61,2084036.28,29538.51,373729.66,43774.75,346343.85,375164.82,325431.47,45142.51,109380.54,444434.5,382051.77,395531.45,88445.0,134469.08,150670.19,197253.58,104972.36,154671.83,128842.56,122819.45,165698.43,101734.21,166752.73,129536.34,106712.98,1177773.36,20363.62,18156.38,131889.81,294075.16,133.88,1321880.74,4847049.69,34652.09,729106.39,659921.58,44022.08,53410.95
Scenario 2,962,4,Strong Growth (FOMO),62,TRADING,136420.47,1436598.34,135347.05,266522.07,689361.04,688428.36,176674.16,482303.48,709447.81,1009805.73,451271.26,284739.44,2090405.01,29487.66,373514.42,43752.65,346668.63,373610.79,325374.81,45140.11,109305.56,444465.74,382258.36,395572.32,88274.15,134496.88,150692.01,197317.44,104944.99,154377.25,128688.37,122776.34,165718.34,101600.31,166938.47,129239.36,106602.11,1175156.23,20395.36,18195.15,131898.43,294121.58,133.82,1322236.2,4847861.49,34640.23,729935.93,658985.06,43962.26,53477.48
Scenario 2,963,4,Strong Growth (FOMO),63,TRADING,136178.56,1436174.89,135080.01,265985.78,688212.97,687360.35,175856.09,481870.1,709148.47,1009376.75,451048.9,284702.88,2095957.26,29447.12,372700.86,43717.88,347235.85,372149.81,325282.41,45130.01,109129.78,444291.6,382130.67,395550.47,88254.01,134480.35,150734.75,197325.44,104955.43,154147.19,128379.14,122631.68,165685.52,101570.79,167187.25,129011.93,106470.71,1171760.36,20437.28,18224.3,132133.74,294253.81,133.42,1322167.79,4855101.94,34645.58,730911.79,657596.4,43894.66,53531.84
Scenario 2,964,4,Strong Growth (FOMO),64,TRADING,135964.67,1435389.77,134897.4,265601.55,687434.63,686910.17,175147.29,481200.81,709339.57,1008432.38,450827.36,284713.83,2102332.56,29410.24,371923.3,43659.94,347735.79,370907.9,325262.61,45117.87,108959.66,444198.58,382082.71,395490.86,88378.54,134473.05,150784.75,197276.16,104877.54,154015.85,128105.46,122535.08,165697.11,101480.59,167428.7,128897.84,106445.06,1168030.74,20441.25,18224.48,132197.28,294333.65,133.31,1321987.52,4861779.66,34644.21,731429.83,656570.78,43890.72,53646.3
Scenario 2,965,4,Strong Growth (FOMO),65,TRADING,135779.45,1435963.28,134702.01,264932.27,686734.95,686534.77,174347.37,480682.34,709487.51,1008946.88,450080.74,284725.26,2107659.5,29384.37,371320.15,43626.67,348026.32,369184.32,325224.8,45126.82,108758.36,444088.18,381937.81,395252.08,88102.92,134433.08,150792.69,197270.83,104819.75,153696.67,127955.53,122378.33,165769.66,101457.65,167506.56,128765.76,106315.18,1163554.86,20464.06,18259.62,132224.82,294368.63,132.96,1322052.0,4865653.75,34640.32,732815.46,655298.79,43853.05,53665.31
Scenario 2,966,4,Strong Growth (FOMO),66,TRADING,135554.08,1435126.68,134441.37,264485.99,685316.22,685577.25,173573.82,479911.85,710101.22,1010571.91,449979.29,284758.2,2113503.59,29337.36,370896.38,43576.3,348302.85,367930.67,325238.97,45114.46,108726.31,443881.21,382017.8,395073.02,87986.86,134403.44,150853.53,197278.38,104774.77,153344.07,127851.86,122307.15,165840.14,101464.31,167664.66,128592.05,106302.3,1160924.15,20486.05,18273.43,132303.6,294338.89,132.93,1322533.9,4862980.26,34636.8,732421.15,654242.93,43820.43,53745.99
Scenario 2,967,4,Strong Growth (FOMO),67,TRADING,135356.12,1434506.64,134014.32,264113.24,683993.26,684014.22,172849.83,479627.09,709752.44,1010661.5,449312.03,284661.63,2119527.91,29280.17,370457.08,43530.78,348334.36,366258.77,325288.75,45114.26,108608.75,443791.27,381956.72,394816.96,87894.06,134390.48,150836.25,197264.31,104734.59,153070.86,127734.22,122121.95,165870.89,101449.23,167925.68,128417.66,106181.59,1157857.32,20512.38,18299.66,132252.05,294307.01,132.75,1322934.58,4868159.08,34630.71,732203.36,653361.93,43793.33,53874.51
Scenario 2,968,4,Strong Growth (FOMO),68,TRADING,135080.43,1434532.58,133900.44,263702.66,683297.4,683940.56,172159.45,478954.26,709744.46,1009958.26,448728.56,284622.45,2125877.66,29233.93,369938.75,43500.6,348729.16,364795.55,325351.96,45134.16,108493.47,443716.52,381929.63,394630.25,87875.64,134395.93,150819.5,197285.62,104737.5,152742.77,127588.39,121844.2,165883.3,101423.43,168163.66,128216.02,106059.32,1154776.64,20533.9,18310.04,132492.46,294341.81,132.64,1322780.02,4872351.81,34649.66,732849.62,652444.01,43720.87,53950.61
Scenario 2,969,4,Strong Growth (FOMO),69,TRADING,134946.79,1435507.04,133758.43,263269.88,682284.16,682655.96,171475.98,478551.98,709833.73,1008996.24,448651.03,284600.39,2133116.63,29181.99,369384.32,43470.63,349202.26,363400.38,325248.08,45148.62,108282.7,443421.98,381819.58,394710.25,87755.02,134446.87,150840.38,197202.27,104755.51,152509.8,127469.28,121712.24,165848.08,101442.62,168215.03,128099.87,105976.13,1150637.4,20577.22,18316.99,132453.16,294352.17,132.47,1322279.81,4873699.77,34639.24,733507.49,651145.71,43676.12,54030.79
Scenario 2,970,4,Strong Growth (FOMO),70,TRADING,134686.91,1435688.5,133608.44,262779.33,681152.68,682767.61,170677.56,477934.88,709772.91,1009226.04,448537.32,284560.28,2138845.72,29141.67,368586.88,43426.75,349865.59,361846.4,325140.56,45126.04,108267.35,443238.26,381634.22,394823.67,87718.64,134452.48,150880.51,197235.41,104695.25,152188.45,127290.86,121404.71,165855.5,101350.95,168550.6,128013.67,105932.68,1147450.92,20608.27,18331.98,132647.57,294466.49,132.27,1322146.39,4877608.65,34614.74,734018.98,649724.47,43585.42,54106.27
Scenario 2,971,4,Strong Growth (FOMO),71,TRADING,134462.65,1435326.26,133598.16,262625.14,680415.24,682365.73,170062.64,477318.96,709234.99,1008880.06,448113.53,284516.47,2145318.79,29099.23,368305.75,43358.69,350311.31,360284.63,325122.37,45141.16,108139.98,443243.54,381734.5,394777.12,87752.63,134457.05,150900.88,197197.1,104603.6,151946.29,127138.87,121228.45,165894.86,101286.74,168858.2,127732.85,105896.48,1144264.66,20625.24,18362.19,132973.53,294451.05,132.24,1322139.05,4880344.82,34617.26,735062.69,648202.58,43559.31,54159.06
Scenario 2,972,4,Strong Growth (FOMO),72,TRADING,134223.38,1435953.24,133276.84,262341.76,679053.3,680871.57,169267.15,477876.76,709289.03,1008103.25,447949.08,284514.48,2150342.04,29026.18,369020.82,43453.58,350074.22,358635.8,324936.86,45137.31,108016.19,443302.37,381624.9,394759.49,87592.3,134479.58,150869.3,197147.28,104541.83,151623.08,127541.08,121124.24,165888.76,101249.6,168999.48,127558.59,106015.95,1141716.4,20634.02,18359.27,132879.4,294466.69,132.11,1321796.41,4877617.74,34623.21,735331.61,646900.57,43530.65,54208.91
Scenario 2,973,4,Strong Growth (FOMO),73,TRADING,134017.99,1438044.86,133071.1,262014.45,677907.17,680765.29,168453.64,477880.6,709334.05,1008478.62,447534.99,284521.24,2156800.65,28971.34,369809.4,43496.53,349734.98,356875.48,324981.88,45128.47,107816.92,443490.01,381568.23,394719.27,87511.26,134484.62,150882.99,197076.18,104394.56,151297.85,127895.41,120890.97,165935.75,101137.97,169264.13,127227.42,106055.63,1137546.08,20655.22,18351.95,132960.8,294585.18,132.0,1321749.2,4884855.93,34630.53,735506.46,645780.97,43530.43,54273.09
Scenario 2,974,4,Strong Growth (FOMO),74,TRADING,133809.82,1440528.74,132912.91,261507.29,677162.74,681355.08,167741.53,477843.44,708239.09,1006876.08,447676.08,284467.57,2163380.65,28926.79,370354.34,43581.0,349835.67,355630.44,324981.14,45137.84,107674.67,443652.15,381741.33,394570.13,87402.21,134487.74,150941.87,197040.2,104229.05,150947.99,128056.72,120796.61,165932.62,101002.03,169512.74,127021.05,106217.35,1135214.16,20682.3,18335.44,133184.24,294614.51,131.98,1321492.0,4884586.46,34642.75,735626.75,644460.5,43505.14,54258.56
Scenario 2,975,4,Strong Growth (FOMO),75,TRADING,133613.06,1442463.55,132756.05,261063.68,675728.36,680296.28,166983.47,477808.94,707346.13,1006074.93,447440.21,284449.35,2169777.25,28899.86,370684.52,43630.44,349557.56,353948.9,324933.51,45125.86,107540.54,443655.99,381743.67,394678.16,87319.41,134482.77,150946.0,196979.9,104269.35,150636.09,128247.83,120538.48,165888.42,100923.86,169691.42,126786.53,106400.71,1132366.09,20710.9,18300.67,133245.04,294749.97,131.65,1321398.64,4886278.48,34637.33,735364.96,643129.79,43451.62,54356.69
Scenario 2,976,4,Strong Growth (FOMO),76,TRADING,133406.94,1444116.9,132502.13,260673.56,674861.76,679586.53,166290.9,478373.16,707134.49,1004997.16,447278.78,284429.26,2174943.27,28852.34,371257.89,43736.54,349443.64,352359.79,324807.62,45106.37,107364.0,443583.25,381847.63,394556.29,87289.07,134465.82,150974.95,196921.77,104125.56,150436.57,128381.26,120361.86,165865.56,100934.62,169883.07,126589.22,106512.72,1129126.26,20743.41,18296.04,133321.89,294786.35,131.36,1321470.21,4881879.99,34637.52,735975.25,641418.86,43407.04,54437.6
Scenario 2,977,4,Strong Growth (FOMO),77,TRADING,133174.75,1445886.22,132257.53,260313.22,674215.48,679500.2,165560.7,478298.54,707103.74,1004504.35,447052.7,284524.02,2181489.56,28805.92,371552.5,43837.6,349316.62,350563.17,324842.79,45116.74,107256.66,443594.69,381899.8,394599.29,87152.8,134424.87,150929.35,196942.63,103999.69,150124.46,128707.49,120162.28,165901.72,100892.17,169964.97,126571.29,106621.93,1126255.3,20779.82,18288.14,133501.28,294605.88,131.19,1321536.8,4883137.94,34615.5,736579.28,643326.38,43356.27,54568.63
Scenario 2,978,4,Strong Growth (FOMO),78,TRADING,132953.53,1447495.74,132220.52,259749.37,672821.34,679606.23,164878.83,478252.32,707673.19,1003925.67,446832.89,284565.63,2187481.78,28768.41,371983.78,43884.14,349539.3,348913.5,324841.33,45139.92,107058.42,443761.36,381928.93,394378.08,87022.13,134417.51,150940.89,196983.6,103933.47,149842.75,129000.99,120006.64,165889.8,100870.5,170256.22,126486.3,106791.65,1123053.77,20800.3,18293.77,133688.3,294660.5,130.97,1321766.02,4887181.02,34639.68,736782.72,645205.63,43312.87,54589.33
Scenario 2,979,4,Strong Growth (FOMO),79,TRADING,132728.73,1448988.2,132138.63,259080.58,671905.98,679031.84,164245.24,478663.44,707021.74,1003432.91,446790.74,284588.77,2193016.93,28714.69,372442.21,43972.65,349686.32,347528.3,324815.35,45122.8,106797.7,443822.11,381935.99,394478.68,86901.75,134447.65,150973.99,196960.3,103836.67,149643.64,129245.92,119855.88,165885.48,100932.55,170519.97,126330.41,106989.96,1120029.21,20803.55,18296.13,133714.67,294730.35,130.73,1321975.05,4887588.26,34655.7,737839.64,647044.09,43274.96,54624.61
Scenario 2,980,4,Strong Growth (FOMO),80,TRADING,132517.78,1451072.0,131922.96,258828.67,671033.61,679734.05,163609.08,478652.72,706185.07,1002778.5,446920.84,284681.35,2198538.84,28683.22,372847.35,44068.58,349469.47,346024.11,324905.86,45136.98,106619.81,443865.79,381814.92,394752.39,86822.6,134444.52,151015.41,196900.25,103801.88,149492.99,129450.43,119670.64,165962.48,100815.5,170722.58,126096.14,107132.24,1117391.8,20824.59,18290.11,133880.53,294608.05,130.65,1321883.7,4884777.9,34663.76,737530.22,648840.67,43258.36,54676.06
Scenario 2,981,4,Strong Growth (FOMO),81,TRADING,132297.69,1453223.23,131672.97,258248.2,669514.24,680236.41,162857.42,478589.19,706179.25,1003341.51,446742.65,284700.75,2202891.12,28636.15,373680.08,44148.53,349741.15,344471.28,324913.19,45131.04,106601.25,443743.1,381869.75,394505.7,86793.09,134420.01,150995.12,196972.41,103688.32,149279.42,129644.39,119437.58,165915.99,100760.75,170957.2,126126.88,107315.65,1113751.49,20866.87,18265.46,133819.21,294577.13,130.47,1321661.06,4887088.32,34682.65,738688.34,650518.6,43228.04,54723.42
Scenario 2,982,4,Strong Growth (FOMO),82,TRADING,132061.31,1455029.84,131473.03,257721.21,668322.67,679367.39,162176.61,478391.05,706047.23,1003002.68,446257.12,284712.64,2209806.44,28590.51,374183.9,44194.89,349447.2,342718.72,325020.45,45105.55,106436.03,443902.0,381994.17,394520.43,86657.01,134434.96,150989.64,196981.54,103517.85,149107.26,129927.06,119326.23,165890.27,100730.1,171236.06,125917.43,107575.84,1110963.74,20903.18,18247.58,133848.61,294551.66,130.23,1321370.81,4884788.07,34676.68,739252.07,652213.31,43193.82,54756.0
Scenario 2,983,4,Strong Growth (FOMO),83,TRADING,131803.16,1456636.91,131406.98,257386.26,667092.63,679241.9,161421.66,478615.22,705254.18,1001976.13,446475.74,284727.09,2217372.52,28547.1,374911.41,44298.53,350234.97,341054.88,324990.78,45072.59,106180.83,443993.3,381837.46,394484.71,86525.94,134408.56,151023.49,196964.38,103498.16,149001.8,130066.43,119212.1,165902.96,100710.67,171391.79,125603.35,107767.78,1108994.19,20951.05,18233.77,133954.13,294595.53,130.06,1321917.05,4881565.75,34664.7,739384.45,654219.02,43146.7,54815.26
Scenario 2,984,4,Strong Growth (FOMO),84,TRADING,131628.21,1458033.36,131026.78,256918.21,666075.77,678121.3,160670.11,478721.37,705129.79,1001758.25,446118.41,284658.74,2223496.22,28528.04,375293.12,44385.34,349474.8,339648.68,325018.55,45086.27,106072.83,443857.88,381577.2,394433.5,86414.28,134434.85,150995.81,196906.57,103450.47,148750.53,130131.59,119057.33,166014.12,100614.31,171582.98,125425.5,107900.66,1104937.97,20979.09,18221.07,133985.2,294633.47,129.91,1321696.33,4888737.06,34681.68,740036.99,655910.51,43135.57,54797.07
Scenario 2,985,4,Strong Growth (FOMO),85,TRADING,131383.5,1460225.59,130769.13,256451.58,665368.91,677443.44,159865.66,478824.4,703677.35,1000793.62,445779.82,284681.17,2228637.29,28468.92,375680.72,44483.5,348882.95,338193.66,324911.88,45105.84,105954.62,444046.62,381441.69,394437.29,86283.83,134415.76,151014.27,196904.07,103313.47,148598.35,130361.62,118862.64,166016.61,100519.14,171955.18,124943.66,108067.06,1101558.34,21017.89,18198.78,134101.63,294682.24,129.8,1321475.12,4891890.72,34700.02,740270.9,657490.16,43119.86,54853.03
Scenario 2,986,4,Strong Growth (FOMO),86,TRADING,131123.38,1462196.49,130579.98,255983.95,664252.66,677609.97,159104.24,479022.05,703646.45,999716.0,445752.53,284668.59,2234653.9,28412.89,376458.82,44561.37,349100.39,336358.86,324979.67,45124.42,105703.53,444127.7,381463.97,394227.21,86217.75,134356.53,150959.28,196931.98,103171.33,148320.0,130506.11,118695.74,166034.23,100598.06,172182.65,124696.23,108251.26,1098711.83,21043.43,18210.15,134386.27,294828.24,129.81,1321310.71,4893740.06,34707.2,739837.6,659736.24,43102.38,54886.81
Scenario 2,987,4,Strong Growth (FOMO),87,TRADING,130915.7,1465008.52,130286.19,255642.87,663085.39,677005.08,158262.19,479099.61,702731.15,999924.89,445227.2,284638.03,2240976.23,28374.66,377235.03,44663.19,349139.12,334748.89,325016.41,45120.39,105717.98,444166.92,381372.81,394226.89,86213.19,134332.83,150963.42,196936.88,103152.65,148033.21,130880.25,118329.5,166022.94,100637.17,172464.6,124571.77,108374.49,1095097.11,21079.53,18180.68,134638.42,294791.24,129.67,1320737.13,4894470.17,34730.41,739443.61,661630.91,43109.27,54883.29
Scenario 2,988,4,Strong Growth (FOMO),88,TRADING,130681.09,1465486.59,130050.2,255296.55,662032.56,676740.13,157466.83,479190.68,702624.42,999065.79,445230.64,284600.89,2246769.82,28471.81,377597.88,44757.58,349314.92,333131.46,325014.6,45107.44,105558.72,444259.35,381392.14,394005.76,86245.92,134349.11,150975.7,196960.1,103079.79,147881.34,131078.98,118071.68,166039.75,100544.74,172647.94,124488.52,108505.64,1091419.92,21109.02,18197.14,134793.82,294724.31,129.55,1320381.43,4886797.36,34714.92,740332.59,663196.05,43078.51,54886.53
Scenario 2,989,4,Strong Growth (FOMO),89,TRADING,130530.1,1466523.03,129970.89,254755.75,660442.48,676617.69,156759.73,479440.75,702022.87,998856.1,444705.04,284556.43,2251331.32,28555.78,378523.69,44810.79,348880.09,331565.54,324926.39,45104.73,105467.18,444290.07,381490.02,394087.18,86105.15,134348.37,151048.68,196903.03,102994.37,147730.53,131551.5,117901.2,165996.94,100496.33,172843.52,124344.93,108645.04,1088316.59,21150.81,18189.96,134920.44,294725.88,129.39,1320053.29,4884343.14,34702.59,740576.39,664636.14,43055.03,54910.03
Scenario 2,990,4,Strong Growth (FOMO),90,TRADING,130325.84,1468223.44,129571.32,254125.54,659876.7,676848.53,156056.76,479629.04,701704.18,998957.63,444769.79,284549.41,2256062.9,28663.71,379568.59,44864.16,348884.17,330008.41,324995.83,45113.44,105406.54,444301.55,381448.94,394227.37,86052.59,134370.73,151032.43,196863.17,102865.69,147562.09,131812.69,117693.16,166035.77,100431.1,173069.99,124037.35,108793.72,1085576.62,21179.21,18188.53,135149.16,294771.4,129.06,1320168.72,4878249.32,34692.35,742256.11,666441.26,43047.03,54889.22
Scenario 2,991,4,Strong Growth (FOMO),91,TRADING,130040.25,1470257.79,129338.57,253796.53,658909.72,676009.48,155259.37,479412.92,701697.09,998027.78,444461.41,284502.64,2261920.52,28742.94,380218.97,44927.16,348354.76,328220.62,325055.91,45126.93,105368.45,444339.4,381443.89,394272.1,85903.96,134398.51,150976.73,196850.9,102671.06,147279.27,132086.96,117409.57,165965.99,100368.16,173308.18,124033.02,108957.02,1082049.68,21202.75,18160.72,135391.56,294855.45,128.89,1320200.07,4878688.26,34692.92,742510.53,668231.07,43007.89,54950.57
Scenario 2,992,4,Strong Growth (FOMO),92,TRADING,129819.67,1471118.86,129437.03,253221.89,657175.16,677630.51,155474.53,479361.42,701845.03,998631.95,444124.08,284557.53,2267245.67,28831.84,381078.88,45054.52,348438.71,328035.84,325091.84,45126.82,105587.92,444190.09,381272.16,394216.79,85942.34,134447.69,151067.42,196953.24,102599.75,147680.5,132188.93,117577.48,166009.68,100353.77,173541.1,124342.35,109162.81,1078900.7,21162.84,18163.49,135141.91,294980.99,129.25,1319989.16,4880796.5,34699.75,741022.69,670432.17,43071.84,54882.27
Scenario 2,993,4,Strong Growth (FOMO),93,TRADING,129582.72,1473029.37,129619.78,252821.04,655931.01,679795.41,155776.49,479729.15,702149.26,997967.57,444214.59,284580.32,2274034.51,28900.74,381159.95,45126.45,348271.66,328035.84,325139.2,45119.03,105937.41,444087.59,381375.12,394249.09,86068.78,134455.59,151132.61,196935.8,102481.94,147953.04,132351.15,117782.3,165965.4,100389.54,173723.98,124612.79,109297.39,1075816.09,21118.67,18162.08,134875.68,294971.36,129.57,1320010.11,4879283.17,34713.92,740112.55,672301.34,43138.77,54803.37
Scenario 2,994,4,Strong Growth (FOMO),94,TRADING,129332.9,1474834.21,129885.19,252417.92,657718.17,680951.44,156063.63,479705.86,701707.75,996728.98,443808.28,284595.58,2279541.17,28991.7,381845.74,45171.59,348064.34,328035.84,325247.96,45113.08,106037.01,444138.01,381308.85,393959.48,86063.6,134461.31,151146.61,196956.4,102279.21,148255.07,132619.38,117917.81,165991.74,100227.27,173866.78,124843.75,109415.99,1072401.98,21077.6,18169.95,134787.71,295088.1,129.93,1320490.46,4874298.16,34722.91,738784.68,674222.53,43218.85,54729.67
Scenario 2,995,4,Strong Growth (FOMO),95,TRADING,129194.51,1477351.97,130082.37,252086.17,659863.01,682016.21,156339.82,479957.74,701727.95,995820.34,443567.47,284522.1,2285650.89,29073.45,382538.0,45248.95,347448.82,328640.71,325236.85,45089.41,106308.95,444079.36,381263.43,393998.01,86213.23,134472.6,151185.9,197066.13,102249.64,148559.61,132799.66,118033.93,166030.21,100164.54,174090.83,125024.97,109512.93,1068744.41,21033.21,18150.1,134602.86,295010.78,130.45,1320238.88,4876578.59,34717.18,737485.24,676108.17,43280.15,54663.23
Scenario 2,996,4,Strong Growth (FOMO),96,TRADING,128953.49,1479477.88,130352.36,251831.4,661652.03,683826.51,156664.54,480184.3,701546.0,994762.47,443396.14,284511.55,2291251.71,29169.14,382844.31,45354.21,347357.57,329495.73,325313.48,45094.31,106516.91,444008.87,381353.04,394090.17,86315.63,134512.09,151257.02,197028.46,102299.06,148874.19,132983.01,118134.33,166042.0,100114.06,174335.06,125472.21,109703.25,1066112.13,20997.07,18140.09,134365.58,294974.75,130.71,1320317.66,4874600.95,34689.12,735884.15,677691.04,43397.0,54571.9
Scenario 2,997,4,Strong Growth (FOMO),97,TRADING,128743.13,1481445.94,130678.48,251392.7,663499.72,684903.43,156912.66,480453.33,701320.1,992995.26,443491.37,284468.75,2297558.89,29232.06,383377.32,45430.38,347179.52,330324.15,325328.45,45102.63,106840.05,443976.13,381439.78,394147.16,86419.2,134501.66,151321.16,197050.8,102291.06,149313.5,133228.2,118269.88,166116.06,100060.53,174655.12,125620.58,109837.99,1063536.03,20975.38,18134.92,134295.99,294984.17,130.89,1319745.07,4879815.65,34703.81,734662.58,679669.14,43482.45,54504.45
Scenario 2,998,4,Strong Growth (FOMO),98,TRADING,128523.15,1483044.85,131048.91,250887.19,665203.79,686333.84,157135.35,480773.46,700850.26,992365.01,443833.61,284413.53,2303158.48,29309.0,383944.3,45520.32,346819.34,330925.75,325319.77,45115.29,107078.07,443934.6,381323.21,394201.58,86462.21,134506.97,151296.54,196987.81,102240.89,149560.69,133343.87,118549.64,166030.56,100077.84,174819.94,125959.01,109951.87,1060782.14,20956.51,18123.48,134246.48,295077.42,131.23,1319968.02,4881804.52,34691.08,733312.82,681125.73,43592.45,54385.22
Scenario 2,999,4,Strong Growth (FOMO),99,TRADING,128334.1,1485586.26,131340.73,250561.14,667159.85,688770.08,157365.42,480678.42,700693.24,993072.25,443492.53,284358.99,2309301.31,29388.59,384440.07,45572.68,346365.88,331782.24,325290.38,45109.21,107324.0,443784.35,381119.02,394128.49,86659.32,134474.52,151360.62,196964.2,102146.77,149736.02,133656.25,118874.91,166007.45,99989.99,174940.9,126347.79,110102.56,1057376.22,20941.04,18110.95,134118.26,295167.65,131.42,1320113.07,4881759.17,34667.13,732731.81,682807.93,43679.87,54306.07
Scenario 2,1000,4,Strong Growth (FOMO),100,TRADING,128177.62,1488586.94,131597.2,249966.44,668906.68,689954.12,157646.66,480991.17,700239.32,992369.01,443323.96,284368.47,2314843.45,29460.77,385110.4,45656.96,346337.79,332475.77,325217.65,45094.07,107576.04,443899.62,381219.17,394110.64,86778.31,134524.72,151346.13,196943.26,102073.47,150101.36,134072.86,119042.48,166005.52,99854.38,175090.08,126567.71,110273.87,1054235.81,20899.78,18091.11,133902.57,295283.75,131.83,1320530.13,4879026.02,34658.82,731179.68,684675.13,43723.79,54249.23
Scenario 2,1001,4,Strong Growth (FOMO),101,TRADING,127999.56,1490007.87,131918.82,249497.39,670268.6,689382.27,157945.06,480949.26,699816.97,991961.34,443095.7,284336.81,2319869.22,29533.2,385788.23,45727.08,345813.9,333352.16,325336.09,45065.35,107866.21,444106.71,381159.32,393898.99,86943.71,134498.79,151358.81,196849.51,101898.54,150384.76,134246.62,119369.68,166086.57,99866.59,175317.82,126864.75,110357.95,1051909.85,20877.19,18091.28,133759.1,295241.45,132.13,1320513.9,4880692.1,34642.4,730334.93,686489.05,43784.63,54244.01
Scenario 2,1002,4,Strong Growth (FOMO),102,TRADING,127787.71,1491599.75,132095.31,249142.25,671733.58,691123.25,158129.97,481535.39,700003.12,991561.6,443023.93,284289.36,2326797.57,29604.86,386032.12,45780.28,345442.2,334362.11,325505.73,45059.15,108045.9,444190.99,381123.13,393935.49,87062.82,134516.61,151329.43,196876.35,101775.82,150609.79,134477.18,119626.04,166089.45,99842.92,175535.67,127190.48,110517.26,1048605.86,20823.22,18087.47,133604.98,295278.37,132.45,1320365.65,4883659.82,34635.75,728188.09,688144.68,43810.28,54216.52
Scenario 2,1003,4,Strong Growth (FOMO),103,TRADING,127530.24,1494237.01,132503.9,248726.51,673830.5,692600.64,158394.32,481876.94,699154.99,991210.9,442885.88,284272.71,2332142.58,29684.27,386389.06,45822.33,345078.74,334925.18,325309.74,45054.01,108261.44,444211.56,381028.22,393999.85,87225.09,134528.81,151382.71,196909.98,101681.44,150953.45,134825.25,119839.98,166076.72,99867.43,175763.11,127474.97,110740.0,1045159.76,20801.63,18080.15,133526.24,295211.19,132.63,1320653.1,4890891.82,34634.82,726607.29,690129.76,43870.81,54117.93
Scenario 2,1004,4,Strong Growth (FOMO),104,TRADING,127327.32,1495752.76,132788.47,248286.31,675355.16,692544.18,158663.22,482183.57,698590.9,991032.15,442286.15,284240.11,2337080.76,29749.78,386642.05,45939.11,344867.84,335581.64,325346.72,45049.58,108566.39,444322.1,380854.77,394185.16,87294.79,134516.44,151375.11,196904.9,101523.92,151132.45,135120.56,120184.93,166122.21,99812.52,175933.9,127781.88,110882.32,1042143.43,20756.91,18055.34,133608.65,295266.42,132.73,1320534.53,4891998.6,34632.63,725199.57,692277.1,43921.7,54008.95
Scenario 2,1005,4,Strong Growth (FOMO),105,TRADING,127064.02,1498014.36,132989.08,247912.85,677071.45,693801.84,158975.02,482596.68,698349.1,989770.57,441857.58,284209.92,2343389.76,29818.72,387281.94,46044.36,344790.18,336313.39,325449.31,45058.79,108763.07,444313.24,380985.72,394124.24,87339.49,134519.75,151454.07,196823.77,101383.66,151257.43,135354.12,120455.38,166086.9,99706.63,176260.91,128040.31,111096.53,1039141.64,20715.66,18037.62,133648.21,295421.92,133.0,1319962.33,4894850.56,34635.22,723944.25,694078.39,43999.7,53940.62
Scenario 2,1006,4,Strong Growth (FOMO),106,TRADING,126914.3,1498946.22,133188.78,247460.31,678594.8,695157.36,159335.25,482908.93,697525.31,990360.04,441487.38,284137.33,2348517.62,29911.75,387987.86,46177.93,344091.21,337004.95,325437.73,45060.59,108833.68,444339.62,381051.74,394266.28,87518.1,134600.4,151525.04,196761.33,101186.29,151639.05,135693.89,120627.08,166118.01,99599.71,176369.71,128304.29,111254.15,1035532.79,20682.5,18031.43,133540.96,295476.65,133.15,1319930.05,4892531.16,34635.96,722943.24,696100.55,44095.39,53862.98
Scenario 2,1007,4,Strong Growth (FOMO),107,TRADING,126720.76,1500736.59,133481.93,247020.27,680614.9,695814.36,159564.33,482970.31,697390.52,989201.68,441815.27,284142.59,2354760.6,29998.42,388361.71,46217.98,343805.0,337718.19,325573.31,45034.11,109007.99,444617.56,380998.82,394194.63,87660.46,134624.36,151567.52,196761.77,101038.26,152055.29,135899.45,120847.9,166082.7,99568.86,176516.71,128522.87,111346.62,1032415.76,20662.56,18037.9,133372.25,295441.47,133.48,1319590.7,4893032.86,34641.31,721793.46,698208.48,44154.66,53793.97
Scenario 2,1008,4,Strong Growth (FOMO),108,TRADING,126528.37,1502295.55,133768.31,246744.6,682477.46,696832.59,159808.15,483110.05,697092.1,988436.64,441710.17,284197.32,2360175.89,30089.2,388782.76,46288.38,344106.88,338493.41,325608.98,45038.93,109354.09,444713.78,380971.55,394472.22,87753.07,134617.48,151620.54,196799.36,100905.64,152403.7,136065.97,121264.91,166117.19,99554.24,176785.66,128687.95,111512.35,1029948.66,20629.86,18033.41,132944.66,295415.89,133.62,1319392.19,4891801.69,34638.42,719058.68,700548.72,44218.36,53681.56
Scenario 2,1009,4,Strong Growth (FOMO),109,TRADING,126367.87,1504001.95,134143.29,246260.68,684066.84,697223.14,160061.34,483415.94,696457.68,987118.17,441590.24,284276.14,2366605.6,30162.41,389481.99,46378.6,343577.12,339205.47,325641.68,45038.86,109630.02,444729.49,380940.45,394427.39,87798.45,134618.06,151621.14,196832.21,100782.44,152737.12,136339.05,121517.59,166086.18,99393.46,177076.32,128991.29,111634.87,1026736.88,20595.09,18035.98,132518.21,295402.68,133.98,1319019.07,4898725.89,34629.01,717652.85,702032.91,44294.74,53584.76
Scenario 2,1010,4,Strong Growth (FOMO),110,TRADING,126135.68,1505263.97,134425.54,245838.05,685729.84,697586.5,160316.04,483822.45,696366.48,987101.85,441216.15,284225.01,2371668.5,30245.58,390363.99,46451.65,343256.29,339962.85,325411.46,45038.93,109784.68,444362.01,380944.62,394275.28,87821.9,134611.72,151606.32,196730.57,100727.93,153139.84,136682.22,121811.54,166161.91,99391.35,177215.3,129225.9,111806.87,1023433.05,20556.68,18019.22,132366.58,295362.56,134.24,1318886.33,4900361.62,34624.3,715964.59,703414.59,44332.68,53494.58
Scenario 2,1011,4,Strong Growth (FOMO),111,TRADING,125916.82,1508017.08,134668.96,245384.84,687524.52,698360.13,160556.2,484375.01,696532.96,988577.17,441256.45,284149.96,2376902.96,30312.3,390455.01,46527.12,343081.94,340577.23,325446.9,45064.71,110111.92,444426.24,381176.76,394282.7,87993.14,134579.02,151594.73,196701.87,100623.05,153406.01,136855.58,122140.88,166150.57,99404.58,177336.38,129682.69,111887.56,1020105.29,20504.42,18022.72,132394.66,295507.38,134.53,1319005.24,4902482.41,34613.27,714271.57,704714.45,44447.14,53375.22
Scenario 2,1012,4,Strong Growth (FOMO),112,TRADING,125722.07,1509687.53,134928.66,244978.48,689317.27,700665.18,160802.53,484652.44,696450.65,987542.09,440538.34,284098.57,2381182.99,30376.6,391079.96,46637.4,342476.27,341299.14,325476.53,45104.1,110284.45,444403.49,381137.43,394284.37,88187.88,134528.5,151596.27,196568.2,100562.42,153746.63,136985.69,122316.52,166211.32,99428.86,177531.44,129981.79,112018.87,1017387.64,20487.94,18002.3,132189.89,295556.02,134.66,1318439.05,4908679.28,34621.38,713019.92,706553.09,44518.51,53275.24
Scenario 2,1013,4,Strong Growth (FOMO),113,TRADING,125484.77,1511545.04,135220.03,244811.02,691591.21,702261.15,161051.05,485291.21,695206.21,986156.5,440757.8,284153.84,2386006.27,30450.87,392069.06,46728.49,342279.47,341940.67,325472.07,45079.28,110519.78,444401.51,381270.01,394237.43,88276.55,134527.12,151543.78,196580.4,100413.43,154046.1,137096.21,122471.78,166241.85,99334.01,177809.4,130340.13,112111.89,1014018.49,20445.8,17991.85,131857.45,295682.05,135.05,1319086.56,4908259.12,34618.81,711187.27,708394.81,44601.58,53266.77
Scenario 2,1014,4,Strong Growth (FOMO),114,TRADING,125247.87,1514458.77,135451.15,244464.52,693739.95,702573.41,161308.07,485886.53,695578.74,985436.91,440959.09,284165.75,2391603.14,30539.78,392503.18,46770.11,341966.13,342692.44,325472.34,45071.37,110735.84,444245.93,381293.43,393984.32,88336.49,134487.17,151545.75,196585.82,100345.87,154226.6,137467.94,122813.18,166309.0,99293.2,178030.22,130606.2,112251.79,1011241.15,20400.51,17988.38,131885.12,295800.01,135.37,1318708.97,4907064.99,34612.7,709790.61,710001.66,44652.73,53176.94
Scenario 2,1015,4,Strong Growth (FOMO),115,TRADING,125023.08,1516199.84,135738.28,244169.01,694886.72,702373.73,161576.55,486018.96,695226.0,985308.14,440763.0,284116.38,2396639.82,30624.61,393348.04,46828.23,341741.05,343261.29,325420.28,45071.98,110921.67,444151.3,381180.84,393913.21,88402.14,134469.84,151572.44,196582.47,100280.51,154513.67,137544.23,123067.38,166288.45,99216.8,178282.09,130833.4,112372.24,1007675.08,20378.16,17966.19,131906.5,295783.91,135.54,1318392.72,4907640.09,34614.09,707722.37,711440.04,44734.42,53128.53
Scenario 2,1016,4,Strong Growth (FOMO),116,TRADING,124813.78,1517950.91,135950.49,243902.89,696692.45,704392.03,161770.91,486023.05,695052.1,985177.43,440636.83,284153.43,2403299.59,30719.4,393768.31,46897.44,341719.08,344014.06,325401.56,45078.79,111206.53,444190.88,381062.2,394071.18,88456.94,134464.85,151567.32,196555.61,100155.96,154692.16,137831.65,123327.6,166241.26,99254.26,178519.35,131123.65,112530.68,1004734.86,20332.14,17998.59,131835.61,295792.76,135.9,1318475.94,4909174.31,34616.54,705508.85,713155.08,44794.92,53002.55
Scenario 2,1017,4,Strong Growth (FOMO),117,TRADING,124566.07,1520359.39,136210.77,243709.01,699137.64,706154.34,161966.76,486149.72,695037.38,984447.34,440690.64,284122.22,2410992.01,30781.5,394278.86,46986.79,341615.77,344442.68,325459.56,45095.24,111474.72,444254.74,381019.7,394140.13,88610.16,134424.95,151576.86,196559.01,100006.06,155038.65,138084.29,123638.39,166268.5,99242.48,178862.81,131571.9,112731.47,1001248.1,20290.37,17990.43,131526.48,295939.76,136.08,1318717.84,4906151.98,34622.09,704751.11,714577.7,44861.34,52925.79
Scenario 2,1018,4,Strong Growth (FOMO),118,TRADING,124374.55,1520880.52,136285.75,243233.06,700858.68,706771.11,162143.45,486476.47,694827.48,983466.13,440998.4,284125.86,2416641.42,30873.46,394528.35,47109.16,340871.08,344994.42,325432.27,45081.5,111750.37,444396.38,381271.82,393852.12,88761.66,134453.1,151576.15,196485.31,99871.62,155267.52,138342.27,123839.68,166277.05,99175.22,179225.88,131622.01,112954.23,998357.16,20241.04,17986.01,131318.12,295976.63,136.28,1318636.62,4905194.48,34630.49,702972.47,716361.27,44945.46,52848.7
Scenario 2,1019,4,Strong Growth (FOMO),119,TRADING,124140.21,1522575.06,136592.58,242735.07,702877.84,707922.77,162408.93,486516.1,694464.03,984013.28,440810.71,284126.96,2423304.61,30952.88,395385.9,47207.0,340294.63,345572.72,325480.6,45072.85,112122.97,444504.74,381161.29,393578.53,88799.1,134482.9,151560.34,196494.85,99753.43,155712.0,138346.47,124103.45,166300.83,99163.28,179459.08,131746.5,113089.32,995571.2,20206.45,17969.07,131003.76,296091.38,136.53,1318389.55,4904480.17,34624.2,702624.36,718168.78,45019.63,52737.12
Scenario 2,1020,4,Strong Growth (FOMO),120,TRADING,123949.42,1524066.02,136870.5,242416.75,705153.75,710138.43,162619.09,486631.04,693604.01,983403.24,440532.12,284121.3,2429934.41,31036.86,395831.57,47315.65,340344.2,345936.62,325458.68,45063.74,112390.94,444567.57,380952.43,393496.25,89029.25,134440.66,151571.08,196451.14,99675.34,155675.87,138572.39,124241.66,166249.23,99166.17,179756.23,132016.98,113296.08,992284.11,20192.63,17928.21,130832.96,296168.38,136.82,1318227.36,4903004.62,34625.84,701133.4,719667.41,45089.45,52646.12
Scenario 2,1021,4,Strong Growth (FOMO),121,TRADING,123737.06,1526976.09,137108.61,241868.49,707384.57,710509.03,162942.97,486693.21,692966.54,982849.95,440218.0,284101.05,2437286.66,31100.13,396704.62,47386.29,340207.91,346318.74,325544.57,45039.8,112630.25,444564.6,380962.57,393311.95,89159.04,134443.32,151552.99,196454.97,99586.91,156054.65,138725.18,124556.33,166325.95,99184.34,179953.29,132275.6,113498.63,989164.19,20144.82,17936.37,130793.41,296214.94,137.03,1318218.8,4898314.07,34621.52,700197.62,721733.97,45175.93,52600.63
Scenario 2,1022,4,Strong Growth (FOMO),122,TRADING,123578.62,1528832.28,137403.67,241469.64,709190.53,710286.78,163111.79,486761.56,692037.35,981993.19,440207.65,284129.39,2440997.9,31196.27,397265.98,47464.26,340002.69,346994.48,325604.53,45043.32,112813.35,444516.9,380863.86,393265.25,89364.58,134430.12,151555.74,196446.65,99620.33,156377.07,138895.24,124826.1,166347.55,99239.66,180146.74,132357.93,113555.07,986424.14,20118.9,17913.45,130507.35,296181.05,137.4,1318211.7,4894804.32,34625.68,697923.03,723663.92,45212.22,52565.6
Scenario 2,1023,4,Strong Growth (FOMO),123,TRADING,123414.81,1529756.96,137608.58,241095.82,711389.74,711514.27,163315.82,486920.35,691397.39,980011.98,440044.22,284087.28,2447619.9,31295.54,397727.11,47594.03,340092.54,347607.4,325665.15,45043.15,113047.92,444504.49,381020.43,393046.98,89497.99,134466.04,151634.47,196433.12,99500.14,156714.23,139072.36,124929.07,166380.11,99413.12,180373.16,132704.33,113816.59,982754.88,20091.94,17892.95,130297.7,296067.43,137.59,1317958.22,4895358.33,34607.18,697762.17,725443.1,45332.16,52489.61
Scenario 2,1024,4,Strong Growth (FOMO),124,TRADING,123218.84,1532473.82,137866.74,240801.06,713608.71,712309.9,163582.47,487147.49,691305.33,978551.0,440260.82,284105.63,2453390.93,31371.07,398566.51,47653.15,340537.97,348295.67,325551.06,45047.21,113365.98,444434.02,380918.25,392878.49,89553.6,134480.8,151657.41,196460.55,99385.88,157069.11,139364.39,125146.54,166381.67,99372.25,180680.03,132989.34,113995.17,979389.47,20042.17,17870.92,129956.62,296223.29,138.0,1318178.94,4892394.9,34619.08,696631.69,728197.63,45391.29,52358.22
Scenario 2,1025,4,Strong Growth (FOMO),125,TRADING,123041.39,1534901.07,138083.7,240409.45,715487.16,713088.65,163777.89,487098.12,691404.73,979433.39,439900.72,284087.9,2459862.69,31445.48,399278.92,47767.25,339820.05,348884.66,325644.29,45050.65,113536.45,444391.6,380986.58,393111.18,89705.76,134508.85,151637.72,196481.46,99169.42,157469.35,139505.22,125368.94,166351.96,99325.42,180958.52,133209.04,114118.23,975996.36,20012.15,17880.8,129841.67,296268.56,138.4,1318165.35,4889431.25,34619.24,695606.27,730139.79,45457.49,52213.77
Scenario 2,1026,4,Strong Growth (FOMO),126,TRADING,122786.14,1537191.71,138520.84,239801.25,717208.04,714628.13,163980.12,487395.41,689746.41,979559.41,439614.41,284052.12,2464179.77,31507.3,399686.64,47884.94,339347.5,349508.05,325576.94,45027.11,113696.28,444548.99,381146.15,392985.06,89800.51,134549.71,151648.37,196522.47,99039.28,157762.77,139626.43,125506.88,166369.23,99259.74,181034.41,133381.94,114203.8,972560.58,19962.13,17875.17,129551.11,296238.57,138.7,1318131.86,4893111.57,34591.76,693944.38,731722.21,45589.78,52122.12
Scenario 2,1027,4,Strong Growth (FOMO),127,TRADING,122572.66,1539158.89,138900.41,239283.73,719140.96,714840.62,164221.86,487731.21,689705.01,978541.34,439631.8,283959.47,2470844.78,31575.61,400345.4,47955.6,339033.43,350101.65,325640.13,45017.97,113812.87,444555.84,381179.65,392950.45,89883.03,134541.29,151665.12,196497.98,99032.4,158050.46,139941.33,125656.98,166387.28,99261.57,181287.45,133808.03,114343.49,969388.1,19925.37,17870.12,129464.6,296220.47,139.15,1318034.93,4894949.22,34596.77,692024.89,733912.43,45710.53,52014.37
Scenario 2,1028,4,Strong Growth (FOMO),128,TRADING,122386.36,1541364.74,139054.51,238776.23,721163.13,716680.42,164422.61,487739.05,689743.26,978012.44,439401.74,283950.64,2476515.82,31682.53,401221.51,48064.88,338993.62,351049.8,325817.38,45035.17,113998.92,444373.74,381106.5,393052.14,89929.83,134584.28,151714.28,196474.87,98899.98,158268.39,140291.18,125863.86,166479.26,99313.63,181480.89,134035.02,114455.76,966180.37,19883.3,17868.19,129068.4,296379.95,139.25,1318297.62,4900614.68,34607.58,690343.27,736041.9,45809.04,51855.77
Scenario 2,1029,4,Strong Growth (FOMO),129,TRADING,122142.5,1543429.64,139321.73,238572.44,722783.62,716623.59,164725.9,488209.25,689792.23,977081.22,439042.47,283975.65,2481959.26,31770.87,401576.5,48145.54,339116.51,351420.24,325655.68,45005.53,114324.77,444412.06,380918.17,392925.19,90164.96,134589.49,151679.54,196349.36,98758.73,158830.93,140347.06,126074.34,166508.61,99243.21,181624.91,134202.68,114507.91,963288.18,19852.14,17873.47,128803.64,296390.37,139.64,1318448.17,4899195.45,34600.95,689211.57,737189.51,45859.63,51808.49
Scenario 2,1030,4,Strong Growth (FOMO),130,TRADING,121924.83,1545308.36,139490.55,237948.0,724864.78,717005.28,164912.23,488458.46,689424.9,977030.99,439072.71,283918.55,2488549.58,31864.56,401734.8,48198.67,339439.71,351911.71,325539.9,45006.31,114570.57,444515.49,381025.2,392934.67,90149.65,134556.08,151741.47,196298.64,98663.81,159348.14,140520.11,126416.31,166548.69,99171.32,181770.41,134521.69,114653.23,961397.71,19813.69,17847.84,128859.45,296374.45,139.93,1318640.22,4900517.15,34581.31,687962.52,739820.18,45946.29,51755.61
Scenario 2,1031,4,Strong Growth (FOMO),131,TRADING,121790.35,1546704.93,139479.92,237607.7,726896.9,718733.78,165144.76,489043.81,689964.77,976803.95,438959.53,283900.29,2493420.46,31978.5,402313.9,48276.72,339560.09,352590.41,325611.71,45028.01,114741.17,444497.16,380964.57,393060.29,90330.29,134551.65,151790.47,196306.04,98505.59,159656.64,140711.44,126597.23,166571.2,99265.42,181872.41,134861.59,114808.22,959233.44,19790.23,17818.83,128821.28,296259.56,140.11,1318659.41,4904262.07,34556.39,686485.21,741767.79,46060.3,51681.84
Scenario 2,1032,4,Strong Growth (FOMO),132,TRADING,121573.31,1548312.41,139563.27,237217.2,728721.14,719388.92,165490.65,489455.57,689622.58,976489.77,438832.02,283865.18,2499491.27,32047.53,402658.77,48370.28,339955.18,353199.31,325503.1,45049.09,114920.77,444491.8,380853.12,393032.05,90410.58,134559.2,151797.99,196238.96,98376.37,159803.55,140844.81,126691.16,166616.13,99270.13,182185.85,135201.21,115011.78,958588.48,19751.4,17798.61,128586.49,296230.33,140.46,1318871.24,4906922.46,34542.14,685604.43,743132.73,46171.34,51607.74
Scenario 2,1033,4,Strong Growth (FOMO),133,TRADING,121348.06,1549048.94,139768.77,236580.5,730495.57,719491.84,165710.93,489353.58,689347.67,975747.36,438766.76,283876.34,2504356.77,32128.43,403011.18,48483.58,340297.8,354003.97,325502.23,45040.82,115057.01,444560.0,381033.06,393021.61,90559.47,134590.9,151843.05,196178.25,98311.54,160322.62,141043.23,126916.98,166550.42,99303.32,182452.1,135559.03,115117.5,958588.48,19701.62,17795.53,128351.68,296245.84,140.89,1318678.12,4901044.15,34536.6,684663.51,745327.84,46247.03,51520.31
Scenario 2,1034,4,Strong Growth (FOMO),134,TRADING,121134.91,1550642.4,139973.67,236160.86,733165.4,721038.76,165926.85,489432.73,688978.08,973565.71,438695.82,283895.1,2510087.09,32206.78,403481.3,48581.32,340523.4,354767.88,325435.81,45025.72,115345.75,444664.83,381154.94,393010.4,90598.44,134578.95,151873.6,196119.18,98193.77,160564.58,141173.75,127149.67,166624.76,99185.64,182664.69,135884.91,115172.2,959361.45,19673.11,17803.12,128158.97,296254.27,141.13,1318546.77,4902683.41,34543.11,684507.37,747104.16,46367.59,51426.51
Scenario 2,1035,4,Strong Growth (FOMO),135,TRADING,120849.31,1551930.56,140225.14,235544.7,734810.57,722071.45,166159.23,489464.94,688519.84,971945.37,438568.21,283832.19,2515592.77,32278.44,403948.43,48672.91,340079.81,355582.98,325342.05,45043.71,115655.1,444707.54,381237.29,392958.25,90719.79,134599.12,151885.87,196049.16,98127.55,160639.69,141455.51,127351.46,166616.45,99095.0,182873.38,136147.47,115342.4,961186.54,19647.9,17811.02,127860.69,296307.16,141.41,1318559.04,4908874.99,34555.87,683314.51,749244.01,46455.88,51361.52
Scenario 2,1036,4,Strong Growth (FOMO),136,TRADING,120679.07,1554402.31,140394.79,235255.07,736952.15,722885.21,166476.61,489737.76,688363.58,971217.13,437836.14,283815.93,2520589.77,32376.76,404282.08,48757.44,340010.45,356330.66,325145.49,45019.81,115814.51,444780.85,381164.3,392927.5,90741.53,134581.98,151911.96,196046.24,98130.07,160857.07,141770.5,127557.21,166596.48,99097.97,183015.67,136384.76,115474.44,962486.23,19610.09,17804.84,127748.94,296151.74,141.64,1319338.12,4910219.19,34563.8,682441.43,751069.12,46494.01,51323.91
Scenario 2,1037,4,Strong Growth (FOMO),137,TRADING,120474.71,1556870.89,140527.64,234860.4,738694.27,723300.04,166733.92,490039.49,687892.92,969109.11,437164.16,283816.31,2526325.74,32441.18,404729.42,48866.37,339448.97,357018.04,325009.96,45005.9,115987.61,444901.1,381256.71,393005.92,91006.14,134590.49,151921.57,196059.88,98012.46,161304.51,141883.06,127727.65,166491.04,99148.84,183231.83,136592.24,115576.23,964027.59,19578.4,17784.14,127484.65,296157.45,142.04,1319591.75,4912257.94,34560.84,682290.5,752364.96,46568.49,51275.89
Scenario 2,1038,4,Strong Growth (FOMO),138,TRADING,120301.59,1558937.7,140785.26,234599.45,740824.01,724500.18,166957.53,489969.27,687649.22,967882.6,436959.53,283835.26,2530717.48,32488.48,404957.07,48914.81,339248.92,357644.75,324996.7,44997.39,116177.93,445068.13,381389.47,392954.93,91039.42,134601.57,151917.93,195990.52,97938.41,161756.55,142140.18,127967.19,166536.22,99168.33,183370.62,137014.04,115635.03,965764.94,19542.06,17799.7,127340.23,296148.53,142.39,1319789.14,4909424.21,34573.86,681636.79,754562.67,46635.76,51251.52
Scenario 2,1039,4,Strong Growth (FOMO),139,TRADING,120078.57,1561500.26,141053.7,234278.4,742471.45,725783.44,167201.87,490043.93,687772.03,967028.88,436461.3,283827.79,2537202.16,32586.17,405796.54,49019.32,339021.12,358158.01,325006.81,44995.13,116396.69,445032.58,381422.95,393111.76,91218.29,134580.43,151950.74,196034.76,97782.1,162111.69,142656.2,128162.74,166543.57,99082.38,183646.62,137234.79,115799.79,967229.54,19505.88,17778.42,127470.32,296219.1,142.85,1319593.28,4913329.31,34592.21,680503.35,756429.91,46700.95,51183.08
Scenario 2,1040,4,Strong Growth (FOMO),140,TRADING,119880.86,1563465.89,141274.54,233957.6,744233.18,727128.53,167426.86,490212.81,687227.88,966515.14,436363.79,283810.01,2543990.73,32702.47,406400.49,49088.44,339156.82,358637.36,324843.63,45019.69,116657.16,444829.06,381377.7,393005.98,91417.16,134634.75,151934.84,195976.79,97724.56,162408.79,142752.36,128361.62,166535.3,99086.68,183896.9,137515.04,115979.25,968588.21,19486.91,17775.57,127180.52,296134.55,142.88,1318998.32,4910141.16,34597.69,678078.12,758279.8,46784.11,51144.44
Scenario 2,1041,4,Strong Growth (FOMO),141,TRADING,119655.06,1565443.79,141484.32,233608.16,746343.15,728084.19,167729.75,490214.25,688006.55,966009.93,436473.38,283821.08,2549986.91,32776.85,406731.46,49146.72,339213.22,359437.04,324795.92,45011.59,116835.96,444804.19,381565.81,393077.67,91551.55,134621.51,151915.25,196025.22,97624.03,162740.15,142860.89,128643.78,166549.98,99136.93,184009.65,137857.88,116199.55,970752.44,19447.02,17744.0,126907.29,296241.26,142.94,1318842.12,4913550.1,34590.54,677780.37,759972.02,46807.15,51097.93
Scenario 2,1042,4,Strong Growth (FOMO),142,TRADING,119428.52,1566997.93,141596.36,233164.81,748407.65,728925.3,168000.55,490652.88,688299.5,965986.41,436306.72,283747.34,2554689.85,32846.94,407398.66,49220.95,338369.43,359898.5,324750.66,45000.38,117145.14,444742.06,381535.16,392974.71,91589.23,134619.64,151906.98,196009.12,97465.64,162934.22,143039.76,128915.88,166543.05,99062.15,184249.49,137919.65,116343.09,972310.07,19414.34,17731.19,126679.18,296308.47,143.19,1318731.48,4910666.65,34579.97,676858.69,761910.83,46870.16,51105.67
Scenario 2,1043,4,Strong Growth (FOMO),143,TRADING,119204.52,1569727.18,141771.76,232731.82,750327.32,729919.44,168221.57,491328.13,688343.46,966672.28,436058.1,283761.83,2560538.72,32921.28,407782.86,49320.63,338188.72,360666.3,324522.82,44993.21,117386.0,444669.54,381624.31,392992.99,91790.51,134657.85,151927.4,196078.68,97400.21,163108.75,143144.61,129061.78,166551.11,99057.84,184465.83,138209.91,116539.83,974183.26,19385.9,17705.08,126559.12,296390.65,143.55,1318468.06,4912849.12,34578.51,676124.39,763580.86,46916.36,50975.61
Scenario 2,1044,4,Strong Growth (FOMO),144,TRADING,118980.66,1571883.64,142036.9,232417.05,752650.15,730846.63,168499.88,491409.88,688348.88,967491.2,435749.04,283822.18,2565900.31,32996.63,408288.41,49419.66,338219.76,361503.17,324406.01,44981.82,117650.41,444571.85,381575.72,393055.67,91912.26,134609.9,151978.29,196061.72,97255.74,163483.05,143312.11,129384.84,166535.23,99055.94,184787.44,138460.98,116598.03,975695.0,19358.3,17677.87,126303.19,296407.4,143.79,1318519.5,4914412.96,34589.46,674903.84,765276.29,46981.13,50904.21
Scenario 2,1045,4,Strong Growth (FOMO),145,TRADING,118737.46,1574621.09,142073.61,231916.38,753655.78,731430.91,168847.2,491623.1,687953.59,967447.17,435646.21,283798.09,2571638.33,33085.86,408673.03,49510.6,338425.19,361923.96,324310.36,44995.27,117742.21,444526.81,381527.08,393226.14,92071.08,134596.56,152010.4,196070.15,97115.94,163735.8,143571.54,129603.45,166504.91,99089.49,184922.43,138767.18,116786.97,977389.72,19312.32,17666.59,126133.38,296260.69,144.01,1318829.72,4913302.33,34590.83,673045.63,766874.29,47050.62,50730.78
Scenario 2,1046,4,Strong Growth (FOMO),146,TRADING,118504.16,1576290.51,142341.33,231506.43,755438.55,732939.0,169174.9,491655.58,688409.72,965668.54,435476.36,283802.45,2577525.93,33172.46,408910.38,49609.63,339088.08,362512.48,324323.64,45010.37,118054.04,444411.17,381767.11,393249.47,92262.47,134611.76,151992.94,196094.67,96930.57,164070.45,143936.2,129822.86,166520.99,99165.14,185162.43,138999.09,116960.84,978761.42,19266.36,17654.18,125867.61,296215.1,144.33,1318514.68,4913214.04,34603.98,671636.77,768515.45,47080.87,50672.49
Scenario 2,1047,4,Strong Growth (FOMO),147,TRADING,118292.32,1575830.21,142555.07,230980.07,757436.55,733810.36,169423.55,491664.55,689565.84,966423.12,436923.96,283752.93,2583817.92,33253.52,408962.22,49554.69,339025.65,363357.25,324438.39,45018.7,118269.1,444258.53,381886.76,393261.22,92363.96,134658.29,152006.9,196160.05,97038.6,164454.51,143965.22,130134.55,166562.98,99267.36,185237.24,139143.64,116967.6,980393.76,19224.4,17640.31,125671.21,296327.51,144.67,1318745.56,4905656.74,34611.86,670255.73,769845.3,47177.03,50609.37
Scenario 2,1048,4,Strong Growth (FOMO),148,TRADING,118100.38,1574997.19,142682.76,230801.92,758989.77,735400.53,169814.63,491822.47,689568.24,966113.92,438023.36,283753.33,2589706.67,33323.57,408877.29,49493.95,339000.56,363956.66,324477.67,45029.25,118612.6,444147.98,382069.03,393121.39,92503.6,134682.24,151946.55,196090.77,97087.7,164506.13,143797.77,130394.43,166591.8,99284.99,185397.87,139364.82,116970.42,981693.37,19184.86,17628.42,125468.27,296469.73,145.12,1318200.54,4897342.42,34608.51,667672.57,771906.2,47243.36,50521.67
Scenario 2,1049,4,Strong Growth (FOMO),149,TRADING,117878.77,1572820.47,143095.4,230398.79,760655.0,736920.98,170127.62,491770.36,690733.56,964665.7,439087.76,283736.88,2593347.79,33391.92,409087.4,49471.12,338966.5,364532.19,324552.14,45057.94,118971.21,444088.58,382085.52,392958.76,92621.15,134665.06,152016.42,196002.04,97146.19,164881.56,143822.23,130621.05,166630.42,99304.2,185512.98,139594.9,116941.0,983018.3,19159.38,17620.27,125132.97,296468.84,145.27,1318020.65,4893885.3,34614.38,666014.95,773672.36,47325.86,50460.17
Scenario 2,1050,4,Strong Growth (FOMO),150,TRADING,117672.8,1572365.6,143217.44,230075.23,762706.66,738945.13,170360.9,491432.36,690475.26,964276.46,440095.15,283718.93,2598337.14,33472.75,409572.97,49457.42,338943.73,365171.0,324564.79,45072.46,119190.43,443919.79,382069.22,393026.22,92816.1,134649.36,151960.65,196038.79,97211.95,165155.36,143732.92,130760.51,166654.45,99334.92,185910.33,139756.22,116853.77,984659.08,19109.95,17609.85,124969.68,296483.55,145.43,1317732.78,4891239.88,34606.2,665727.07,775954.51,47428.68,50409.73
Scenario 2,1051,4,Strong Growth (FOMO),151,TRADING,117461.43,1571210.18,143359.99,229608.46,765016.56,739637.49,170728.71,490840.6,690664.24,965196.29,441487.48,283750.93,2605344.84,33580.47,409863.69,49439.94,339188.27,365776.23,324574.3,45049.54,119287.35,443747.32,381889.25,393065.61,92977.51,134613.84,151992.85,196045.46,97225.8,165539.73,143512.73,131047.66,166628.84,99314.41,186125.84,139841.11,116883.56,986254.61,19074.33,17597.18,124608.89,296443.4,145.73,1317730.87,4886198.77,34614.66,664651.74,777586.8,47540.63,50318.19
Scenario 2,1052,4,Strong Growth (FOMO),152,TRADING,117233.04,1570217.29,143598.68,229212.27,766876.67,740898.93,170997.03,491026.25,690714.5,964905.87,442224.41,283753.61,2609959.13,33658.04,409979.79,49432.15,338932.12,366344.64,324644.03,45044.56,119441.51,443632.44,381890.82,393305.98,93163.54,134595.95,151967.69,196023.35,97366.8,165963.56,143436.79,131195.13,166597.37,99367.41,186384.62,139990.36,116895.67,987840.65,19037.22,17593.46,124567.79,296421.3,146.13,1317277.34,4880275.0,34628.32,664592.22,779612.98,47604.22,50263.23
Scenario 2,1053,4,Strong Growth (FOMO),153,TRADING,116956.88,1567992.84,143834.02,228845.42,768759.75,741803.1,171328.15,490777.5,691672.4,964650.13,443105.78,283845.83,2615132.4,33731.24,410039.6,49407.93,338954.24,366966.4,324724.46,45027.14,119783.76,443662.6,381664.15,393222.79,93276.53,134585.45,151968.23,195970.72,97467.51,166242.03,143427.07,131411.41,166534.39,99321.72,186603.58,140170.44,116881.05,989808.36,18996.92,17544.83,124183.8,296400.0,146.16,1317509.48,4866543.39,34650.69,664329.57,781659.84,47652.94,50167.21
Scenario 2,1054,4,Strong Growth (FOMO),154,TRADING,116743.32,1565872.55,143989.74,228361.79,770729.87,743405.44,171645.9,490427.49,692590.8,964191.19,444400.19,283933.54,2619660.0,33803.48,409979.55,49396.23,338223.06,367427.77,324595.79,45018.04,120069.15,443727.95,381486.49,393304.58,93527.78,134576.86,151873.78,195941.59,97576.16,166537.86,143424.32,131469.5,166504.26,99433.13,186852.88,140492.14,116920.86,991610.46,18966.69,17515.32,123849.69,296305.05,146.63,1317287.25,4857222.64,34640.21,663691.6,783593.41,47733.51,50077.01
Scenario 2,1055,4,Strong Growth (FOMO),155,TRADING,116524.82,1565937.17,144331.99,228014.58,772171.37,745438.98,171879.3,490151.13,692887.77,962949.99,445300.64,284002.82,2625037.95,33858.89,409957.21,49383.31,338092.35,368320.6,324692.09,44995.84,120339.21,443820.12,381475.43,393167.07,93602.47,134617.55,151810.64,195944.56,97618.27,166800.29,143482.4,131727.91,166496.01,99447.4,187163.0,140718.42,116915.39,993372.02,18926.51,17506.01,123512.81,296402.04,146.88,1317220.49,4847531.02,34638.07,662902.09,785925.96,47832.34,50029.13
Scenario 2,1056,4,Strong Growth (FOMO),156,TRADING,116327.27,1563742.49,144557.58,227762.43,773925.65,745883.69,172133.7,489985.8,693756.59,963836.8,446323.06,283982.19,2629546.05,33925.26,410220.89,49371.14,338078.15,369026.04,324696.2,44969.14,120591.21,444078.67,381633.04,393049.74,93706.14,134638.59,151794.66,195932.08,97657.59,167140.72,143433.37,131854.25,166479.43,99588.47,187349.23,141122.77,116836.72,995276.5,18879.88,17483.41,123558.89,296304.96,146.95,1317106.84,4838174.4,34644.95,661666.73,787835.03,47893.61,49964.0
Scenario 2,1057,4,Strong Growth (FOMO),157,TRADING,116071.23,1562271.01,144578.02,227242.37,775751.0,746945.3,172492.95,490275.24,693969.52,963292.48,447630.96,283990.1,2635014.93,33999.86,410098.96,49350.48,338000.89,369456.72,324950.52,44964.13,120840.91,444235.78,381524.18,392923.59,93743.82,134633.7,151791.1,195913.33,97733.89,167281.97,143591.85,132084.44,166522.61,99775.6,187555.57,141424.57,116875.05,997292.16,18854.72,17463.85,123565.11,296230.16,147.3,1317375.24,4828587.18,34645.14,660586.85,789610.97,47955.17,49868.26
Scenario 2,1058,4,Strong Growth (FOMO),158,TRADING,115860.74,1561138.09,144836.04,226964.5,777504.63,747169.07,172647.56,489943.48,694665.65,963883.82,448569.34,283996.17,2641742.23,34078.93,410316.18,49313.73,337395.06,370417.62,324850.88,44950.22,121009.17,444043.56,381436.07,392710.24,93905.56,134594.87,151742.72,195876.71,97878.98,167449.38,143753.37,132199.06,166603.44,99843.51,187778.1,141586.06,116823.71,999568.81,18819.22,17428.15,123408.35,296157.51,147.74,1317287.59,4819394.81,34654.62,659602.21,791385.78,48022.0,49776.5
Scenario 2,1059,4,Strong Growth (FOMO),159,TRADING,115586.46,1560708.41,145205.74,226672.93,779711.21,748897.84,172905.19,489674.86,695649.14,964905.17,449654.22,284032.54,2648107.43,34154.03,410087.61,49268.7,337143.75,371224.31,324808.56,44916.8,121233.89,444243.1,381447.06,392824.49,94024.64,134646.22,151702.27,195830.99,97973.38,167714.44,143682.6,132356.13,166633.89,99887.57,187984.68,141672.83,116872.7,1001095.09,18802.37,17426.98,123340.49,296118.58,148.04,1317303.06,4812336.45,34655.69,657968.34,793063.01,48116.76,49710.32
Scenario 2,1060,4,Strong Growth (FOMO),160,TRADING,115355.99,1559462.45,145524.52,226260.91,781677.33,749807.38,173240.93,489308.25,696986.17,964725.88,450417.41,284144.91,2653465.35,34256.07,410392.37,49282.14,336968.24,371886.77,324750.85,44914.42,121566.94,444341.23,381480.79,392890.07,94042.77,134689.18,151643.28,195829.33,98086.55,168298.23,143869.58,132639.3,166660.35,99870.24,188177.22,141917.01,116938.41,1002873.37,18769.09,17416.56,122998.41,296095.24,148.37,1317097.86,4810457.88,34668.08,656580.73,795135.33,48208.88,49627.08
Scenario 2,1061,4,Strong Growth (FOMO),161,TRADING,115145.89,1557677.33,145858.47,225784.3,784188.37,751369.6,173469.69,489295.93,697464.0,964414.96,451371.4,284146.69,2658016.75,34334.69,410509.25,49267.92,337008.23,372392.2,324915.14,44899.57,121728.54,444443.02,381333.07,392815.74,94117.39,134654.42,151582.42,195823.61,98152.98,168464.15,143940.98,132935.49,166669.92,99960.32,188417.26,142283.84,116940.58,1004407.94,18745.03,17396.86,123002.68,296051.56,148.64,1317104.27,4804418.48,34677.65,655656.11,797012.47,48312.74,49498.82
Scenario 2,1062,4,Strong Growth (FOMO),162,TRADING,114901.2,1556557.89,145948.34,225362.46,786166.37,753133.87,173875.69,489155.05,697977.71,964107.45,452475.37,284226.58,2664057.7,34399.75,410703.98,49262.08,336999.11,372950.66,324836.96,44894.71,121912.82,444361.26,381392.73,392874.94,94256.66,134656.11,151555.68,195848.86,98215.74,168633.62,144146.12,133136.37,166683.42,99979.07,188571.76,142559.53,116837.06,1006423.1,18715.66,17376.31,122829.01,295994.74,149.07,1317562.0,4799424.98,34695.67,653905.21,798396.75,48396.4,49432.31
Scenario 2,1063,4,Strong Growth (FOMO),163,TRADING,114636.8,1555225.55,146362.16,224699.77,787799.68,754238.07,174177.31,489284.06,698321.61,963606.94,453596.1,284246.43,2669477.54,34484.12,410918.54,49249.58,336580.98,373759.4,324800.5,44906.87,122171.09,444335.55,381267.09,393008.03,94310.37,134634.86,151570.9,195772.46,98304.49,168847.27,144208.58,133338.24,166660.92,100056.02,188916.06,142665.42,116840.25,1007829.49,18691.35,17381.39,122713.69,295852.63,149.18,1317330.15,4791548.37,34690.78,652966.17,800193.6,48480.82,49347.35
Scenario 2,1064,4,Strong Growth (FOMO),164,TRADING,114473.18,1555270.28,146520.83,224318.23,789768.03,755294.62,174490.38,489259.83,698877.3,963922.2,454219.7,284248.96,2673522.17,34552.14,411013.23,49239.46,336300.3,374580.77,324717.34,44878.94,122401.17,444328.43,381460.01,393264.26,94419.81,134651.81,151545.93,195753.09,98405.37,169310.0,144248.7,133517.67,166659.01,100157.43,189206.73,142954.93,116896.42,1009525.79,18663.85,17341.76,122462.24,295919.32,149.28,1317084.4,4783232.6,34705.5,651403.31,802329.75,48564.46,49237.55
Scenario 2,1065,4,Strong Growth (FOMO),165,TRADING,114303.99,1553367.43,146679.55,223924.99,791984.67,755997.25,174729.82,489246.85,699989.91,964417.41,455375.74,284314.83,2678536.66,34642.69,410697.63,49233.47,335786.73,375231.17,324797.11,44880.31,122671.08,444481.23,381429.45,393427.86,94487.23,134663.89,151548.12,195803.17,98530.64,169479.74,144218.71,133753.2,166643.17,100139.6,189391.91,143101.12,116830.24,1010212.99,18632.0,17338.36,122168.71,295767.57,149.59,1317036.15,4772948.2,34710.08,649905.97,804464.92,48619.94,49153.95
Scenario 2,1066,4,Strong Growth (FOMO),166,TRADING,114109.53,1551740.22,147084.1,223460.04,793688.38,757060.8,174943.9,489154.76,700310.94,966158.57,456454.4,284302.41,2684779.6,34751.55,411305.08,49221.56,336013.58,375859.6,324649.56,44883.09,122921.85,444593.19,381307.54,393650.95,94676.23,134663.36,151502.1,195774.03,98653.63,169617.63,144303.56,133970.46,166707.14,100167.27,189592.05,143311.33,116761.82,1011981.56,18605.6,17315.35,121888.58,295648.45,149.68,1317409.94,4763298.15,34716.7,647991.61,805936.6,48684.19,49055.47
Scenario 2,1067,4,Strong Growth (FOMO),167,TRADING,113894.52,1550673.32,147282.55,223045.39,794967.23,757678.66,175283.41,488481.0,700971.19,966360.85,457284.12,284300.3,2690175.22,34798.5,411316.54,49208.4,335681.41,376449.77,324553.1,44915.44,123190.45,444737.11,381222.92,393881.72,94739.26,134655.12,151431.39,195691.76,98821.93,169905.79,144404.62,134105.38,166636.16,100229.4,189771.89,143735.62,116777.12,1012731.23,18579.2,17296.91,121680.66,295642.34,150.24,1317468.56,4758891.53,34724.3,645793.65,806914.69,48767.51,48943.69
Scenario 2,1068,4,Strong Growth (FOMO),168,TRADING,113677.67,1549646.2,147676.0,222596.0,796990.62,758773.78,175590.76,488495.41,701329.83,965627.6,457719.74,284337.44,2696511.71,34896.16,411324.72,49169.97,335108.72,376816.26,324470.87,44928.1,123381.74,444707.32,381161.96,393828.74,94954.35,134586.7,151335.64,195643.26,98929.71,170148.67,144282.94,134330.65,166639.72,100263.95,189938.26,143826.22,116727.86,1015036.55,18540.69,17285.32,121509.14,295648.88,150.73,1317209.23,4755282.06,34726.81,644200.75,808856.07,48854.69,48890.21
Scenario 2,1069,4,Strong Growth (FOMO),169,TRADING,113433.23,1547854.78,148077.35,222147.86,798722.85,760320.71,175889.03,488249.75,702704.4,966666.09,458782.19,284366.07,2701393.25,34995.04,411645.65,49144.17,334805.49,377526.07,324565.58,44918.72,123671.47,444831.3,380981.88,393871.84,95099.86,134570.83,151312.92,195683.5,99010.91,170442.61,144232.25,134526.35,166620.8,100309.11,190180.5,144181.65,116810.62,1017695.4,18500.01,17256.88,121253.4,295668.12,151.0,1317299.86,4747123.8,34727.47,643121.5,810552.32,48926.9,48814.55
Scenario 2,1070,4,Strong Growth (FOMO),170,TRADING,113222.98,1545849.84,148327.14,221757.79,800256.44,762466.95,176241.58,488336.44,703513.88,967263.01,460054.43,284394.26,2707962.45,35058.83,411470.68,49145.71,334723.68,378344.11,324374.85,44922.69,123986.1,444931.4,380838.08,393914.83,95139.95,134567.03,151298.63,195720.11,99157.56,170756.3,144319.69,134780.05,166595.85,100368.27,190538.82,144356.49,116701.28,1018760.22,18467.71,17230.58,121114.72,295705.48,151.41,1317755.89,4739306.25,34726.75,641712.82,813001.15,49038.59,48786.35
Scenario 2,1071,4,Strong Growth (FOMO),171,TRADING,113030.63,1544896.91,148519.4,221203.4,802309.91,763702.64,176554.73,488150.22,704458.58,967254.49,461197.06,284472.29,2712677.95,35120.99,411270.53,49145.92,334547.41,378886.48,324516.63,44917.49,124145.42,444694.43,380816.47,394008.18,95292.24,134516.52,151225.6,195728.4,99141.11,171051.55,144262.08,135178.81,166635.45,100444.51,190817.27,144492.73,116672.99,1020184.69,18444.41,17219.32,121003.47,295679.2,151.68,1317123.52,4738775.09,34733.3,641082.79,815060.47,49128.55,48771.29
Scenario 2,1072,4,Strong Growth (FOMO),172,TRADING,112796.23,1543485.01,148924.35,220855.0,804170.59,765772.13,176836.91,488470.47,705363.8,965746.84,462331.83,284523.65,2719446.28,35205.98,411456.1,49121.88,334281.05,379517.36,324318.36,44915.78,124360.82,444655.14,380570.09,394063.6,95401.0,134486.89,151215.81,195775.19,99235.19,171467.16,144345.95,135220.37,166654.09,100499.56,190973.3,144680.57,116626.57,1022494.22,18405.37,17214.99,120709.05,295717.81,152.08,1316919.8,4725610.59,34738.28,639759.2,817033.36,49227.6,48741.67
Scenario 2,1073,4,Strong Growth (FOMO),173,TRADING,112628.71,1541971.12,149250.91,220481.9,806370.83,767501.34,177093.54,488481.02,706134.2,965285.99,463534.23,284549.49,2725779.9,35319.09,411650.07,49075.22,334271.73,379940.33,324247.73,44906.09,124584.07,444460.59,380703.37,393981.46,95479.01,134496.28,151225.14,195754.81,99308.38,171724.63,144482.71,135287.7,166694.24,100512.13,191138.6,144852.14,116570.8,1024870.96,18382.21,17211.6,120430.68,295747.63,152.41,1317000.82,4720014.85,34740.9,638881.51,818982.43,49327.66,48651.65
Scenario 2,1074,4,Strong Growth (FOMO),174,TRADING,112380.8,1540836.26,149466.33,220097.56,808003.72,769252.26,177378.49,488677.92,706956.8,964975.55,464681.15,284580.29,2733695.27,35401.01,412133.99,49061.22,334305.24,380844.68,324292.55,44902.14,124825.47,444369.09,380904.19,394053.42,95641.3,134475.89,151193.6,195712.9,99365.22,171819.6,144363.4,135532.95,166693.21,100521.5,191426.11,145133.14,116518.26,1026553.64,18341.12,17200.09,120241.09,295707.57,152.81,1316741.76,4714771.55,34738.79,638134.78,820588.02,49364.58,48570.08
Scenario 2,1075,4,Strong Growth (FOMO),175,TRADING,112231.29,1540209.1,149946.71,219698.44,810121.5,771590.35,177649.88,488474.75,708263.62,965305.66,465380.25,284660.45,2739776.51,35503.33,412088.49,49031.47,334645.47,381718.0,324077.36,44917.93,125046.57,444576.85,380885.69,394239.06,95575.71,134502.2,151233.77,195709.92,99504.59,172039.04,144349.48,135757.78,166717.65,100591.36,191716.98,145504.27,116488.6,1027824.83,18291.97,17189.86,119937.21,295575.03,152.92,1316444.55,4702833.36,34743.62,637832.68,822272.85,49459.13,48465.59
Scenario 2,1076,4,Strong Growth (FOMO),176,TRADING,112011.31,1539216.2,150252.88,219122.96,812448.88,772991.69,177910.32,488642.21,708475.45,965702.62,466352.3,284692.04,2745756.98,35574.1,412259.63,49014.73,334766.19,382058.56,324098.61,44925.14,125273.43,444581.54,380821.87,394416.49,95690.52,134472.07,151180.55,195716.13,99518.6,172265.26,144353.34,135977.06,166693.34,100780.02,191854.0,145933.96,116489.79,1029726.99,18262.92,17176.1,119835.48,295655.11,153.22,1316339.84,4695839.47,34746.63,636074.99,823781.86,49527.84,48418.94
Scenario 2,1077,4,Strong Growth (FOMO),177,TRADING,111829.39,1538703.52,150264.44,218777.75,814104.24,774227.15,178129.34,488541.46,708810.4,965406.84,467589.34,284600.49,2750534.76,35650.44,412280.52,48961.52,335060.09,382741.33,324021.37,44924.63,125456.5,444601.59,380901.65,394531.07,95874.68,134434.9,151146.72,195690.95,99593.07,172636.73,144474.12,136041.08,166634.9,100865.17,192160.0,146149.53,116503.52,1031125.88,18233.25,17162.77,119706.61,295595.44,153.31,1316253.53,4689482.96,34755.43,634245.3,825754.16,49569.7,48338.1
Scenario 2,1078,4,Strong Growth (FOMO),178,TRADING,111576.87,1537602.04,150601.25,218616.51,816120.64,776572.06,178357.93,488239.21,710069.62,966642.06,468184.87,284611.57,2757175.26,35716.71,412574.01,48959.12,334785.56,383563.43,324191.32,44912.64,125633.87,444692.63,380900.21,394423.98,95989.51,134423.0,151099.83,195683.01,99661.87,172762.97,144639.31,136257.25,166595.13,100896.37,192371.93,146445.7,116497.52,1033288.12,18206.67,17129.07,119360.78,295676.71,153.67,1316187.61,4678139.32,34759.81,633435.28,827699.61,49626.11,48274.74
Scenario 2,1079,4,Strong Growth (FOMO),179,TRADING,111365.88,1537142.54,150887.29,218139.95,818034.18,777683.13,178692.23,488163.24,710224.13,967377.69,469331.11,284648.87,2762870.91,35801.39,412636.2,48902.84,335075.65,384148.72,324209.01,44909.84,125841.67,444966.27,380916.74,394414.08,96098.02,134404.54,151098.5,195656.72,99724.52,173199.05,144890.41,136518.81,166568.01,100882.88,192670.93,146555.9,116428.75,1035047.59,18157.57,17112.01,119182.8,295711.82,154.01,1316301.67,4667438.21,34751.37,632698.51,829454.8,49716.68,48210.82
Scenario 2,1080,4,Strong Growth (FOMO),180,TRADING,111139.45,1536396.9,151216.58,217889.16,819881.17,778066.36,179044.36,487773.77,710729.04,967140.09,470074.34,284692.51,2770154.31,35882.27,412791.79,48930.21,335123.34,385033.04,324261.1,44902.48,126084.42,444783.43,380821.81,394183.96,96199.69,134434.99,151005.88,195645.84,99832.02,173520.52,144855.53,136673.7,166556.38,100995.09,192751.4,146568.46,116379.44,1036716.84,18124.98,17075.44,118918.75,295677.82,154.44,1316424.46,4660793.64,34757.35,631412.95,831295.18,49779.88,48109.24
Scenario 2,1081,4,Strong Growth (FOMO),181,TRADING,110886.99,1535759.33,151484.63,217411.06,822353.71,779608.49,179357.21,487483.66,711390.53,967971.33,471394.6,284714.91,2777305.27,35964.34,412729.15,48895.06,334964.34,385917.71,324266.24,44882.72,126381.12,444834.62,380848.55,394297.85,96195.17,134391.96,150981.41,195601.14,99906.99,173826.35,144872.13,137025.0,166545.75,101002.18,192979.57,146742.56,116384.98,1037825.8,18080.12,17069.51,118997.36,295696.69,154.86,1316328.84,4651177.2,34752.34,629869.13,832746.51,49868.49,48011.6
Scenario 2,1082,4,Strong Growth (FOMO),182,TRADING,110626.09,1534213.67,151781.53,217050.66,824545.51,780112.76,179537.79,487234.1,711715.63,967163.62,472736.12,284741.32,2782370.73,36085.88,412605.07,48878.27,334409.16,386743.34,324313.08,44863.5,126493.24,444890.12,380976.51,394160.51,96301.25,134377.59,150951.02,195521.67,99927.68,174284.53,144821.98,137188.59,166586.55,100985.97,193256.75,147042.57,116402.68,1040509.84,18048.71,17057.67,118793.7,295649.51,155.41,1316458.78,4643434.12,34768.33,628572.46,833888.87,49984.05,47930.07
Scenario 2,1083,4,Strong Growth (FOMO),183,TRADING,110422.8,1532878.66,151938.15,216539.72,826138.47,781757.33,179864.16,486887.3,712942.89,967104.93,473752.27,284796.64,2788507.12,36177.59,412853.7,48819.72,334253.51,387679.96,324368.26,44871.78,126817.89,444855.65,381020.57,394211.97,96337.95,134358.76,150885.52,195511.44,100037.75,174529.49,144860.72,137478.33,166586.12,101106.47,193596.72,147492.14,116348.24,1042164.01,18000.67,17050.39,118600.43,295574.32,155.73,1316563.88,4638831.59,34764.06,627648.5,836345.52,50000.31,47851.74
Scenario 2,1084,4,Strong Growth (FOMO),184,TRADING,110178.84,1531611.09,152073.75,216195.28,828158.95,782573.78,180196.13,486475.03,712873.02,967671.01,474455.94,284779.43,2794494.98,36254.75,412644.53,48843.72,333849.12,388324.18,324379.13,44874.47,127005.73,444970.93,380955.1,394017.34,96535.96,134355.67,150851.63,195516.95,100070.94,175003.93,144821.86,137685.09,166556.68,101126.18,193762.95,147843.03,116364.76,1043486.91,17971.26,17016.56,118412.21,295587.1,156.12,1316704.48,4627560.43,34764.52,626114.34,837723.02,50050.52,47745.05
Scenario 2,1085,4,Strong Growth (FOMO),185,TRADING,109956.79,1529447.08,152170.97,215685.57,830509.25,783483.45,180579.27,486351.8,714116.26,966537.89,475731.87,284748.79,2801136.8,36354.01,412406.53,48856.37,333399.73,388925.3,324505.26,44888.87,127414.62,444824.28,380830.37,394041.13,96572.86,134364.7,150796.18,195584.58,100155.4,175461.69,144718.16,137888.15,166597.15,101218.1,193878.29,148068.2,116314.23,1045243.97,17926.0,17021.5,118258.41,295520.39,156.31,1317180.14,4624783.09,34773.73,625386.57,839226.8,50122.84,47701.02
Scenario 2,1086,4,Strong Growth (FOMO),186,TRADING,109760.25,1528461.25,152421.23,215165.0,832175.83,784516.67,180865.92,486297.31,714495.66,966172.17,476468.63,284841.51,2808022.58,36432.92,412100.91,48890.51,332734.08,389478.9,324553.58,44913.36,127592.16,444976.43,380740.53,393942.17,96581.07,134373.0,150714.31,195599.17,100243.07,175777.72,144857.05,138200.37,166608.58,101396.83,194148.05,148299.27,116260.09,1046723.45,17891.23,16999.59,118175.8,295507.07,156.41,1317657.7,4618215.21,34763.83,624350.02,841112.22,50232.76,47588.15
Scenario 2,1087,4,Strong Growth (FOMO),187,TRADING,109525.15,1525931.8,152493.31,214499.74,833937.71,785420.49,181121.29,486276.19,714819.74,966229.03,478126.26,284817.99,2812912.58,36525.48,411892.06,48898.72,332460.99,390164.68,324686.33,44919.41,127811.86,445079.27,380708.49,394062.44,96732.55,134377.59,150720.04,195637.53,100325.44,176361.68,144805.55,138382.09,166587.47,101505.39,194445.54,148778.04,116218.28,1048176.76,17865.37,16981.99,117975.71,295519.6,156.8,1317724.66,4606975.86,34782.09,623114.59,842943.6,50320.24,47486.63
Scenario 2,1088,4,Strong Growth (FOMO),188,TRADING,109275.03,1524489.3,152797.55,214057.29,835403.4,787017.33,181354.39,486099.02,716301.63,965567.83,479760.54,284865.47,2817760.85,36596.69,411862.07,48874.88,331894.34,390641.83,324688.54,44901.97,128037.29,445221.6,380639.59,394185.14,96921.89,134387.17,150639.47,195639.19,100444.58,176558.88,144774.1,138606.36,166557.74,101608.49,194761.74,149077.53,116207.23,1050397.97,17840.44,16971.75,117908.49,295525.6,157.05,1317420.13,4601164.07,34769.28,621681.06,844530.16,50403.65,47407.45
Scenario 2,1089,4,Strong Growth (FOMO),189,TRADING,109074.14,1522968.73,153317.43,213576.96,837566.25,788923.27,181441.29,486045.36,716898.52,965529.58,480797.5,284811.42,2823431.15,36675.26,411781.47,48844.47,331650.61,391467.69,324841.26,44869.97,128425.46,445099.25,380686.9,394182.11,97078.87,134387.88,150668.97,195584.12,100517.39,176825.5,144743.35,138618.25,166517.66,101709.26,194946.0,149167.54,116234.02,1052396.16,17799.82,16973.83,117676.36,295514.44,157.49,1317283.2,4594251.39,34748.8,621070.19,846382.13,50515.42,47393.09
Scenario 2,1090,4,Strong Growth (FOMO),190,TRADING,108859.58,1521618.58,153607.03,212954.95,838896.74,789681.21,181674.72,485554.88,717057.5,964184.91,482034.69,284860.78,2828973.25,36770.88,412053.7,48858.93,331403.08,391920.43,324772.32,44861.85,128709.52,445235.25,380714.27,394248.44,97259.8,134422.98,150681.38,195605.63,100662.62,177082.5,144753.72,138833.04,166534.63,101784.91,195214.32,149415.13,116205.1,1054568.59,17792.71,16962.69,117657.88,295457.07,157.76,1317050.59,4583460.72,34756.41,619838.39,848717.27,50582.95,47238.25
Scenario 2,1091,4,Strong Growth (FOMO),191,TRADING,108647.32,1520259.22,153928.72,212491.06,840584.98,791138.84,182002.31,485412.26,717510.61,964395.23,482897.08,284891.27,2835136.79,36852.23,412140.71,48833.23,331514.2,392637.21,324907.44,44874.83,128767.72,445190.02,380848.63,394189.32,97387.94,134441.71,150555.16,195614.3,100859.26,177535.06,144749.96,139051.24,166551.8,101849.36,195544.89,149582.38,116204.14,1056274.98,17771.6,16941.29,117615.9,295260.26,157.99,1317032.58,4573532.8,34755.54,618816.44,850431.69,50675.68,47151.41
Scenario 2,1092,4,Strong Growth (FOMO),192,TRADING,108450.54,1518652.1,154008.03,212041.18,842592.41,793077.31,182231.3,485195.34,717854.74,964713.65,483854.72,284962.52,2842573.06,36950.44,412245.41,48803.52,331019.13,393133.51,324850.28,44859.95,129048.19,445208.62,380638.25,394205.03,97513.29,134435.43,150556.44,195642.62,101019.15,177903.12,144772.16,139272.31,166562.16,101990.95,195773.59,149851.69,116229.32,1058669.56,17744.14,16933.62,117399.38,295108.88,158.43,1317694.71,4568757.27,34772.1,617414.84,852821.81,50772.13,47043.87
Scenario 2,1093,4,Strong Growth (FOMO),193,TRADING,108205.93,1515996.14,154009.74,211699.34,844559.43,794243.64,182533.84,485173.0,717903.79,964121.44,484841.81,284921.92,2848202.44,37038.5,412509.38,48806.59,330903.29,393792.88,324928.09,44823.67,129341.18,445060.67,380617.04,394014.94,97702.72,134451.55,150555.62,195705.25,101065.04,178332.44,144798.13,139469.8,166512.2,102081.0,196019.9,149961.48,116219.47,1060534.28,17702.23,16922.61,117438.5,295105.27,158.81,1317604.37,4566604.41,34776.15,615960.07,854405.28,50833.46,46895.01
Scenario 2,1094,4,Strong Growth (FOMO),194,TRADING,107973.97,1514995.3,154355.79,211386.84,846332.11,795049.42,182828.69,484956.2,718379.97,965840.35,485793.46,284937.18,2855125.56,37115.5,412722.72,48791.27,330345.06,394456.57,325081.16,44828.88,129648.6,445024.06,380528.71,394230.63,97770.72,134481.69,150534.94,195612.05,101270.23,178641.32,144894.18,139670.38,166603.59,102240.65,196230.28,150424.34,116119.91,1062233.69,17657.31,16922.36,117308.1,295098.64,158.93,1317306.05,4557857.84,34781.91,615055.69,856556.96,50891.84,46783.34
Scenario 2,1095,4,Strong Growth (FOMO),195,TRADING,107724.84,1513026.16,154706.9,210948.06,847523.45,796391.44,183099.02,484685.48,719235.67,966223.94,486838.74,284905.85,2861397.32,37209.74,412984.22,48820.44,330049.39,395457.3,325073.6,44815.18,130011.68,444936.2,380416.4,394241.48,97940.25,134475.2,150508.17,195646.37,101283.33,179045.91,144964.73,139994.16,166630.15,102260.84,196424.22,150702.52,116173.29,1063944.25,17632.37,16931.93,117156.26,295083.01,159.18,1317035.97,4546736.74,34775.89,614080.72,857489.62,50941.44,46736.8
Scenario 2,1096,4,Strong Growth (FOMO),196,TRADING,107515.25,1512045.51,154975.21,210485.84,849257.11,797033.16,183365.54,484508.06,719932.14,966943.06,487610.19,284926.29,2868684.21,37318.18,413182.69,48832.54,329666.89,396220.21,325194.43,44783.33,130280.86,444791.69,380369.94,394397.17,98116.24,134485.35,150476.25,195639.94,101401.41,179115.22,144932.67,140105.01,166640.45,102240.11,196620.64,151078.44,116213.78,1066491.25,17596.44,16890.9,117032.58,295031.4,159.39,1317123.62,4541153.05,34790.04,612884.3,859122.03,51000.66,46660.29
Scenario 2,1097,4,Strong Growth (FOMO),197,TRADING,107269.49,1510905.32,155133.94,210240.94,850995.73,798343.82,183677.18,484328.89,720459.77,967719.14,488573.83,284913.93,2874692.79,37394.68,413265.84,48798.95,329425.16,397062.94,325143.05,44764.09,130544.94,444915.91,380168.31,394313.72,98332.21,134497.49,150405.4,195704.03,101509.9,179488.66,145060.71,140375.16,166658.08,102327.99,196843.33,151161.49,116179.84,1068081.8,17562.9,16869.71,117024.12,294977.63,159.44,1317672.69,4536976.44,34787.59,611637.08,861159.6,51064.24,46588.14
Scenario 2,1098,4,Strong Growth (FOMO),198,TRADING,107037.6,1509274.39,155490.88,209816.36,852638.2,800094.65,183793.57,484062.43,721254.61,966402.39,488854.29,284955.84,2879752.22,37491.74,413085.08,48809.26,329037.78,397895.47,325230.06,44750.16,130586.19,445069.7,380133.82,394410.31,98585.37,134496.08,150420.64,195681.66,101569.57,179934.47,145063.58,140699.29,166661.58,102382.36,197083.52,151678.98,116234.61,1070449.47,17542.01,16850.03,116861.54,295109.51,159.73,1317699.22,4529648.77,34794.19,610939.56,863013.97,51140.45,46479.16
Scenario 2,1099,4,Strong Growth (FOMO),199,TRADING,106822.05,1507764.87,155816.19,209413.55,854265.85,801299.64,184035.24,483728.33,722096.66,966763.45,489735.24,284969.3,2887250.31,37573.8,413259.82,48773.49,329061.46,398614.27,325297.47,44755.53,130871.43,445035.93,380058.43,394264.59,98693.31,134484.57,150473.96,195675.65,101662.63,180374.8,145031.01,140978.1,166677.28,102540.48,197458.14,151908.55,116189.13,1072776.43,17509.49,16837.72,116688.5,295066.59,159.93,1317394.46,4522521.21,34803.3,610250.7,864729.53,51191.31,46352.55
Scenario 2,1100,4,Strong Growth (FOMO),200,TRADING,106615.87,1506384.02,156226.09,209038.08,856251.89,801756.91,184274.86,483424.57,722656.63,966822.76,490560.39,284985.93,2893363.24,37667.89,413175.5,48775.06,328878.62,399293.01,325486.65,44760.29,131026.39,445234.08,380035.83,394365.94,98853.28,134489.49,150416.04,195625.73,101730.32,180843.05,145078.85,141345.04,166677.5,102532.97,197768.86,152315.57,116131.87,1074542.72,17483.62,16818.33,116333.2,294921.61,160.04,1317828.28,4519377.31,34799.88,609479.02,866855.69,51277.64,46267.99
Scenario 2,1101,4,Strong Growth (FOMO),201,TRADING,106376.7,1505329.8,156319.86,208752.79,858530.81,802318.57,184561.39,483039.19,722917.57,966096.73,491935.07,284935.87,2897274.54,37756.46,412911.09,48771.24,328396.27,400028.17,325540.11,44731.08,131275.06,445347.27,379898.22,394099.07,99018.74,134494.62,150392.61,195615.54,101797.43,181044.42,145030.1,141475.01,166668.46,102633.98,197965.27,152615.54,116083.08,1076683.11,17447.13,16784.98,116240.81,295004.93,160.51,1317788.82,4509152.08,34811.23,608149.42,868754.23,51373.37,46163.75
Scenario 2,1102,4,Strong Growth (FOMO),202,TRADING,106208.96,1504371.1,156512.01,208344.76,860451.88,802673.48,184829.74,482537.01,724457.44,964939.5,492678.21,284969.05,2903004.44,37854.53,412947.87,48744.04,328391.21,400671.4,325491.85,44718.52,131450.96,445346.98,379831.81,393994.97,99182.91,134497.99,150344.19,195604.8,101807.71,181122.18,145141.93,141641.64,166606.8,102658.62,198186.84,153143.88,116055.08,1078490.18,17415.49,16762.97,115988.92,294926.27,160.99,1317721.83,4506044.11,34801.52,606592.73,870512.59,51477.35,46074.07
Scenario 2,1103,4,Strong Growth (FOMO),203,TRADING,105987.86,1503514.48,156829.34,207914.21,862046.93,803931.12,184997.34,482624.17,724911.1,964551.1,493649.59,285005.56,2908913.22,37932.58,412656.61,48727.8,327774.92,401153.43,325371.91,44733.17,131791.58,445244.44,379985.09,394203.68,99178.08,134491.15,150403.77,195577.85,101921.85,181334.65,145233.83,141998.55,166576.41,102720.43,198219.6,153252.11,116055.42,1080320.28,17388.98,16735.3,115748.39,294858.6,161.4,1317460.06,4499086.81,34832.58,605115.57,871775.84,51611.55,45992.14
Scenario 2,1104,4,Strong Growth (FOMO),204,TRADING,105821.22,1502827.42,156881.96,207301.87,864148.34,805963.38,185239.7,482357.14,725096.92,965791.14,494225.23,285026.4,2913791.47,37999.23,412455.21,48743.13,327742.69,401778.5,325455.4,44754.99,131938.78,445182.1,379923.49,394203.51,99349.53,134466.77,150376.11,195604.64,101922.91,181791.02,145178.55,142170.54,166564.62,102739.46,198550.14,153571.12,116028.01,1081689.0,17364.19,16715.0,115503.82,294752.89,161.83,1317336.63,4495626.7,34819.21,604269.95,872846.12,51655.81,45916.23
Scenario 2,1105,4,Strong Growth (FOMO),205,TRADING,105611.44,1501704.28,157077.65,206938.42,866352.73,806461.22,185595.07,482256.53,725841.94,966174.46,495232.59,285008.77,2919281.25,38081.74,412911.73,48678.09,327758.74,402414.49,325367.91,44748.91,132149.12,445369.07,379875.31,394309.46,99588.27,134441.74,150350.47,195545.45,102013.89,182174.81,145350.04,142259.64,166579.01,102722.69,198762.36,153900.4,115961.34,1083147.22,17327.68,16699.03,115325.09,294709.23,162.12,1317223.35,4488297.11,34836.25,602586.87,874376.24,51711.72,45830.82
Scenario 2,1106,4,Strong Growth (FOMO),206,TRADING,105405.73,1500793.9,157361.21,206522.73,868382.46,807751.97,185965.14,482365.44,726564.19,966041.65,496187.81,285030.66,2925658.48,38143.61,412965.02,48678.95,327335.67,402895.86,325311.52,44765.92,132353.17,445382.53,379936.22,394389.49,99790.27,134466.37,150337.65,195487.17,102009.19,182520.01,145385.28,142640.43,166567.87,102713.59,197973.66,154113.44,115986.82,1084389.83,17273.44,16683.65,114944.82,294584.28,162.32,1317372.14,4478606.92,34870.12,601945.22,876432.78,51753.22,45776.13
Scenario 2,1107,4,Strong Growth (FOMO),207,TRADING,105175.3,1499022.17,157239.96,206197.95,869727.31,807205.34,186267.83,482051.96,726912.81,966798.47,497249.44,285089.01,2930813.92,38209.63,412608.93,48608.78,327430.7,403487.19,325370.47,44760.89,132097.06,445360.95,379931.99,394336.77,99805.39,134442.01,150341.67,195464.12,102111.79,182277.83,145396.6,142635.88,166512.83,102846.64,197375.39,153863.61,115903.93,1085988.91,17300.76,16652.18,114943.55,294572.14,162.05,1317392.56,4469479.71,34873.28,602533.76,878338.46,51719.9,45840.91
Scenario 2,1108,4,Strong Growth (FOMO),208,TRADING,104985.39,1498098.51,157188.56,205831.39,872034.15,806397.74,186574.54,481941.62,727844.62,966970.96,498280.21,285127.14,2936406.6,38283.26,412861.67,48521.86,326697.31,404299.36,325418.8,44741.62,132077.66,445434.27,380001.85,394528.97,99858.64,134444.96,150339.29,195516.18,102206.98,182291.29,145639.11,142428.4,166508.62,102843.12,196953.13,153658.53,116051.33,1087303.04,17318.91,16640.38,115041.37,294510.82,161.98,1317823.67,4465333.67,34892.07,603457.72,879959.35,51654.32,45943.98
Scenario 2,1109,4,Strong Growth (FOMO),209,TRADING,104823.61,1497506.51,157235.17,205382.79,873922.76,805554.27,186847.55,481836.7,728785.06,966712.43,499159.74,285113.11,2943210.47,38358.57,413082.39,48488.17,326552.93,405030.7,325302.0,44729.63,131854.32,445715.35,379930.51,394413.61,99747.9,134429.34,150308.83,195465.96,102236.72,181904.63,145585.31,142350.84,166520.47,102703.99,196461.0,153697.87,116031.09,1089796.35,17346.27,16616.51,115457.28,294523.22,161.88,1318067.06,4458230.65,34901.19,604635.5,881746.92,51547.65,45957.37
Scenario 2,1110,4,Strong Growth (FOMO),210,TRADING,105260.64,1496386.37,157029.43,204957.68,875332.84,804393.12,187195.82,481498.94,729898.16,966918.05,500004.58,285075.79,2947026.91,38436.09,413106.43,48492.97,326637.71,405663.84,325247.55,44689.35,131777.59,445623.13,379935.11,394122.79,99851.6,134442.43,150306.43,195407.22,102325.74,181532.09,145610.49,142121.76,166592.65,102746.41,196018.49,153670.71,116011.42,1091358.53,17371.02,16591.9,115522.02,294441.09,161.78,1318130.12,4453889.2,34908.75,605878.81,883656.4,51501.27,46006.4
Scenario 2,1111,4,Strong Growth (FOMO),211,TRADING,105710.29,1494829.05,156985.13,204616.77,877746.83,803843.85,187425.03,481268.69,730637.83,966791.34,500905.09,285151.49,2951920.82,38518.01,413639.22,48462.59,326589.41,406536.24,325230.4,44701.9,131698.72,445655.03,379747.99,394033.25,99829.19,134429.08,150255.23,195379.88,102376.19,181057.47,145497.37,141915.33,166589.83,102745.29,195501.47,153448.74,116019.21,1093004.83,17390.36,16576.04,115769.18,294363.47,161.7,1318253.88,4447605.24,34924.11,606146.87,885602.71,51469.37,46059.61
Scenario 2,1112,4,Strong Growth (FOMO),212,TRADING,106146.51,1493101.71,156846.93,204112.33,880158.31,801627.49,187686.82,481235.67,731251.39,966601.37,501769.06,285056.84,2957761.86,38584.03,413838.76,48453.47,326043.55,407236.8,325222.28,44699.51,131539.97,445869.54,379408.4,394053.87,99855.44,134435.99,150162.83,195402.02,102471.33,180905.15,145452.29,141760.76,166579.93,102712.97,194913.06,153098.26,116001.36,1094492.0,17419.61,16572.08,115891.55,294342.06,161.52,1317514.02,4444668.87,34935.63,606650.55,887616.51,51471.21,46125.8
Scenario 2,1113,4,Strong Growth (FOMO),213,TRADING,106598.37,1492399.71,157144.71,203128.14,881711.63,800244.91,187984.84,481160.97,733059.9,966238.73,502550.57,285089.23,2962717.51,38663.63,414275.98,48439.66,325870.46,407684.4,325192.48,44693.96,131515.41,445945.23,379443.11,393973.75,99772.69,134427.64,150123.72,195428.13,102520.42,180687.47,145446.15,141683.48,166594.48,102833.64,194528.76,153138.67,116040.63,1096261.44,17442.29,16543.63,115961.99,294281.95,161.36,1317318.54,4440213.07,34935.25,607473.79,889667.08,51431.08,46230.23
Scenario 2,1114,4,Strong Growth (FOMO),214,TRADING,107049.52,1491954.71,157032.46,204603.27,883786.0,798523.87,188247.78,481009.92,733162.74,966594.34,503305.78,285157.09,2969133.95,38756.63,414419.61,48404.86,325890.69,408012.82,325257.16,44692.12,131316.07,445976.24,379350.42,394111.75,99696.84,134408.42,150081.27,195436.46,102680.81,180644.66,145496.38,141674.1,166600.82,102941.99,194133.43,153150.8,116043.36,1098028.81,17445.87,16534.37,115943.62,294394.77,161.26,1317135.13,4441566.24,34932.36,608332.86,891543.02,51406.28,46327.66
Scenario 2,1115,4,Strong Growth (FOMO),215,TRADING,107586.93,1490233.2,156857.36,205540.77,885626.21,797855.58,188493.16,481387.45,733990.28,966250.57,504068.19,285113.53,2974176.71,38840.96,415015.41,48385.04,326118.18,408628.75,325198.94,44698.95,131306.4,445871.22,379356.21,394130.84,99565.95,134388.47,150094.24,195455.86,102730.11,180549.85,145580.84,141640.83,166583.2,102952.21,193610.97,152980.09,116069.44,1099631.42,17479.01,16515.84,115834.87,294326.43,160.91,1317044.16,4434878.42,34925.71,609543.89,893923.89,51378.59,46423.87
Scenario 2,1116,4,Strong Growth (FOMO),216,TRADING,108041.33,1489446.63,156946.29,206307.97,887298.59,796710.68,188755.69,481246.81,735154.18,966821.08,504950.9,285146.98,2980422.74,38918.27,415052.16,48401.34,326162.47,409445.47,325247.07,44709.88,131169.9,445888.08,379472.02,394097.62,99486.21,134397.24,150074.57,195422.59,102840.03,180396.66,145499.02,141546.47,166577.7,103048.69,193212.55,152889.98,116077.42,1101129.55,17492.21,16490.41,115872.6,294319.74,160.47,1317869.43,4427485.03,34926.11,610012.88,895969.31,51367.11,46483.63
Scenario 2,1117,4,Strong Growth (FOMO),217,TRADING,108498.87,1487943.84,157011.79,207043.34,889097.09,797042.08,189043.08,480849.87,735876.84,966763.99,506018.93,285265.15,2977169.15,38996.7,415410.8,48372.76,326524.43,410073.04,325007.46,44703.74,131114.81,445936.65,379321.69,394113.64,99381.01,134374.64,150073.08,195394.49,102960.27,180079.45,145425.89,141464.96,166574.68,103145.02,192772.68,152793.26,115966.23,1103128.58,17525.62,16477.76,115927.68,294168.84,160.28,1317710.99,4417686.24,34926.24,610394.64,898526.74,51341.14,46568.26
Scenario 2,1118,4,Strong Growth (FOMO),218,TRADING,108961.28,1486541.87,157053.11,207860.96,890927.96,794484.79,189266.19,480546.39,736926.87,966909.84,507305.88,285255.55,2974640.16,39074.05,415479.1,48370.26,326100.18,410625.07,324938.39,44689.56,130942.67,446037.06,379306.86,393950.34,99304.69,134307.69,150060.26,195439.7,103066.16,179750.96,145447.95,141284.69,166579.49,103178.23,192251.78,152833.53,115944.09,1104261.87,17559.63,16467.74,116102.43,294122.4,159.98,1317900.95,4411412.31,34919.68,610913.64,900698.51,51292.94,46589.02
Scenario 2,1119,4,Strong Growth (FOMO),219,TRADING,109439.81,1485857.68,156968.01,208580.76,893327.89,793056.13,189445.9,480464.63,737947.4,966911.79,508209.15,285326.19,2971961.76,39172.04,415877.48,48345.91,325733.43,411241.47,324931.21,44707.8,130838.37,446236.59,379382.56,393954.73,99309.11,134302.77,150002.17,195466.32,103241.97,179517.77,145537.19,141322.12,166503.62,103316.16,191870.97,152679.65,115910.0,1106433.16,17585.63,16439.87,116199.62,294239.81,159.87,1317657.22,4405987.34,34935.57,611720.88,902534.88,51186.23,46638.03
Scenario 2,1120,4,Strong Growth (FOMO),220,TRADING,109891.01,1484882.96,157153.57,209415.92,895164.46,791048.95,189685.12,479776.78,738611.81,967256.44,509063.94,285362.27,2969045.7,39253.04,415586.42,48333.52,325778.23,411903.15,324935.36,44724.82,130762.23,446291.38,379127.61,393743.51,99277.94,134305.87,149937.8,195446.91,103374.85,179257.18,145526.77,141310.32,166536.93,103376.24,191331.15,152480.5,115805.61,1107880.01,17618.41,16431.62,116396.03,294307.43,159.63,1317714.95,4396548.06,34939.95,613150.39,904422.55,51108.89,46630.42
Scenario 2,1121,4,Strong Growth (FOMO),221,TRADING,110341.66,1482899.15,157142.74,210071.97,897613.84,790995.48,189962.65,479611.3,739489.63,966568.78,509952.44,285332.07,2966323.7,39332.17,415875.65,48284.51,325833.97,412743.09,324964.19,44709.71,130720.74,446416.96,379058.51,393715.51,99292.03,134299.18,149927.83,195465.33,103385.03,179007.59,145610.29,141282.81,166475.09,103484.78,190839.37,152280.77,115758.79,1109334.06,17644.63,16428.92,116411.92,294236.95,159.13,1317743.3,4390121.02,34950.18,614379.52,906719.35,51065.33,46682.3
Scenario 2,1122,4,Strong Growth (FOMO),222,TRADING,110757.54,1481883.22,157152.55,210772.43,898808.68,789308.11,190200.06,479378.3,740300.22,965098.63,510817.49,285346.4,2963367.92,39416.18,415944.76,48259.91,325513.85,413476.75,324899.43,44727.71,130533.19,446206.04,378950.31,393646.83,99361.53,134300.09,149902.51,195392.31,103449.83,178885.65,145681.67,141280.86,166446.77,103637.18,190395.69,152011.8,115785.58,1110586.71,17679.9,16414.02,116534.9,294076.21,158.75,1317611.58,4381527.95,34967.84,615273.07,908140.73,51011.91,46745.53
Scenario 2,1123,4,Strong Growth (FOMO),223,TRADING,111153.4,1480418.22,156990.58,211689.03,901301.16,787842.22,190464.27,479175.62,740193.69,965682.71,511751.42,285314.99,2961236.67,39482.0,415720.62,48233.08,325397.27,414171.41,324931.9,44713.32,130218.04,446257.5,378828.66,393596.66,99327.41,134312.97,149938.57,195302.12,103500.99,178719.56,145532.44,141204.59,166444.28,103669.29,190017.68,151946.93,115815.58,1111811.53,17701.34,16417.52,116542.9,294013.57,158.64,1317808.38,4376716.23,34960.89,616495.55,909462.48,50991.84,46776.84
Scenario 2,1124,4,Strong Growth (FOMO),224,TRADING,111621.65,1479262.15,156816.69,212856.14,903121.1,786805.07,190731.97,479231.33,740091.3,964400.39,512461.36,285422.65,2957251.2,39580.8,415868.64,48225.76,325553.23,414848.77,324879.69,44700.81,130041.02,446279.61,378756.19,393508.16,99395.65,134280.23,149904.24,195178.64,103544.48,178466.63,145478.47,141169.23,166428.29,103711.39,189541.86,151745.01,115775.05,1113228.53,17743.72,16413.99,116583.62,293954.29,158.27,1317988.69,4375992.39,34968.58,617332.13,911020.57,50973.14,46841.03
Scenario 2,1125,4,Strong Growth (FOMO),225,TRADING,112049.28,1477238.11,156870.99,213795.67,905678.24,785442.59,190953.26,479097.86,741442.18,964279.56,513807.83,285419.77,2953095.82,39663.27,415646.35,48170.69,325438.4,415267.02,324872.34,44694.22,129873.12,446281.03,378816.03,393614.07,99429.13,134294.21,149828.1,195185.91,103654.34,178269.98,145593.67,141112.77,166422.97,103770.85,188965.62,151766.33,115734.48,1113719.06,17769.32,16397.35,116793.85,293844.28,157.83,1317799.67,4371908.75,34979.22,618596.62,913057.16,50919.03,46919.26
Scenario 2,1126,4,Strong Growth (FOMO),226,TRADING,112480.3,1474683.87,156792.06,214701.59,907188.73,785287.19,191181.17,479076.82,741579.68,963386.14,514758.31,285398.43,2948573.56,39741.24,415661.77,48160.74,325456.4,415860.4,324882.57,44703.81,129774.23,446162.85,378543.07,393241.59,99418.46,134319.13,149779.59,195258.55,103742.79,178058.32,145571.9,141049.66,166469.92,103733.07,188618.53,151472.42,115731.19,1115529.64,17791.68,16374.29,117117.33,293665.08,157.55,1318182.21,4363879.75,34985.17,618688.03,914714.9,50880.54,47006.96
Scenario 2,1127,4,Strong Growth (FOMO),227,TRADING,112951.69,1475138.77,156666.6,215515.92,909548.7,784268.12,191306.62,479655.85,740335.85,963507.89,514095.52,285431.19,2945987.97,39817.04,415706.24,48116.54,325249.39,416258.37,324681.76,44683.16,129607.78,446066.37,378578.31,393258.28,99539.77,134317.96,149735.94,195276.34,103768.12,177894.61,145553.01,141111.76,166510.53,103728.05,188119.35,151377.33,115721.62,1117169.06,17817.38,16397.38,117148.32,293567.74,157.35,1318114.03,4366350.87,34987.41,619957.88,916814.28,50796.85,47096.06
Scenario 2,1128,4,Strong Growth (FOMO),228,TRADING,113421.16,1474861.94,156520.45,216381.88,912096.03,783039.05,191501.56,480432.3,740545.01,963509.33,513347.25,285414.57,2944880.76,39887.66,415410.51,48089.76,324905.61,417173.8,324852.66,44658.71,129599.59,445999.4,378557.62,393204.0,99490.74,134290.03,149754.25,195272.0,103822.44,177917.16,145280.69,141017.99,166508.7,103802.81,187582.11,151252.08,115584.35,1120177.9,17836.89,16407.75,117156.48,293449.78,157.12,1317742.97,4369449.39,35009.9,620446.42,918149.87,50715.03,47151.76
Scenario 2,1129,4,Strong Growth (FOMO),229,TRADING,113867.81,1473859.89,156436.17,217169.19,914197.42,782103.93,191714.99,480893.81,740596.24,963082.24,513180.97,285419.98,2942549.19,39999.19,415478.57,48089.34,324783.01,418058.44,324919.58,44661.02,129620.72,446186.41,378455.74,393257.33,99519.52,134325.06,149722.85,195302.57,103849.96,177728.45,145305.85,140816.68,166535.81,103794.29,187101.24,151125.91,115628.83,1121285.68,17888.71,16422.8,117131.67,293502.46,157.16,1317510.19,4370264.56,34990.82,621732.11,920393.34,50719.43,47208.83
Scenario 2,1130,4,Strong Growth (FOMO),230,TRADING,114304.29,1472721.49,156221.34,218046.2,915746.11,779478.13,192030.2,481431.26,739808.23,964590.52,512901.06,285372.83,2939277.32,40082.62,415285.22,48087.65,325156.79,418728.01,325068.51,44646.24,129531.81,446232.29,378330.63,393200.61,99455.63,134316.75,149678.76,195272.97,103939.39,177485.6,145178.9,140903.69,166522.42,103764.67,186619.43,150867.8,115576.59,1123734.14,17911.25,16433.19,117110.16,293597.91,156.62,1317242.85,4374712.62,34984.48,622722.1,922775.31,50641.13,47248.1
Scenario 2,1131,4,Strong Growth (FOMO),231,TRADING,114760.07,1471306.51,156228.47,218922.71,918176.26,777565.89,192306.42,481964.2,739612.98,964881.4,512365.22,285344.32,2935704.49,40179.24,415358.0,48067.1,325059.06,419583.17,325200.13,44643.43,129333.95,446319.62,378286.54,393231.17,99408.07,134317.84,149691.94,195217.35,104077.92,177211.17,145044.52,140866.04,166513.38,103756.12,186179.19,150640.87,115541.01,1124760.45,17937.07,16433.24,117184.84,293632.09,156.5,1317082.25,4375888.65,35009.56,623903.84,924158.6,50588.87,47255.35
Scenario 2,1132,4,Strong Growth (FOMO),232,TRADING,115246.44,1471290.36,155972.12,219771.77,919622.97,776569.29,192462.82,482633.98,739954.39,964238.37,512314.4,285342.18,2933452.6,40240.55,415081.21,48042.87,325013.47,420380.32,325386.24,44647.96,129162.21,446304.62,378095.58,393270.11,99400.0,134311.51,149622.02,195255.35,104017.64,176910.85,144818.8,140733.7,166528.04,103852.26,185587.97,150581.08,115431.02,1126227.32,17956.89,16454.2,117119.98,293778.97,156.08,1316875.83,4381918.83,35014.15,624330.39,926417.38,50541.13,47334.29
Scenario 2,1133,4,Strong Growth (FOMO),233,TRADING,115678.28,1470343.86,155704.26,220750.58,922160.62,775765.89,192773.9,482994.42,740137.45,964242.23,511774.35,285298.81,2930360.42,40338.03,414892.54,48044.37,325382.54,420903.44,325564.29,44646.45,128908.98,446280.76,377818.8,393297.44,99371.28,134317.97,149612.52,195208.55,104091.5,176539.04,144641.14,140587.88,166597.04,103911.44,185021.05,150585.62,115375.37,1127494.44,17971.06,16473.52,117134.48,293765.58,155.64,1316677.14,4386175.7,35016.56,625391.11,928060.29,50508.16,47392.67
Scenario 2,1134,4,Strong Growth (FOMO),234,TRADING,116130.36,1470740.76,155579.99,221655.65,924739.02,775044.4,193029.99,483883.05,740204.54,964790.62,511699.13,285285.06,2924786.24,40434.41,414730.17,48016.72,325158.16,421514.16,325563.21,44652.23,128932.03,446215.07,377835.36,393373.32,99256.96,134325.53,149644.65,195142.69,104120.93,176227.27,144554.47,140464.57,166560.53,103992.3,184376.21,150539.71,115435.1,1129466.89,17985.12,16478.1,117201.94,293643.16,155.37,1316255.62,4383737.57,35021.1,626218.62,930106.55,50439.75,47454.3
Scenario 2,1135,4,Strong Growth (FOMO),235,TRADING,116621.77,1469328.41,155552.59,222618.11,927048.13,773816.67,193267.78,484354.09,739460.42,966008.03,511056.37,285322.29,2921864.72,40518.26,414508.66,48024.29,324976.08,422288.67,325808.51,44649.42,128780.55,446094.06,377571.81,393278.06,99253.81,134301.01,149634.64,195175.78,104149.47,176040.43,144445.02,140360.64,166500.03,104049.37,183910.42,150426.14,115425.36,1131673.63,18006.51,16493.2,117372.57,293617.73,155.14,1317057.6,4385101.96,34998.73,626783.46,931954.94,50444.82,47495.09
Scenario 2,1136,4,Strong Growth (FOMO),236,TRADING,117122.12,1467893.16,155328.61,223578.61,928580.56,771420.07,193489.68,484938.06,739122.9,966295.54,510853.57,285352.89,2919087.7,40629.03,414376.51,48004.45,324694.96,422966.37,325680.33,44625.9,128693.19,446120.66,377524.64,393364.16,99150.03,134307.77,149647.4,195212.15,104208.23,175809.18,144063.63,140206.78,166458.57,104012.67,183482.13,150473.84,115393.54,1132831.6,18033.61,16497.65,117602.9,293495.33,154.69,1317248.09,4389708.26,35001.73,627827.48,933673.97,50441.9,47541.7
Scenario 2,1137,4,Strong Growth (FOMO),237,TRADING,117648.29,1467015.06,155254.78,224591.12,930486.35,769825.65,193841.03,485294.18,738689.29,966875.72,510858.56,285393.47,2916911.33,40713.54,414177.48,47947.43,324366.49,423656.81,325676.52,44634.41,128632.11,446311.22,377603.41,393485.61,99194.37,134265.01,149604.75,195162.63,104214.91,175521.16,143779.73,140036.98,166500.56,104126.87,182930.22,150252.87,115379.43,1135203.77,18050.51,16514.42,117670.65,293480.01,154.58,1317610.06,4394105.15,35027.69,628661.53,932598.06,50368.36,47576.15
Scenario 2,1138,4,Strong Growth (FOMO),238,TRADING,118130.37,1465692.73,155393.06,225582.52,932461.09,768062.16,194067.96,485952.43,738426.05,966609.44,510290.96,285352.75,2913840.05,40823.08,414109.21,47929.51,324569.28,424542.72,325602.47,44626.96,128455.29,446404.09,377571.51,393674.77,99033.9,134258.44,149614.58,195170.46,104154.04,175229.92,143531.69,139932.97,166584.04,104055.3,182393.45,150421.69,115337.98,1136553.29,18072.45,16516.64,117785.52,293395.01,154.24,1318013.49,4395311.14,35020.93,630303.19,931591.86,50309.16,47646.58
Scenario 2,1139,4,Strong Growth (FOMO),239,TRADING,118588.33,1464583.26,155295.92,226495.11,935286.09,767696.16,194195.54,486202.36,738402.72,967680.38,509705.61,285348.24,2911071.24,40926.62,414140.64,47922.17,324565.58,424996.37,325451.3,44625.01,128382.79,446583.01,377565.95,393391.09,99041.13,134231.17,149595.89,195126.93,104133.04,174858.08,143319.78,139721.15,166607.71,104138.97,181940.89,150277.51,115338.2,1138204.44,18115.82,16529.63,118013.51,293307.41,153.83,1318031.81,4398648.08,35028.34,631304.94,930783.48,50314.02,47749.43
Scenario 2,1140,4,Strong Growth (FOMO),240,TRADING,119007.7,1464422.51,155202.22,227373.34,937400.45,766812.31,194457.61,486528.61,738667.53,967927.23,509395.86,285317.16,2908381.89,41003.86,414106.01,47913.35,324685.85,425465.33,325261.8,44615.67,128145.9,446658.81,377508.67,393270.78,99130.08,134242.7,149558.96,195084.66,104151.28,174630.92,143088.93,139575.72,166660.8,104005.0,181305.37,150186.78,115251.89,1140084.5,18156.22,16548.15,118247.9,293278.76,153.55,1318239.15,4403761.34,35015.88,633106.47,929772.22,50254.3,47769.03
Scenario 2,1141,4,Strong Growth (FOMO),241,TRADING,119471.42,1462518.16,155084.19,228131.31,939078.83,764483.72,194825.1,487147.82,738548.75,969710.8,508975.17,285265.06,2903351.57,41112.52,414037.92,47889.29,324339.36,426272.71,325264.85,44608.69,127869.46,446798.85,377248.09,393286.37,99081.95,134200.82,149554.83,195081.44,104088.55,174384.86,143188.6,139582.95,166614.48,104087.05,180989.97,150143.26,115188.71,1141789.36,18204.16,16535.76,118308.77,293129.62,153.42,1318067.27,4410012.71,35005.95,634709.6,928874.35,50163.02,47840.53
Scenario 2,1142,4,Strong Growth (FOMO),242,TRADING,119927.64,1461701.87,154855.71,229089.63,940949.08,762591.22,195133.82,487696.81,738450.98,969428.56,509086.11,285286.52,2899419.55,41169.0,413720.85,47792.92,324644.13,426949.14,325299.35,44573.21,127694.3,447029.04,377129.44,393235.52,99119.8,134193.33,149534.31,195075.18,104135.46,174256.78,142967.43,139635.47,166566.78,104106.32,180402.33,149978.18,115193.49,1143655.2,18239.51,16532.16,118590.45,293106.26,153.31,1318401.34,4411699.23,35007.22,635433.58,928798.36,50114.11,47940.71
Scenario 2,1143,4,Strong Growth (FOMO),243,TRADING,120396.13,1460644.88,154986.91,229977.2,942772.07,761414.09,195487.64,488148.76,737875.46,970188.04,508469.38,285290.61,2895526.07,41252.93,413470.9,47758.98,324558.07,427618.4,325447.03,44601.54,127530.02,447117.88,376981.65,393238.52,99075.85,134196.45,149535.93,195054.62,104120.51,173997.24,142886.99,139606.08,166566.65,104026.67,179945.57,150017.16,115152.43,1145848.94,18260.51,16546.8,118472.12,293139.12,153.02,1318206.1,4414718.74,35025.74,635571.66,927111.99,50032.4,47961.23
Scenario 2,1144,4,Strong Growth (FOMO),244,TRADING,120813.9,1459587.03,154893.14,230733.74,945595.52,761278.28,195813.71,488271.33,737813.36,971827.1,507972.72,285340.8,2891358.59,41300.08,413595.3,47750.92,324404.25,428462.22,325496.98,44589.88,127429.09,447288.78,376926.46,393365.04,99071.66,134196.19,149506.88,195019.33,104031.33,173939.03,142663.42,139564.85,166567.55,104138.14,179276.07,149870.3,115164.17,1147373.21,18283.54,16540.75,118619.71,293091.52,152.76,1317891.09,4414628.07,35029.37,636286.53,926357.62,49979.67,48003.66
Scenario 2,1145,4,Strong Growth (FOMO),245,TRADING,121249.6,1459477.43,154882.94,231555.47,947186.39,759285.88,196206.65,489005.42,738160.65,972480.02,507481.34,285331.7,2888243.64,41237.43,413769.28,47753.15,324117.01,429123.6,325469.01,44584.81,127380.86,447236.82,376820.23,393084.38,99005.93,134193.33,149420.15,194925.19,104101.0,173899.35,142469.63,139637.03,166594.82,104083.64,178838.68,150047.09,115189.21,1148988.08,18306.34,16548.65,118648.79,293120.19,152.25,1317839.64,4412314.1,35042.23,636922.84,925542.37,49925.89,48061.1
Scenario 2,1146,4,Strong Growth (FOMO),246,TRADING,121758.51,1458759.14,154832.83,232284.58,949328.2,757450.25,196464.43,489807.45,737633.02,974287.07,506761.39,285374.06,2885832.82,41184.5,413797.19,47682.32,324573.55,429683.89,325562.03,44560.24,127218.41,447170.59,376711.69,393056.16,98958.35,134164.0,149367.95,194955.59,104178.78,173535.76,142165.06,139469.58,166499.37,104087.89,178288.33,150161.63,115177.22,1150421.03,18340.51,16537.84,118545.43,293191.28,152.07,1317898.21,4413568.08,35060.58,637660.85,925387.95,49850.73,48105.62
Scenario 2,1147,4,Strong Growth (FOMO),247,TRADING,122232.3,1458405.6,154562.8,233234.25,951115.29,755968.5,196741.71,490548.67,737762.18,974672.86,506500.88,285328.37,2883852.66,41103.0,413291.71,47648.8,324329.76,430371.18,325525.43,44531.44,127168.99,447262.7,376725.8,393062.74,98894.25,134170.85,149332.94,194925.4,104178.11,172979.1,142019.05,139349.11,166448.77,104105.33,177858.19,150009.31,115076.31,1151685.91,18366.99,16565.17,118751.16,293104.0,151.96,1318037.67,4423911.23,35059.31,638487.84,924558.06,49856.24,48101.45
Scenario 2,1148,4,Strong Growth (FOMO),248,TRADING,122664.97,1457245.81,154580.11,234066.33,953511.62,753731.67,197014.82,490957.1,737913.56,974053.47,505659.44,285379.13,2881485.46,41013.69,413560.59,47564.88,324559.41,430953.36,325529.52,44526.55,127150.08,447279.87,376701.63,393153.03,98850.18,134185.75,149364.32,194862.48,104222.71,172738.99,141825.62,139105.01,166481.92,104121.3,177369.94,149982.56,115030.51,1153168.25,18387.35,16573.53,118848.97,293160.37,151.69,1317909.67,4427104.77,35059.98,639471.76,924325.6,49854.73,48176.91
Scenario 2,1149,4,Strong Growth (FOMO),249,TRADING,123168.46,1456733.72,154451.41,234985.54,955351.07,752974.81,197294.07,491470.62,737603.11,973968.61,504672.06,285386.57,2878033.19,40939.43,413687.4,47522.9,324814.81,431526.84,325556.18,44487.48,127127.21,447297.85,376675.56,393329.9,98756.04,134165.98,149302.69,194856.17,104300.22,172709.07,141749.44,139221.28,166475.96,104192.43,176852.76,149837.37,114960.43,1154151.33,18420.94,16583.78,118870.19,293098.77,151.49,1317703.98,4437646.78,35064.62,640367.87,923614.61,49833.85,48293.73
Scenario 2,1150,4,Strong Growth (FOMO),250,TRADING,123585.67,1455781.96,154414.87,235856.58,953410.32,752494.31,197587.39,491846.8,737343.91,973689.51,504271.93,285452.01,2873511.56,40854.52,413392.79,47515.63,324960.48,432574.42,325495.13,44484.89,127174.09,447170.82,376655.62,393376.39,98588.85,134183.7,149232.48,194832.31,104341.07,172438.57,141541.87,139173.05,166469.73,104204.25,176411.2,149754.05,114905.62,1156081.13,18451.02,16583.39,118810.82,293112.98,151.23,1317748.22,4439586.1,35069.02,642017.42,922652.42,49798.12,48332.82
Scenario 2,1151,4,Strong Growth (FOMO),251,TRADING,124106.01,1454700.62,154310.03,236833.56,950696.77,752094.48,197823.66,492266.25,736465.83,974401.56,503592.47,285437.48,2871261.22,40788.82,413156.2,47486.87,324984.85,433368.2,325413.27,44491.63,126980.92,447132.53,376395.5,393350.07,98543.99,134198.37,149179.38,194841.28,104302.08,172042.55,141473.55,139152.88,166508.15,104219.36,175875.59,149542.12,114890.87,1158191.66,18485.08,16576.19,118959.85,293061.19,151.08,1317793.75,4439935.08,35079.14,642731.53,921267.69,49703.34,48447.53
Scenario 2,1152,4,Strong Growth (FOMO),252,TRADING,124571.8,1454173.65,154153.86,237714.54,948744.24,750750.04,198073.73,492792.75,736616.33,975599.45,503894.35,285408.65,2867243.61,40704.01,412839.13,47476.16,324580.16,433771.71,325416.56,44494.84,127029.65,447073.76,376298.62,393356.83,98467.81,134165.44,149220.22,194842.4,104362.28,171891.6,141481.04,139143.18,166525.58,104234.45,175321.42,149605.41,114837.63,1159593.26,18520.28,16571.61,119037.52,292965.57,150.82,1318002.56,4445561.01,35103.08,643890.47,920002.46,49649.25,48460.28
Scenario 2,1153,4,Strong Growth (FOMO),253,TRADING,125052.7,1453117.06,153913.96,238527.54,946588.94,749738.33,198290.83,493515.75,736304.74,976126.21,504186.24,285487.71,2865815.0,40629.83,413257.79,47439.69,324984.01,434672.41,325407.44,44479.94,127046.45,447090.66,376296.95,393302.84,98485.09,134174.56,149177.46,194911.27,104381.34,171758.58,141318.4,139190.59,166456.01,104326.34,174760.54,149507.12,114772.37,1161319.43,18536.26,16576.38,118947.4,292734.59,150.45,1317971.34,4446568.67,35113.09,645525.97,918607.54,49603.51,48518.56
Scenario 2,1154,4,Strong Growth (FOMO),254,TRADING,125462.09,1452854.6,153867.9,239342.04,944778.23,748796.55,198573.36,493588.91,736864.2,976207.1,504295.15,285472.86,2860444.21,40568.51,413457.42,47398.91,325011.0,434848.53,325499.15,44467.14,126939.41,447163.72,376225.19,393129.04,98394.19,134143.25,149160.17,194945.23,104338.57,171528.54,141346.86,139167.77,166503.34,104361.98,174187.83,149411.02,114693.92,1162579.14,18566.9,16584.27,119222.51,292655.87,150.28,1318454.35,4446014.84,35124.03,645651.38,917130.83,49542.64,48499.24
Scenario 2,1155,4,Strong Growth (FOMO),255,TRADING,125919.77,1451980.36,153849.93,240280.2,942484.01,745473.49,198725.59,494300.25,736810.67,976201.21,503799.26,285462.48,2857218.92,40515.83,412992.85,47386.83,324603.87,435282.69,325497.58,44455.35,126869.9,447182.53,376196.88,393221.78,98361.74,134131.54,149120.44,194924.11,104383.45,171368.08,141240.83,139072.01,166468.18,104440.03,173770.74,149389.68,114630.46,1164971.77,18586.01,16592.64,119282.92,292709.6,150.07,1318589.68,4450463.01,35108.41,647065.18,915735.61,49508.26,48524.93
Scenario 2,1156,4,Strong Growth (FOMO),256,TRADING,126352.38,1450389.1,153745.81,241284.3,940956.03,744840.84,199011.11,495054.81,736927.42,977485.97,503769.09,285478.69,2852638.35,40449.21,412557.59,47344.18,324623.73,435961.38,325437.01,44450.73,126702.45,447190.23,376077.5,393206.51,98318.99,134131.96,149064.21,194966.48,104461.99,171137.56,141186.39,138912.35,166501.8,104564.44,173284.14,149193.89,114599.32,1166779.07,18600.54,16600.01,119660.97,292633.95,150.05,1318702.27,4453557.46,35111.67,647299.7,915149.67,49437.51,48556.18
Scenario 2,1157,4,Strong Growth (FOMO),257,TRADING,126830.12,1448371.03,153706.93,242166.31,938931.29,744228.22,199283.07,495710.14,736463.42,977996.14,503086.27,285500.98,2849764.67,40390.69,412744.46,47316.5,324749.93,436317.07,325516.81,44460.29,126583.04,447308.73,376005.27,393189.67,98268.27,134161.62,149070.21,194997.79,104540.24,170970.27,141159.87,138933.14,166450.53,104625.32,172848.49,148957.35,114595.73,1168345.66,18635.6,16614.82,119830.85,292572.07,149.84,1318366.21,4448358.7,35108.91,648113.86,914165.02,49339.34,48674.04
Scenario 2,1158,4,Strong Growth (FOMO),258,TRADING,127300.38,1448148.08,153696.65,243021.29,937199.19,742999.89,199528.39,496061.06,735821.86,978837.99,502712.73,285475.08,2847133.82,40310.21,413073.31,47294.32,325172.73,437310.65,325505.07,44488.59,126411.26,447307.51,375990.41,393282.59,98386.71,134119.22,149080.03,194942.19,104447.56,170898.28,141144.4,138892.92,166497.6,104609.47,172275.64,148788.77,114623.95,1170424.2,18662.07,16643.77,119823.14,292530.19,149.6,1318256.71,4449776.64,35114.43,649308.92,913281.97,49322.92,48727.36
Scenario 2,1159,4,Strong Growth (FOMO),259,TRADING,127704.43,1446961.22,153708.02,243882.09,935109.4,741512.28,199758.69,496598.44,735559.31,979144.5,502503.56,285455.24,2844349.59,40229.14,413282.97,47238.9,325465.62,438425.69,325393.48,44483.09,126405.67,447508.18,375990.87,393218.37,98367.0,134112.68,149061.56,194843.26,104411.85,170694.17,141092.43,138978.88,166418.71,104709.06,171870.78,148870.06,114501.82,1172342.47,18682.22,16655.68,119778.81,292493.16,149.19,1318142.85,4453022.46,35133.13,649734.13,912078.01,49301.17,48848.43
Scenario 2,1160,4,Strong Growth (FOMO),260,TRADING,128120.64,1445871.74,153645.51,244737.17,933029.82,740032.92,199997.64,497347.13,735163.25,979660.89,501961.96,285490.38,2841471.65,40171.95,413115.13,47238.97,325403.64,439366.22,325361.38,44463.48,126156.45,447437.3,375926.08,393330.08,98260.73,134141.12,149050.99,194803.1,104353.45,170494.07,140923.78,138917.43,166479.87,104786.9,171242.17,148562.76,114313.96,1175078.54,18705.91,16656.92,119755.51,292515.49,149.0,1318833.53,4458400.46,35145.66,650901.61,910954.91,49255.31,48910.02
Scenario 2,1161,4,Strong Growth (FOMO),261,TRADING,128562.99,1444285.99,153674.84,245667.86,930671.37,738922.63,200236.42,498098.4,734620.07,978643.78,501920.48,285520.94,2837054.89,40065.87,413160.38,47199.05,325507.25,440114.7,325378.91,44440.14,126103.53,447636.69,375966.31,393312.32,98309.35,134167.12,149040.12,194789.57,104505.04,170249.65,140787.28,138741.41,166432.88,104777.28,170728.09,148381.44,114241.58,1176418.06,18739.86,16671.55,119752.97,292435.62,148.63,1319149.99,4458867.01,35157.23,652032.08,909297.92,49216.55,48919.89
Scenario 2,1162,4,Strong Growth (FOMO),262,TRADING,129028.97,1443163.84,153544.1,246725.91,928471.88,737380.1,200542.23,498354.34,734750.93,978613.69,501729.84,285629.58,2834767.63,40001.48,412763.22,47156.14,325826.4,440780.44,325285.27,44465.69,126070.73,447709.04,375786.04,393220.47,98298.46,134142.68,149020.64,194806.95,104471.17,170101.88,140526.89,138719.06,166380.06,104798.72,170153.51,148299.25,114192.53,1177875.91,18765.45,16672.83,119732.2,292315.68,148.36,1319624.65,4464541.72,35158.32,654085.29,908154.43,49121.25,48951.74
Scenario 2,1163,4,Strong Growth (FOMO),263,TRADING,129541.38,1442161.22,153427.38,247563.22,926146.99,736200.67,200785.67,498952.3,735060.54,978603.05,500979.31,285668.03,2830639.91,39922.56,412759.38,47112.0,325706.97,441432.45,325098.97,44452.69,125998.47,447724.63,375540.82,393135.12,98194.94,134087.82,148936.08,194725.78,104476.14,169896.96,140466.59,138794.32,166431.5,104819.34,169754.24,148138.69,114222.61,1178885.83,18800.91,16683.89,119972.17,292359.8,147.94,1319038.52,4463889.45,35181.53,655315.94,907230.13,49061.42,49071.63
Scenario 2,1164,4,Strong Growth (FOMO),264,TRADING,129913.75,1440858.65,153181.63,248298.49,923471.05,736745.62,201160.96,499449.25,735636.83,978624.23,500796.65,285794.06,2828192.62,39849.8,412652.97,47108.77,325875.6,442290.89,325042.13,44451.75,125734.93,447815.85,375642.91,393109.18,98224.46,134065.55,148935.35,194665.07,104403.41,169582.81,140607.13,138531.84,166432.19,104823.96,169248.18,148183.73,114177.7,1180906.09,18814.77,16688.69,119897.42,292276.32,147.81,1318802.01,4464708.11,35168.06,656899.09,906929.57,48987.21,49085.52
Scenario 2,1165,4,Strong Growth (FOMO),265,TRADING,130361.24,1438986.28,152906.3,248940.14,921005.4,734880.52,201369.69,499644.76,735124.17,980087.4,500791.76,285815.63,2824898.31,39825.93,413009.68,47083.57,325299.86,442669.8,325192.49,44464.74,125591.12,447945.44,375684.79,393072.95,98190.14,134069.15,148857.56,194654.18,104435.5,169381.85,140524.1,138545.38,166467.1,104879.93,168722.95,148224.95,114173.18,1181619.85,18861.6,16714.56,120149.48,292097.62,147.59,1318542.4,4467905.97,35187.12,657751.18,905652.03,48966.4,49053.98
Scenario 2,1166,4,Strong Growth (FOMO),266,TRADING,130778.1,1438630.09,153097.29,249683.43,919117.08,733733.85,201646.92,500310.87,734843.83,979757.37,500504.92,285921.18,2822988.02,39780.15,412660.24,47049.9,325140.8,443145.84,325172.65,44484.38,125378.95,447897.18,375771.36,392909.01,98177.18,134071.75,148793.59,194721.67,104497.79,169106.0,140258.34,138423.97,166448.83,104926.41,168352.57,148048.0,114096.19,1183659.64,18893.32,16715.4,120177.77,292011.92,147.43,1318911.01,4470438.84,35184.98,658774.44,904738.03,48892.53,49145.94
Scenario 2,1167,4,Strong Growth (FOMO),267,TRADING,131204.21,1438019.86,153145.42,250302.47,916326.21,732473.37,201950.01,501019.34,734130.34,980085.85,499904.59,285926.49,2821305.18,39709.55,412336.72,46988.66,325250.47,443451.46,325040.64,44486.86,125305.75,447866.49,375531.9,393010.39,98157.49,134031.28,148773.05,194746.63,104477.94,168799.73,140210.94,138278.05,166503.65,105018.85,167932.68,148093.67,114093.62,1185104.15,18910.63,16741.42,120067.75,291917.87,147.33,1319335.41,4471960.6,35192.64,659832.98,903527.31,48879.86,49220.71
Scenario 2,1168,4,Strong Growth (FOMO),268,TRADING,131658.62,1436326.88,153059.95,251230.37,914358.27,731449.08,202164.99,501859.87,734221.36,980023.12,499312.17,285968.74,2819802.53,39629.63,412406.11,46982.86,325540.25,443882.05,324981.68,44497.76,125108.53,447867.36,375595.46,392870.2,98132.95,133989.98,148755.28,194705.06,104515.14,168570.79,140154.47,138149.34,166470.15,105023.57,167363.99,147978.72,114028.49,1186470.24,18927.68,16770.24,120169.06,291945.77,147.12,1318963.67,4477546.89,35210.12,659617.72,902643.53,48861.3,49277.62
Scenario 2,1169,4,Strong Growth (FOMO),269,TRADING,132155.96,1436099.24,152949.93,252115.73,912362.32,729435.57,202438.19,502620.77,733653.75,979441.15,498908.77,285954.23,2815621.38,39558.4,412090.1,46910.22,325775.63,444742.95,324951.88,44489.87,125078.15,448000.77,375529.31,392929.24,98222.38,133978.22,148815.87,194736.26,104521.74,168363.64,140101.21,138064.11,166495.75,104995.48,166891.89,147865.27,114016.66,1187676.37,18952.2,16779.26,120085.55,291945.34,146.88,1319326.13,4480809.5,35212.89,660725.01,901369.7,48797.65,49321.49
Scenario 2,1170,4,Strong Growth (FOMO),270,TRADING,132644.41,1435592.03,152815.62,253209.11,910291.23,728487.57,202780.34,503504.83,732643.25,980825.75,498797.05,285936.16,2810885.07,39475.8,411958.8,46913.5,325912.89,445456.85,324907.96,44493.28,125023.93,448145.07,375568.85,393034.06,98140.88,134001.32,148792.43,194736.26,104467.49,168006.45,140152.11,137921.13,166539.25,105008.03,166582.12,147910.0,113963.96,1189660.01,18981.09,16776.94,120337.91,291860.26,146.7,1319405.47,4481670.55,35214.65,661242.41,900073.04,48762.87,49417.57
Scenario 2,1171,4,Strong Growth (FOMO),271,TRADING,133132.85,1434788.43,152641.72,254095.27,907779.29,726209.69,203206.99,504098.09,731951.85,981238.91,498622.53,286023.44,2808272.92,39391.99,411882.32,46858.14,326047.59,445941.78,324866.41,44476.64,124784.02,448261.83,375475.43,393235.62,98084.02,133980.06,148729.67,194699.28,104481.78,167730.69,139945.1,137840.66,166532.88,105002.16,166068.3,147743.31,113889.82,1191662.19,19009.74,16799.24,120443.48,291860.42,146.59,1320007.58,4486825.67,35217.66,661881.47,899051.33,48736.32,49467.62
Scenario 2,1172,4,Strong Growth (FOMO),272,TRADING,133560.76,1433932.42,152553.82,254641.88,905822.41,725127.07,203550.39,504712.26,731890.38,982241.07,497710.93,285936.54,2803376.96,39350.51,411732.62,46794.29,326154.4,446348.27,324737.02,44485.9,124693.32,448395.04,375429.52,393483.99,98014.97,133999.77,148662.69,194713.47,104520.58,167639.82,139839.67,137722.67,166497.26,105087.36,165574.05,147615.63,113903.13,1193160.71,19024.44,16819.93,120411.17,291779.42,146.06,1320322.72,4489508.53,35211.26,662354.05,898367.98,48664.54,49490.92
Scenario 2,1173,4,Strong Growth (FOMO),273,TRADING,134034.84,1432938.03,152563.96,255488.6,904093.04,723352.32,203926.7,505467.49,731417.49,981831.89,497115.28,285911.2,2798212.98,39301.73,411616.48,46748.56,325978.79,446946.83,324648.4,44491.92,124616.63,448619.97,375379.48,393417.48,98083.41,134018.99,148583.07,194659.95,104470.92,167423.52,139750.07,137783.45,166458.74,105134.24,165130.54,147364.0,113885.93,1194692.08,19053.06,16827.85,120371.01,291675.4,145.79,1320568.86,4490446.59,35214.3,662883.22,896928.1,48647.92,49536.53
Scenario 2,1174,4,Strong Growth (FOMO),274,TRADING,134515.46,1432051.26,152428.07,256545.91,901915.82,722312.67,204113.82,506021.36,730673.85,982476.7,496770.36,285927.28,2794808.66,39250.31,411590.56,46705.0,326035.55,447608.93,324647.46,44478.65,124528.06,448708.35,375399.52,393338.54,97996.87,134004.94,148554.34,194591.12,104412.04,167188.73,139738.34,137750.25,166472.22,105107.17,164694.5,147201.27,113830.6,1196117.65,19083.09,16830.27,120605.07,291589.77,145.39,1320602.96,4492723.14,35220.73,663380.39,895812.78,48588.4,49634.41
Scenario 2,1175,4,Strong Growth (FOMO),275,TRADING,134973.33,1430551.66,152517.78,257518.94,900275.91,721022.72,204496.98,506173.78,731088.46,982856.38,496047.39,285895.2,2792123.58,39202.8,411679.25,46666.52,325868.87,448638.66,324580.95,44478.03,124505.26,448695.25,375538.46,393336.45,97938.55,134010.24,148461.92,194513.09,104479.46,166962.2,139467.87,137750.75,166435.62,105004.41,164321.95,147105.58,113826.74,1197340.75,19104.63,16833.7,120632.38,291557.09,145.18,1320506.68,4495469.57,35234.89,665239.72,895122.59,48584.09,49728.7
Scenario 2,1176,4,Strong Growth (FOMO),276,TRADING,135437.81,1430347.23,152288.39,258310.23,898636.3,721209.77,204762.93,506939.99,730156.6,982665.74,495527.75,285949.99,2789316.66,39157.42,411468.62,46615.84,326077.09,449358.64,324585.68,44481.29,124469.58,448676.35,375439.37,393539.79,97795.1,134021.06,148466.9,194606.31,104403.12,166788.4,139342.93,137649.45,166442.02,105100.83,163821.93,146835.72,113768.4,1198923.41,19135.79,16845.21,120880.42,291580.6,145.0,1320556.91,4499904.83,35234.88,665139.82,894248.25,48534.13,49797.33
Scenario 2,1177,4,Strong Growth (FOMO),277,TRADING,135921.77,1428943.64,152004.96,259139.74,896304.95,720935.24,205069.75,507161.33,730489.47,983847.04,495642.68,286003.95,2785061.83,39102.36,411646.01,46623.44,325646.75,450335.65,324554.6,44498.75,124384.03,448835.17,375394.26,393420.32,97731.01,134012.74,148423.96,194484.13,104466.31,166548.44,139342.12,137676.0,166404.98,105156.44,163311.82,146695.44,113760.88,1200097.71,19163.74,16838.63,121040.84,291495.02,144.93,1320365.1,4497093.14,35238.47,667423.9,892891.29,48547.41,49823.19
Scenario 2,1178,4,Strong Growth (FOMO),278,TRADING,136428.72,1428290.01,152135.1,259934.34,894228.34,720495.02,205251.48,507746.42,731068.91,983645.71,495188.51,286048.76,2781732.06,39011.01,411737.32,46613.06,326127.59,451146.91,324535.52,44482.6,124231.08,448918.14,375254.0,393438.24,97707.14,134033.75,148382.69,194435.9,104429.44,166357.4,139337.49,137490.31,166431.18,105083.56,162811.8,146476.82,113755.66,1202607.4,19184.13,16843.71,121085.8,291504.94,144.9,1320459.51,4502722.1,35247.04,668254.3,891610.35,48515.15,49891.5
Scenario 2,1179,4,Strong Growth (FOMO),279,TRADING,136898.65,1428126.7,152160.98,260716.76,892761.07,719390.38,205589.27,508532.77,730228.12,984059.42,495161.61,285995.01,2779815.46,38940.99,411759.86,46591.95,325777.33,451869.37,324501.4,44477.57,124212.1,448938.23,375039.6,393456.18,97621.82,134065.9,148398.78,194419.54,104432.25,165968.14,139164.33,137445.19,166410.98,105199.33,162482.99,146388.12,113713.19,1204221.38,19230.09,16863.85,121124.64,291368.12,144.86,1320488.84,4502184.99,35268.7,669992.73,890496.41,48478.02,49909.92
Scenario 2,1180,4,Strong Growth (FOMO),280,TRADING,137327.33,1427455.89,152018.88,261483.89,891018.18,718236.43,205780.66,509366.07,729983.71,983911.43,494613.1,286038.35,2776485.38,38891.88,411688.82,46573.63,325722.97,452122.41,324467.88,44474.25,124144.32,448879.85,375006.23,393531.71,97681.47,134012.84,148395.68,194437.93,104454.07,165585.3,139082.74,137561.87,166430.21,105256.08,162100.32,146494.89,113667.91,1206021.73,19270.53,16854.69,121352.06,291358.49,144.65,1320802.55,4511801.13,35266.92,671376.0,889999.14,48419.0,49942.88
Scenario 2,1181,4,Strong Growth (FOMO),281,TRADING,137797.14,1427168.56,151856.41,262505.51,888751.17,717235.91,206007.55,510096.21,729965.65,983423.63,494106.26,286066.5,2772674.76,38827.45,411439.41,46571.64,325657.54,452641.25,324399.2,44447.03,124053.34,449092.03,374784.5,393396.77,97572.24,134005.81,148411.47,194423.78,104393.14,165416.43,138932.24,137579.64,166453.82,105288.83,161641.98,146372.72,113575.94,1207982.9,19296.16,16849.9,121375.79,291321.22,144.37,1320938.49,4519332.24,35286.85,671992.15,889776.44,48380.97,49972.11
Scenario 2,1182,4,Strong Growth (FOMO),282,TRADING,138192.7,1427310.64,151934.69,263296.38,886880.12,715153.53,206298.72,510710.62,729345.28,983825.08,494010.75,286038.15,2770609.09,38780.72,411323.31,46552.88,325893.53,453549.27,324251.7,44449.0,123792.02,449454.6,374817.1,393253.63,97495.35,134010.63,148318.69,194437.19,104440.56,165264.85,138734.0,137474.84,166499.81,105336.45,161086.89,146154.13,113601.25,1209587.0,19327.8,16862.95,121388.94,291156.07,144.09,1320930.85,4524484.36,35295.88,673488.73,888722.46,48360.98,49991.52
Scenario 2,1183,4,Strong Growth (FOMO),283,TRADING,138623.76,1426393.26,151814.24,264142.06,884676.02,713573.26,206586.19,511040.13,728603.82,985473.83,493802.48,286053.2,2768403.04,38707.28,411524.3,46479.97,325575.56,454236.26,324428.09,44437.45,123565.33,449440.79,374772.28,393407.86,97361.0,134022.66,148244.66,194447.64,104423.76,164910.54,138723.78,137577.56,166422.96,105334.75,160492.24,146167.01,113558.87,1211234.87,19338.7,16841.19,121682.44,291102.45,143.86,1320691.3,4523013.5,35279.86,674113.12,888285.69,48335.33,50033.28
Scenario 2,1184,4,Strong Growth (FOMO),284,TRADING,139091.96,1425349.78,151486.99,265001.57,882812.57,711988.76,206962.21,511439.15,728095.03,986516.63,493629.45,286017.24,2765635.11,38641.6,411023.87,46479.36,325720.5,454785.1,324354.17,44433.62,123519.25,449440.89,374861.25,393289.8,97321.15,134001.2,148245.08,194445.42,104401.99,164558.06,138828.82,137545.21,166403.9,105362.43,159896.8,146005.56,113464.14,1213549.12,19351.75,16845.38,121764.46,291025.39,143.74,1320992.05,4527675.33,35277.52,675478.79,886924.09,48268.07,50063.95
Scenario 2,1185,4,Strong Growth (FOMO),285,TRADING,139543.77,1424169.19,151088.61,265721.59,881183.89,710934.34,207271.1,511905.37,728269.37,985567.44,493194.02,286004.8,2760770.48,38548.44,410730.66,46481.32,325427.28,455448.82,324529.67,44434.17,123449.82,449248.5,374655.16,393269.08,97412.58,133973.01,148274.11,194452.63,104420.8,164450.21,138472.52,137371.04,166374.76,105426.44,159342.42,145918.22,113416.04,1215218.85,19370.03,16815.8,121721.36,291005.85,143.4,1321480.71,4533351.98,35269.46,676817.93,886351.91,48218.22,50133.57
Scenario 2,1186,4,Strong Growth (FOMO),286,TRADING,139974.24,1423318.21,151088.52,266456.41,879358.0,710403.78,207527.66,512602.08,727363.64,986260.8,492907.3,286079.75,2758589.03,38488.91,410741.22,46520.25,325512.83,455999.22,324550.19,44418.44,123376.9,449476.72,374445.33,393463.81,97405.28,134003.65,148296.18,194414.8,104399.9,164089.33,138252.25,137325.13,166372.3,105494.52,158868.07,145824.55,113327.27,1216911.58,19391.94,16848.77,121692.31,290982.47,142.98,1321114.31,4530496.48,35261.03,677494.21,885216.65,48187.3,50099.19
Scenario 2,1187,4,Strong Growth (FOMO),287,TRADING,140397.98,1422481.92,150879.12,267256.54,877410.87,709557.02,207765.75,513232.63,727379.05,986779.92,493061.3,286097.97,2755353.26,38395.18,410668.98,46455.53,325606.15,456933.37,324481.07,44420.84,123325.74,449646.01,374441.86,393440.06,97495.2,134050.61,148321.92,194382.74,104422.09,163878.01,138179.24,137315.46,166283.49,105595.28,158372.6,145620.14,113270.05,1217828.69,19417.28,16846.87,121843.63,290825.26,142.66,1321435.41,4536021.63,35252.37,678256.08,884733.62,48166.25,50158.98
Scenario 2,1188,4,Strong Growth (FOMO),288,TRADING,140881.31,1421499.97,150867.08,268224.98,875226.2,709381.56,208134.14,513787.92,727245.26,985971.36,492503.4,286151.32,2752144.6,38343.52,410636.53,46422.71,325811.93,458107.01,324684.74,44454.09,123139.68,449909.29,374257.31,393168.87,97507.19,134070.77,148291.67,194446.81,104394.9,163795.24,138376.68,137339.37,166317.49,105756.78,157839.95,145376.93,113220.85,1219370.07,19437.7,16864.17,121996.71,290866.85,142.2,1321700.92,4540691.21,35242.81,678607.16,883194.58,48143.1,50208.12
Scenario 2,1189,4,Strong Growth (FOMO),289,TRADING,141294.92,1420600.04,150599.59,269147.88,873194.12,709493.3,208569.0,514032.08,726772.75,986846.95,491918.05,286110.69,2747822.33,38277.36,410692.57,46377.94,325684.0,458451.23,324820.9,44451.12,123060.7,450073.63,374193.27,393345.51,97488.52,134077.94,148242.58,194388.85,104380.95,163537.48,138233.93,137407.21,166338.84,105788.75,157307.1,145316.03,113224.1,1221015.37,19493.66,16858.71,122099.05,290790.7,141.87,1322095.93,4548357.85,35260.72,679276.38,881867.96,48125.23,50259.73
Scenario 2,1190,4,Strong Growth (FOMO),290,TRADING,141707.23,1419746.56,150418.21,270049.11,870343.22,708869.83,208799.49,514607.4,726081.1,987179.59,491404.74,286143.86,2744956.43,38213.2,410447.73,46344.99,325611.22,458866.62,324764.97,44477.74,122756.78,450114.18,374241.84,393132.05,97358.73,134111.98,148225.24,194221.91,104445.35,163333.17,137958.13,137452.88,166416.47,105847.3,156780.27,145171.13,113247.57,1222255.21,19536.4,16875.86,122144.16,290751.16,141.76,1322418.59,4553551.33,35257.3,680474.78,880871.74,48093.53,50318.6
Scenario 2,1191,4,Strong Growth (FOMO),291,TRADING,142154.51,1418563.48,150286.4,270709.8,867722.94,708438.93,208956.79,515230.62,725419.22,987296.1,491040.91,286182.61,2743046.82,38143.32,410651.35,46311.95,325613.74,459439.6,324966.61,44471.82,122861.67,450195.79,374117.24,393325.12,97268.7,134082.77,148150.91,194262.64,104508.43,163064.42,137760.94,137270.15,166444.27,105911.37,156320.07,144968.92,113156.32,1223815.49,19553.18,16881.54,122275.16,290649.41,141.53,1322218.98,4557542.55,35255.39,681981.32,880521.49,47981.17,50434.84
Scenario 2,1192,4,Strong Growth (FOMO),292,TRADING,142678.94,1417300.27,150162.51,271747.51,865693.23,706696.07,209244.72,515616.87,724943.18,987440.05,490585.39,286228.39,2739699.86,38040.03,410237.42,46295.37,325801.73,459725.41,325080.88,44485.67,122794.19,450351.43,374010.56,393433.65,97214.47,134049.02,148113.83,194266.24,104591.49,162831.68,137599.66,137256.88,166392.74,105958.16,155977.72,144571.31,113072.82,1225219.8,19570.75,16909.93,122469.92,290554.39,141.28,1322305.33,4557893.9,35270.24,683124.48,879431.42,47951.58,50521.3
Scenario 2,1193,4,Strong Growth (FOMO),293,TRADING,143126.12,1416376.04,149785.28,272584.87,863836.83,705417.21,209501.04,516495.69,725332.18,987523.42,490107.08,286247.22,2736800.99,37974.65,409995.83,46266.71,325789.21,460282.84,325199.71,44488.01,122696.36,450499.81,373984.58,393401.92,97156.52,134041.0,148117.26,194209.94,104557.56,162626.11,137582.28,137124.91,166370.24,106014.35,155449.17,144395.45,113092.53,1227424.09,19585.69,16961.95,122499.43,290507.91,140.97,1322588.3,4557948.95,35269.48,683687.48,879179.11,47911.29,50567.99
Scenario 2,1194,4,Strong Growth (FOMO),294,TRADING,143606.4,1415203.77,149679.29,273285.11,862600.9,704020.19,209726.24,516869.97,724455.53,987372.79,489827.2,286280.34,2734511.82,37885.51,409894.76,46300.64,325735.02,461135.31,325075.98,44461.51,122579.95,450541.65,373941.43,393355.33,97064.66,134072.22,148100.77,194247.25,104561.42,162372.65,137256.61,137088.43,166388.89,105915.67,154942.36,144302.34,113062.09,1228697.96,19605.96,16981.65,122707.43,290532.1,141.08,1322257.44,4559377.0,35276.77,684792.41,878068.32,47858.24,50642.17
Scenario 2,1195,4,Strong Growth (FOMO),295,TRADING,144029.21,1415312.37,149469.69,274225.04,860609.61,703151.36,209881.84,517296.11,724006.95,987028.45,488639.21,286344.01,2733091.02,37800.73,409982.24,46264.9,325518.48,461680.98,324838.39,44469.76,122500.3,450458.41,373999.87,393372.94,97034.18,134067.21,148005.24,194304.67,104571.4,162164.49,137185.15,137063.8,166318.84,105840.47,154382.23,144157.23,113069.85,1230186.19,19609.56,16975.32,122626.11,290627.11,140.75,1322612.26,4559537.32,35306.21,685500.49,877104.17,47816.21,50703.18
Scenario 2,1196,4,Strong Growth (FOMO),296,TRADING,144484.8,1414377.98,149444.76,275002.36,858322.62,701873.84,210207.62,517912.34,723774.38,986040.03,487660.82,286377.93,2730140.05,37755.72,409951.53,46186.03,325531.07,462241.19,325048.05,44466.02,122300.76,450386.25,373975.3,393410.55,97049.3,134066.85,148011.16,194326.36,104619.14,162035.06,137097.79,137053.79,166365.82,105862.61,153907.46,144063.35,113135.97,1232134.21,19628.28,16970.27,123005.98,290607.31,140.49,1322756.71,4556389.26,35306.11,687488.82,876225.87,47762.5,50807.63
Scenario 2,1197,4,Strong Growth (FOMO),297,TRADING,144902.88,1412865.05,149322.64,275635.16,856771.22,700537.24,210538.14,518403.82,723762.38,987406.13,486973.57,286455.22,2726210.72,37685.87,409738.74,46134.49,325608.8,462869.93,324913.26,44455.47,122159.22,450346.93,373897.55,393390.83,97122.67,134144.84,147979.22,194322.02,104619.06,161867.95,137078.34,137105.42,166309.7,105867.05,153522.25,144067.13,113098.52,1233438.69,19647.47,16956.25,123009.54,290564.78,140.09,1322636.92,4556053.24,35321.84,687664.14,874973.61,47783.3,50866.84
Scenario 2,1198,4,Strong Growth (FOMO),298,TRADING,145345.69,1411734.55,149172.59,276419.7,854856.3,699437.02,210754.5,519154.02,723426.05,987376.27,486795.31,286520.32,2723708.06,37632.88,409554.71,46055.46,325633.99,463401.34,324902.1,44471.95,121878.91,450232.59,373909.96,393648.7,97089.07,134177.01,147929.48,194334.8,104594.09,161889.64,136888.42,137018.24,166342.76,106041.64,152991.46,143886.47,113073.01,1234627.12,19685.1,16948.38,123204.9,290534.08,139.84,1322718.7,4560158.03,35325.39,687915.19,873847.23,47686.11,50945.09
Scenario 2,1199,4,Strong Growth (FOMO),299,TRADING,145823.89,1409378.7,149053.78,277292.86,853169.17,698391.02,210982.17,519579.7,722770.76,987930.01,486604.39,286504.61,2720605.52,37529.16,409257.16,45994.27,325718.35,463949.76,324953.6,44473.74,121971.76,450376.83,373800.88,393672.48,97109.34,134177.82,147902.63,194353.97,104574.28,161734.47,136835.52,136897.2,166320.37,106014.86,152457.91,143669.2,113050.56,1236459.37,19697.19,16950.62,123258.94,290561.98,139.46,1323086.56,4566117.03,35328.38,688213.59,872781.84,47630.76,51028.96
Scenario 2,1200,4,Strong Growth (FOMO),300,TRADING,146264.2,1408427.48,148827.94,278245.04,851259.25,697541.58,211148.98,519907.98,722571.03,989511.02,486407.56,286582.33,2717017.89,37455.4,408984.86,45953.1,325930.34,464790.48,324813.66,44495.54,122119.71,450491.82,373628.92,393815.5,96984.79,134157.54,147881.71,194337.06,104585.16,161604.89,136695.98,136956.57,166378.84,106059.55,151997.87,143914.23,112972.81,1236809.48,19718.46,16968.11,123367.98,290485.85,139.05,1323495.67,4568079.42,35339.78,688941.27,871403.19,47531.47,51123.46
Scenario 2,1201,5,Market Euphoria,1,TRADING,160667.99,1360965.5,151437.51,309770.72,996529.38,747821.54,206929.78,501593.45,692291.89,995163.76,512050.61,299943.43,2980153.74,41340.33,431424.52,42965.73,331393.24,481172.4,331510.75,48350.11,116462.8,456857.08,356368.77,404212.17,91521.7,140298.55,157685.09,198536.86,106451.42,171276.96,140787.78,141659.1,174698.96,106480.89,158608.18,131172.31,119020.62,1309280.54,17801.09,18184.57,123465.09,287878.74,137.08,1242285.86,4261008.1,37594.11,654430.9,908150.13,44802.67,52611.09
Scenario 2,1202,5,Market Euphoria,2,TRADING,160787.2,1358411.8,151675.97,309677.02,996289.61,746655.47,206643.54,501849.29,693997.29,994692.85,511349.82,300438.2,2981027.56,41475.73,431362.13,42891.68,330797.46,481223.11,330945.23,48211.61,116218.31,457397.24,356708.0,404218.68,91730.26,140498.78,157650.39,198489.68,106269.34,171798.64,140578.59,141634.02,174723.65,106591.78,158790.27,131146.1,119011.45,1310435.21,17806.01,18214.9,123472.24,287263.49,137.13,1244364.2,4253761.13,37578.43,654809.05,909355.39,44853.83,52625.11
Scenario 2,1203,5,Market Euphoria,3,TRADING,160732.5,1355612.16,151991.3,309611.27,995107.57,745745.97,206514.48,502257.32,695763.34,995351.46,511077.54,300963.68,2982556.77,41551.19,431829.56,42866.18,330061.53,481496.67,330035.97,48095.76,115998.43,457678.95,356115.05,404091.05,91963.05,140756.92,157617.03,198218.88,106037.13,172246.12,140455.33,141665.43,174730.7,106572.42,158979.21,131171.68,119037.1,1313505.21,17802.09,18244.09,123435.47,286717.1,137.33,1246950.7,4247648.75,37584.23,654545.33,909166.97,44864.78,52607.69
Scenario 2,1204,5,Market Euphoria,4,TRADING,160797.06,1352878.27,152235.12,309639.98,992493.27,744522.8,206046.15,502627.74,697324.63,996071.67,510180.61,301887.93,2984518.48,41611.21,432660.5,42773.26,329615.71,481735.94,329489.82,47972.64,115784.04,458118.23,355885.73,404030.82,92145.08,141090.21,157623.55,198229.57,105851.72,172445.36,140187.62,141662.65,174748.55,106561.69,159155.67,131193.02,119033.69,1315717.38,17814.85,18275.18,123435.52,286215.03,137.52,1248709.8,4238813.47,37612.16,654591.47,910486.59,44925.62,52644.06
Scenario 2,1205,5,Market Euphoria,5,TRADING,160856.44,1350215.1,152463.65,309701.45,991394.19,743732.84,205821.65,502805.78,698925.92,996412.42,509445.51,302794.08,2983937.88,41645.47,432986.86,42724.5,329161.8,481934.82,328830.86,47868.4,115501.56,458767.94,355875.77,404161.98,92310.58,141350.77,157632.96,198215.08,105705.65,172718.75,140023.42,141701.82,174793.38,106419.44,159463.41,131184.55,119042.06,1314860.14,17815.67,18311.96,123461.57,285617.8,137.82,1251616.65,4230073.91,37607.12,654877.64,910350.88,44922.79,52663.43
Scenario 2,1206,5,Market Euphoria,6,TRADING,160874.61,1347905.09,152697.62,309636.25,989289.26,742082.79,205514.66,502833.85,700571.65,996712.83,508755.35,303606.56,2983722.86,41687.49,433710.18,42601.73,328714.85,482093.59,328216.41,47795.55,115200.9,459024.55,355584.78,403836.97,92514.31,141499.06,157652.34,198090.58,105389.45,172887.54,139888.84,141738.13,174761.02,106184.12,159482.83,131202.05,119055.53,1315337.27,17824.57,18348.25,123427.24,285031.33,138.07,1253314.86,4223587.84,37593.16,654033.2,910590.32,44971.72,52658.49
Scenario 2,1207,5,Market Euphoria,7,TRADING,161035.65,1346005.65,153015.81,309649.12,988035.67,740281.41,205077.47,503211.24,702494.09,996667.22,508020.84,304644.26,2983456.04,41688.97,434262.22,42700.12,328306.48,482492.34,327562.4,47702.09,114937.25,459210.03,354830.03,403392.34,92752.05,141666.24,157664.18,197966.25,105249.05,173174.22,139856.62,141702.39,174712.37,106101.08,159808.62,131187.9,119003.5,1317499.36,17823.84,18370.49,123413.79,284595.71,138.24,1255203.88,4214723.29,37595.63,653854.79,912700.11,44957.96,52671.73
Scenario 2,1208,5,Market Euphoria,8,TRADING,161031.69,1344130.14,153423.66,309690.82,985530.83,739198.06,204775.58,503490.59,704801.4,996369.34,507626.2,305554.72,2983858.0,41731.58,434562.93,42686.39,327971.84,482137.77,326894.65,47612.83,114690.12,459487.72,354403.97,402954.55,92912.41,141760.43,157704.52,198093.68,105129.8,173561.18,139653.35,141694.47,174737.01,105981.64,160093.64,131218.71,118968.75,1319762.5,17831.55,18402.2,123402.54,284000.76,138.4,1257373.22,4206217.91,37594.93,654288.31,914444.73,45049.51,52676.12
Scenario 2,1209,5,Market Euphoria,9,TRADING,161131.43,1341882.36,153736.3,309568.47,983699.37,737275.69,204445.73,504432.82,706345.59,996075.07,506458.89,306362.42,2982913.04,41822.4,434548.87,42711.89,328167.59,482516.77,326346.38,47504.51,114400.15,459792.32,354348.85,402733.57,93079.98,141963.29,157677.05,198226.91,104920.29,173686.4,139331.72,141711.95,174765.51,105928.97,160289.84,131222.19,118991.91,1322745.02,17820.64,18432.63,123397.5,283385.75,138.55,1259869.9,4198119.41,37591.58,653906.03,914087.1,45002.71,52680.29
Scenario 2,1210,5,Market Euphoria,10,TRADING,161143.83,1339368.62,154090.61,309466.06,983092.52,736150.25,203870.01,504933.83,707732.89,996735.11,505764.7,307114.38,2982576.12,41850.17,435246.87,42621.85,327784.97,483635.17,325563.95,47392.06,114138.11,460041.44,353246.11,402573.63,93298.58,142050.18,157709.7,198228.98,104784.27,173956.56,139229.43,141762.78,174777.54,105832.66,160656.42,131230.29,118935.4,1324792.94,17824.66,18455.54,123419.56,282782.21,138.56,1261620.68,4190409.31,37597.06,652682.58,915756.33,45035.51,52718.31
Scenario 2,1211,5,Market Euphoria,11,TRADING,161129.3,1336630.56,154487.48,309463.9,981782.83,735584.41,203811.52,505730.34,709433.68,997601.12,505398.71,307695.67,2981883.2,41899.4,436415.08,42609.54,327346.21,484302.37,324969.55,47277.32,113828.26,460339.39,352528.88,402002.99,93488.04,142341.81,157642.87,198006.64,104649.98,173941.26,139108.62,141831.02,174804.61,105622.59,160806.71,131220.47,118965.44,1325298.13,17815.11,18480.88,123437.39,282344.71,138.6,1264112.0,4181957.05,37625.07,652522.75,915339.77,45104.12,52714.54
Scenario 2,1212,5,Market Euphoria,12,TRADING,161200.63,1333858.23,154750.44,309443.72,980221.2,734022.8,203481.1,506402.05,711152.83,997805.18,504563.21,308698.21,2981695.74,41957.3,436728.02,42526.82,326835.5,483684.24,324363.92,47160.82,113512.78,460499.55,352200.49,401412.3,93761.54,142667.56,157707.23,197995.65,104478.46,174136.14,139080.12,141822.6,174799.94,105615.39,160858.4,131230.13,119021.17,1330400.4,17813.38,18513.74,123431.04,281823.67,138.94,1266872.11,4173498.5,37631.11,651980.01,916095.19,45153.71,52700.66
Scenario 2,1213,5,Market Euphoria,13,TRADING,161407.15,1332359.44,155103.46,309363.97,978923.68,732353.33,203538.53,507041.45,712922.35,998346.04,503771.94,309369.84,2982238.61,41988.3,436913.12,42418.32,326286.42,483219.25,323550.48,47058.15,113223.22,460841.95,351739.87,401166.05,93980.91,142804.74,157732.7,198059.63,104356.39,174506.29,139065.05,141786.6,174814.47,105517.01,161068.84,131246.69,118994.92,1334099.42,17818.76,18548.57,123410.76,281184.47,139.26,1268401.74,4166617.25,37624.73,650755.6,916532.0,45100.86,52701.47
Scenario 2,1214,5,Market Euphoria,14,TRADING,161376.04,1329263.78,155421.2,309342.86,977775.27,731578.28,203347.03,507586.6,714469.3,999597.79,502545.3,310226.6,2982305.34,42079.31,437963.23,42369.97,326331.59,483466.58,322817.14,46932.07,112907.12,461400.7,351138.89,400430.8,94209.82,142988.81,157743.43,197844.93,104225.86,174551.6,138994.84,141784.79,174799.03,105459.03,161125.12,131274.13,118998.36,1334947.36,17810.41,18570.31,123433.4,280458.72,139.53,1270327.85,4158469.05,37588.06,650371.46,916452.53,45120.6,52723.29
Scenario 2,1215,5,Market Euphoria,15,TRADING,161415.52,1326475.48,155728.94,309221.0,976132.4,730183.32,202758.33,508168.4,715978.29,1000259.77,501749.99,311097.64,2982680.5,42120.49,438447.39,42309.73,326161.21,483656.29,322124.39,46846.92,112645.71,461692.1,350654.54,400203.07,94499.22,143274.05,157785.34,197406.78,104060.55,174925.2,138930.95,141777.69,174836.02,105216.35,161128.83,131259.4,119037.45,1338384.09,17807.37,18594.73,123421.83,279894.36,139.77,1272401.36,4149508.02,37609.19,650054.05,916987.55,45139.58,52705.77
Scenario 2,1216,5,Market Euphoria,16,TRADING,161476.4,1324026.61,156190.85,309169.92,973922.96,728669.2,202321.83,508789.37,717354.25,1000140.26,501029.73,311612.26,2982836.35,42194.6,439072.9,42270.16,325921.38,483857.39,321298.74,46738.8,112308.79,462072.84,350092.42,399905.83,94693.04,143627.68,157777.43,197262.68,103990.82,175266.08,138868.32,141750.53,174852.13,105146.75,161178.95,131265.1,119049.32,1339460.12,17801.46,18633.17,123398.83,279391.54,140.01,1274750.46,4141482.66,37625.6,650824.4,916560.7,45202.34,52671.47
Scenario 2,1217,5,Market Euphoria,17,TRADING,161537.52,1321832.4,156478.26,309142.64,972611.12,727572.94,202086.87,509013.79,719140.23,999780.47,499987.38,312600.89,2981823.51,42210.7,439715.38,42163.21,325219.89,483538.61,320655.66,46699.93,112096.3,462615.0,350026.57,399543.78,94966.63,143750.56,157809.89,197186.03,103770.64,175206.3,138808.75,141733.06,174812.75,105025.44,161257.14,131254.43,119028.44,1341806.77,17798.48,18666.32,123416.0,278864.11,140.21,1275585.34,4133669.95,37596.97,650767.48,916667.41,45229.7,52671.26
Scenario 2,1218,5,Market Euphoria,18,TRADING,161640.46,1319475.89,156681.37,309198.32,971596.55,725916.85,201943.56,509610.2,720576.9,1001123.4,498713.02,313369.73,2980158.4,42319.53,440317.61,42109.75,324981.34,483606.35,320150.97,46552.99,111853.9,462808.85,349449.67,399441.05,95152.46,143947.41,157755.09,196952.07,103655.92,175364.58,138584.36,141797.9,174813.86,104928.51,161394.16,131261.7,119061.3,1344210.51,17804.23,18686.17,123419.3,278527.99,140.16,1277013.26,4124305.27,37582.39,650536.85,916775.55,45271.75,52668.43
Scenario 2,1219,5,Market Euphoria,19,TRADING,161597.42,1316778.59,157099.41,309236.47,969284.9,724766.82,201586.77,510267.14,722408.16,1001851.56,498063.8,314230.84,2980458.71,42423.07,441263.13,42058.61,324747.26,484255.57,319503.01,46466.75,111580.51,463077.24,349311.93,399691.05,95369.92,144134.1,157782.27,196805.6,103455.38,175466.96,138513.9,141839.04,174853.77,105013.93,161602.76,131239.92,119005.78,1344605.73,17803.58,18741.28,123410.26,277959.0,140.38,1279109.03,4116503.14,37576.15,650655.38,918526.15,45282.74,52676.78
Scenario 2,1220,5,Market Euphoria,20,TRADING,161687.21,1313518.78,157353.13,309088.97,967189.19,723553.56,201142.01,511170.55,724130.39,1002117.02,497822.59,315170.64,2981751.94,42457.56,442019.04,41987.89,324106.95,484098.74,318768.28,46365.13,111330.93,463581.39,349105.48,399297.74,95596.28,144345.63,157758.05,196375.96,103397.88,175390.57,138374.91,141851.13,174851.22,104845.23,161727.03,131228.46,118984.89,1347305.28,17815.12,18784.72,123397.7,277461.62,140.42,1280993.5,4109786.84,37600.4,650123.7,918964.89,45345.87,52716.51
Scenario 2,1221,5,Market Euphoria,21,TRADING,161577.0,1310606.02,157595.64,309192.48,965910.45,722574.05,200889.82,511578.31,725836.02,1002284.09,496610.34,315894.82,2981772.74,42528.91,442637.71,41830.92,323543.98,484426.3,318133.17,46296.87,111069.08,463605.48,348385.82,398740.6,95837.79,144600.59,157734.6,196308.78,103234.25,175795.06,138186.61,141848.41,174840.73,104849.34,162072.9,131245.86,118987.8,1348962.95,17817.08,18791.47,123393.43,276873.42,140.64,1283350.42,4103456.04,37602.66,649226.47,919401.85,45389.48,52693.33
Scenario 2,1222,5,Market Euphoria,22,TRADING,161778.88,1307638.65,157909.46,309226.09,963708.08,721557.9,200813.28,511784.77,727273.94,1002467.97,496883.3,316889.69,2982730.54,42572.28,442996.73,41776.45,323464.86,483861.27,317353.8,46202.87,110819.05,463968.24,348106.72,399068.2,96107.83,144640.94,157791.89,196205.66,103066.99,176154.14,138073.09,141776.44,174817.06,104799.28,162345.46,131235.1,118996.12,1349230.74,17821.98,18813.99,123378.87,276153.31,140.76,1285330.51,4094506.9,37586.76,648547.63,920141.73,45448.35,52672.99
Scenario 2,1223,5,Market Euphoria,23,TRADING,161898.08,1304592.76,158132.49,309229.89,962750.98,720022.91,200502.12,511904.94,728812.86,1001455.17,496060.51,317902.48,2981812.74,42631.0,443326.82,41730.84,323473.22,484360.26,316596.36,46145.49,110560.77,464041.83,347531.59,398546.29,96354.15,144869.46,157828.05,196024.97,102809.83,176516.62,137835.43,141767.24,174845.0,104809.35,162307.29,131232.66,119028.32,1350723.13,17817.61,18850.25,123363.68,275509.45,141.08,1287778.93,4086471.78,37584.64,647831.33,921331.73,45509.31,52698.33
Scenario 2,1224,5,Market Euphoria,24,TRADING,161884.37,1302008.38,158428.79,309107.16,961413.23,719251.67,200060.5,513080.93,730296.52,1001737.54,495533.44,318828.55,2981084.44,42732.74,444141.7,41701.71,322995.6,484582.74,315965.3,46037.06,110268.42,464254.21,347111.15,398338.01,96607.4,145190.47,157776.93,195869.03,102547.88,176718.19,137705.52,141686.18,174878.19,104437.79,162444.2,131219.09,118974.77,1353049.27,17816.47,18884.21,123371.84,275140.64,141.02,1290235.17,4077468.36,37570.88,647866.61,921192.11,45518.5,52712.47
Scenario 2,1225,5,Market Euphoria,25,TRADING,161915.79,1299442.55,158712.77,309051.28,960354.33,717405.34,199798.59,513496.28,732164.72,1001959.84,495158.24,319790.21,2980941.14,42769.4,444523.3,41641.88,322975.26,484426.99,315476.63,45935.8,109999.74,464672.14,346879.04,397945.35,96774.7,145461.02,157769.24,195441.4,102382.7,177272.05,137481.52,141661.01,174827.03,104389.77,162666.99,131199.39,119014.77,1354557.67,17821.99,18907.65,123363.06,274586.3,140.94,1292991.61,4068350.65,37583.96,647528.86,920975.65,45532.17,52702.1
Scenario 2,1226,5,Market Euphoria,26,TRADING,162018.48,1296696.27,158894.75,309015.56,958636.48,715182.08,199519.57,514102.05,733572.63,1003265.45,494230.5,320778.08,2981978.54,42923.73,445492.54,41626.94,322294.49,484121.11,314884.27,45793.01,109749.52,464888.04,347334.6,397860.59,96994.72,145479.7,157780.53,195525.78,102230.33,177419.09,137396.79,141674.07,174795.7,104335.05,163077.75,131195.03,118947.35,1356607.15,17832.33,18939.56,123362.08,274071.86,141.19,1295144.22,4060652.12,37609.29,647896.23,921604.16,45540.18,52726.81
Scenario 2,1227,5,Market Euphoria,27,TRADING,162089.98,1294053.95,159161.87,309084.76,957823.39,714251.09,199100.12,514942.8,735231.82,1004175.08,493107.91,321681.15,2980379.71,42902.19,446428.17,41521.26,321684.6,483332.27,314088.72,45640.88,109474.04,465191.16,346987.68,397201.91,97139.15,145664.59,157780.7,195833.97,102064.59,177384.84,137071.66,141664.66,174745.92,104174.99,163127.74,131153.88,118929.33,1359451.26,17833.63,18984.64,123410.02,273361.42,141.17,1296756.2,4052791.48,37636.78,647863.79,922052.48,45569.63,52734.82
Scenario 2,1228,5,Market Euphoria,28,TRADING,162270.27,1291219.85,159342.89,308937.33,956246.5,712657.15,198874.56,515708.92,736753.75,1004197.27,492978.93,322015.77,2981835.14,42921.06,446847.62,41467.01,320938.65,483600.47,313447.46,45515.19,109157.69,465816.72,346493.99,397292.85,97322.48,145748.79,157783.39,195631.79,101910.69,177562.55,137017.95,141658.57,174732.4,104069.06,163179.37,131134.69,118921.79,1360436.13,17838.59,19014.23,123404.44,272816.66,141.16,1298858.33,4047136.3,37637.61,647152.92,924343.43,45593.9,52716.25
Scenario 2,1229,5,Market Euphoria,29,TRADING,162434.03,1288734.22,159648.05,309094.08,954277.23,711368.65,198354.17,516192.55,738611.21,1004365.97,492798.07,322619.96,2982437.34,42969.42,447279.69,41442.42,320814.62,483906.33,312850.43,45382.74,108859.59,466217.88,346279.04,397290.21,97487.79,145877.73,157775.63,195403.44,101776.29,177326.9,137066.57,141649.43,174712.07,103816.71,163520.86,131120.77,118936.14,1362840.71,17845.94,19047.59,123396.14,272276.82,141.34,1300809.54,4038854.96,37651.89,646124.83,923188.9,45651.96,52707.4
Scenario 2,1230,5,Market Euphoria,30,TRADING,162528.49,1286714.21,160012.38,309125.22,952617.34,709694.59,198014.47,516582.6,740269.11,1005620.01,492366.44,323444.93,2980671.23,42966.85,448510.63,41459.41,320649.63,483852.58,312170.3,45268.53,108611.41,466646.91,345985.96,396721.43,97695.73,146177.2,157750.18,195428.77,101567.67,177296.23,136830.21,141691.86,174693.46,103795.93,163636.72,131131.86,118949.21,1364433.89,17838.91,19072.61,123382.31,271622.46,141.42,1302834.52,4028684.97,37648.4,646792.37,923554.89,45691.47,52688.78
Scenario 2,1231,5,Market Euphoria,31,TRADING,162423.81,1284434.25,160198.79,309089.48,951338.04,708584.4,197540.7,517254.01,741844.14,1005764.26,492127.44,324015.12,2981284.06,43006.22,448452.95,41384.81,319988.4,484291.55,311525.06,45168.28,108367.52,467075.67,345886.99,396478.01,97899.4,146442.61,157692.8,195368.29,101385.42,177505.99,136764.11,141607.92,174676.59,103780.64,163717.94,131178.28,118952.94,1367300.75,17847.58,19083.69,123376.8,270955.78,141.51,1304916.57,4020665.93,37647.98,645763.97,923896.97,45725.13,52730.76
Scenario 2,1232,5,Market Euphoria,32,TRADING,162452.4,1281864.8,160511.46,309026.38,949637.84,707371.94,197368.82,517956.91,743576.18,1006211.54,491312.72,324778.53,2981366.93,43022.98,449545.24,41403.69,319762.86,484167.71,310856.27,45037.02,108032.1,467456.65,345946.63,396230.38,98145.6,146598.74,157772.4,195180.64,101194.76,177660.0,136496.0,141655.87,174687.42,103583.66,164050.01,131200.95,118893.78,1370582.76,17833.18,19127.05,123378.99,270484.56,141.86,1307411.7,4013390.97,37630.18,645438.38,924870.97,45792.22,52729.89
Scenario 2,1233,5,Market Euphoria,33,TRADING,162493.39,1278888.57,160754.75,308987.14,947168.4,705578.93,197101.32,518657.26,745518.81,1007284.01,491032.56,325542.7,2982467.0,43111.07,449713.33,41383.89,319471.5,484095.85,310132.99,44930.15,107734.02,467804.37,345620.79,396464.62,98332.57,146867.54,157751.47,195155.01,101071.82,177607.38,136424.7,141649.65,174723.79,103402.8,164314.23,131252.82,118872.58,1373678.28,17844.78,19159.09,123349.94,269911.89,141.88,1309230.71,4003677.32,37653.15,644981.3,925013.43,45794.86,52741.19
Scenario 2,1234,5,Market Euphoria,34,TRADING,162596.09,1276286.42,161060.41,308975.16,945410.84,704627.4,196736.64,518903.8,747186.42,1006594.1,490697.97,326391.03,2980522.37,43263.34,450419.62,41342.49,318916.09,483777.53,309330.96,44836.83,107439.36,467863.04,345771.39,396094.36,98543.54,147029.88,157804.58,195169.41,100840.38,177898.0,136314.58,141739.35,174829.33,103269.63,164135.4,131268.37,118875.76,1375099.63,17839.78,19208.31,123335.03,269371.01,142.02,1311131.56,3996673.33,37639.19,645388.94,925140.18,45874.71,52769.67
Scenario 2,1235,5,Market Euphoria,35,TRADING,162522.37,1274486.35,161358.72,308954.07,943762.58,703656.61,196560.14,519417.21,748884.39,1007217.47,490672.7,327251.78,2980612.81,43341.46,450724.95,41236.56,318566.35,483525.32,308643.0,44687.55,107131.09,468254.69,345042.05,395608.52,98781.26,147245.01,157815.01,195100.47,100598.74,178244.17,136178.87,141756.1,174777.09,103222.43,164166.72,131250.32,118841.73,1376702.03,17848.13,19246.07,123326.36,268824.67,142.1,1312283.87,3988751.38,37637.03,645122.63,925295.43,45896.77,52765.29
Scenario 2,1236,5,Market Euphoria,36,TRADING,162430.23,1272087.72,161570.89,309003.75,942900.05,702072.65,196568.85,519826.47,750434.3,1007376.7,490373.95,328037.43,2979695.04,43461.97,451780.0,41136.11,318518.47,483437.02,307971.1,44586.47,106875.14,468483.84,344934.48,395066.47,98995.82,147399.66,157880.83,194879.05,100394.58,178521.87,136051.06,141790.16,174839.46,103125.07,164388.12,131257.24,118804.16,1378187.67,17850.84,19281.5,123294.35,268223.75,142.18,1314243.17,3980279.59,37662.66,646385.44,926375.0,45929.19,52783.74
Scenario 2,1237,5,Market Euphoria,37,TRADING,162624.41,1269586.71,161921.75,309105.41,941455.06,700736.09,196277.63,520350.93,752061.64,1007837.44,489818.9,328890.32,2977937.01,43566.13,452342.62,41052.36,318263.21,483395.59,307418.28,44453.54,106551.74,468875.02,344597.85,394712.94,99186.71,147730.95,157886.32,195109.02,100206.48,178442.16,135798.65,141880.04,174860.75,102938.09,164470.78,131248.25,118823.65,1380065.34,17850.93,19307.18,123283.03,267579.61,142.4,1316193.42,3971758.48,37654.7,646265.34,927079.33,45935.81,52807.83
Scenario 2,1238,5,Market Euphoria,38,TRADING,162811.61,1266903.81,162170.59,309179.03,940684.74,699434.24,195862.73,520467.59,753804.14,1008890.91,489015.76,329679.2,2978157.57,43599.4,453983.13,40958.8,318351.69,483228.76,306659.62,44359.42,106289.8,469328.26,344402.12,394266.3,99378.38,147893.37,157847.52,194853.98,100031.61,178530.94,135672.56,141953.31,174833.61,102599.11,164518.17,131248.37,118786.3,1383209.75,17848.83,19328.16,123270.37,266948.75,142.55,1318081.11,3963722.27,37641.52,646207.96,928780.26,45981.27,52839.21
Scenario 2,1239,5,Market Euphoria,39,TRADING,162883.12,1264584.46,162385.53,309107.36,940347.65,698030.59,195749.77,521284.43,755678.75,1009873.44,488203.85,330306.05,2978637.95,43676.76,454491.77,40922.95,317966.44,483773.37,305929.32,44271.21,106005.37,469582.41,344043.83,393458.45,99610.24,148127.13,157802.21,194662.28,99837.69,178947.49,135594.59,141996.39,174772.05,102379.88,164733.59,131259.5,118764.1,1383696.66,17851.04,19353.16,123280.73,266288.67,142.58,1320505.99,3955436.0,37627.86,645409.76,930089.93,46002.09,52842.77
Scenario 2,1240,5,Market Euphoria,40,TRADING,162778.58,1262049.16,162670.6,309121.03,937699.73,696913.72,195602.55,521905.45,757366.86,1010124.7,487586.17,330827.69,2977665.71,43730.06,454403.19,40789.42,317404.29,483880.97,305236.83,44178.27,105772.25,470167.06,343633.04,393503.38,99893.1,148333.78,157781.24,194582.75,99719.95,179336.56,135636.47,141965.06,174743.42,102290.23,164985.05,131281.47,118733.31,1384624.4,17853.31,19378.18,123274.58,265610.11,142.6,1322221.57,3946922.94,37630.93,645260.9,930989.26,46062.52,52865.15
Scenario 2,1241,5,Market Euphoria,41,TRADING,162756.56,1260462.61,163021.31,309144.49,936997.42,696305.6,195571.56,522743.96,759198.62,1010374.2,486411.41,331422.36,2977234.59,43740.23,454810.64,40772.62,316931.9,483267.21,304488.79,44089.71,105439.63,470753.83,342891.91,393262.01,100134.53,148538.78,157830.97,194363.6,99598.99,179799.23,135437.97,141970.08,174707.53,102156.52,165202.1,131276.43,118700.44,1387927.49,17856.9,19411.27,123264.16,265189.42,142.78,1325008.19,3938945.95,37627.95,644944.88,933057.37,46085.35,52885.19
Scenario 2,1242,5,Market Euphoria,42,TRADING,162715.06,1257928.14,163219.46,309308.44,935694.14,694637.49,195317.89,522884.78,761144.81,1010970.28,485730.26,331963.89,2976778.01,43805.36,456014.16,40719.51,316463.95,483239.02,303876.84,43984.2,105115.31,471178.0,342574.38,393071.06,100372.92,148732.37,157853.77,194551.07,99441.96,180035.93,135325.91,141962.12,174727.71,102033.16,165306.09,131260.43,118721.48,1391028.33,17852.78,19455.98,123299.5,264757.71,143.1,1327009.22,3932136.34,37613.16,644381.01,934278.79,46154.79,52861.78
Scenario 2,1243,5,Market Euphoria,43,TRADING,162773.04,1255079.44,163554.16,309213.98,934393.05,693697.56,195059.68,523324.69,762656.94,1011383.3,484710.91,332903.62,2977082.48,43803.7,456482.52,40714.78,315926.74,483348.43,303237.1,43915.6,104842.46,471634.07,342016.46,392598.44,100584.26,148887.53,157893.91,194677.11,99226.76,180097.86,135168.79,141947.02,174627.91,101827.96,165565.54,131251.68,118724.39,1392696.66,17856.71,19468.25,123309.95,264066.11,143.43,1329288.56,3922591.78,37612.36,643596.55,934026.65,46186.29,52859.05
Scenario 2,1244,5,Market Euphoria,44,TRADING,162866.56,1252568.0,163766.47,309307.09,932396.82,692626.08,194921.43,523481.21,764333.14,1011725.45,483827.62,333860.81,2975748.6,43776.11,457193.63,40732.54,315607.29,482878.32,302584.35,43803.42,104587.49,471781.98,341414.39,391560.12,100818.75,149147.86,157891.04,194527.71,99095.24,180449.61,134993.67,141939.79,174621.27,101684.82,165584.59,131246.0,118753.7,1395407.06,17858.31,19498.54,123304.18,263538.14,143.66,1330349.39,3915352.96,37627.43,643155.41,933215.27,46264.26,52893.85
Scenario 2,1245,5,Market Euphoria,45,TRADING,162856.36,1250004.18,164008.21,309275.13,931038.68,691902.81,194556.96,524299.19,766279.0,1011372.8,483726.63,335013.16,2978124.78,43859.11,457889.65,40701.61,314786.11,483327.41,301749.99,43694.09,104329.36,472324.05,340975.25,391222.74,101075.77,149309.13,157898.93,194449.05,98880.2,180404.96,134764.12,141940.8,174574.79,101468.47,165762.89,131260.27,118766.7,1397033.26,17855.42,19517.73,123278.29,263036.77,143.79,1332753.49,3906644.85,37619.64,642568.42,933164.31,46272.86,52884.53
Scenario 2,1246,5,Market Euphoria,46,TRADING,162857.9,1247932.03,164272.15,309250.63,928735.13,691230.78,194301.74,524875.31,768053.81,1012310.07,482442.86,335848.84,2978612.38,43898.84,458278.02,40610.05,314591.6,483488.36,301059.1,43578.1,104023.29,472631.68,340451.85,390721.37,101335.07,149371.2,157840.71,194417.07,98658.56,180685.16,134583.21,141994.23,174546.61,101349.83,165697.34,131226.46,118808.25,1398145.69,17866.89,19560.23,123301.11,262414.33,144.03,1335717.61,3899060.98,37630.86,642009.59,933169.02,46289.6,52873.64
Scenario 2,1247,5,Market Euphoria,47,TRADING,162951.13,1245267.85,164603.73,309223.55,925966.25,689691.67,193924.04,525301.76,769325.21,1012948.44,482276.94,336668.84,2978599.64,44017.57,458727.44,40557.04,314056.1,483816.27,300478.74,43492.05,103763.63,472889.8,340321.17,390538.7,101532.13,149485.19,157902.66,194300.99,98558.78,180761.78,134459.37,141957.86,174603.72,101122.84,165804.53,131242.55,118809.43,1399764.59,17867.24,19592.76,123294.8,261980.82,144.24,1337322.76,3891295.81,37587.14,641911.85,932937.44,46332.34,52885.6
Scenario 2,1248,5,Market Euphoria,48,TRADING,162952.52,1243050.61,164849.03,309155.81,924577.59,688197.35,193551.72,525776.59,770914.03,1013526.72,481566.55,337565.66,2977937.16,44107.99,459259.87,40564.38,313807.74,483558.43,299819.54,43353.98,103524.63,473573.61,339746.79,390638.77,101760.64,149762.89,157911.12,194322.27,98389.04,181211.86,134263.32,141935.77,174684.07,101074.55,166340.01,131275.55,118768.96,1401792.89,17871.08,19625.82,123305.14,261335.46,144.44,1339027.2,3884162.69,37590.63,641468.21,931887.83,46403.31,52880.61
Scenario 2,1249,5,Market Euphoria,49,TRADING,163077.15,1240360.64,165098.09,309244.68,923656.31,687502.17,193582.46,526238.5,772597.73,1012858.58,480701.77,338343.81,2978339.4,44139.07,459629.53,40503.22,312583.12,483209.24,299242.04,43251.3,103223.75,474051.77,339454.36,390006.81,101994.27,149886.66,158009.28,194305.56,98221.08,181149.17,134003.55,141868.23,174674.33,100936.55,166617.5,131301.71,118750.4,1404963.07,17880.9,19658.27,123321.4,260901.35,144.64,1341193.54,3873911.68,37583.54,641053.74,932725.42,46434.34,52909.25
Scenario 2,1250,5,Market Euphoria,50,TRADING,163196.38,1237949.85,165527.79,309256.04,922456.93,686475.84,193567.78,526606.68,774285.55,1013365.26,479982.75,339286.58,2978312.72,44188.64,460265.79,40528.21,312277.51,483047.38,298415.24,43169.57,102932.43,474399.22,338986.43,389394.16,102212.22,149991.93,158065.93,194225.91,98101.29,181459.63,133905.52,141857.56,174613.08,100840.51,166526.47,131337.47,118712.42,1408376.88,17871.54,19687.28,123324.0,260196.53,144.7,1342672.2,3867779.97,37570.81,639910.38,933172.11,46475.27,52910.59
Scenario 2,1251,5,Market Euphoria,51,TRADING,163342.12,1235825.44,165828.12,309303.31,921265.67,684867.29,193274.1,527038.03,775973.7,1013181.45,479508.68,340050.19,2977933.58,44242.18,461700.46,40498.43,311515.25,483184.36,297670.46,43100.71,102633.51,474749.09,338383.1,388943.77,102417.9,150392.35,158071.39,194241.25,97914.97,181830.44,134101.08,141837.92,174545.01,100768.83,166677.52,131355.07,118721.51,1411364.35,17872.19,19706.72,123330.25,259784.06,144.85,1344094.14,3858714.23,37560.96,639241.47,932572.88,46475.32,52942.01
Scenario 2,1252,5,Market Euphoria,52,TRADING,163410.49,1233940.31,166147.56,309242.69,919271.91,683557.66,193086.51,527304.77,777787.59,1013281.56,479256.39,340742.55,2979081.54,44269.13,462851.03,40416.35,311579.51,483314.66,296999.61,42984.77,102340.15,475046.96,338160.19,388739.43,102615.23,150644.56,158060.51,194083.86,97707.27,181955.87,134057.33,141769.23,174518.5,100664.86,166866.94,131380.14,118734.03,1412787.57,17870.89,19708.92,123347.76,259135.75,145.2,1346842.97,3852377.61,37580.02,639009.46,933596.47,46547.46,52917.66
Scenario 2,1253,5,Market Euphoria,53,TRADING,163458.23,1230744.2,166538.27,309249.27,917792.01,683334.22,192902.98,527727.59,779344.87,1014926.89,478759.51,341453.91,2978204.16,44304.82,463422.69,40356.8,311086.57,482664.82,296392.74,42861.94,102063.06,475162.2,337254.93,388202.72,102772.94,150866.99,157991.77,194062.56,97522.94,182325.92,133837.14,141697.11,174560.57,100501.83,166935.37,131388.2,118708.45,1413971.89,17872.06,19725.08,123353.74,258627.54,145.42,1349012.79,3845769.2,37583.46,639385.67,934506.79,46560.5,52919.32
Scenario 2,1254,5,Market Euphoria,54,TRADING,163536.21,1227757.02,166807.93,309335.69,916521.42,682087.19,192610.9,528620.46,780979.48,1015390.2,478256.93,342146.27,2978611.75,44411.8,463983.11,40345.5,311125.69,482081.5,295661.89,42760.04,101776.13,475368.2,336959.99,387881.87,102960.88,151186.45,157997.23,193916.39,97249.62,182329.58,133623.81,141733.1,174507.37,100336.08,167220.48,131331.27,118703.72,1415233.97,17868.44,19746.0,123351.49,257920.18,145.55,1351778.3,3836494.84,37586.76,639387.18,935214.56,46567.15,52904.27
Scenario 2,1255,5,Market Euphoria,55,TRADING,163687.19,1224571.01,167052.84,309175.62,915802.66,681299.53,192303.64,529333.62,782974.9,1016254.31,477936.5,342960.75,2977913.54,44523.02,464689.34,40322.17,310982.24,482120.95,294947.33,42665.68,101549.82,475595.51,336441.99,387480.83,103198.47,151485.41,157977.48,194097.9,97095.7,182847.59,133620.19,141709.48,174524.93,99982.53,167571.47,131321.54,118709.08,1416847.86,17880.34,19780.93,123343.34,257319.15,145.64,1354278.18,3828930.07,37588.69,639450.0,936341.54,46591.12,52923.7
Scenario 2,1256,5,Market Euphoria,56,TRADING,163834.32,1222181.79,167329.94,309159.25,913328.21,680319.49,192193.16,529829.49,784686.18,1016671.55,477824.52,343577.18,2978349.13,44528.79,465521.73,40248.8,310519.63,482632.82,294189.96,42551.79,101237.66,475866.5,336461.66,387388.25,103400.33,151568.48,158038.73,194285.75,96943.22,183119.79,133475.11,141738.62,174543.96,99874.8,167576.08,131312.93,118742.45,1421923.61,17886.23,19829.37,123337.97,256818.24,145.96,1355819.93,3821517.92,37596.67,638984.87,937449.57,46646.2,52908.23
Scenario 2,1257,5,Market Euphoria,57,TRADING,163963.25,1220028.06,167620.89,309250.68,912882.66,679012.32,192058.1,530488.06,786226.0,1016931.35,476952.31,344458.01,2978398.38,44613.75,465361.19,40151.23,310165.93,482732.64,293461.96,42469.78,100980.98,476466.5,336186.73,386980.23,103623.95,151859.8,158056.03,194691.27,96777.27,183410.63,133311.37,141704.63,174487.34,99745.8,167785.01,131359.49,118783.72,1424558.58,17875.21,19861.67,123318.9,256047.91,146.12,1357573.03,3812944.4,37612.63,638047.37,936338.2,46695.23,52898.34
Scenario 2,1258,5,Market Euphoria,58,TRADING,164161.12,1218359.99,167857.21,309308.08,911458.81,677773.54,191738.99,530749.31,787762.61,1016881.24,476594.54,345047.62,2980707.47,44649.62,466543.93,40142.18,309927.53,482507.81,292692.16,42363.18,100718.28,476708.62,336056.34,386798.87,103877.72,152011.34,158097.39,194840.34,96621.39,183332.58,133146.47,141707.14,174500.21,99787.63,167911.02,131362.24,118775.13,1427091.39,17875.35,19892.14,123333.55,255455.72,146.08,1359602.02,3804961.24,37622.77,638020.16,937446.62,46704.62,52900.71
Scenario 2,1259,5,Market Euphoria,59,TRADING,164363.65,1215223.4,168059.66,309063.35,909823.09,676436.47,191375.16,531347.67,789115.21,1017128.28,476718.06,345920.23,2978679.23,44743.15,467390.14,40204.17,310089.63,481933.16,291995.42,42246.56,100433.72,477250.71,335560.43,386830.95,104113.94,152231.2,158050.05,194959.06,96452.32,183756.48,133007.27,141717.97,174512.65,99695.93,167942.92,131387.13,118781.8,1429078.9,17871.11,19941.92,123335.36,255090.29,146.25,1362040.71,3799183.8,37621.89,638161.32,937318.6,46766.23,52899.41
Scenario 2,1260,5,Market Euphoria,60,TRADING,164508.9,1212605.96,168355.86,309020.98,908395.75,674985.71,191170.85,531956.05,790858.29,1017113.57,476733.49,346733.08,2978771.44,44808.51,467881.28,40103.32,309789.1,481912.76,291244.41,42138.34,100150.9,477409.62,335438.57,386579.01,104329.32,152373.61,158078.11,194646.7,96259.7,184111.26,132675.18,141695.31,174499.57,99592.03,167782.58,131388.36,118742.06,1431569.91,17874.97,19970.06,123360.56,254667.06,146.47,1364550.88,3791444.04,37630.48,638704.86,937999.2,46814.42,52912.15
Scenario 2,1261,5,Market Euphoria,61,TRADING,164592.94,1209285.65,168553.49,309112.04,906649.88,673676.85,191169.7,532331.69,792578.19,1016959.03,476006.45,347452.68,2979636.33,44912.44,468268.44,40055.44,309251.65,482041.32,290661.24,42020.12,99950.71,478002.38,334829.53,385980.6,104559.45,152516.16,158111.07,194465.65,96021.74,184034.88,132577.15,141705.01,174472.38,99538.19,168062.66,131355.39,118765.39,1433071.78,17877.96,20016.49,123358.22,254113.1,146.59,1366803.06,3784747.64,37625.08,637975.74,938295.24,46891.02,52892.08
Scenario 2,1262,5,Market Euphoria,62,TRADING,164577.72,1206745.17,168732.44,309081.37,904454.21,672370.75,190931.99,532930.14,794091.61,1017590.02,475557.11,348042.53,2981148.68,44943.21,469088.43,40017.71,308899.06,482209.41,289931.91,41938.11,99671.86,478289.93,334467.3,385547.75,104781.86,152922.36,158205.69,194330.89,95891.67,184186.93,132515.35,141765.82,174447.38,99301.68,168170.93,131375.31,118770.46,1435102.19,17891.79,20041.69,123318.75,253507.9,146.63,1369791.08,3775202.53,37616.86,638321.69,940665.63,46964.99,52908.88
Scenario 2,1263,5,Market Euphoria,63,TRADING,164625.84,1203839.67,169181.03,309167.72,903208.56,671003.11,190391.19,533805.42,795788.04,1017909.43,474597.28,348734.77,2983709.21,44940.01,469710.19,40038.22,308815.78,482720.98,289329.66,41818.72,99398.16,478679.2,334053.73,385119.68,105025.83,153149.31,158210.96,194293.45,95715.36,184199.1,132333.44,141747.78,174382.39,99230.82,168271.09,131389.07,118787.72,1437216.33,17888.92,20069.88,123287.88,252963.83,146.93,1372517.39,3765800.76,37620.11,638198.7,941520.1,46998.22,52911.72
Scenario 2,1264,5,Market Euphoria,64,TRADING,164677.83,1200533.71,169472.59,309186.75,902402.57,670015.08,190166.59,534143.75,797569.21,1018465.21,474136.97,349562.89,2984001.0,45013.43,470160.42,39959.69,308538.61,482468.5,290346.07,41721.99,99123.43,479316.61,333860.5,384596.35,105190.69,153410.42,158240.66,194295.4,95584.98,184409.5,132121.25,141774.97,174359.11,99057.27,168398.83,131412.9,118756.71,1440356.78,17887.41,20116.58,123303.18,252224.49,147.13,1374107.54,3757472.21,37612.33,637782.38,941300.63,47077.67,52922.44
Scenario 2,1265,5,Market Euphoria,65,TRADING,164675.82,1197705.68,169763.61,309056.74,901820.78,668091.64,189746.22,535018.92,798911.11,1018787.26,473709.98,350332.0,2985384.4,45117.5,470695.77,39901.11,308383.92,482258.18,291256.83,41629.54,98811.09,479598.64,333457.38,384149.19,105434.19,153622.29,158269.58,193964.11,95394.82,184571.1,132027.5,141774.15,174356.25,99031.21,168708.35,131428.59,118790.81,1439226.65,17891.7,20127.96,123306.89,252996.99,147.22,1375795.51,3749227.37,37591.59,637487.01,942619.77,47099.87,52904.73
Scenario 2,1266,5,Market Euphoria,66,TRADING,164853.67,1195375.2,170115.31,309100.71,900321.65,665953.61,189607.69,535035.59,800924.63,1018438.25,473275.27,351231.67,2985597.65,45109.18,470985.07,39879.96,307971.8,482396.72,292263.27,41543.82,98602.84,480363.87,333429.66,383921.54,105673.94,153929.0,158309.93,193763.88,95208.83,184779.85,131782.35,141714.12,174351.26,98855.14,168740.39,131445.43,118783.52,1442466.45,17898.55,20166.04,123291.02,253864.99,147.26,1377318.8,3743313.29,37595.79,637977.59,942205.83,47145.59,52940.73
Scenario 2,1267,5,Market Euphoria,67,TRADING,164892.27,1192320.61,170480.36,309134.43,897635.88,664798.03,189294.7,535573.64,802854.12,1019285.53,473079.28,352100.17,2984206.08,45273.05,471893.97,39811.03,307576.7,482586.11,293216.46,41447.34,98285.28,480537.28,333271.77,383751.43,105902.17,154143.72,158373.82,193658.09,95087.15,185261.6,131764.1,141737.41,174373.48,98832.24,168651.42,131412.76,118772.31,1443907.09,17889.54,20208.91,123284.82,254427.66,147.36,1379682.34,3737107.31,37602.62,637805.85,943015.11,47193.34,52927.34
Scenario 2,1268,5,Market Euphoria,68,TRADING,164999.48,1190293.58,170748.42,309039.81,896650.24,663417.02,188767.47,536307.04,804191.76,1018663.23,472420.27,352826.54,2982609.13,45338.25,472552.34,39758.66,307068.22,482108.38,293987.81,41336.89,98020.17,481225.86,333246.63,383513.33,106175.84,154343.41,158364.58,193595.01,94855.47,185499.77,131584.84,141731.12,174329.58,98797.29,168608.66,131405.67,118773.36,1445582.77,17890.76,20245.07,123314.47,255092.37,147.82,1381577.23,3729581.43,37615.79,638078.44,944640.93,47253.95,52948.65
Scenario 2,1269,5,Market Euphoria,69,TRADING,165121.55,1187714.48,171008.61,308957.67,894959.95,662482.05,188591.6,536487.55,805712.4,1018915.94,472060.13,353632.9,2983583.75,45343.55,473422.08,39687.82,307392.85,481775.52,295032.93,41237.02,97808.32,481820.32,333206.4,382707.44,106414.44,154514.59,158374.24,193523.4,94704.8,185658.16,131390.77,141857.01,174270.65,98730.12,168849.68,131426.78,118814.9,1447489.48,17885.28,20283.12,123330.53,255770.72,148.01,1383127.97,3719694.11,37622.91,637732.4,945621.09,47284.19,52954.03
Scenario 2,1270,5,Market Euphoria,70,TRADING,165075.1,1185443.06,171321.55,308985.16,893344.3,661500.02,188342.83,536980.56,807309.61,1019448.26,471541.23,354586.62,2983031.03,45399.38,473435.0,39642.33,307279.01,481072.6,295987.65,41123.04,97554.75,481858.22,333457.35,382769.46,106675.3,154717.28,158383.46,193132.85,94559.78,185721.7,131284.0,141858.5,174251.49,98680.47,169083.11,131429.65,118729.07,1448878.32,17880.63,20317.06,123354.5,256458.27,148.24,1385749.66,3713069.14,37607.71,637637.16,947535.74,47256.77,52960.51
Scenario 2,1271,5,Market Euphoria,71,TRADING,165122.8,1183227.73,171602.04,308846.99,891739.18,659687.16,188094.65,536884.93,808989.73,1020434.15,470895.44,355701.25,2985063.54,45514.63,473603.25,39578.87,307233.21,480676.87,296991.85,41037.85,97268.18,482139.04,333056.09,382363.4,106877.27,154919.17,158401.93,192982.02,94416.09,186031.03,131387.47,141817.43,174202.75,98666.74,169054.75,131426.14,118696.56,1450065.39,17872.43,20305.99,123362.9,257266.05,148.26,1388189.44,3705811.77,37597.75,637069.85,947581.87,47314.69,52952.78
Scenario 2,1272,5,Market Euphoria,72,TRADING,164864.81,1180439.32,171960.74,308842.7,890458.84,658411.16,187966.03,536151.96,810582.08,1021586.9,470437.58,356726.54,2985868.89,45621.28,473785.6,39544.27,306929.15,480329.28,297944.01,40936.76,96985.53,482347.63,332895.9,382594.17,107107.96,155181.82,158443.66,193220.53,94208.91,186402.2,131163.11,141774.88,174266.6,98509.62,169019.47,131446.39,118769.73,1453397.17,17883.13,20339.26,123312.17,257992.66,148.59,1390983.86,3696323.79,37573.84,637406.39,949034.18,47192.36,52931.48
Scenario 2,1273,5,Market Euphoria,73,TRADING,164736.25,1177483.03,172262.79,308834.76,888205.47,656788.25,187786.17,535822.41,812377.98,1022509.23,469058.5,357087.42,2988506.48,45664.64,473931.17,39529.75,306787.68,480728.15,298770.85,40833.12,96711.43,482740.15,332206.33,382608.73,107338.69,155356.25,158437.91,193076.46,94043.63,186721.54,131065.42,141830.51,174298.61,98303.0,169178.41,131468.29,118758.51,1454265.73,17895.43,20361.16,123294.26,258696.78,148.75,1393677.02,3687907.84,37579.32,638271.16,949868.5,47085.2,52942.09
Scenario 2,1274,5,Market Euphoria,74,TRADING,164523.56,1174461.74,172505.51,308789.96,886532.08,654977.93,187656.88,535560.01,813966.39,1022936.38,468126.72,357605.81,2986672.18,45706.09,474593.46,39486.2,306486.92,480774.4,299684.56,40691.26,96428.41,482621.71,332607.61,382617.9,107536.2,155655.32,158448.65,193223.84,93969.71,186634.19,130926.52,141730.63,174260.76,98113.76,169232.33,131463.19,118778.12,1456874.51,17903.24,20379.29,123300.79,259498.28,149.1,1395619.75,3680623.85,37571.7,639215.9,950653.44,47041.67,52938.54
Scenario 2,1275,5,Market Euphoria,75,TRADING,164380.33,1171654.53,172675.01,308645.79,884518.57,654064.74,187438.09,535328.78,815541.45,1023980.85,467391.82,358644.12,2985916.41,45788.63,474713.64,39555.06,306076.2,480807.02,300576.82,40585.71,96165.8,482592.06,332384.98,382625.73,107753.62,155819.84,158413.07,193694.15,93802.89,186803.82,130805.55,141771.82,174235.58,97882.88,169645.99,131477.39,118755.84,1461072.63,17908.83,20401.93,123299.71,260429.74,149.38,1397340.06,3674612.44,37603.04,640221.26,951300.83,46964.15,52924.46
Scenario 2,1276,5,Market Euphoria,76,TRADING,164159.09,1168989.84,173058.63,308527.56,883191.06,653284.45,187082.33,534688.92,816946.89,1023093.51,466871.95,359427.67,2986472.17,45777.35,475457.21,39514.01,306168.88,480283.87,301382.97,40510.71,95856.61,482488.54,332229.39,382175.41,108003.97,155982.61,158402.56,193969.65,93659.33,187225.74,130642.22,141774.06,174171.75,97895.85,170073.2,131513.32,118757.77,1464040.71,17918.48,20428.58,123320.17,261207.42,149.41,1399575.76,3667885.16,37622.34,641144.03,953715.57,46854.47,52934.86
Scenario 2,1277,5,Market Euphoria,77,TRADING,163949.54,1165849.11,173390.5,308437.49,881776.87,652590.07,186866.05,534673.72,818522.63,1023763.89,466067.58,360143.15,2984211.81,45850.92,476163.56,39547.61,305708.1,480040.03,302467.69,40432.41,95535.85,482898.0,331846.56,381787.23,108155.98,156287.98,158470.83,194415.18,93402.34,187526.52,130632.12,141778.36,174147.07,97722.93,170416.71,131496.7,118761.4,1465181.14,17916.12,20445.16,123331.89,261883.32,149.55,1402228.72,3660226.75,37630.88,642021.26,955217.39,46695.16,52947.99
Scenario 2,1278,5,Market Euphoria,78,TRADING,163798.02,1162673.68,173614.89,308492.49,880692.78,651946.98,186554.91,534203.57,820303.86,1024312.63,464989.52,361114.92,2984393.06,45900.44,477170.84,39471.5,305464.58,479888.75,303471.91,40347.97,95303.11,483019.3,331068.57,381233.03,108310.5,156438.37,158437.52,194699.57,93227.6,187731.44,130351.73,141708.08,174208.39,97524.41,170734.95,131480.73,118779.09,1467294.26,17913.68,20467.15,123331.65,262511.92,149.8,1404947.87,3652521.11,37632.64,643717.26,955273.5,46516.66,52940.63
Scenario 2,1279,5,Market Euphoria,79,TRADING,163442.67,1160098.19,173853.13,308420.02,878552.46,650698.79,186280.26,533641.01,822311.73,1024653.3,464883.21,362195.67,2985437.42,45929.52,477448.56,39353.2,305321.0,479333.57,304435.72,40281.59,95025.82,483310.6,330711.2,381267.57,108599.24,156490.57,158446.28,194806.26,93019.7,187841.63,130238.28,141731.01,174223.14,97440.24,170630.79,131495.71,118768.01,1470835.72,17917.38,20497.26,123329.69,263020.54,149.95,1405999.89,3644438.56,37599.23,644110.07,957248.05,46391.51,52948.29
Scenario 2,1280,5,Market Euphoria,80,TRADING,163139.87,1157424.23,174133.6,308433.35,877617.51,649301.41,186018.6,532843.18,824017.2,1024385.08,464234.57,362651.68,2987294.61,45994.67,478322.32,39298.52,304555.89,479727.4,305374.67,40180.44,94759.17,483743.52,330070.48,380725.83,108791.31,156767.98,158439.63,195205.54,92787.39,188390.88,130252.73,141759.44,174199.93,97317.45,170564.23,131476.13,118762.1,1474503.11,17923.27,20531.33,123346.05,263627.7,150.04,1408268.21,3637924.9,37600.42,644343.17,956814.63,46304.19,52946.51
Scenario 2,1281,5,Market Euphoria,81,TRADING,162976.67,1154681.12,174451.9,308383.26,876413.04,648145.74,185682.37,532678.85,826081.2,1023934.31,464003.99,363533.69,2987472.87,46102.43,479057.11,39307.97,304179.64,479493.89,306292.69,40076.38,94512.07,484058.74,329724.43,380146.56,109077.5,156874.15,158472.42,195610.25,92612.66,188648.0,130093.5,141766.91,174161.57,97064.57,170562.88,131486.66,118751.74,1474779.54,17930.69,20576.48,123331.93,264397.72,149.89,1410565.93,3629555.57,37625.79,645201.6,956903.8,46212.14,52935.07
Scenario 2,1282,5,Market Euphoria,82,TRADING,162722.9,1151961.66,174645.2,308363.52,875094.54,646626.73,185380.56,531739.18,827967.7,1024256.16,463816.63,364282.3,2987613.31,46114.04,479598.12,39229.61,303636.68,479118.54,307271.77,39975.24,94250.97,484171.38,329590.09,379497.3,109325.62,157161.28,158553.55,195745.25,92486.39,189203.64,129941.44,141718.2,174192.91,96930.85,170758.79,131529.53,118747.85,1478157.38,17923.17,20607.09,123358.65,265209.95,150.05,1411568.17,3621284.19,37611.29,646601.01,957530.26,46194.55,52944.75
Scenario 2,1283,5,Market Euphoria,83,TRADING,162433.63,1149550.94,174920.0,308417.51,874289.79,645535.43,185271.63,531344.69,829635.43,1024861.62,463347.87,365097.85,2984986.95,46160.19,480154.25,39146.86,303052.64,478704.66,308383.07,39883.96,93943.99,484553.96,329125.66,379231.11,109463.65,157425.16,158521.31,196101.33,92308.97,189235.12,129818.34,141775.6,174223.74,96748.6,170854.77,131562.19,118749.56,1479517.93,17927.17,20653.78,123317.59,265710.69,149.87,1414448.65,3612514.19,37626.51,646656.79,957990.35,46130.33,52899.53
Scenario 2,1284,5,Market Euphoria,84,TRADING,162213.94,1146679.94,175208.18,308405.0,872014.79,644017.63,185070.64,530720.01,831299.96,1026125.29,462893.95,365708.9,2986124.64,46243.35,481216.28,39091.77,302843.51,478779.59,309291.84,39785.62,93616.08,484747.09,329222.13,379110.84,109635.05,157700.67,158561.17,196251.26,92171.89,189347.38,129738.3,141769.7,174252.39,96596.58,171093.25,131532.25,118732.17,1483133.96,17926.33,20688.92,123325.02,266467.44,149.83,1417556.96,3604980.48,37632.5,647110.62,958389.62,46060.92,52913.1
Scenario 2,1285,5,Market Euphoria,85,TRADING,162079.74,1144021.74,175424.9,308409.94,870055.04,646166.93,184956.33,529997.98,832511.84,1027584.76,462203.84,366821.11,2987010.39,46401.01,481967.91,39026.12,302518.15,478854.41,310332.3,39702.56,93340.55,485051.44,328420.13,379013.71,109867.81,157804.41,158495.51,196590.2,92031.65,189416.81,129597.41,141789.78,174204.5,96611.78,170977.55,131557.47,118762.28,1486213.03,17931.4,20703.1,123346.93,267031.33,149.97,1419551.04,3595362.81,37654.03,646800.42,960147.69,45949.83,52937.64
Scenario 2,1286,5,Market Euphoria,86,TRADING,161944.36,1141656.62,175826.17,308462.79,868490.67,648271.88,184600.01,529935.95,834181.72,1028166.62,461800.6,367412.15,2988052.41,46437.58,483062.8,38983.7,301820.67,478269.03,311255.56,39667.85,93067.95,485194.09,328212.97,378741.28,110127.45,157997.87,158543.04,196879.44,91811.0,189880.06,129385.81,141779.19,174215.01,96567.42,171099.24,131581.52,118802.28,1487875.07,17923.97,20710.56,123339.18,267748.94,150.04,1421446.12,3587837.73,37680.61,647700.15,960887.49,45876.75,52920.61
Scenario 2,1287,5,Market Euphoria,87,TRADING,161870.72,1138862.81,176093.54,308488.62,865876.1,650655.83,184414.33,529420.66,835749.78,1028793.1,460800.1,368492.89,2988193.79,46499.81,484061.5,38978.6,301743.39,478356.18,312194.73,39557.91,92816.33,485467.43,327630.25,378212.29,110330.31,158334.69,158572.79,197147.27,91638.84,190127.09,129193.89,141676.07,174251.45,96461.77,171457.8,131606.58,118801.43,1489715.48,17921.79,20735.95,123335.93,268421.24,150.1,1423062.62,3579671.78,37685.74,648592.01,961598.47,45802.71,52896.13
Scenario 2,1288,5,Market Euphoria,88,TRADING,161624.57,1136083.85,176365.89,308527.83,865465.34,653042.14,184120.7,529192.15,837695.61,1029504.74,459943.13,369160.96,2987243.98,46618.21,484520.18,39010.2,301685.74,477942.62,313055.11,39431.36,92564.02,486070.99,327431.37,377531.88,110579.03,158538.01,158554.07,197621.07,91435.57,190626.94,128939.53,141666.43,174195.14,96440.55,171347.76,131630.96,118849.78,1491662.48,17928.14,20767.13,123323.5,269166.19,150.36,1425051.6,3571144.46,37703.34,649011.7,960785.25,45729.84,52898.32
Scenario 2,1289,5,Market Euphoria,89,TRADING,161432.46,1133323.92,176679.04,308468.44,863278.64,655655.66,183962.49,528499.18,838925.05,1030529.88,459185.74,370151.91,2988330.75,46705.94,485391.62,38938.71,301511.64,477568.08,313985.84,39328.14,92281.82,486685.47,326896.44,376925.48,110835.86,158697.76,158596.46,197831.45,91304.16,190786.91,128935.09,141675.95,174175.61,96284.02,171088.18,131674.98,118871.49,1494315.76,17931.96,20792.52,123360.12,269965.93,150.67,1427408.18,3563887.44,37692.66,650278.75,963635.02,45596.2,52917.4
Scenario 2,1290,5,Market Euphoria,90,TRADING,161293.95,1130841.83,177050.53,308362.91,862669.67,657587.79,184001.13,527940.75,840540.29,1031629.66,458841.25,371061.84,2989034.48,46793.59,485476.92,38867.21,301204.05,477501.39,314873.53,39234.75,91978.16,486331.03,326442.38,376747.46,111023.11,158740.97,158578.46,198142.32,91112.65,191042.25,128924.55,141702.21,174135.93,96275.98,171514.76,131705.34,118886.37,1496377.19,17909.81,20817.61,123324.1,270781.59,150.62,1429254.22,3557616.71,37693.63,650908.21,966471.89,45478.93,52915.56
Scenario 2,1291,5,Market Euphoria,91,TRADING,161241.88,1128201.55,177345.38,308303.35,862080.93,660088.14,183696.74,526779.38,842227.36,1032274.77,458036.88,371652.09,2985750.45,46845.99,486236.79,38828.42,301437.98,476799.12,315775.72,39133.55,91677.92,486892.58,325761.74,376239.56,111298.28,158884.27,158643.94,198615.0,90944.32,191383.83,128831.05,141707.87,174132.18,96140.89,171736.2,131706.58,118948.7,1497307.48,17911.65,20837.82,123332.78,271497.66,150.94,1430748.06,3551079.78,37687.88,651678.88,968117.58,45360.58,52926.77
Scenario 2,1292,5,Market Euphoria,92,TRADING,161143.54,1125370.71,177655.75,308265.83,864329.3,662150.5,184164.18,525935.71,844083.31,1033189.71,459666.72,372822.54,2985282.1,46768.97,485675.18,38910.91,301881.13,477001.85,316746.02,39031.44,91378.25,486887.8,326389.76,376819.11,111511.61,158609.57,158635.67,198811.38,90750.67,190726.31,129233.36,141735.58,174108.46,96323.32,171834.83,131670.93,118934.35,1493675.47,17903.16,20863.32,123324.58,272180.88,150.66,1432241.73,3542158.83,37703.95,652039.05,965947.27,45292.28,52884.44
Scenario 2,1293,5,Market Euphoria,93,TRADING,160827.89,1121830.58,177861.63,308335.18,866204.58,664801.01,184717.97,525304.24,845635.23,1032803.11,460553.76,373619.13,2985711.15,46596.15,484271.99,38977.39,302770.33,476677.71,317745.44,38971.21,91132.24,486941.21,327142.72,377263.37,111745.81,158268.71,158701.69,198857.81,90547.13,190467.59,129601.84,141753.12,174135.36,96462.85,171427.83,131662.79,118985.75,1490449.04,17903.73,20885.27,123302.93,272937.73,150.3,1434941.7,3533588.3,37700.62,653585.61,963433.38,45145.88,52882.14
Scenario 2,1294,5,Market Euphoria,94,TRADING,160532.16,1119547.57,178069.98,308323.13,868235.5,667442.93,184919.19,524164.98,847435.94,1033314.27,461300.84,374497.68,2984426.59,46502.54,482666.01,39043.43,303581.79,476490.11,318637.68,38864.91,90848.12,487363.34,327811.09,377668.89,112025.76,158093.44,158772.06,199021.26,90447.2,190139.78,129647.68,141747.34,174109.36,96602.96,171070.6,131642.47,118969.3,1487709.88,17902.23,20928.41,123297.17,273575.06,150.1,1436654.03,3526198.27,37696.34,654907.47,961585.22,45083.58,52859.58
Scenario 2,1295,5,Market Euphoria,95,TRADING,160242.87,1117297.12,178302.9,308235.27,870692.25,669552.0,185514.52,523474.14,848805.05,1034090.42,462097.04,375267.11,2985236.11,46407.46,481779.57,39091.52,304055.32,476674.6,319614.28,38769.75,90587.27,487782.27,328479.66,378305.37,112197.55,157749.51,158816.25,199262.89,90257.8,190027.84,129788.91,141678.61,174072.27,96715.28,170837.76,131664.73,119018.66,1485932.68,17905.19,20964.84,123302.77,274423.75,149.78,1439181.47,3518737.91,37692.03,654877.08,961051.71,44954.29,52835.65
Scenario 2,1296,5,Market Euphoria,96,TRADING,160136.76,1114909.42,178533.65,308355.58,873317.37,671205.64,185843.57,522790.96,850684.98,1034214.34,463149.77,375901.76,2985371.16,46402.94,481816.22,39246.49,304377.67,476597.36,320549.46,38645.68,90276.56,487793.71,328779.13,379010.85,112424.46,157551.27,158828.01,199380.4,90047.86,189756.66,129877.48,141643.2,174048.43,96806.18,170790.53,131655.7,119023.49,1481521.52,17908.11,20995.4,123275.94,275153.04,149.58,1441419.01,3509946.06,37714.76,656030.55,959100.97,44872.95,52850.83
Scenario 2,1297,5,Market Euphoria,97,TRADING,159989.23,1111684.82,178824.74,308402.33,874578.86,673377.14,186188.7,522019.43,852503.38,1034350.13,464075.03,376485.89,2986249.17,46331.3,481082.8,39271.47,305104.8,475788.33,321447.99,38529.3,90065.33,488178.99,329599.67,379313.55,112676.29,157354.17,158792.49,199330.93,89939.88,189751.81,130059.56,141645.53,174052.99,97081.67,170430.23,131653.78,119015.22,1479030.57,17912.48,21039.67,123263.59,275967.65,149.53,1442911.2,3502144.0,37717.85,656582.42,957449.53,44767.16,52833.71
Scenario 2,1298,5,Market Euphoria,98,TRADING,159647.65,1109372.13,179071.91,308548.84,876515.17,675872.8,186656.84,521249.25,854386.32,1034646.7,465151.86,377472.3,2986800.79,46231.48,480479.89,39353.94,305531.43,475669.69,322486.67,38468.72,89759.65,488590.35,329974.62,379845.58,112963.93,157063.19,158861.56,199878.77,89790.24,189591.55,130215.83,141682.33,174047.95,97315.45,170277.55,131686.24,118977.13,1475365.31,17927.77,21068.95,123263.47,276745.96,149.1,1445131.28,3494003.6,37693.46,657422.79,956552.56,44639.27,52844.04
Scenario 2,1299,5,Market Euphoria,99,TRADING,159252.28,1106937.31,179276.06,308499.04,880357.02,677901.76,186840.55,520657.25,856416.3,1034821.12,466067.96,378474.34,2985332.96,46091.39,479654.66,39450.74,306381.35,475446.57,323511.22,38387.72,89503.71,488336.44,330800.27,379801.4,113165.62,156726.77,158874.36,200066.61,89625.8,189472.55,130463.18,141700.64,174058.89,97479.6,169911.37,131692.14,118952.89,1472668.27,17927.26,21106.85,123250.36,277538.37,149.08,1447686.74,3485654.07,37703.52,657851.17,956428.26,44541.23,52853.17
Scenario 2,1300,5,Market Euphoria,100,TRADING,159034.49,1104052.78,179613.45,308541.48,882278.62,679927.64,187193.94,519792.96,858254.34,1035837.88,466939.99,379007.53,2984328.89,46041.75,478987.43,39538.84,306812.9,475560.4,324431.79,38255.53,89257.88,488703.91,331306.1,380113.41,113376.49,156491.25,158940.78,200339.44,89414.67,189008.67,130522.03,141682.96,174101.94,97703.37,169589.45,131681.47,118932.08,1470625.42,17925.28,21115.54,123245.05,278236.4,148.74,1449211.3,3477296.89,37706.83,658638.69,955435.9,44502.63,52863.83
Scenario 2,1301,5,Market Euphoria,101,TRADING,158790.18,1100994.38,179968.48,308587.58,882960.85,681555.05,187483.0,519266.55,859798.24,1035912.1,467781.51,379714.41,2984799.4,45925.17,478184.49,39566.76,307396.78,475432.39,325452.02,38155.95,88951.93,488801.99,332204.86,381230.5,113575.18,156293.68,158962.61,200507.78,89225.18,188659.66,130710.81,141720.48,174105.45,97957.81,169474.14,131693.61,118952.92,1468089.09,17915.92,21147.91,123273.5,279038.62,148.48,1451569.79,3470279.01,37716.78,659749.83,954741.89,44412.6,52864.7
Scenario 2,1302,5,Market Euphoria,102,TRADING,158639.66,1098491.87,180186.05,308590.6,885171.59,683452.38,187788.64,518681.68,862015.9,1037816.77,469282.45,380677.76,2985349.83,45908.69,477877.91,39607.51,307477.44,475502.93,326597.75,38052.46,88653.98,489148.56,332951.76,382235.6,113845.61,156107.82,158916.79,200702.33,89005.53,188323.04,130955.35,141721.02,174132.12,98078.96,169170.14,131722.77,118948.03,1463830.08,17924.74,21192.21,123281.27,279688.25,148.15,1453767.42,3461300.61,37712.46,660661.5,953021.97,44306.85,52833.6
Scenario 2,1303,5,Market Euphoria,103,TRADING,158417.12,1096142.76,180400.76,308614.79,886916.8,685280.66,188241.24,518020.97,863656.21,1038094.98,470780.35,381195.05,2985101.47,45833.09,476947.96,39694.8,308475.11,475342.97,327466.42,37959.0,88390.77,489343.18,333593.66,382415.13,114094.85,156015.65,158893.67,200854.82,88802.42,188442.19,131251.28,141695.6,174109.01,98357.23,168761.3,131756.42,119018.6,1461953.0,17923.93,21237.22,123277.98,280598.99,148.11,1456260.71,3453385.6,37718.45,661027.27,951657.87,44171.65,52849.33
Scenario 2,1304,5,Market Euphoria,104,TRADING,158283.25,1094171.66,180635.24,308632.19,889109.89,687667.58,188643.14,517209.03,865254.33,1038183.43,471856.15,382287.44,2984020.71,45845.47,477070.96,39785.83,309185.07,475128.64,328457.57,37837.5,88116.12,489420.63,334815.23,383417.83,114324.62,155543.05,158896.87,200884.14,88632.91,188205.29,131452.62,141678.23,174176.48,98625.9,168570.76,131738.37,119000.69,1459205.81,17924.39,21261.48,123262.01,281370.63,147.94,1459023.29,3446734.79,37717.06,660894.13,950372.26,44075.59,52869.82
Scenario 2,1305,5,Market Euphoria,105,TRADING,158012.48,1091774.57,180941.62,308708.1,891531.25,689707.43,189188.09,516725.32,866704.51,1038944.43,472945.04,383046.15,2984222.89,45787.63,476089.0,39858.4,309870.01,474447.91,329381.48,37742.88,87843.16,489481.34,335045.93,384181.45,114462.88,155376.75,158921.15,201097.39,88469.35,188266.25,131685.08,141629.43,174163.17,98971.15,168186.41,131717.23,118984.95,1455659.0,17929.05,21267.6,123264.88,282321.43,147.51,1460439.04,3437545.85,37721.06,661441.36,948686.58,43943.18,52876.05
Scenario 2,1306,5,Market Euphoria,106,TRADING,157897.51,1088768.59,181163.16,308643.36,893612.96,691922.99,189477.2,516210.5,868756.68,1039331.12,473542.72,383966.03,2982894.37,45685.63,475499.05,39901.82,310673.2,474973.27,330339.63,37607.13,87576.38,489709.25,335714.92,384807.31,114722.35,155150.2,158927.24,201336.06,88285.86,187958.53,131929.68,141620.65,174130.31,99247.95,167842.89,131719.04,118991.56,1451355.94,17926.39,21301.29,123272.04,283033.97,147.15,1461764.45,3429775.62,37741.73,662848.68,947369.74,43851.77,52850.49
Scenario 2,1307,5,Market Euphoria,107,TRADING,157531.34,1086228.03,181535.98,308710.48,896767.48,694259.06,189811.11,515039.31,870540.97,1039702.52,475205.6,384508.72,2981726.84,45601.38,474246.34,39965.82,311636.56,474297.16,331323.0,37533.93,87293.95,489612.76,336631.87,384656.13,114920.04,154842.45,158952.23,201567.14,88131.77,187668.84,132183.21,141600.71,174089.35,99409.83,167742.04,131699.36,119056.96,1449704.55,17927.92,21343.56,123256.85,283780.23,147.12,1464324.72,3422259.81,37749.25,662950.44,946164.28,43703.59,52867.99
Scenario 2,1308,5,Market Euphoria,108,TRADING,157418.03,1083715.78,181872.13,308804.78,898765.77,696667.15,189997.28,514913.17,872472.73,1040840.0,476295.64,385322.08,2982110.86,45515.22,473873.07,40047.47,311970.83,474382.35,332122.34,37441.87,87068.74,489972.4,336906.36,384859.29,115183.95,154527.53,159035.44,201698.46,87907.1,187490.68,132391.1,141583.49,174121.02,99558.06,167808.61,131723.59,119056.58,1446002.28,17934.88,21370.66,123253.67,284523.46,146.8,1466356.9,3415662.76,37771.29,663588.9,944048.17,43610.34,52864.62
Scenario 2,1309,5,Market Euphoria,109,TRADING,157354.32,1081080.78,182167.14,308668.13,900576.91,698229.21,190566.08,514085.99,874125.06,1042177.8,477053.16,386253.32,2981238.72,45420.25,473198.39,40125.05,312747.35,474143.64,333113.6,37363.49,86794.65,489885.68,337746.95,385425.69,115361.3,154371.06,159074.22,202184.19,87736.46,187355.59,132470.03,141573.37,174061.76,99771.54,167578.92,131743.54,119010.46,1441481.95,17950.82,21395.44,123239.59,285258.65,146.56,1468833.83,3408881.14,37796.96,664672.42,942338.01,43475.1,52868.19
Scenario 2,1310,5,Market Euphoria,110,TRADING,157200.58,1078663.03,182503.3,308748.95,902197.54,700394.82,191076.81,513381.46,875722.27,1042879.75,478219.83,386831.82,2981516.79,45342.08,472032.04,40212.76,313428.67,474352.95,334031.4,37270.9,86519.03,490171.68,338781.61,385986.89,115562.74,154267.27,159132.38,202449.42,87462.0,187106.77,132797.5,141565.44,173958.17,99844.6,167308.74,131778.96,119000.47,1437653.8,17950.31,21418.07,123274.25,285991.38,146.2,1471074.31,3401049.26,37788.17,665500.91,939713.71,43354.92,52880.17
Scenario 2,1311,5,Market Euphoria,111,TRADING,157036.03,1075954.57,182743.79,308747.22,904600.78,702233.24,191487.49,512758.59,877708.24,1043741.82,479546.47,387103.47,2982047.54,45275.63,470784.22,40272.39,314059.15,473907.06,334882.99,37176.08,86246.09,490276.6,339593.44,386588.1,115756.75,154067.82,159158.78,202981.3,87307.49,186879.43,133062.47,141547.22,173924.92,100080.02,166965.12,131776.95,118977.85,1433986.95,17956.1,21462.24,123251.74,286658.74,145.99,1473009.84,3393941.95,37775.12,665850.96,938815.42,43226.72,52874.3
Scenario 2,1312,5,Market Euphoria,112,TRADING,156951.2,1073709.63,183020.82,308801.12,906480.11,703940.69,191875.17,511960.0,879269.67,1045373.41,479847.45,387652.32,2980705.64,45190.94,469894.07,40409.56,314583.49,473798.36,335826.91,37033.42,85956.15,490146.25,340487.37,386816.84,115996.17,153738.11,159148.84,203236.44,87194.14,186194.35,133325.0,141566.9,173898.33,100405.29,166574.89,131765.05,119022.6,1429112.55,17966.0,21488.85,123264.01,287499.98,145.8,1475384.26,3387724.12,37751.63,666168.59,936359.75,43111.37,52873.29
Scenario 2,1313,5,Market Euphoria,113,TRADING,156674.15,1070703.22,183395.28,308837.12,908595.83,706128.05,192234.34,511230.29,880900.47,1046027.09,480497.42,388289.23,2979538.34,45162.02,469043.89,40466.59,315524.13,473841.54,336770.43,36912.59,85718.4,490565.59,341149.98,387203.76,116149.33,153418.37,159233.86,203604.03,87054.21,185913.9,133490.2,141606.36,173898.79,100607.4,166028.91,131788.61,118999.42,1427150.09,17963.71,21513.96,123277.66,288397.75,145.66,1476214.27,3380590.53,37735.07,666178.87,933764.11,43012.52,52901.6
Scenario 2,1314,5,Market Euphoria,114,TRADING,156464.22,1067834.47,183475.84,308778.82,910319.46,707997.08,192392.91,509810.62,882585.9,1045263.5,481836.37,388866.84,2981767.63,45152.22,468997.23,40582.58,316109.02,473952.08,337749.69,36845.79,85412.9,490845.0,342261.41,387497.75,116397.03,153173.78,159205.02,203851.83,86895.09,185580.73,133580.41,141579.27,173878.13,100827.21,165688.61,131812.22,118957.64,1424079.29,17956.11,21535.18,123276.3,289160.58,145.28,1478118.43,3373143.13,37773.26,667112.73,931508.58,42947.43,52883.5
Scenario 2,1315,5,Market Euphoria,115,TRADING,156126.1,1065205.13,183812.95,308830.19,912080.86,710369.51,192644.38,508931.76,884634.28,1046597.93,483183.4,389795.8,2980855.13,45086.82,468387.35,40641.56,316611.08,473102.56,338641.82,36758.85,85179.75,491015.89,343164.58,387593.53,116572.38,152944.89,159190.53,203971.85,86738.15,184941.78,133898.35,141594.28,173844.93,101219.17,165265.12,131822.72,119005.62,1420741.21,17953.74,21554.91,123270.62,289909.4,144.9,1479897.61,3366003.8,37771.88,668382.64,930648.96,42894.63,52905.27
Scenario 2,1316,5,Market Euphoria,116,TRADING,155941.79,1062764.4,183940.15,308897.92,913124.26,712587.43,192891.83,508169.96,885995.07,1046525.88,484216.74,389926.45,2981281.99,45013.36,467628.21,40710.21,317366.92,473368.23,339711.59,36679.11,84887.45,491059.92,343787.7,387595.5,116816.45,152710.67,159198.67,204192.74,86556.04,184597.13,134134.37,141635.47,173825.92,101469.96,165072.11,131807.0,118983.71,1418373.51,17959.95,21572.33,123265.67,290515.58,144.6,1481525.85,3358719.3,37791.48,669211.75,929607.93,42805.1,52907.23
Scenario 2,1317,5,Market Euphoria,117,TRADING,155714.91,1060200.39,184131.28,308709.88,914431.36,714489.86,193070.0,507451.0,887779.31,1047106.21,485292.05,389926.45,2981671.15,44943.01,467561.22,40798.78,318206.47,473272.38,340612.45,36587.36,84627.04,491500.48,344397.92,387545.49,116987.62,152396.77,159200.11,204170.1,86415.74,184353.72,134313.22,141603.0,173873.14,101518.03,165037.73,131836.7,118996.35,1414513.3,17955.32,21618.05,123255.94,291110.07,144.46,1483845.58,3351801.47,37788.18,670271.8,928644.98,42685.36,52910.4
Scenario 2,1318,5,Market Euphoria,118,TRADING,155480.17,1057701.0,184386.69,308834.71,916960.08,716749.52,193519.66,506982.6,889515.62,1048694.13,486462.02,389926.45,2980595.63,44850.72,466627.04,40884.14,318876.05,473517.71,341543.98,36512.88,84355.98,491794.46,344976.82,388001.3,117271.69,152240.1,159246.07,204304.36,86205.81,184142.28,134544.4,141587.59,173785.85,101612.12,164826.11,131815.23,118937.55,1411359.52,17954.36,21641.04,123247.31,291770.93,144.32,1486632.27,3344939.94,37795.23,670616.72,927153.15,42619.13,52889.42
Scenario 2,1319,5,Market Euphoria,119,TRADING,155265.46,1055353.53,184624.71,308849.16,917990.17,719629.54,193664.09,506322.54,891298.24,1049216.69,487308.53,389926.45,2981327.17,44792.92,465360.62,40970.96,319203.41,472941.12,342459.81,36416.65,84082.48,491921.57,346178.15,388700.97,117555.69,151910.91,159182.72,204798.89,86007.56,184029.22,134769.87,141562.74,173854.05,101753.21,164755.79,131786.39,119018.63,1410159.34,17942.39,21671.13,123219.8,292542.91,144.04,1488448.41,3336503.47,37820.8,671428.82,925256.63,42530.02,52886.79
Scenario 2,1320,5,Market Euphoria,120,TRADING,155160.42,1053202.77,184958.71,308762.18,918592.81,722030.91,194013.75,505495.33,892822.79,1050210.39,488618.38,389531.98,2981185.14,44725.09,464939.73,41085.76,319544.68,472501.04,343481.22,36319.57,83782.69,492127.16,346858.85,389079.26,117683.79,151747.74,159222.78,205069.93,85860.87,183593.12,135016.83,141605.89,173830.44,102022.66,164741.76,131776.61,119005.91,1407215.81,17947.1,21677.9,123213.59,293201.38,143.83,1490779.98,3328645.95,37809.6,672765.12,926014.08,42482.7,52908.06
Scenario 2,1321,5,Market Euphoria,121,TRADING,154846.35,1050498.6,185259.93,308785.09,920398.9,723604.76,194117.51,504884.94,894616.63,1051401.78,489760.05,388933.82,2979360.89,44637.89,463983.34,41148.25,320399.37,471298.95,344483.85,36206.0,83550.19,491985.48,347713.34,389755.16,117888.6,151516.61,159184.53,205301.69,85621.52,183384.79,135046.18,141597.92,173782.42,102246.83,164613.46,131781.63,119090.48,1404380.89,17953.26,21712.68,123223.36,294023.2,143.8,1492633.97,3320103.95,37819.54,673842.89,925560.82,42358.28,52910.4
Scenario 2,1322,5,Market Euphoria,122,TRADING,154592.66,1047740.52,185634.49,308757.07,922382.2,726199.59,194684.09,504247.78,896442.77,1052546.04,490472.28,387943.51,2977855.64,44587.01,463627.46,41246.26,320785.53,471654.63,345511.44,36104.5,83293.11,492464.24,348212.37,390267.31,118068.46,151218.21,159214.21,205585.94,85404.67,183023.95,135183.66,141656.83,173663.7,102557.61,164288.85,131808.93,119077.48,1402267.83,17954.41,21732.08,123270.02,294605.47,143.73,1495257.96,3311960.33,37845.59,674663.88,923818.97,42256.56,52897.59
Scenario 2,1323,5,Market Euphoria,123,TRADING,154485.48,1045647.53,185958.89,308733.7,923899.05,728727.44,194956.77,503697.54,898399.99,1054008.91,491563.99,387563.98,2979268.34,44416.71,463051.13,41309.21,321777.19,471661.12,346453.87,36033.91,83051.51,492924.68,348950.15,390870.8,118222.77,150983.58,159180.06,205994.03,85235.64,182574.27,135497.19,141669.58,173658.59,102782.62,164085.26,131762.1,119024.33,1398644.19,17947.09,21744.19,123252.23,295319.25,143.61,1496622.52,3305271.26,37828.85,675552.77,922810.38,42141.49,52905.35
Scenario 2,1324,5,Market Euphoria,124,TRADING,154303.46,1043124.49,186177.27,308703.81,926144.12,731037.44,195310.77,503139.73,899765.36,1054219.91,493151.31,387296.69,2978385.66,44300.48,461845.81,41372.99,322597.24,471066.45,347582.96,35934.77,82795.12,493013.01,350030.12,391759.71,118415.44,150656.89,159287.74,206211.83,85042.51,181930.02,135743.67,141632.42,173692.96,103091.07,163696.75,131756.19,119028.87,1397957.5,17949.42,21783.8,123251.59,296058.39,143.51,1498850.68,3299024.17,37810.41,675084.68,921725.85,42032.07,52907.57
Scenario 2,1325,5,Market Euphoria,125,TRADING,154079.7,1040369.5,186424.88,308767.66,929042.19,732714.13,195663.07,502559.52,899979.45,1054979.57,494192.38,387341.34,2979179.88,44271.11,460614.54,41544.63,323251.31,470993.94,348383.33,35857.33,82550.42,493223.47,350945.47,392663.81,118652.44,150422.3,159232.08,206526.15,84862.52,181602.15,135973.94,141532.48,173705.84,103205.93,163413.31,131730.49,119038.12,1394455.34,17945.3,21830.1,123276.63,296864.92,143.15,1499942.06,3289533.04,37825.06,675543.05,918453.88,41894.86,52902.5
Scenario 2,1326,5,Market Euphoria,126,TRADING,153845.25,1037967.74,186558.14,308815.94,931004.21,735056.01,195938.25,502369.44,899979.45,1055364.76,494987.23,387006.79,2978785.75,44214.29,459865.65,41623.85,323842.79,470259.13,349374.94,35729.65,82243.15,493242.14,351112.68,393115.65,118978.21,150177.39,159230.22,207043.83,84667.03,181455.2,136283.01,141476.91,173737.54,103452.84,163529.61,131745.02,119015.39,1392830.47,17951.81,21832.11,123261.46,297664.81,142.9,1501804.4,3282829.28,37830.29,675571.46,917268.7,41786.51,52920.13
Scenario 2,1327,5,Market Euphoria,127,TRADING,153667.61,1035699.3,186783.26,308919.65,933111.97,736595.21,196188.09,501652.98,899541.25,1056281.55,495923.5,386529.39,2979141.95,44115.63,459211.46,41712.08,324389.25,469908.75,350308.61,35630.56,81919.97,493767.49,351339.26,393627.86,118898.07,149883.33,159170.98,207472.41,84497.65,181161.28,136457.53,141454.13,173799.46,103594.87,163379.08,131727.62,119014.82,1388957.18,17944.47,21850.0,123245.28,298335.98,142.6,1504234.75,3274379.09,37838.99,675481.93,916979.14,41707.03,52925.09
Scenario 2,1328,5,Market Euphoria,128,TRADING,153517.0,1033109.0,186961.46,308904.36,934922.1,738387.31,196746.99,500714.73,898088.01,1056317.44,497630.27,385995.73,2979390.96,44015.49,457799.37,41815.61,325177.08,470400.37,351354.02,35532.16,81523.96,493733.19,351956.39,394574.53,118752.04,149658.82,159139.25,207615.84,84290.76,180647.26,136654.95,141418.61,173801.91,103808.73,163279.37,131734.42,119040.61,1385185.63,17954.08,21882.87,123232.47,299089.38,142.32,1506848.93,3265673.84,37835.26,676272.38,913823.76,41650.53,52907.84
Scenario 2,1329,5,Market Euphoria,129,TRADING,153372.54,1030069.84,187243.4,308927.22,937044.39,740424.79,197058.79,500325.37,897027.03,1057324.74,498856.52,385367.0,2977492.18,43992.79,456938.21,41941.72,325714.77,470163.24,352242.61,35435.12,81867.83,494132.4,352840.29,394343.84,118652.74,149406.22,159194.28,207830.33,84116.85,180357.22,136744.32,141451.51,173751.12,103893.57,162859.18,131714.14,119033.2,1382540.26,17955.52,21923.93,123217.56,299619.82,142.19,1508941.6,3258872.85,37848.07,676497.99,912387.4,41567.33,52905.03
Scenario 2,1330,5,Market Euphoria,130,TRADING,153190.48,1028098.47,187548.44,309018.88,939461.72,742458.52,197490.34,499455.96,896405.09,1058123.01,499718.33,384875.79,2977397.49,43871.94,456235.81,42006.19,326506.92,469705.1,353128.98,35320.9,81995.69,494379.52,353821.88,395213.78,118488.39,149094.44,159186.27,208150.2,83907.35,180124.28,137054.73,141399.77,173741.47,104222.39,162826.67,131722.52,119062.81,1379678.0,17953.16,21937.14,123225.91,300505.85,142.01,1511059.51,3250317.47,37822.81,676845.95,911366.92,41491.97,52881.97
Scenario 2,1331,5,Market Euphoria,131,TRADING,153133.67,1025424.76,187893.8,309027.43,942747.87,744751.75,198033.55,498505.09,895212.83,1059120.45,500655.31,384204.65,2978529.22,43742.0,455622.18,42038.44,327309.29,468907.3,353977.25,35208.64,82191.48,494336.29,354562.63,395159.57,118381.69,148788.47,159234.56,208580.99,83769.0,179725.66,137178.28,141414.52,173744.23,104405.02,162391.72,131729.5,119050.05,1375679.61,17958.05,21957.77,123236.76,301235.21,141.86,1513066.62,3243835.51,37836.88,678155.86,910363.69,41370.61,52900.82
Scenario 2,1332,5,Market Euphoria,132,TRADING,152946.06,1022943.46,188155.82,309077.45,945095.58,747506.35,198544.81,497503.05,894173.88,1059652.66,500867.04,383913.88,2979110.18,43647.19,454613.65,42061.16,327799.61,468651.96,355150.16,35086.18,82324.19,494543.16,355554.38,395477.99,118204.22,148557.9,159205.33,208694.73,83586.67,179640.32,137380.79,141372.77,173774.48,104557.17,162335.09,131749.94,119042.7,1372583.1,17954.85,22002.88,123291.78,301993.54,141.65,1514585.72,3236383.09,37846.19,679613.24,908225.93,41241.07,52896.93
Scenario 2,1333,5,Market Euphoria,133,TRADING,152706.78,1019666.8,188464.13,308846.03,947668.38,749589.39,198840.75,497024.36,892734.58,1059100.38,501925.84,383216.42,2979146.12,43519.05,454152.64,42169.66,328363.44,468110.83,356077.8,34982.84,82518.53,494814.96,356468.45,396119.01,118068.36,148380.64,159226.69,209014.81,83417.17,179083.69,137596.32,141325.04,173852.12,104502.67,161899.14,131769.18,119063.35,1370291.88,17958.48,22036.22,123259.02,302734.19,141.36,1516538.37,3227762.06,37880.87,680314.37,907209.0,41166.07,52906.37
Scenario 2,1334,5,Market Euphoria,134,TRADING,152420.12,1017350.12,188665.44,308907.93,949840.91,751489.88,199013.56,496103.58,891430.32,1060972.35,502655.47,382581.31,2979198.25,43387.62,453572.81,42245.93,328880.19,467683.59,356882.84,34926.09,82629.4,495526.4,356853.47,396678.96,117924.06,148088.21,159260.93,209278.39,83230.84,178830.67,137889.29,141361.4,173901.15,104712.47,161662.5,131754.4,119089.6,1367254.78,17960.82,22077.94,123219.21,303557.25,141.01,1518399.57,3220418.66,37889.9,681258.71,904644.84,41069.44,52892.0
Scenario 2,1335,5,Market Euphoria,135,TRADING,152303.06,1014641.65,188944.08,308855.93,950652.66,754077.65,199504.13,495437.69,890080.98,1061477.33,504385.17,381606.92,2980461.95,43353.13,452480.64,42296.56,329397.1,468008.7,357865.83,34809.32,82757.46,495814.19,357413.95,397321.58,117823.42,147698.44,159278.38,209453.53,83060.65,178368.68,138175.33,141364.93,173902.65,104807.52,161406.68,131772.65,119073.26,1363191.09,17958.23,22104.7,123190.41,304168.5,140.66,1521413.26,3212587.72,37899.13,681260.36,902606.41,40979.35,52888.69
Scenario 2,1336,5,Market Euphoria,136,TRADING,152216.1,1012420.22,189241.42,309088.66,952210.06,756541.15,199816.93,494846.24,888998.86,1062356.97,506071.48,381219.15,2982396.73,43282.93,452072.58,42369.98,330430.38,467783.33,358802.55,34746.85,82885.44,496113.91,357608.69,398325.33,117647.51,147488.08,159269.37,209495.94,82900.47,177863.05,138545.55,141358.99,173843.48,104992.0,160884.11,131774.78,119116.75,1359547.3,17957.96,22141.31,123179.69,304849.42,140.48,1523189.58,3204616.78,37895.12,682113.2,900438.91,40945.22,52890.68
Scenario 2,1337,5,Market Euphoria,137,TRADING,151958.2,1009785.43,189525.5,309146.13,953102.32,759443.96,200069.87,494012.48,887415.36,1062519.1,507124.29,380670.37,2982237.58,43208.42,451690.15,42519.5,331026.17,467604.78,359813.84,34619.61,83068.55,496492.83,358177.36,398759.78,117530.63,147149.67,159313.76,209882.83,82746.39,177621.73,138780.45,141367.53,173874.37,105106.35,160769.52,131787.66,119151.79,1357714.23,17962.43,22160.1,123176.13,305454.32,140.26,1525153.39,3196748.7,37888.17,682376.41,900527.94,40840.52,52899.17
Scenario 2,1338,5,Market Euphoria,138,TRADING,151688.52,1007013.36,189814.48,309165.39,954989.04,761451.38,200475.37,493394.34,886539.23,1063746.43,507743.36,380064.34,2981574.44,43183.69,450477.06,42560.21,331174.87,467441.0,360742.13,34517.64,83199.02,496449.49,358729.31,399254.72,117414.74,146926.28,159322.66,210163.51,82575.07,177316.54,139237.36,141354.98,173901.71,105434.46,160736.5,131744.06,119110.68,1353887.17,17968.69,22171.65,123179.84,306018.82,140.1,1526268.2,3189736.53,37895.43,683152.69,898136.87,40804.2,52906.15
Scenario 2,1339,5,Market Euphoria,139,TRADING,151333.81,1003898.54,190015.82,309173.66,956369.95,763679.63,200735.98,492696.92,885275.77,1063962.07,509006.69,379615.94,2981293.76,43088.04,449584.24,42635.63,331921.7,468029.11,361661.33,34429.13,83317.73,496550.73,359210.0,399769.63,117282.09,146671.49,159344.95,210326.31,82413.1,177102.46,139397.3,141332.44,173935.71,105636.06,160661.6,131768.78,119112.43,1350270.13,17964.05,22213.85,123203.66,306720.08,139.8,1527920.61,3181566.14,37875.89,683590.13,897914.62,40721.71,52921.1
Scenario 2,1340,5,Market Euphoria,140,TRADING,151141.25,1001289.72,190395.25,309297.53,958975.1,765527.05,201231.81,491583.14,884147.41,1064625.5,509514.42,379240.22,2981183.03,43092.39,449591.22,42722.64,332561.98,468106.62,362626.8,34317.94,83433.86,496850.6,359712.59,399987.62,117105.73,146321.67,159341.51,210527.0,82265.99,176709.1,139850.99,141325.82,173962.96,105707.68,160183.66,131823.87,119096.07,1345628.78,17974.75,22250.9,123187.3,307474.66,139.58,1529952.01,3172906.67,37888.07,684774.15,896168.09,40636.34,52927.23
Scenario 2,1341,5,Market Euphoria,141,TRADING,151012.83,998900.14,190699.59,309337.55,962669.68,767514.45,201621.62,490974.6,883318.08,1065425.45,510520.76,378585.15,2982791.87,43011.6,448838.88,42808.93,332777.54,468166.53,363714.69,34234.81,83557.69,497253.89,360565.65,399890.46,116959.68,146105.67,159376.16,210994.57,82119.06,176233.4,140013.25,141393.11,173953.74,106046.44,160037.69,131844.96,119063.03,1343141.79,17977.1,22277.29,123211.92,308195.17,139.28,1532497.7,3163744.52,37887.71,685052.07,894587.26,40576.68,52900.86
Scenario 2,1342,5,Market Euphoria,142,TRADING,150873.23,995791.57,190936.53,309305.16,965563.93,769379.64,202043.6,490154.01,881910.77,1066320.22,511291.59,378168.32,2982134.22,42918.26,448805.45,42856.64,333144.98,468123.49,364699.58,34134.61,83696.56,497455.22,361930.91,400174.73,116847.38,145788.87,159402.89,211368.87,81912.31,175743.27,140440.39,141370.28,173938.93,106346.31,159701.73,131832.89,119089.97,1340356.78,17978.63,22313.57,123221.28,308791.51,139.01,1533879.25,3156308.43,37901.27,685562.69,892997.37,40458.44,52905.34
Scenario 2,1343,5,Market Euphoria,143,TRADING,150576.59,993294.01,191263.5,309434.54,968064.3,771756.72,202517.36,489170.31,881121.28,1065891.66,511988.85,377763.64,2983266.44,42851.19,447595.75,43004.81,333474.84,467671.79,365760.25,34044.83,83816.47,497669.53,362154.45,400574.76,116721.08,145596.31,159406.52,211169.81,81831.89,175375.87,140638.21,141378.38,173977.47,106467.25,159553.26,131851.35,119106.32,1336502.93,17987.42,22322.84,123194.85,309558.98,138.86,1536280.55,3147294.72,37918.12,685524.15,890770.56,40381.48,52903.1
Scenario 2,1344,5,Market Euphoria,144,TRADING,150394.05,991116.85,191554.71,309380.36,969906.66,774181.44,202883.36,488025.65,879970.93,1066867.71,513218.42,377227.09,2983729.17,42773.47,446637.82,43068.62,334272.54,467339.98,366995.08,33942.76,83949.44,497901.33,362573.88,400947.71,116570.79,145288.91,159460.58,211412.13,81641.45,175056.26,140926.37,141334.65,173974.89,106582.19,159412.65,131826.73,119114.91,1332821.13,17989.92,22335.76,123211.15,309973.75,138.64,1538462.75,3139983.49,37918.3,685916.58,889503.2,40277.18,52902.19
Scenario 2,1345,5,Market Euphoria,145,TRADING,150206.23,988859.33,191777.18,309356.84,972700.81,777302.78,203265.97,487241.69,879070.56,1067856.97,514548.84,376804.04,2984179.56,42701.29,446257.0,43092.18,334556.68,466423.95,368077.66,33845.08,84126.47,497947.44,363220.05,401639.29,116408.51,144981.45,159506.54,211370.54,81411.46,174698.7,141174.91,141337.86,173865.54,106776.48,159088.5,131808.81,119162.93,1330974.4,18000.67,22380.53,123189.36,310940.33,138.37,1540655.74,3132989.51,37922.26,685620.22,887738.8,40183.33,52934.6
Scenario 2,1346,5,Market Euphoria,146,TRADING,150098.02,986533.9,192101.8,309453.65,975028.97,779338.04,203735.93,487284.25,878158.07,1068570.98,515468.72,376183.49,2984272.91,42628.74,445276.67,43171.01,335351.51,465278.0,368884.78,33937.99,84251.98,498262.2,363457.47,402280.26,116287.19,144694.22,159451.17,211570.04,81238.54,174649.82,141336.83,141377.72,173835.68,106935.82,158981.95,131789.01,119124.07,1329427.89,18010.05,22431.03,123167.32,311756.12,138.0,1543136.15,3125669.01,37933.6,686890.44,887317.66,40053.63,52935.79
Scenario 2,1347,5,Market Euphoria,147,TRADING,150151.17,983922.69,192458.4,309602.91,977877.19,781221.26,204157.63,487453.43,877240.35,1066418.77,516170.78,375622.52,2985291.52,42597.33,444083.83,43228.8,335698.42,466342.57,369853.92,33994.8,84394.05,497665.72,364312.77,402501.6,116153.29,144471.25,159474.09,211440.7,81090.93,174523.11,141758.57,141436.4,173785.4,107115.31,158612.51,131827.11,119078.89,1327176.26,18004.14,22466.28,123128.47,312486.48,137.93,1544139.51,3117284.31,37929.07,685640.72,884857.37,40028.75,52930.67
Scenario 2,1348,5,Market Euphoria,148,TRADING,150159.44,981206.66,192845.78,309524.22,980172.41,783066.46,204620.29,487718.25,876178.83,1064712.17,516763.75,374770.42,2985895.09,42506.05,442948.17,43335.94,336548.27,466681.14,370537.3,34073.22,84520.21,496567.82,365412.34,403110.63,115979.88,144188.91,159419.43,211083.7,80890.57,174164.99,142054.83,141404.67,173775.47,107454.46,158622.81,131836.3,119043.45,1323160.92,18000.95,22500.63,123128.5,313183.81,137.78,1546256.92,3108914.14,37920.5,684266.89,883384.54,40037.88,52914.89
Scenario 2,1349,5,Market Euphoria,149,TRADING,150273.16,978068.73,193178.18,309449.04,982101.82,784331.58,204960.17,488209.68,875321.73,1062578.19,517963.23,374102.44,2986703.18,42393.94,441553.02,43396.74,336763.09,466660.97,371524.51,34124.3,84651.43,495699.94,365938.13,403486.69,115829.34,144064.99,159387.62,210854.0,80711.45,173820.72,142315.0,141380.27,173755.71,107768.49,158387.81,131859.8,119007.86,1319442.28,18000.78,22537.06,123081.93,313600.22,137.51,1548062.38,3101129.3,37916.13,683101.07,882481.19,40044.07,52904.44
Scenario 2,1350,5,Market Euphoria,150,TRADING,150466.86,975784.6,193508.74,309496.9,984929.11,786832.79,205070.25,488562.27,874657.65,1062257.62,518390.0,373842.41,2985922.63,42351.81,441233.54,43483.37,337196.93,467151.22,372480.55,34197.57,84882.8,495027.27,366617.71,404089.52,115596.48,143842.1,159343.52,210283.72,80556.21,173447.45,142485.23,141340.03,173728.85,107954.21,158144.28,131886.15,119027.22,1315282.8,17995.58,22568.28,123082.55,314277.15,137.26,1550984.54,3093905.04,37925.8,682217.98,880439.15,40121.46,52886.4
Scenario 2,1351,5,Market Euphoria,151,TRADING,150702.96,973108.94,193747.08,309628.48,986346.4,788852.36,205558.72,488494.41,873525.08,1060068.26,519557.41,373397.6,2984073.53,42351.02,440089.71,43507.86,338027.71,467591.58,373448.99,34323.59,85032.66,494611.6,367007.47,405040.91,115429.07,143698.51,159412.33,210123.45,80346.7,173110.12,142651.75,141284.07,173728.36,107984.05,158172.78,131832.65,119011.26,1311761.03,17999.89,22619.89,123089.77,315019.97,136.95,1553138.31,3086818.19,37929.27,681594.15,878421.29,40140.89,52923.16
Scenario 2,1352,5,Market Euphoria,152,TRADING,150775.71,970346.52,194052.94,309598.52,988177.99,791063.0,205994.57,488706.7,872416.56,1059115.34,520745.19,372983.2,2985603.36,42233.56,439591.53,43590.27,338789.04,467694.93,374357.45,34419.88,85203.34,493913.95,367300.05,405573.62,115326.52,143362.96,159408.78,209997.47,80128.38,172825.74,143049.81,141312.87,173706.99,108245.01,157787.33,131831.88,118987.74,1309654.87,18005.8,22644.14,123075.89,315976.5,136.68,1554967.59,3078300.39,37926.15,679910.16,876235.45,40150.24,52909.55
Scenario 2,1353,5,Market Euphoria,153,TRADING,151039.72,968160.99,194181.82,309558.07,990434.88,792614.01,206303.96,489376.62,871103.28,1057559.59,521424.17,372595.64,2985206.76,42224.49,439057.48,43708.82,338967.62,468511.04,375119.59,34514.67,85378.49,493054.34,367538.04,405549.58,115161.47,143158.6,159438.93,209558.43,79966.39,172280.16,143369.96,141392.92,173721.86,108387.9,157564.19,131839.46,119024.11,1306248.38,17999.63,22678.0,123071.82,316755.38,136.45,1557065.87,3069547.84,37926.91,679302.61,874596.45,40150.97,52956.69
Scenario 2,1354,5,Market Euphoria,154,TRADING,151028.95,965491.13,194443.09,309594.07,992535.98,794538.21,206454.48,489648.8,870047.16,1056888.84,521961.47,372372.21,2985691.89,42144.74,437988.18,43873.1,339301.38,468874.35,376114.78,34586.82,85544.74,491925.67,367952.16,405474.65,115101.3,142840.63,159446.18,209309.03,79793.33,172242.54,143593.39,141442.1,173799.05,108619.27,157321.58,131854.51,118952.05,1302534.91,18002.02,22725.29,123072.27,317481.06,136.23,1559100.97,3061486.36,37940.36,677916.88,872588.74,40130.66,52971.03
Scenario 2,1355,5,Market Euphoria,155,TRADING,151136.59,962703.06,194816.95,309570.53,993599.98,796670.91,206664.44,490167.31,868988.35,1055677.48,523168.32,372131.55,2983918.8,42024.26,437153.21,43962.08,339688.93,469363.73,377246.83,34631.77,85687.59,491211.55,368958.85,406051.46,114986.57,142525.12,159453.16,209105.8,79608.3,172375.0,143779.96,141514.75,173841.42,108712.59,156629.84,131844.07,119022.12,1299943.94,17993.85,22752.43,123076.72,318202.74,136.01,1560799.01,3053560.3,37922.35,676387.15,873011.24,40123.67,52999.4
Scenario 2,1356,5,Market Euphoria,156,TRADING,151348.91,959917.12,195158.38,309592.54,995852.8,798584.05,206857.25,490641.1,868338.7,1054730.67,524574.31,371909.63,2985424.87,41934.47,436344.89,44061.2,340263.56,469780.28,378093.82,34734.64,85853.23,490353.07,369829.75,407010.07,114839.98,142424.12,159399.68,208782.56,79461.32,172105.62,144058.17,141550.72,173913.12,108645.39,156713.76,131839.95,119029.42,1298596.12,17987.96,22756.91,123074.02,318950.35,135.59,1563084.57,3046075.18,37896.78,675350.02,873404.0,40137.05,53028.0
Scenario 2,1357,5,Market Euphoria,157,TRADING,151432.87,957022.49,195379.88,309497.16,997520.54,800910.14,207121.71,491151.36,867024.42,1054506.52,525566.33,371479.65,2984280.05,41900.66,435372.14,44235.94,340948.47,469720.24,379174.77,34853.29,86022.22,489809.05,370179.06,407617.44,114749.9,142200.42,159411.44,208133.05,79220.27,171783.79,144289.36,141585.91,173906.42,108771.15,156694.77,131880.0,119010.13,1295016.0,17998.37,22769.41,123077.11,319821.45,135.34,1565512.72,3038263.71,37905.8,674105.8,873450.34,40159.7,53027.38
Scenario 2,1358,5,Market Euphoria,158,TRADING,151555.51,952675.85,195713.92,309564.54,999754.53,803892.37,207682.62,491512.42,865708.09,1053773.66,526264.75,370874.97,2984801.29,41821.1,434342.25,44231.17,341557.41,470119.38,380183.52,34933.03,86193.26,489294.83,370609.29,408319.24,114667.41,141905.91,159440.79,207959.93,79083.88,171382.36,144439.37,141568.5,173950.7,108895.42,156436.17,131895.61,118991.56,1292593.74,18002.42,22797.75,123078.25,320328.03,135.19,1566667.78,3030018.47,37890.09,672933.76,873156.83,40177.63,53053.97
Scenario 2,1359,5,Market Euphoria,159,TRADING,151635.77,956932.33,196036.01,309612.84,1001569.72,805526.81,208230.12,492097.23,864838.0,1052974.64,527790.63,370112.57,2987396.97,41845.3,433584.87,44252.11,341891.16,471121.83,380969.23,34989.3,86329.37,488397.41,370288.37,408953.14,114604.97,141594.19,159456.37,207683.65,78928.44,171229.62,144542.66,141575.96,174009.45,109214.74,156547.16,131890.23,118985.07,1289162.54,18000.59,22836.32,123084.5,321183.36,134.96,1569726.28,3023293.21,37876.35,672479.39,871367.12,40187.39,53057.32
Scenario 2,1360,5,Market Euphoria,160,TRADING,151755.96,959913.2,196868.76,309623.42,1003033.0,808084.36,208416.35,492588.48,863593.65,1051677.39,529042.51,369521.0,2985429.4,41860.41,432567.31,44315.01,342353.37,471773.6,381919.03,35070.1,86464.4,487575.79,371073.95,409026.45,114496.46,141410.13,159437.71,207599.89,78772.13,170875.81,144722.77,141637.31,174081.72,109240.81,156269.4,131899.94,118974.07,1285812.06,17992.04,22885.68,123092.54,321772.96,134.72,1571959.28,3014874.14,37862.79,671663.69,870142.61,40226.91,53046.73
Scenario 2,1361,5,Market Euphoria,161,TRADING,151884.11,962168.83,196272.42,309529.43,1006139.4,810709.15,208770.36,493107.04,862055.86,1050808.16,530297.9,369073.13,2983782.46,41753.09,431875.26,44455.23,342760.34,472151.63,382929.0,35136.81,86599.23,486918.89,371939.66,409472.15,114319.12,141017.88,159391.77,207378.97,78643.6,170565.03,144794.65,141663.53,174054.37,109430.28,156282.79,131905.6,118937.99,1283415.4,17982.13,22939.34,123103.53,322510.93,134.39,1573530.54,3007990.46,37875.45,671731.83,868769.82,40197.7,53043.93
Scenario 2,1362,5,Market Euphoria,162,TRADING,152011.42,964481.01,196143.07,309477.67,1007262.74,813296.24,209130.96,493660.52,860914.38,1049728.36,530820.24,368563.29,2983139.5,41670.82,431428.18,44532.93,343927.5,473451.18,383988.92,35214.38,86765.81,486334.29,372265.69,410056.63,114191.17,140818.32,159426.76,206997.7,78436.49,170317.99,144846.75,141655.57,174052.23,109561.27,156000.9,131883.69,118927.87,1281571.46,17964.11,22980.51,123123.6,323152.86,134.2,1576145.25,3001051.82,37871.94,670889.87,867303.23,40163.39,53015.4
Scenario 2,1363,5,Market Euphoria,163,TRADING,152140.14,966928.86,195918.23,309456.95,1011154.34,815484.72,209392.75,493676.99,859248.03,1048433.06,531620.43,368089.5,2983538.44,41595.38,430332.33,44613.15,344699.28,474574.38,385078.72,35270.61,86896.61,485751.91,373194.2,410382.97,113996.62,140659.25,159369.56,206846.78,78267.84,169948.42,145026.42,141736.48,174097.03,109594.35,155793.83,131889.63,118957.95,1278667.21,17972.1,23020.21,123145.52,323848.44,134.12,1577638.14,2993333.94,37862.73,669769.21,865100.96,40207.31,53006.21
Scenario 2,1364,5,Market Euphoria,164,TRADING,152286.97,969479.68,195661.88,309485.34,1013086.22,818188.65,209677.12,494266.44,858100.2,1046523.46,532425.68,367893.63,2981223.25,41595.06,429535.89,44672.59,345458.69,474986.08,386039.71,35372.33,87070.76,485501.83,373674.55,410422.01,113887.22,140413.54,159346.24,206194.74,78072.16,169829.11,145230.97,141669.95,174088.09,109717.64,155215.99,131916.77,118931.39,1276058.88,17971.97,23056.42,123158.73,324492.0,133.76,1580380.56,2987094.76,37832.52,668973.27,864864.42,40175.92,53013.74
Scenario 2,1365,5,Market Euphoria,165,TRADING,152273.8,972410.53,195241.66,309533.64,1014691.91,820150.24,209974.06,494701.2,857047.86,1045238.98,532836.05,367428.95,2979932.1,41518.67,429109.65,44663.52,346167.26,474910.63,387004.04,35413.26,87223.64,484933.67,374570.88,410766.9,113768.25,140223.67,159364.63,205812.32,77914.07,169699.08,145390.43,141714.03,174102.22,109910.69,154820.14,131888.59,118966.87,1272603.07,17976.6,23096.78,123158.69,325208.56,133.67,1582417.45,2982705.67,37799.38,667630.98,864257.01,40164.56,53000.81
Scenario 2,1366,5,Market Euphoria,166,TRADING,152442.49,974784.32,194958.0,309479.65,1016743.17,821598.17,210404.89,494964.46,855971.23,1043767.76,533843.85,367078.69,2978792.94,41412.31,428135.93,44776.46,346562.2,475290.42,387940.79,35475.4,87389.48,484046.87,374933.34,411435.81,113649.73,139973.36,159361.36,205462.87,77742.88,169285.16,145673.4,141714.81,174138.23,110174.71,154859.69,131872.32,118964.45,1268612.66,17971.94,23135.47,123143.71,325656.41,133.4,1584524.28,2982705.67,37803.63,666659.46,863912.84,40176.43,52998.0
Scenario 2,1367,5,Market Euphoria,167,TRADING,152683.53,977182.7,194737.62,309317.2,1018207.85,823237.27,210849.26,495854.38,854683.54,1042673.41,534836.21,366454.16,2976919.84,41330.21,427272.38,44918.02,347513.57,476398.36,388991.75,35540.45,87523.86,483605.26,375693.68,412125.47,113484.39,139806.96,159287.52,204932.93,77500.06,168409.5,145784.74,141769.68,174142.62,110218.43,154647.48,131863.68,118988.37,1265993.87,17955.09,23147.85,123171.5,326260.3,133.05,1585638.91,2982705.67,37774.94,665147.92,862502.35,40226.08,53003.33
Scenario 2,1368,5,Market Euphoria,168,TRADING,152850.24,979739.63,194423.0,309206.39,1018847.38,825922.14,210949.03,496367.28,853550.22,1040813.11,536312.5,366185.79,2976459.56,41269.88,426193.1,45058.42,348116.54,477100.08,390002.08,35626.83,87729.02,482999.27,376324.65,412421.16,113343.29,139580.76,159335.02,204456.19,77332.03,168030.1,146164.51,141733.02,174170.68,110324.1,154384.79,131864.85,118991.01,1262955.66,17961.14,23168.46,123200.75,326944.02,132.84,1588683.26,2986184.11,37776.95,663736.81,860400.57,40303.68,53019.28
Scenario 2,1369,5,Market Euphoria,169,TRADING,153105.64,982057.98,194182.63,309225.34,1021104.05,828565.63,211154.51,496544.01,852416.77,1041110.19,537694.43,365436.24,2977566.97,41239.23,425363.98,45162.99,348525.19,477627.64,391012.54,35693.9,87889.93,482611.89,377088.58,412891.27,113250.17,139342.93,159378.87,204367.09,77237.07,167757.98,146337.05,141797.48,174214.35,110362.69,154085.11,131849.59,118996.42,1259097.03,17953.27,23225.8,123224.19,327636.25,132.84,1590055.23,2995464.0,37773.91,661595.35,858223.99,40372.79,53014.78
Scenario 2,1370,5,Market Euphoria,170,TRADING,153231.79,985079.95,193851.14,309325.22,1022317.38,830500.39,211408.49,497132.92,851279.32,1038946.38,539462.04,365018.46,2976263.35,41226.74,424376.96,45145.67,348753.9,477657.63,392124.85,35737.51,88032.58,481806.86,377639.68,413506.9,113160.16,139025.92,159385.46,204014.21,77057.37,167399.11,146410.9,141781.26,174195.45,110561.64,154035.15,131865.44,118959.98,1255595.2,17949.04,23249.96,123260.36,328230.61,132.77,1592211.21,3002513.31,37755.21,659876.53,856120.36,40396.69,53042.51
Scenario 2,1371,5,Market Euphoria,171,TRADING,153500.32,987639.75,193594.1,309388.32,1024260.88,832717.09,211717.58,497464.63,850062.48,1037401.04,540953.2,364434.84,2975872.53,41143.87,424095.38,45228.95,349319.89,478196.15,393280.78,35810.58,88235.87,481127.73,378237.73,413875.65,113030.76,138750.44,159297.43,203790.95,76868.1,167108.16,146665.52,141775.33,174165.14,110726.55,154070.57,131855.24,118939.5,1253325.98,17953.25,23293.33,123277.42,328791.8,132.5,1594221.7,3012365.77,37733.32,659157.77,854506.62,40413.04,53067.95
Scenario 2,1372,5,Market Euphoria,172,TRADING,153572.83,989703.71,193402.45,309523.26,1025567.92,834829.11,212016.81,498176.55,848647.16,1036345.79,542591.79,363464.35,2976328.26,41069.43,423447.54,45349.88,349985.72,478130.8,394337.79,35852.48,88429.15,480134.23,378664.74,414279.87,112882.67,138587.78,159265.99,203554.25,76668.99,166800.82,146634.39,141760.7,174201.56,110896.23,153555.32,131836.06,118932.55,1250682.79,17957.16,23322.12,123278.08,329724.58,132.17,1596614.66,3020141.93,37728.39,658381.37,852802.44,40454.35,53087.25
Scenario 2,1373,5,Market Euphoria,173,TRADING,153639.32,992396.39,193131.09,309604.45,1027381.16,837083.41,212572.6,498364.21,847647.72,1034602.58,543056.02,362833.43,2975230.9,41032.26,422347.59,45404.8,351069.1,478799.21,395402.94,35936.32,88578.87,479556.06,378784.39,414686.51,112727.98,138254.29,159222.31,203312.19,76540.39,166341.86,146848.73,141834.67,174256.12,111132.82,153132.6,131855.38,118900.97,1247923.25,17941.35,23348.92,123302.11,330456.63,132.04,1598671.54,3027721.67,37733.28,656960.17,852699.29,40455.39,53067.6
Scenario 2,1374,5,Market Euphoria,174,TRADING,153672.95,994922.58,192991.54,309647.45,1029930.05,839524.25,212803.76,498758.59,846279.65,1033339.09,543370.26,362551.58,2975835.36,40877.84,422383.79,45485.64,351845.85,478938.51,396565.06,36019.31,88749.07,478478.33,379164.98,415736.67,112578.65,138066.38,159196.13,202822.99,76394.49,166016.82,147144.02,141911.86,174281.01,111390.38,152976.32,131856.18,118926.35,1245666.95,17943.12,23391.46,123306.79,331220.02,131.83,1600443.42,3036378.3,37740.96,656320.28,850540.93,40444.6,53082.03
Scenario 2,1375,5,Market Euphoria,175,TRADING,153836.83,997725.66,192748.6,309538.96,1032573.83,841466.82,213367.16,499057.89,845128.45,1032509.13,544191.72,362447.78,2977724.97,40882.62,421531.12,45632.47,352346.89,479086.35,397322.88,36122.27,88928.83,477696.24,379584.36,415974.4,112492.18,137794.67,159141.71,202380.19,76281.95,165729.93,147231.54,141902.63,174337.09,111418.43,152647.84,131849.92,118937.49,1242586.48,17943.07,23415.29,123302.03,331866.45,131.51,1602780.43,3042616.91,37752.48,655402.78,848953.52,40467.25,53104.38
Scenario 2,1376,5,Market Euphoria,176,TRADING,153967.14,1000192.81,192513.74,309481.96,1034938.88,843696.5,213821.08,499313.28,843923.81,1031448.43,545577.66,361458.07,2975193.19,40819.15,420716.02,45700.38,353147.52,478992.3,398312.14,36179.57,89096.17,476578.48,380578.11,416649.56,112350.03,137484.7,159041.9,201987.97,76122.29,165654.81,147350.2,142012.23,174401.45,111566.29,152607.19,131861.45,119011.49,1241217.36,17939.08,23467.08,123333.74,332632.68,131.33,1604862.46,3049440.97,37740.68,653888.34,847180.5,40506.83,53120.55
Scenario 2,1377,5,Market Euphoria,177,TRADING,154105.24,1002461.1,192216.11,309573.9,1037481.56,845295.76,214244.63,499665.18,842265.14,1030397.0,545966.16,361117.36,2973957.71,40753.5,420068.31,45711.83,353837.98,479750.95,399200.85,36265.32,89230.81,475905.46,380795.37,417487.59,112259.12,137291.83,159023.42,201651.0,75963.53,165476.57,147435.24,141997.58,174513.17,111660.62,152323.26,131911.42,118979.66,1237511.42,17947.64,23508.94,123347.98,333303.65,131.13,1606478.34,3058515.56,37736.67,653508.57,844586.84,40514.75,53132.26
Scenario 2,1378,5,Market Euphoria,178,TRADING,154202.42,1005419.7,191945.41,309535.23,1038302.42,846877.17,214450.16,500036.49,841032.49,1030150.37,547641.31,360735.37,2973456.15,40623.32,419601.57,45737.42,354000.8,479902.3,400088.23,36303.5,89338.74,475181.08,381080.16,417545.26,112137.63,137051.37,158969.59,201571.89,75883.08,165010.5,147671.0,142071.42,174455.55,111851.14,152175.34,131884.9,118967.86,1233606.79,17947.63,23508.21,123344.63,334082.56,131.06,1608916.9,3066947.51,37739.5,651901.43,843518.77,40562.38,53124.65
Scenario 2,1379,5,Market Euphoria,179,TRADING,154386.54,1008026.31,191734.38,309658.24,1040807.23,849607.87,214799.25,500429.13,839862.04,1029625.67,548342.66,360232.11,2971731.44,40579.33,418779.02,45751.03,354497.69,480267.98,401009.58,36385.68,89498.76,474337.24,382036.16,418421.52,112032.56,136713.62,158919.39,201175.01,75732.78,164779.29,147851.21,142060.23,174470.7,112112.2,151869.8,131873.95,118941.71,1231370.93,17956.65,23534.74,123367.31,334664.99,130.87,1611001.61,3073889.74,37743.78,650159.3,842973.29,40563.52,53090.44
Scenario 2,1380,5,Market Euphoria,180,TRADING,154487.53,1009893.38,191450.35,309633.94,1042398.61,851717.29,215067.05,500522.88,838538.13,1027665.0,549139.65,359645.26,2972771.97,40511.69,417471.54,45865.06,355357.37,481222.57,401881.86,36449.37,89637.36,473968.62,382373.53,419626.43,111823.63,136559.0,158938.13,200772.56,75543.01,164410.12,148151.66,142065.5,174515.09,112578.63,151616.9,131878.47,118955.01,1228651.04,17949.59,23575.89,123371.13,335601.66,130.86,1613131.24,3083397.67,37741.03,649442.66,841857.25,40539.14,53114.8
Scenario 2,1381,5,Market Euphoria,181,TRADING,154602.04,1012755.79,191137.33,309718.8,1044357.01,853823.1,215337.82,501158.45,837211.98,1027995.07,549739.68,359183.48,2971242.12,40435.34,416585.85,45945.31,355823.87,482238.61,402833.17,36530.52,89779.08,473401.81,382943.08,419996.34,111753.93,136293.34,158853.75,200475.9,75452.21,163881.82,148360.44,142216.47,174561.37,112856.06,151347.35,131868.15,118997.48,1225990.2,17957.54,23596.83,123370.83,336339.26,130.72,1614971.61,3091986.03,37724.69,648359.11,840338.77,40528.94,53115.13
Scenario 2,1382,5,Market Euphoria,182,TRADING,154769.7,1014991.65,190907.93,309663.41,1045677.89,856572.92,215672.61,501301.39,836357.57,1026756.39,551311.18,358811.44,2971193.45,40338.58,415911.03,45991.53,356807.85,482753.54,403604.96,36585.91,89989.21,472673.24,383760.19,421087.51,111674.53,136121.98,158822.96,200585.15,75270.55,163402.52,148517.59,142205.55,174643.61,113044.54,151158.45,131847.62,118942.07,1222148.99,17941.65,23626.65,123376.55,337037.48,130.4,1614971.61,3100295.38,37698.2,646165.65,839210.14,40548.69,53131.22
Scenario 2,1383,5,Market Euphoria,183,TRADING,154780.64,1017657.86,190503.36,309636.17,1047083.52,858232.33,216293.79,501547.05,835166.98,1024719.54,552342.24,358279.55,2971802.23,40329.56,414939.57,46014.92,357958.75,483345.51,404565.26,36677.91,90132.61,472006.69,384608.95,421510.3,111586.73,135887.65,158838.35,200133.35,75095.18,163145.88,148465.24,142159.43,174643.05,113324.25,151162.01,131867.59,118896.89,1219701.71,17920.85,23639.94,123357.24,337549.27,130.34,1614971.61,3108828.48,37694.49,645675.52,839093.2,40546.36,53090.68
Scenario 2,1384,5,Market Euphoria,184,TRADING,154963.01,1020052.66,190318.86,309573.3,1050049.0,860824.82,216750.96,501815.22,833781.09,1022848.93,553234.85,357759.87,2969447.41,40303.31,413971.89,46101.39,358134.04,483652.82,405643.41,36729.2,90331.47,471522.2,385364.46,422217.46,111444.31,135570.42,158852.35,199960.35,74875.12,162638.78,148439.41,142194.27,174744.78,113468.88,150733.56,131933.84,118950.95,1217222.66,17927.82,23639.94,123386.18,338220.53,130.06,1613245.63,3117054.17,37686.52,645161.03,837776.82,40489.51,53078.65
Scenario 2,1385,5,Market Euphoria,185,TRADING,155271.1,1022744.95,190053.65,309669.77,1050933.78,863371.27,217132.12,502266.72,832673.37,1020517.2,554836.75,356991.87,2970037.38,40334.3,413634.78,46248.78,358442.01,483863.97,406644.38,36788.89,90506.22,470359.04,385947.0,422611.53,111334.17,135282.37,158801.93,199410.92,74516.0,161928.24,148668.55,142170.57,174726.81,113792.07,150626.05,131944.14,118935.46,1214506.8,17926.38,23602.73,123397.48,338844.1,129.85,1609885.99,3124107.42,37682.56,643520.56,836654.07,40498.4,53106.94
Scenario 2,1386,5,Market Euphoria,186,TRADING,155485.86,1025727.56,189843.64,309585.37,1051893.81,865365.44,217506.31,502970.29,831615.75,1019438.72,556086.92,356346.51,2969273.8,40297.58,412879.46,46368.89,359770.62,484392.73,407456.81,36883.46,90612.57,469793.16,386708.12,423336.99,111185.39,135001.43,158782.55,199126.76,74953.65,161672.53,148946.02,142159.23,174742.03,114131.7,150654.04,131964.7,118949.38,1212920.55,17917.88,23557.61,123416.22,339516.73,129.65,1607934.95,3130167.15,37680.03,642966.85,834309.07,40530.46,53126.25
Scenario 2,1387,5,Market Euphoria,187,TRADING,155534.38,1028286.16,189511.31,309574.59,1054331.06,867971.17,217625.45,503483.09,830486.86,1017899.54,557029.47,355722.09,2969878.28,40235.89,411981.72,46420.61,359803.77,484719.76,408336.63,36959.38,90742.29,468800.52,386870.62,423956.65,111075.84,134838.24,158768.5,198749.39,75202.11,161557.51,149140.11,142149.88,174725.19,114191.08,150178.96,131954.62,118932.7,1209366.13,17916.45,23495.62,123436.82,340351.87,129.48,1606159.45,3139119.66,37669.66,642195.16,832820.72,40515.37,53162.72
Scenario 2,1388,5,Market Euphoria,188,TRADING,155550.07,1030957.17,189178.44,309643.41,1056128.68,870557.27,218169.84,503834.73,829271.53,1016996.35,558307.18,355363.5,2970339.21,40212.07,410730.86,46498.01,360026.72,485056.72,409261.93,37017.63,90874.67,468080.0,387357.96,424458.98,110994.94,134564.79,158793.2,198443.67,75439.29,161247.74,149317.37,142078.29,174822.47,114335.81,150153.76,131981.57,118941.32,1205659.61,17920.49,23447.77,123459.12,341085.22,129.2,1603136.18,3146615.91,37671.7,641197.28,831299.53,40472.72,53163.5
Scenario 2,1389,5,Market Euphoria,189,TRADING,155928.24,1033881.47,188932.78,309694.81,1057535.82,873264.21,218780.77,504443.59,828300.68,1016271.66,559351.43,355121.04,2969954.62,40142.6,410158.43,46521.25,361090.71,485583.01,410157.47,37089.16,91023.24,467501.31,387956.92,425100.89,110865.91,134130.2,158793.2,198313.21,75698.82,160941.52,149513.85,142060.81,174848.62,114459.87,149865.87,131993.74,118992.1,1203511.96,17914.01,23376.96,123479.24,341876.03,129.07,1600997.1,3155354.57,37644.46,640582.37,829191.24,40521.12,53184.05
Scenario 2,1390,5,Market Euphoria,190,TRADING,156177.8,1036473.56,188627.94,309699.37,1059375.14,875423.62,219262.88,505031.04,827070.75,1015852.89,560215.69,354763.07,2969953.87,40041.65,409420.54,46650.24,361747.19,485581.22,411014.79,37190.54,91221.98,467016.36,388661.31,425799.08,110738.24,133777.27,158799.34,198009.2,75988.13,160534.81,149729.57,142078.98,174928.69,114813.28,149532.94,131986.28,118941.01,1199828.15,17912.49,23315.97,123457.86,342477.56,128.92,1598237.15,3162836.35,37630.79,638849.39,827583.19,40527.85,53201.47
Scenario 2,1391,5,Market Euphoria,191,TRADING,156353.29,1039697.54,188240.28,309703.01,1061324.58,877794.97,219505.87,505306.17,825841.65,1015138.22,560888.07,354192.67,2969711.57,39930.11,408883.93,46755.15,362312.53,485954.82,411821.26,37288.63,91386.12,466424.89,389408.53,425956.05,110583.29,133562.79,158848.54,197704.75,76279.74,160123.47,150054.9,142112.44,174949.84,114964.11,149324.34,131991.87,118939.43,1197448.22,17913.96,23269.51,123452.97,343368.71,128.75,1594924.71,3172762.64,37628.65,637919.13,824960.17,40546.43,53240.51
Scenario 2,1392,5,Market Euphoria,192,TRADING,156398.78,1041949.79,187940.01,309727.07,1061931.12,880058.76,219787.18,505454.84,824493.27,1013802.3,562169.7,353867.25,2969173.24,39844.71,407792.1,46905.47,362887.64,486200.33,412648.13,37387.42,91579.59,465624.56,390182.33,425833.46,110401.38,133154.8,158847.69,197595.45,76564.46,159863.91,150246.62,142108.84,174977.44,114994.0,148938.93,132005.25,118945.66,1195144.4,17914.44,23227.31,123482.08,344154.15,128.62,1592511.78,3180188.24,37618.9,637180.25,825489.22,40589.35,53235.94
Scenario 2,1393,5,Market Euphoria,193,TRADING,156517.5,1044545.79,187680.93,309675.06,1062830.78,881889.7,219884.81,506324.29,823297.14,1012752.41,562978.81,353517.09,2966396.1,39826.65,406986.09,47018.84,363617.24,487489.36,413642.9,37448.09,91717.84,464997.2,390471.57,426160.28,110230.09,132830.8,158816.97,197459.41,76829.02,159469.14,150532.11,142102.2,175016.14,115020.06,148804.93,132026.37,118947.32,1192004.16,17918.39,23208.42,123493.15,344973.52,128.4,1589081.98,3188491.86,37618.4,635846.65,824462.47,40638.24,53216.26
Scenario 2,1394,5,Market Euphoria,194,TRADING,156490.88,1047912.66,187488.5,309748.6,1065967.24,884103.71,220458.8,506771.32,822031.43,1011577.66,564607.38,353262.5,2968689.38,39687.79,406447.9,47137.19,364158.78,488220.43,414462.57,37536.36,91831.54,464244.93,391399.66,426527.66,110110.85,132549.33,158814.63,196959.21,77087.58,159021.2,150763.41,142108.21,175020.56,115180.4,148653.33,131980.43,118936.94,1189778.3,17917.73,23168.91,123491.24,345784.0,128.16,1587067.98,3195875.01,37606.97,634876.64,823244.19,40633.98,53209.4
Scenario 2,1395,5,Market Euphoria,195,TRADING,156513.15,1050559.81,187287.12,309743.2,1067519.61,886873.17,220897.91,506924.96,821023.38,1010686.77,565731.29,352783.86,2968884.47,39621.63,405538.72,47141.46,364725.38,488393.26,415537.6,37662.92,91956.59,463463.04,392193.81,426376.43,110029.11,132150.54,158812.11,196417.61,77318.31,158740.9,151140.33,142108.37,175044.81,115462.03,148691.97,132022.9,118931.27,1185646.76,17923.6,23105.67,123523.51,346591.82,127.94,1584352.5,3205432.54,37591.84,633855.26,822078.7,40630.65,53194.22
Scenario 2,1396,5,Market Euphoria,196,TRADING,156710.17,1052761.53,187065.24,309750.43,1070661.39,888108.35,221049.5,507239.85,820044.05,1009962.62,567090.93,352492.41,2967286.88,39603.9,404531.66,47169.25,365174.23,489327.71,416542.1,37712.2,92085.18,462562.11,392932.79,426900.23,109908.13,131816.67,158796.59,196098.98,77553.9,158372.02,151476.3,142137.71,175041.06,115585.45,148318.86,132042.99,118946.64,1183266.21,17922.74,23050.93,123535.79,347445.41,127.71,1581219.51,3212755.9,37595.19,633676.69,820645.64,40707.27,53171.96
Scenario 2,1397,5,Market Euphoria,197,TRADING,156895.57,1054921.34,186720.43,309855.97,1073348.18,890322.44,221273.68,507718.55,818308.98,1008801.55,568007.61,351871.28,2966215.13,39532.13,402810.38,47312.35,365798.53,489883.34,417426.29,37810.67,92260.84,461546.33,393399.31,427697.99,109794.7,131494.34,158853.4,195845.35,77816.76,158113.87,151646.6,142198.87,175070.87,115869.48,148016.78,132043.45,118957.69,1180991.36,17918.55,23005.9,123541.62,347868.75,127.53,1578118.12,3220585.92,37591.37,633267.73,819911.81,40731.39,53174.77
Scenario 2,1398,5,Market Euphoria,198,TRADING,157049.29,1056783.55,186496.31,309854.87,1076448.72,892309.23,221830.41,508048.61,817150.68,1007433.67,569013.26,351199.91,2965812.52,39384.64,402074.01,47404.68,366301.61,490411.79,418459.12,37842.24,92405.85,460955.49,394005.9,428126.1,109624.09,131274.61,158893.07,195459.74,78080.1,157461.64,152023.71,142192.4,175082.69,115938.44,147871.84,132035.55,119023.53,1177594.52,17918.85,22979.44,123529.94,348567.97,127.27,1575162.41,3228660.86,37591.36,632314.75,818465.73,40778.84,53217.16
Scenario 2,1399,5,Market Euphoria,199,TRADING,157306.87,1059540.11,186088.01,309861.03,1077181.0,894089.74,221984.73,508595.57,816196.71,1005879.96,569610.71,350454.2,2967002.26,39324.41,401587.07,47495.88,366880.31,491008.62,419315.42,37918.74,92598.88,460236.7,394394.24,428549.8,109514.86,131059.46,158902.08,195261.92,78355.1,157425.31,152230.14,142258.77,175132.06,116151.76,147666.78,132092.71,119023.93,1173841.27,17917.71,22932.26,123509.61,349104.17,127.04,1573717.26,3236639.13,37581.47,631143.08,816745.02,40777.17,53212.58
Scenario 2,1400,5,Market Euphoria,200,TRADING,157471.29,1062045.91,185838.92,309800.27,1079024.68,896039.87,222401.77,508763.9,814812.85,1004509.64,570141.4,349673.67,2967041.31,39257.48,401150.76,47552.92,367744.19,491486.03,420216.85,37980.1,92720.7,459516.02,395138.44,428681.95,109350.94,130778.4,158834.49,195141.58,78654.43,156946.43,152551.71,142261.73,175068.27,116435.16,147545.98,132116.23,119037.21,1170768.82,17905.47,22875.17,123496.75,349757.53,126.88,1572248.89,3243841.55,37568.08,631410.89,816115.83,40783.84,53226.41
Scenario 2,1401,5,Market Euphoria,201,TRADING,157452.57,1064973.66,185541.26,309774.39,1081998.76,898701.51,222717.17,509189.56,813547.2,1003253.92,571042.03,349018.08,2968142.41,39212.15,400432.48,47693.79,368222.51,491865.66,420026.36,38058.39,92884.7,458871.61,395671.65,428861.89,109290.26,130631.92,158782.01,194975.95,78897.94,156623.37,152684.13,142226.84,175106.98,116454.83,147430.75,132129.77,119022.53,1167684.99,17898.14,22840.53,123514.71,350435.56,126.37,1569409.3,3251819.53,37546.71,631023.96,814202.69,40798.05,53228.96
Scenario 2,1402,5,Market Euphoria,202,TRADING,157734.82,1067232.96,185195.65,309743.13,1084007.17,900738.73,223035.01,509363.2,812574.7,1001877.89,572543.78,348685.5,2964536.8,39106.42,399798.04,47758.63,368264.91,492243.98,419818.6,38113.97,93048.0,457941.06,396261.69,429291.54,109167.64,130222.03,158753.62,194647.01,79134.67,156480.01,152830.33,142211.89,175114.75,116704.09,146939.69,132120.92,119044.49,1165069.62,17895.47,22783.19,123505.15,350884.06,126.17,1566739.04,3258860.83,37529.25,630152.47,812484.76,40873.86,53212.89
Scenario 2,1403,5,Market Euphoria,203,TRADING,157851.12,1069449.78,184905.36,309693.12,1086401.72,902640.57,223226.96,510003.89,811598.1,1000159.08,573858.5,347960.84,2963866.0,39088.45,399127.28,47763.52,369056.03,492579.58,419622.7,38179.8,93165.27,457180.75,396764.5,429378.79,108979.23,129934.96,158753.31,194116.32,79403.47,156112.03,153372.52,142178.3,175082.44,116750.89,146930.33,132126.92,119032.83,1163995.36,17898.08,22724.81,123527.26,351626.84,125.82,1565003.75,3265451.24,37530.28,629897.96,811446.42,40910.37,53197.15
Scenario 2,1404,5,Market Euphoria,204,TRADING,157947.8,1071525.99,184516.39,309662.17,1087634.87,904717.93,223492.79,510285.19,810424.0,999063.15,575280.78,347482.16,2964943.14,39005.54,398571.76,47811.4,369727.83,493150.77,419361.39,38258.38,93343.88,456540.37,397321.0,430383.26,108831.73,129667.69,158690.79,193722.21,79635.06,155834.28,153576.99,142215.62,175075.57,117048.71,146474.34,132134.62,119049.38,1159494.38,17905.42,22687.57,123575.11,352268.4,125.64,1562516.2,3274248.59,37530.0,628959.61,810805.29,40924.72,53203.19
Scenario 2,1405,5,Market Euphoria,205,TRADING,158140.34,1074260.34,184190.34,309670.05,1089515.2,906972.23,223924.68,510551.37,809143.04,997114.07,576262.07,347269.75,2963672.14,38935.72,398195.66,47854.11,370141.44,493869.95,419130.33,38298.74,93489.99,456162.07,398193.15,431015.66,108743.05,129450.06,158685.41,193241.98,79875.33,155606.32,153882.74,142219.76,175054.83,117217.36,146250.73,132183.13,119012.47,1157225.45,17909.4,22669.09,123580.01,352992.78,125.45,1559750.96,3281739.18,37523.08,627901.86,808277.51,40979.94,53203.9
Scenario 2,1406,5,Market Euphoria,206,TRADING,158417.3,1077420.45,183983.79,309683.54,1090249.81,909157.59,224458.17,511018.62,808128.72,995925.13,577382.75,347183.26,2961656.94,38887.43,397217.24,48012.25,370906.76,494251.97,418769.68,38367.22,93643.94,455552.92,398493.9,430970.93,108704.11,129112.6,158713.05,192811.68,80147.75,155303.45,153869.48,142297.75,175074.01,117555.84,146231.67,132203.31,118956.0,1155945.76,17898.38,22625.06,123599.52,353780.41,125.17,1558255.69,3290368.54,37508.95,626426.68,806141.59,41031.89,53224.48
Scenario 2,1407,5,Market Euphoria,207,TRADING,158550.17,1080215.81,183701.31,309561.08,1089773.21,911687.27,224503.6,511096.85,807206.47,994167.6,576409.05,346506.32,2962953.09,38951.38,397532.07,47974.57,370140.52,494984.09,418471.69,38405.95,93837.46,454698.64,397891.19,431089.66,108597.74,129255.76,158720.57,192406.97,80409.48,155428.24,153702.9,142319.92,175038.26,117447.33,146216.4,132251.38,118989.84,1158165.46,17887.1,22574.28,123624.57,354450.35,125.28,1554763.77,3298263.96,37501.27,625188.86,806859.86,41031.28,53233.05
Scenario 2,1408,5,Market Euphoria,208,TRADING,158700.44,1082449.68,183429.37,309653.14,1087626.06,913392.31,224576.03,512055.32,806094.82,993055.27,575058.75,345995.64,2962295.71,38980.95,397898.2,47905.02,370168.18,495075.41,418242.87,38471.82,93993.66,454091.0,397520.47,430856.73,108467.73,129266.42,158800.15,192121.78,80672.73,155433.83,153397.19,142321.99,175101.49,117395.27,146263.16,132276.01,119029.78,1160249.05,17877.18,22507.98,123623.07,355149.05,125.35,1551584.96,3307259.38,37489.29,624236.71,808042.69,41054.17,53233.19
Scenario 2,1409,5,Market Euphoria,209,TRADING,158903.59,1085585.97,183060.87,309590.64,1086096.66,916036.21,224719.27,512334.14,805081.63,991428.47,573639.93,345215.97,2962273.34,39011.3,398880.67,47885.79,369047.04,495709.71,417945.99,38523.2,94159.29,453608.45,397295.4,430727.82,108318.08,129329.81,158834.9,191538.85,80936.9,155348.45,153150.38,142312.16,175125.45,117154.11,146595.24,132305.52,119064.48,1162609.49,17884.03,22462.96,123651.99,355738.57,125.43,1548488.78,3315513.87,37464.9,622663.57,809918.6,41055.75,53254.23
Scenario 2,1410,5,Market Euphoria,210,TRADING,158963.67,1088299.66,182810.81,309339.18,1084367.01,917891.65,224364.59,512972.01,803969.44,989351.44,572715.11,344845.14,2960390.53,39031.73,399234.44,47771.14,368656.98,495368.03,417760.4,38603.38,94375.58,452775.17,396917.94,430885.7,108151.6,129396.64,158963.0,191221.28,81191.87,155455.66,153116.3,142377.59,175179.63,117001.03,146832.67,132312.95,119043.28,1164800.07,17882.74,22401.7,123657.6,356398.69,125.44,1545573.81,3323738.13,37445.54,621909.51,810118.96,41092.2,53281.97
Scenario 2,1411,5,Market Euphoria,211,TRADING,159120.26,1090660.85,182605.07,309264.13,1082162.24,919639.42,224434.39,513653.72,802757.66,987838.49,571829.46,344148.1,2958314.58,39112.65,399446.78,47716.18,367725.16,496305.24,417512.18,38649.87,94515.7,451875.36,396978.17,430475.03,108030.15,129542.82,159021.82,191030.53,81437.79,155567.14,153066.62,142472.91,175156.58,117176.2,147145.8,132326.42,118992.14,1167451.8,17885.7,22351.62,123662.39,357187.58,125.76,1543158.63,3331436.72,37453.2,621153.93,811910.46,41070.58,53291.46
Scenario 2,1412,5,Market Euphoria,212,TRADING,159315.52,1092694.17,182304.49,309348.17,1081534.55,921947.2,224202.22,513639.91,801893.35,987244.56,570537.62,343680.49,2956710.86,39135.33,399384.9,47717.02,367278.94,496893.52,417224.52,38729.7,94638.5,451161.12,396885.61,429976.61,107859.79,129577.35,158988.66,190709.3,81656.14,155903.91,153080.93,142443.3,175223.06,117135.15,147368.62,132364.17,119028.53,1169841.58,17869.76,22296.67,123633.16,357923.37,125.67,1540772.96,3340148.45,37466.18,620729.02,812395.35,41088.24,53294.61
Scenario 2,1413,5,Market Euphoria,213,TRADING,159442.58,1094790.98,181950.81,309390.42,1081310.63,924591.09,224253.61,514027.54,800415.48,985294.6,569873.1,342772.69,2956739.68,39239.12,400095.77,47606.42,366713.15,497229.63,416957.25,38822.67,94763.08,450519.93,396613.78,430000.96,107714.05,129696.17,158982.07,190195.1,81888.14,156026.08,152882.53,142455.14,175292.97,117157.23,147755.66,132346.54,119007.47,1170384.93,17866.67,22243.85,123648.08,358603.86,125.66,1538055.36,3347728.94,37470.93,619238.8,814248.28,41072.12,53287.75
Scenario 2,1414,5,Market Euphoria,214,TRADING,159542.45,1096947.81,181696.9,309333.98,1080403.14,926806.41,224113.35,514348.12,799589.93,983689.8,568408.25,342067.99,2956410.09,39271.46,400635.26,47513.46,366175.86,498291.71,416669.94,38922.53,94944.96,449830.42,395889.97,429731.39,107582.53,129723.88,158976.39,189956.92,82113.35,156181.04,152770.83,142489.21,175311.0,117124.94,147933.72,132355.62,118960.24,1173783.33,17867.7,22192.33,123636.4,359519.37,125.56,1534564.32,3355464.19,37464.36,617252.11,815826.88,41126.29,53278.1
Scenario 2,1415,5,Market Euphoria,215,TRADING,159657.26,1099042.32,181341.29,309399.9,1077623.8,928950.45,224011.78,514555.15,798255.11,982448.5,567984.25,341468.09,2956441.1,39322.19,401086.7,47517.29,365955.26,499331.78,416467.72,39007.33,95125.42,448791.73,394996.08,430030.77,107510.34,129623.91,158969.92,189357.64,82365.82,156357.18,152472.78,142469.87,175343.63,116829.47,148125.72,132338.35,118964.14,1173744.17,17870.94,22149.53,123640.1,360463.92,125.61,1532377.95,3363697.73,37459.41,615511.19,816461.49,41104.99,53269.82
Scenario 2,1416,5,Market Euphoria,216,TRADING,159720.49,1101345.0,181026.15,309514.45,1076158.78,931349.7,223792.9,515317.33,797227.91,981076.18,567577.88,340970.26,2957111.93,39355.73,401259.16,47293.08,365453.23,499550.82,416188.7,39077.07,95252.97,447980.46,394162.64,430260.91,107368.84,129680.94,158933.34,188754.11,82612.41,156513.64,152520.31,142402.96,175322.38,116787.0,148119.51,132335.53,118941.11,1175080.6,17869.55,22095.63,123661.51,361289.31,125.78,1529605.49,3371886.8,37454.08,614177.04,819202.86,41116.76,53263.02
Scenario 2,1417,5,Market Euphoria,217,TRADING,159912.28,1104267.84,180761.65,309541.07,1074333.42,934200.73,223490.37,515637.45,796261.87,980104.36,566344.04,340297.4,2954691.48,39390.17,401447.4,47348.24,365675.02,499999.26,415750.78,39173.1,95427.88,447477.09,393979.9,429993.31,107172.76,129728.28,158920.57,188264.06,82890.14,156590.73,152407.17,142395.55,175371.93,116645.36,148435.9,132334.57,118930.91,1177143.6,17872.56,22028.11,123693.99,362039.0,126.04,1527026.67,3380031.39,37441.25,613413.67,820735.13,41178.36,53268.76
Scenario 2,1418,5,Market Euphoria,218,TRADING,160002.1,1107379.61,180522.62,309480.44,1073990.62,936075.68,223411.36,515617.69,795045.1,978116.9,565504.95,340141.72,2953168.53,39436.9,401877.52,47334.86,365391.54,500869.1,415344.74,39230.24,95563.44,446818.23,393621.3,430753.75,107039.05,129794.02,158874.93,187835.22,83096.34,156681.08,152510.58,142387.32,175421.77,116635.47,148745.56,132354.95,118981.34,1178889.47,17865.09,21991.03,123707.18,362640.25,126.23,1525616.74,3389571.85,37444.8,612857.63,821419.28,41206.42,53270.25
Scenario 2,1419,5,Market Euphoria,219,TRADING,160242.63,1109432.58,180249.45,309483.14,1072460.92,939196.96,223302.14,516046.29,794035.72,976406.88,564761.64,339933.81,2952309.44,39503.71,402145.99,47333.45,364849.65,501288.48,415263.84,39320.19,95753.55,446177.49,392960.6,430137.83,106891.2,129820.4,158830.44,187165.39,83341.0,156607.63,152370.29,142395.54,175451.78,116367.71,148891.01,132367.77,118990.14,1179273.04,17873.83,21930.09,123726.34,363191.92,126.27,1522609.68,3398228.42,37439.53,611292.45,822631.33,41225.61,53264.13
Scenario 2,1420,5,Market Euphoria,220,TRADING,160290.66,1112709.96,179944.83,309517.76,1071550.43,940594.78,223074.26,516823.74,792894.51,975638.08,564390.54,339197.78,2952340.15,39564.1,402618.52,47223.09,364334.77,501779.96,414919.73,39399.22,95942.19,445726.01,392816.35,429797.67,106827.42,129854.09,158868.79,186878.06,83532.35,156915.08,152316.29,142424.31,175482.27,116205.02,148821.12,132340.81,119016.72,1179301.82,17872.2,21898.33,123700.83,364049.03,126.43,1520339.38,3406231.16,37430.41,610527.1,823297.13,41210.33,53264.12
Scenario 2,1421,5,Market Euphoria,221,TRADING,160516.4,1115357.57,179727.97,309487.95,1070161.33,942639.96,222861.44,516850.85,791953.42,975200.86,563407.88,338641.59,2950269.08,39598.82,402350.91,47197.78,363783.06,502276.68,414909.38,39496.82,96066.71,444824.58,392371.19,429570.22,106759.34,129962.91,158881.67,186722.99,83788.54,156859.42,152181.78,142413.95,175450.95,116211.77,149075.41,132328.72,119071.96,1180678.15,17870.58,21852.99,123711.62,364579.53,126.71,1517272.98,3416489.79,37431.75,609676.15,823940.48,41237.06,53285.94
Scenario 2,1422,5,Market Euphoria,222,TRADING,160677.83,1118166.23,179398.93,309449.2,1069473.48,944486.95,222776.55,516998.61,791569.97,974251.14,562497.66,337983.56,2949614.89,39617.32,402535.99,47199.54,362923.04,502468.36,414449.02,39575.01,96200.38,443893.82,392263.61,429292.06,106631.93,130078.29,158885.69,186628.41,84078.8,156849.75,152163.18,142405.69,175466.05,116039.77,149556.31,132351.18,119095.78,1182370.58,17872.87,21817.36,123744.12,365384.24,126.7,1514149.73,3424157.94,37436.29,607845.28,825488.94,41268.22,53322.68
Scenario 2,1423,5,Market Euphoria,223,TRADING,160757.18,1120514.46,179154.03,309424.02,1067981.24,946967.9,222742.31,517420.69,790381.07,973362.12,561386.52,337230.03,2950077.78,39690.7,402439.63,47151.15,361933.89,503817.12,414266.81,39629.27,96320.83,443026.17,391355.89,429287.44,106547.9,130202.28,158904.46,186211.31,84329.29,157063.9,152267.76,142383.62,175452.8,116153.88,149982.62,132393.93,119103.08,1183604.55,17871.1,21770.35,123736.48,365929.04,126.81,1510977.06,3431158.33,37424.48,606863.39,826907.84,41259.4,53338.13
Scenario 2,1424,5,Market Euphoria,224,TRADING,160830.98,1122648.5,178890.25,309404.24,1066590.99,948920.56,222603.07,518178.56,789146.08,972259.29,560795.23,336560.47,2949824.07,39696.91,402468.29,47127.5,361433.18,504448.39,414079.97,39688.48,96466.11,442314.06,390841.38,428907.06,106429.68,130246.85,158916.0,185849.81,84635.37,157049.23,152220.94,142424.43,175495.82,116033.49,150281.33,132407.86,119152.12,1183315.65,17867.49,21704.68,123752.53,366667.86,126.92,1508308.86,3438017.8,37421.3,605574.43,826121.03,41319.9,53356.07
Scenario 2,1425,5,Market Euphoria,225,TRADING,161107.19,1125611.43,178756.64,309365.49,1065388.25,948097.46,222527.36,518557.8,787982.09,970596.65,559479.07,336210.28,2950040.59,39774.61,402255.16,47006.4,361214.54,504814.85,413924.21,39751.09,96632.19,441746.55,390116.13,429251.72,106289.68,130190.48,158887.61,185573.99,84916.98,157387.34,152050.5,142505.78,175552.05,115984.57,150355.99,132446.7,119099.03,1184227.63,17859.75,21663.22,123750.82,367156.7,126.98,1505153.51,3445560.46,37435.71,604968.44,826588.21,41369.91,53355.86
Scenario 2,1426,5,Market Euphoria,226,TRADING,161343.2,1128527.41,178503.4,309384.52,1064062.01,946558.59,222381.21,518629.89,786888.81,968751.53,558294.18,335691.47,2948210.93,39841.87,402825.51,46925.92,360841.06,505238.84,413604.99,39849.11,96771.49,440964.92,389849.46,429201.54,106167.51,130312.64,158899.28,184996.59,85164.54,157411.28,152049.59,142541.12,175595.73,115850.31,150930.92,132443.9,119041.38,1185922.07,17858.14,21603.12,123789.59,367764.16,127.11,1503211.76,3451884.2,37429.5,604308.81,828547.69,41360.79,53380.37
Scenario 2,1427,5,Market Euphoria,227,TRADING,161372.71,1131075.43,178257.41,309355.71,1062334.96,945800.27,222286.96,518690.01,785935.95,969507.75,557161.7,335507.54,2948312.49,39911.52,403158.78,46889.96,360112.72,504133.14,413324.75,39951.0,96898.61,441098.15,389110.93,429023.87,106055.29,130402.32,158855.86,184998.88,85442.09,157664.26,152030.72,142554.86,175619.17,115816.9,150935.7,132477.84,119023.59,1187974.96,17860.26,21550.94,123785.37,366853.99,127.26,1501154.69,3459839.55,37398.74,604180.47,830922.07,41395.83,53374.0
Scenario 2,1428,5,Market Euphoria,228,TRADING,161462.42,1133750.92,178019.48,309285.5,1059993.09,944568.8,221956.15,518295.58,784763.14,968829.41,556431.46,334821.86,2948838.98,39948.61,403070.34,46836.6,359126.76,503764.93,413138.57,40064.23,97033.55,441708.47,388962.69,428958.0,105919.84,130503.03,158876.37,185397.03,85666.58,157761.88,151883.92,142657.36,175659.22,115660.05,150945.53,132529.5,119058.57,1190865.89,17866.78,21509.05,123796.82,366623.69,127.38,1499482.18,3467623.9,37397.77,604626.35,831584.65,41410.45,53364.0
Scenario 2,1429,5,Market Euphoria,229,TRADING,161517.79,1136357.48,177810.79,309262.96,1059383.07,943783.75,221695.85,517671.02,783781.96,968852.51,555194.03,334372.36,2948907.55,40022.5,403086.39,46791.78,358880.25,503618.7,412843.25,40132.8,97197.13,441787.41,388647.44,428666.71,105819.79,130601.69,158861.07,185748.16,85936.47,158011.2,151937.73,142630.55,175637.89,115551.63,151070.1,132547.35,119105.11,1192076.07,17873.19,21456.88,123824.17,365862.81,127.54,1497373.53,3474715.97,37404.45,604538.26,833803.2,41460.96,53368.09
Scenario 2,1430,5,Market Euphoria,230,TRADING,161517.01,1138397.97,177429.41,309353.25,1058592.5,942100.99,221612.24,517612.17,782427.71,967816.79,553936.02,333702.02,2948696.99,40030.01,403022.59,46782.82,358312.95,503145.03,412584.1,40233.13,97288.5,441943.87,388268.95,428257.73,105733.29,130698.78,158898.11,186155.33,86299.46,158175.86,151718.03,142661.92,175644.87,115539.33,151005.32,132579.13,119129.73,1193671.12,17861.65,21400.42,123823.74,365411.78,127.57,1494894.5,3484283.82,37392.58,604779.34,834880.09,41496.6,53362.39
Scenario 2,1431,5,Market Euphoria,231,TRADING,161557.3,1141378.82,177114.48,309334.56,1057585.44,940639.29,221134.74,517103.65,781231.93,967867.8,553587.0,332812.52,2947599.49,39984.51,403606.88,46732.28,357472.26,502752.4,412467.92,40309.28,97481.35,442187.15,387889.85,428444.0,105611.52,130687.15,158859.23,186483.32,86542.76,158321.37,151634.16,142698.99,175670.08,115463.93,151158.73,132609.36,119118.08,1195663.24,17870.95,21344.21,123816.27,364898.59,127.8,1491649.42,3491239.84,37380.65,605253.0,835554.19,41563.31,53354.65
Scenario 2,1432,5,Market Euphoria,232,TRADING,161595.6,1143774.31,176841.21,309285.88,1055410.4,939617.94,221068.23,517040.47,780413.23,967842.03,553037.71,332439.23,2948360.38,40027.06,404441.86,46713.23,357312.54,501801.09,412135.99,40394.8,97615.84,442364.12,387838.83,428727.83,105480.18,130816.5,158837.29,186753.68,86824.94,158280.74,151706.25,142713.62,175672.39,115448.4,151193.51,132616.81,119063.37,1196723.8,17862.24,21300.03,123802.51,364221.0,128.04,1489626.1,3499369.61,37362.24,606008.31,837605.87,41640.96,53345.55
Scenario 2,1433,5,Market Euphoria,233,TRADING,161676.4,1146225.94,176624.59,309235.05,1054685.86,938913.83,221025.01,516554.8,779119.67,967619.96,552126.1,332202.53,2947566.5,40011.26,405369.12,46680.64,356539.74,500978.27,411911.31,40435.31,97751.89,442470.68,387362.6,428675.85,105308.66,130897.16,158838.75,186975.39,87113.46,158404.65,151465.54,142763.57,175681.36,115327.79,151404.73,132616.65,119029.11,1197656.36,17852.28,21257.54,123825.55,363689.57,128.09,1488813.39,3507355.75,37364.61,606728.0,838908.04,41672.99,53353.92
Scenario 2,1434,5,Market Euphoria,234,TRADING,161823.98,1148979.6,176452.0,309141.07,1053074.85,938837.23,220913.65,516461.42,777989.52,967513.85,551240.53,331906.26,2947722.49,40071.94,405843.12,46640.13,356574.23,500797.6,411466.76,40478.16,97897.17,442942.94,386853.17,428847.24,105145.9,131055.07,158829.3,187091.52,87294.84,158478.44,151650.15,142781.64,175757.43,115377.57,151630.79,132654.83,119001.68,1200160.22,17848.11,21222.24,123820.75,363328.42,128.22,1486549.09,3514928.52,37363.95,607405.41,840051.51,41744.04,53348.51
Scenario 2,1435,5,Market Euphoria,235,TRADING,161770.99,1151722.7,176309.83,309311.33,1051340.18,936635.46,220868.53,515811.68,777173.41,966691.97,550022.82,331236.83,2946080.22,40100.56,406232.78,46570.71,355490.35,501071.31,411143.62,40544.02,97998.18,443019.86,386474.88,428975.45,104988.61,131146.79,158818.18,187194.25,87493.98,158662.58,151546.96,142785.29,175762.45,115360.38,151823.78,132660.1,118921.99,1201853.82,17833.38,21190.49,123830.98,362907.96,128.42,1484539.61,3523810.53,37340.96,608296.0,841455.06,41782.61,53361.88
Scenario 2,1436,5,Market Euphoria,236,TRADING,161839.78,1154744.46,176125.64,309408.67,1049625.59,935266.38,220674.64,516095.36,776091.91,967149.88,549108.21,330683.81,2946883.41,40158.86,406424.96,46539.19,354974.63,500657.53,410957.14,40617.02,98178.29,443179.05,386560.34,428749.89,104832.79,131307.79,158779.53,187602.14,87799.62,158647.03,151488.57,142785.49,175803.75,115213.95,152094.78,132679.05,118937.13,1202845.03,17815.86,21153.81,123866.8,362396.15,128.47,1481438.48,3531446.24,37341.83,608491.5,843650.48,41847.09,53399.89
Scenario 2,1437,5,Market Euphoria,237,TRADING,161908.01,1157037.13,175787.85,309344.32,1047963.41,934233.07,220577.52,515557.24,774834.11,967445.28,548341.45,330168.89,2945775.47,40180.96,406966.35,46508.65,354398.78,499971.45,410548.44,40746.81,98415.56,443153.03,386310.08,428945.82,104686.59,131448.86,158766.04,187655.09,88094.73,158599.62,151467.47,142817.84,175816.67,115165.53,152314.31,132709.21,118908.82,1204465.48,17817.3,21117.35,123902.98,361731.1,128.41,1479238.1,3539271.09,37344.51,608703.17,844783.07,41932.16,53421.36
Scenario 2,1438,5,Market Euphoria,238,TRADING,162133.77,1160029.35,175519.65,309310.45,1047183.03,932195.27,220485.39,515569.53,773684.17,966930.02,547839.45,329696.02,2946160.82,40255.31,407518.01,46473.47,353380.47,499841.85,410412.62,40807.35,98595.9,443306.43,386404.35,428706.14,104557.35,131485.95,158724.9,187900.77,88383.71,158698.4,151513.43,142776.28,175842.85,115129.78,152374.39,132705.14,118868.71,1206341.38,17811.77,21095.86,123919.99,361271.24,128.51,1477393.62,3548257.39,37351.94,608808.6,847192.7,41964.07,53432.17
Scenario 2,1439,5,Market Euphoria,239,TRADING,162173.98,1163012.01,175268.25,309487.32,1047300.96,931260.2,220281.82,515739.36,772686.08,967080.0,546551.13,329165.75,2945813.55,40244.65,408097.76,46401.35,352939.41,499365.43,409961.39,40903.7,98693.58,443766.31,385670.61,428840.98,104363.88,131559.9,158754.4,188102.52,88662.87,158823.09,151380.99,142810.1,175898.92,114899.55,152536.03,132738.59,118902.84,1206144.52,17820.27,21058.51,123907.06,361015.66,128.76,1475755.51,3556872.28,37334.87,609715.95,848286.1,42013.04,53455.44
Scenario 2,1440,5,Market Euphoria,240,TRADING,162328.23,1166013.78,175038.85,309562.98,1045847.3,929802.47,220066.41,515697.47,771472.37,966758.65,545778.63,328809.09,2943971.48,40257.92,408471.28,46390.05,352496.84,498907.87,409950.15,40976.11,98808.62,443838.51,385314.87,428670.76,104243.14,131521.99,158781.27,188074.84,89017.42,158983.4,151436.37,142917.83,175902.14,114772.17,152627.27,132761.03,118843.31,1207327.3,17823.46,21020.02,123936.51,360526.29,128.81,1473298.77,3566125.21,37339.39,610205.49,849971.94,42022.32,53452.76
Scenario 2,1441,5,Market Euphoria,241,TRADING,162325.75,1168809.2,174871.55,309557.82,1044743.24,929076.42,219826.0,515596.81,770127.79,967086.44,545020.04,328245.04,2943219.07,40289.84,409045.05,46400.12,352073.28,498193.85,409712.96,41058.99,98949.92,444088.15,385189.97,429013.14,104140.95,131695.31,158829.95,188363.01,89296.89,159113.18,151227.03,142965.75,175877.19,114613.23,152851.59,132781.38,118872.58,1208069.81,17815.84,20970.26,123926.15,360114.58,128.81,1470771.0,3574317.97,37317.62,610958.58,852318.5,42071.1,53457.84
Scenario 2,1442,5,Market Euphoria,242,TRADING,162389.57,1171204.82,174653.43,309569.18,1043175.3,928026.17,219665.39,515386.84,768908.18,967070.55,543892.36,327851.13,2943456.83,40363.78,409647.24,46437.31,351884.4,497422.59,409630.3,41126.75,99065.47,444343.21,384940.03,428141.5,104052.77,131790.45,158841.11,188502.24,89535.93,159472.45,151148.71,142941.12,175846.46,114530.67,153112.99,132784.4,118828.08,1209544.81,17820.55,20939.43,123912.95,359636.45,128.93,1467736.83,3583808.8,37303.42,611247.98,853238.44,42100.85,53469.46
Scenario 2,1443,5,Market Euphoria,243,TRADING,162405.62,1173876.27,174367.7,309584.99,1041104.4,926952.44,219691.02,515432.96,767765.02,966553.07,542391.57,327123.37,2943006.93,40385.46,409973.49,46338.33,351269.83,496941.49,409247.65,41199.52,99191.68,444494.06,384129.08,428398.68,103895.5,131863.17,158874.92,188967.97,89754.7,159575.86,151080.25,142951.55,175879.33,114345.39,153185.54,132791.44,118826.09,1210665.5,17818.46,20878.84,123909.41,359090.41,128.95,1465433.02,3592021.12,37308.77,612474.2,855683.24,42138.91,53466.28
Scenario 2,1444,5,Market Euphoria,244,TRADING,162494.27,1176267.01,174066.43,309674.98,1039393.14,926180.2,219596.78,515187.49,766425.31,966741.42,541408.58,326599.61,2943738.91,40427.64,410549.0,46260.15,351060.87,496313.33,409216.22,41254.76,99317.82,444656.44,384366.35,428277.34,103758.0,132006.56,158919.93,189046.15,90024.17,159462.16,150841.36,142897.64,175933.51,114182.58,153240.98,132821.72,118796.74,1211507.05,17804.52,20818.78,123923.96,358725.06,129.12,1462241.94,3597913.47,37286.34,613349.09,858306.16,42153.01,53476.25
Scenario 2,1445,5,Market Euphoria,245,TRADING,162611.15,1178353.15,173733.93,309635.46,1036621.13,925670.22,219747.4,514988.45,765220.62,966237.38,540362.7,326131.18,2943025.91,40474.71,410926.18,46202.04,351090.18,495645.46,409113.01,41277.22,99473.02,444933.92,384086.48,428006.06,103691.31,132273.77,158929.63,189302.25,90330.69,159499.24,150821.27,142910.38,175960.46,113964.92,153249.62,132824.03,118808.95,1212205.23,17794.64,20772.42,123927.36,358364.78,129.27,1459887.6,3605430.17,37272.42,614176.96,859758.54,42162.71,53473.77
Scenario 2,1446,5,Market Euphoria,246,TRADING,162646.22,1180818.46,173488.95,309733.59,1035072.67,924631.16,219678.12,514674.14,764173.95,966862.29,539454.01,325684.91,2943726.4,40501.62,411101.9,46075.11,350993.49,495402.28,408868.94,41355.54,99610.11,445005.82,383719.31,427573.77,103559.17,132342.87,158945.25,189603.72,90658.55,159544.89,150747.24,142951.74,175958.7,113698.11,153375.92,132851.39,118794.79,1213107.67,17793.38,20734.38,123919.26,358025.62,129.45,1457436.86,3612394.9,37274.97,614816.98,860748.3,42192.43,53439.68
Scenario 2,1447,5,Market Euphoria,247,TRADING,162811.71,1183577.4,173243.09,309963.56,1033927.13,922913.39,219470.42,514717.15,762937.85,966044.14,538157.52,324967.76,2944975.07,40540.69,411195.64,45963.07,349987.27,495022.03,408759.55,41426.19,99805.65,445024.13,383029.97,427094.56,103429.02,132343.69,158899.19,189661.65,90950.6,159681.59,150671.1,142965.23,176020.28,113535.76,153508.13,132826.61,118744.83,1214033.85,17789.82,20671.57,123922.89,357607.1,129.56,1454775.92,3621252.02,37255.88,616029.42,862718.61,42225.3,53437.03
Scenario 2,1448,5,Market Euphoria,248,TRADING,162828.86,1186356.41,173005.66,310027.35,1033684.36,921871.38,219188.01,514575.48,761600.84,966418.14,537354.81,324525.73,2943183.57,40591.2,411413.05,45916.59,349477.84,494730.63,408501.29,41502.19,99932.23,444850.03,382713.96,427191.82,103285.9,132492.02,158921.72,189960.95,91204.88,159801.27,150605.77,142961.77,176037.28,113586.76,153611.14,132829.45,118726.03,1215506.61,17786.12,20631.31,123951.1,357153.66,129.58,1453072.22,3628605.4,37276.99,616489.8,863823.58,42308.13,53440.88
Scenario 2,1449,5,Market Euphoria,249,TRADING,162901.45,1188043.35,172788.52,309968.74,1032454.55,920696.64,219137.13,514857.3,760737.42,965649.7,536687.61,323903.9,2945107.12,40664.6,411414.0,45846.92,348794.54,494205.06,408308.86,41589.65,100098.83,444792.41,382533.58,427249.67,103189.73,132624.15,158932.02,190184.02,91521.42,159945.0,150473.59,142912.68,176025.72,113358.83,153576.3,132835.26,118699.18,1217562.74,17798.04,20586.25,123972.33,356539.43,129.55,1450066.68,3637973.14,37280.47,617112.7,866278.63,42338.54,53442.42
Scenario 2,1450,5,Market Euphoria,250,TRADING,162947.23,1190535.85,172455.54,309975.18,1031940.87,919789.77,218949.6,515004.81,759662.94,966042.33,535972.49,323297.45,2945072.27,40709.71,411719.82,45762.72,348022.63,493920.37,408051.9,41648.85,100272.13,445000.15,381873.26,426884.31,102998.28,132798.84,158986.96,190266.7,91722.26,160239.16,150438.48,142939.89,176081.04,113352.48,153751.3,132835.54,118700.86,1219409.01,17806.71,20563.38,123951.18,355956.76,129.63,1448352.49,3647122.4,37284.19,616771.98,866484.26,42383.25,53438.27
Scenario 2,1451,5,Market Euphoria,251,TRADING,163092.1,1192929.94,172277.81,310080.14,1030841.44,918828.85,218722.56,514500.78,758218.78,966684.19,534322.79,322820.05,2946939.0,40811.98,411854.04,45746.84,347521.34,493718.81,407888.96,41750.27,100415.47,445391.53,381512.49,426508.78,102876.76,132801.54,158917.89,190768.61,91964.29,160515.41,150383.49,142867.67,176149.54,113320.66,154169.43,132828.1,118714.61,1221157.15,17801.4,20509.52,123965.96,355335.67,129.73,1445584.9,3655930.33,37264.72,616688.6,867427.2,42445.11,53438.7
Scenario 2,1452,5,Market Euphoria,252,TRADING,163249.39,1195242.81,172046.34,310065.8,1029430.53,917563.41,218435.98,514204.17,757019.27,966943.63,533202.12,322047.77,2946476.1,40842.49,412159.73,45746.94,347467.21,493470.19,407738.56,41783.79,100559.19,445403.93,381265.39,426780.16,102715.39,132897.24,158853.22,190962.16,92231.74,160734.14,150290.83,142843.02,176152.31,113333.18,154371.42,132815.92,118720.88,1222989.37,17809.13,20480.09,123943.79,354802.05,129.82,1443704.69,3664165.62,37256.49,618106.08,869180.55,42478.47,53412.72
Scenario 2,1453,5,Market Euphoria,253,TRADING,163446.15,1197775.39,171836.04,310088.02,1027364.25,916548.75,218288.75,513896.86,755900.49,966427.73,532634.26,321533.19,2946022.4,40895.0,412581.04,45719.22,346833.16,493106.02,407510.0,41862.67,100648.73,445247.83,380624.56,426625.9,102589.56,133013.64,158854.09,191257.44,92500.42,160588.17,150185.19,142888.06,176177.91,113311.31,154567.21,132851.38,118770.49,1224857.97,17806.69,20437.23,123947.96,354458.12,129.95,1441846.56,3671450.78,37251.64,617928.21,871088.6,42536.67,53399.68
Scenario 2,1454,5,Market Euphoria,254,TRADING,163497.8,1200562.65,171581.81,310192.53,1026982.61,915414.18,218233.38,513195.73,754724.33,967155.83,531533.99,321059.31,2945240.85,40892.9,412985.98,45728.91,346284.99,492435.66,407315.28,41960.68,100802.05,445541.17,380129.53,426858.35,102444.69,133079.27,158892.68,191464.21,92798.18,160794.41,150136.76,142892.59,176125.5,113085.66,154884.4,132828.94,118778.33,1227619.51,17812.66,20382.37,123971.6,354025.52,130.01,1439166.4,3678616.35,37244.99,618144.34,872143.21,42558.33,53389.42
Scenario 2,1455,5,Market Euphoria,255,TRADING,163493.72,1203424.08,171213.75,310001.92,1026200.56,913504.26,218046.1,512806.08,753786.37,967257.02,530668.61,320430.71,2945384.96,40938.12,413224.64,45677.14,346418.78,492150.68,407113.46,42087.12,101039.47,445559.11,379917.53,427277.54,102318.95,133237.02,158863.25,191857.72,93052.14,160659.7,150100.57,142924.4,176181.07,112929.29,154901.2,132871.22,118797.63,1229504.93,17817.49,20329.22,123960.91,353547.75,129.98,1437518.53,3686237.98,37231.86,618831.45,873921.26,42658.7,53404.11
Scenario 2,1456,5,Market Euphoria,256,TRADING,163417.17,1205682.32,170846.56,309992.89,1025242.81,912351.03,218146.81,512299.34,752358.7,966839.58,529546.07,320141.01,2944096.31,41013.13,413210.76,45666.2,346012.45,491642.55,406901.36,42178.92,101210.59,445933.18,379311.73,427323.2,102169.5,133320.47,158817.68,192210.16,93359.28,160632.94,149940.69,142969.65,176205.14,112960.31,154868.51,132887.4,118789.37,1230975.23,17812.66,20265.24,123994.07,353324.39,130.1,1433733.04,3693969.19,37217.6,618839.97,875231.19,42725.51,53427.72
Scenario 2,1457,5,Market Euphoria,257,TRADING,163552.66,1208426.47,170530.2,310065.03,1024247.57,911563.26,217877.75,512364.63,750694.97,967003.32,528283.11,319510.48,2944155.64,40990.39,413321.64,45675.24,345075.58,491250.47,406529.32,42251.68,101333.23,445994.9,378956.54,427642.68,102071.8,133429.45,158826.83,192497.32,93649.87,160860.09,149769.9,142978.96,176227.06,112779.91,155015.46,132901.51,118802.51,1233070.52,17815.25,20220.64,124004.54,352831.78,130.29,1431106.67,3698980.79,37219.02,619342.47,876194.91,42717.33,53419.21
Scenario 2,1458,5,Market Euphoria,258,TRADING,163611.56,1210802.77,170233.47,309943.86,1023681.31,910700.54,217800.92,511738.44,749624.95,967114.45,527467.59,319134.4,2947062.5,41013.65,414217.27,45603.84,344440.99,490683.22,406133.58,42298.87,101466.17,446456.02,378605.88,427226.23,101985.71,133463.58,158780.0,192784.07,93943.34,161063.64,149707.12,142991.17,176222.96,112602.05,155213.94,132942.68,118778.99,1235566.07,17821.4,20171.46,123990.26,352377.74,130.39,1430049.56,3708202.66,37225.52,618959.53,879396.98,42762.89,53409.49
Scenario 2,1459,5,Market Euphoria,259,TRADING,163628.79,1212773.2,169919.37,309922.59,1022590.07,909863.46,217614.34,511578.68,748174.02,967385.92,526182.28,318370.29,2945379.43,41100.0,414319.76,45583.28,344051.5,490705.98,405936.3,42386.26,101641.41,446433.95,378928.65,427220.46,101857.13,133573.33,158794.38,193140.57,94260.15,161274.2,149384.89,143062.12,176225.52,112478.88,155237.2,132960.7,118720.52,1237100.83,17816.18,20097.8,123989.33,351805.57,130.35,1427124.51,3716571.23,37239.49,618760.23,880530.48,42874.7,53385.48
Scenario 2,1460,5,Market Euphoria,260,TRADING,163572.89,1215292.16,169763.86,309952.98,1020938.19,908365.91,217269.19,510838.32,747358.66,968353.6,525018.1,318107.59,2944725.38,41138.18,414996.08,45557.79,344185.9,490208.11,405591.53,42503.54,101721.39,446481.99,378476.18,427091.05,101752.07,133536.96,158812.94,193586.82,94542.1,161272.64,149531.52,143106.41,176339.07,112560.99,155563.2,132965.68,118730.86,1239139.04,17818.09,20039.77,124004.51,351337.33,130.44,1424924.34,3725836.95,37229.01,619161.62,880990.54,42958.74,53372.24
Scenario 2,1461,5,Market Euphoria,261,TRADING,163519.42,1217445.7,169425.35,309859.61,1019115.93,906758.53,217078.83,510897.01,746481.75,968290.87,524096.07,317517.67,2944320.9,41248.86,415114.89,45576.64,343519.78,490032.01,405348.33,42549.81,101857.65,446529.86,377882.1,426591.44,101674.05,133636.81,158804.11,193869.8,94794.1,161439.37,149517.05,143140.66,176396.0,112445.49,155634.5,132935.56,118669.28,1240160.1,17814.63,19993.92,124016.47,351148.86,130.69,1421746.38,3732882.72,37226.01,620025.92,882743.91,42979.26,53363.7
Scenario 2,1462,5,Market Euphoria,262,TRADING,163642.7,1219756.42,169137.44,309909.32,1016903.03,905863.87,216984.88,511021.16,745244.28,969334.21,523382.72,317065.06,2942311.12,41349.17,414893.46,45531.64,342988.27,489733.42,405321.65,42591.17,101974.45,446893.69,377464.38,426607.34,101533.1,133878.39,158799.81,194061.75,94997.92,161374.14,149462.71,143154.77,176360.98,112248.21,155731.48,132934.33,118642.66,1241106.57,17812.62,19960.13,124025.36,350923.52,130.68,1419732.66,3740781.72,37207.83,620755.0,884241.36,43053.36,53358.93
Scenario 2,1463,5,Market Euphoria,263,TRADING,163727.99,1222235.79,168814.24,309924.23,1015593.47,905337.41,216722.22,510751.44,744308.2,969412.61,523052.29,316575.94,2943071.7,41416.69,415257.97,45508.54,342824.47,488968.51,404951.15,42667.38,102242.17,447054.01,377087.45,426667.52,101424.22,133939.53,158825.26,194300.47,95237.4,161613.2,149454.3,143148.9,176393.94,112266.07,156154.09,132907.27,118616.64,1243425.25,17816.55,19908.92,124028.21,350584.2,130.86,1417685.18,3748589.16,37204.14,621589.97,885636.26,43079.43,53381.9
Scenario 2,1464,5,Market Euphoria,264,TRADING,163786.99,1224820.27,168548.94,309913.98,1015237.27,904407.06,216501.84,510622.71,743296.95,969447.99,522224.13,316199.33,2942831.61,41471.67,415282.68,45492.92,342038.44,489144.03,404659.37,42728.13,102355.31,447192.01,376816.86,426609.68,101321.41,133876.93,158822.28,194503.43,95455.46,161644.71,149463.38,143265.68,176380.7,112281.93,156527.16,132921.1,118609.74,1244732.54,17824.23,19855.72,124040.78,350080.43,130.87,1415431.16,3754211.47,37176.12,621677.3,885124.49,43080.67,53365.87
Scenario 2,1465,5,Market Euphoria,265,TRADING,163709.84,1227552.47,168249.68,309966.0,1015056.61,903295.22,216518.68,510366.16,742091.77,969166.08,521828.92,315289.1,2944610.55,41553.92,415438.69,45463.57,341329.92,489062.47,404440.7,42781.02,102440.07,447659.34,375933.78,426852.64,101209.27,134057.36,158774.97,194676.19,95718.86,161783.71,149296.08,143269.28,176393.16,112286.28,156754.75,132915.42,118569.79,1246957.7,17815.97,19783.57,124072.42,349463.32,131.18,1412328.61,3763068.77,37188.98,621596.02,886752.42,43124.44,53385.48
Scenario 2,1466,5,Market Euphoria,266,TRADING,163808.12,1230899.01,167995.27,309947.69,1013670.37,902737.71,216348.55,510109.2,741286.99,969747.52,520348.39,314821.64,2945077.0,41590.37,415488.6,45347.23,340827.31,487970.61,404135.18,42871.75,102577.55,447865.87,375678.77,426462.16,101042.74,134101.05,158781.74,195018.39,95976.71,161708.22,148909.8,143274.76,176422.43,112347.67,156970.18,132951.17,118585.19,1247092.81,17803.34,19737.18,124071.68,349030.61,131.23,1409661.17,3770299.41,37188.38,621278.83,887066.73,43218.23,53377.61
Scenario 2,1467,5,Market Euphoria,267,TRADING,163888.71,1233537.1,167711.64,309830.78,1012466.29,901156.56,216111.75,509945.34,740004.47,969888.68,519470.94,314190.45,2945135.46,41680.19,415943.3,45305.41,340691.16,487355.05,403635.98,42932.58,102729.36,447545.36,375453.32,426859.91,100906.79,134263.82,158746.12,195369.36,96217.1,161946.25,148798.43,143287.06,176509.59,112133.7,156903.39,132965.69,118611.8,1247612.95,17806.43,19696.02,124089.0,348570.62,131.39,1407281.95,3777905.08,37172.26,621606.15,888986.87,43231.34,53414.88
Scenario 2,1468,5,Market Euphoria,268,TRADING,164005.91,1236653.15,167490.21,309822.93,1010915.52,900141.89,215846.31,509323.71,738709.61,969305.93,518605.95,313596.76,2943607.48,41686.88,416461.98,45269.97,339529.71,486753.54,403265.4,42999.77,102913.38,447932.3,375165.98,427033.74,100791.14,134283.18,158740.83,195210.65,96427.45,161740.65,148734.51,143290.43,176494.79,112116.01,157097.09,132964.37,118628.03,1248064.56,17804.99,19635.08,124082.21,348149.72,131.76,1405020.05,3786539.01,37175.88,621773.53,890140.0,43313.67,53411.65
Scenario 2,1469,5,Market Euphoria,269,TRADING,163892.94,1238679.72,167159.44,309927.01,1009188.06,899338.24,215869.86,508379.51,737489.04,968943.26,517631.72,312996.88,2942468.9,41777.32,416493.45,45197.49,338366.96,486067.82,402729.8,43075.8,103104.93,448234.35,374585.54,427068.03,100675.46,134369.93,158702.02,195491.98,96642.42,161909.29,148821.65,143321.24,176594.58,112053.33,157404.19,132948.41,118594.63,1249566.94,17813.45,19578.21,124068.79,347900.17,131.95,1402785.89,3793804.39,37171.8,622613.04,892217.04,43334.09,53385.39
Scenario 2,1470,5,Market Euphoria,270,TRADING,164062.69,1241176.43,166849.31,309631.22,1008777.74,898839.79,215731.27,508343.05,736517.34,968152.25,517092.18,312323.6,2940740.72,41803.23,416856.22,45138.82,337811.17,485499.19,402515.98,43205.84,103282.63,448396.73,374546.8,426616.69,100525.24,134373.4,158724.52,195838.88,96823.17,162169.88,148678.9,143297.39,176622.44,112010.14,157461.1,132944.24,118589.2,1252014.74,17812.69,19526.22,124072.71,347483.44,132.08,1400909.83,3802144.52,37185.33,622372.53,892892.62,43379.77,53388.46
Scenario 2,1471,5,Market Euphoria,271,TRADING,164044.25,1243178.59,166564.45,309729.42,1007764.08,897572.4,215590.81,508248.36,735386.24,968074.72,515854.06,311610.85,2940334.27,41786.36,417585.88,45161.02,337663.94,485412.03,402327.61,43279.06,103462.44,448421.08,374475.54,426646.73,100421.82,134477.0,158676.78,196192.27,97097.03,161908.83,148517.01,143322.14,176649.23,111873.31,157402.74,132975.82,118504.84,1254398.22,17816.04,19490.85,124115.22,347135.28,132.21,1399395.55,3809248.42,37178.4,622318.48,894943.51,43401.98,53394.47
Scenario 2,1472,5,Market Euphoria,272,TRADING,164143.6,1245424.57,166208.03,309905.47,1005951.03,896091.74,215450.3,508067.29,734187.96,967686.54,514828.63,311210.64,2939950.98,41802.84,417928.41,45109.58,336950.51,485212.79,402007.87,43374.99,103628.71,448623.53,374044.08,426616.99,100303.45,134558.92,158751.1,196216.7,97297.9,161904.11,148385.24,143322.26,176625.11,111898.71,157513.34,132976.66,118488.47,1254902.25,17802.28,19421.0,124141.11,346743.54,132.2,1397006.17,3818077.13,37186.66,623002.81,896659.36,43467.25,53430.93
Scenario 2,1473,5,Market Euphoria,273,TRADING,164061.95,1247739.71,165921.35,309915.02,1004700.32,894839.94,215370.06,507735.63,732998.26,967891.61,514145.09,310834.36,2940897.37,41874.12,418178.84,45081.54,336088.14,484813.84,401617.17,43502.34,103806.33,449099.46,373560.04,426844.76,100129.22,134563.13,158752.08,196368.61,97583.13,162141.43,148515.77,143307.5,176636.91,111670.53,157799.35,132935.38,118448.37,1255319.83,17797.32,19372.39,124163.38,346265.66,132.47,1394845.33,3826184.99,37184.01,623461.62,899018.17,43527.02,53443.87
Scenario 2,1474,5,Market Euphoria,274,TRADING,164134.49,1250277.47,165727.34,309945.51,1003764.39,893604.5,215217.35,507273.91,731653.98,968319.06,513166.76,310488.5,2939809.53,41946.65,418546.33,44981.41,335123.65,484187.59,401268.2,43568.56,103953.48,449165.02,373224.41,427142.36,99939.47,134505.98,158739.99,196735.47,97890.29,162413.81,148543.7,143349.79,176604.37,111620.98,157875.81,132952.08,118407.91,1256907.5,17792.7,19348.38,124148.18,345641.94,132.61,1392271.49,3832862.32,37206.36,624168.74,901004.09,43592.43,53411.57
Scenario 2,1475,5,Market Euphoria,275,TRADING,164178.51,1253034.26,165415.37,309976.26,1001760.87,892414.89,214918.69,507348.61,730382.79,968211.43,511839.71,309984.05,2940398.82,41961.18,418310.92,44969.64,334514.11,484064.05,401032.77,43632.2,104123.71,449398.66,373105.46,426615.52,99742.59,134530.62,158717.74,197018.89,98149.85,162561.37,148564.67,143363.3,176570.56,111618.41,158106.69,132960.17,118402.89,1257997.05,17788.19,19304.74,124180.24,345197.36,132.74,1390388.56,3841911.18,37201.47,623635.98,903661.58,43669.99,53418.42
Scenario 2,1476,5,Market Euphoria,276,TRADING,164280.51,1256244.8,165079.79,309855.65,1000151.69,890825.74,214749.24,507558.63,729355.82,968837.55,510982.09,309434.03,2940107.35,41973.1,418760.77,44945.62,333895.94,483286.49,400729.72,43671.26,104237.15,449425.42,372741.58,426053.99,99589.27,134642.6,158724.33,197377.03,98483.98,162541.71,148661.09,143377.21,176593.1,111392.91,158363.9,132963.9,118395.36,1258628.43,17773.9,19250.0,124181.31,344532.82,132.79,1387946.18,3851164.17,37185.07,624387.5,904988.95,43745.9,53421.85
Scenario 2,1477,5,Market Euphoria,277,TRADING,164251.66,1258749.41,164748.11,309771.3,998623.37,889869.86,214646.58,507654.43,728255.14,968697.99,509932.09,309129.36,2939827.86,42014.66,418868.85,44957.76,333397.61,483323.52,400461.22,43726.87,104466.98,449374.01,372422.12,425909.17,99487.0,134780.97,158718.63,197270.84,98671.86,162803.69,148812.22,143395.3,176626.18,111290.48,158650.9,132927.61,118345.73,1260990.78,17770.15,19205.07,124180.91,344138.41,132.97,1386056.25,3859483.28,37181.18,624472.53,904514.14,43825.49,53408.91
Scenario 2,1478,5,Market Euphoria,278,TRADING,164298.02,1261902.8,164432.47,309758.49,996325.51,888078.08,214275.01,507455.04,726889.64,968836.32,509145.34,308999.3,2939517.14,42128.1,419310.91,44951.06,332998.27,482857.81,400162.29,43772.43,104602.99,449610.63,371779.98,425869.29,99421.05,134884.21,158713.03,197766.17,98874.85,163037.77,148824.38,143444.72,176725.02,111158.5,158700.48,132924.24,118341.54,1262379.47,17784.4,19162.23,124187.39,343802.85,133.01,1383611.51,3868437.32,37167.59,624429.22,906446.97,43916.55,53370.01
Scenario 2,1479,5,Market Euphoria,279,TRADING,164452.0,1264970.88,164079.31,309804.72,994139.29,886854.37,214077.68,506925.41,725550.61,969517.01,507898.69,308699.71,2940497.14,42188.28,420184.58,44913.9,332515.9,482321.28,400043.81,43855.75,104767.62,449986.19,371900.28,425274.52,99330.97,134993.76,158766.55,197912.64,99150.03,163297.81,148758.8,143464.45,176815.47,110935.84,158964.99,132932.97,118380.64,1263518.14,17786.2,19117.27,124191.92,343295.13,133.05,1380680.32,3875522.2,37148.1,624897.08,908279.21,43949.16,53377.33
Scenario 2,1480,5,Market Euphoria,280,TRADING,164434.88,1268178.76,163798.24,309901.34,994139.21,885388.17,213918.78,506839.64,724399.15,969408.32,507378.15,308149.47,2940049.2,42247.63,420342.04,44864.98,331965.81,482014.51,399697.43,43920.63,104955.52,449891.21,371811.49,425042.23,99216.04,135047.32,158727.52,198143.14,99387.95,163531.59,148493.58,143516.68,176796.56,110929.1,159065.92,132922.32,118364.79,1266562.83,17786.94,19050.61,124221.44,342857.78,133.01,1378211.07,3883518.0,37143.45,625142.36,910837.08,43965.13,53374.33
Scenario 2,1481,5,Market Euphoria,281,TRADING,164490.27,1270511.25,163577.13,309836.46,992051.47,883831.1,213714.99,506772.9,723328.11,970200.11,506056.72,307737.89,2939599.01,42245.93,420684.6,44830.66,331131.28,482150.47,399365.39,44013.7,105089.21,449529.55,371121.35,425283.97,99110.41,135160.34,158695.58,198309.09,99599.84,163613.08,148410.09,143494.93,176791.55,110731.49,159464.25,132923.34,118367.07,1268695.05,17802.32,19006.08,124231.02,342341.85,133.08,1375671.41,3892069.99,37135.65,625610.56,911766.74,44048.34,53416.12
Scenario 2,1482,5,Market Euphoria,282,TRADING,164496.96,1272859.22,163254.07,309781.42,989075.32,883039.1,213685.72,506915.1,722223.26,970458.43,504956.71,306964.98,2940704.77,42307.2,420834.81,44787.54,330622.66,481345.53,399169.34,44086.43,105289.56,449710.51,370705.04,425138.79,98982.89,135178.85,158689.38,198606.89,99829.78,163753.67,148498.93,143492.29,176786.7,110680.36,159493.18,132891.98,118359.79,1268681.28,17803.62,18946.62,124227.63,341565.27,132.95,1373879.11,3898441.23,37113.39,625303.15,913885.05,44117.0,53413.73
Scenario 2,1483,5,Market Euphoria,283,TRADING,164373.53,1275422.09,163030.73,309684.39,987359.27,882479.97,213415.08,506694.16,720865.8,971025.87,503609.58,306483.29,2941016.54,42308.68,420793.81,44753.88,330463.77,481202.86,398986.29,44125.35,105459.93,449765.44,370445.3,425167.57,98900.14,135169.01,158722.32,198612.03,100139.04,163468.11,148344.18,143508.23,176791.01,110590.74,159648.95,132893.82,118349.39,1271328.42,17815.45,18893.8,124248.62,341211.36,133.19,1371318.92,3903823.09,37117.5,626154.19,913885.03,44155.8,53395.36
Scenario 2,1484,5,Market Euphoria,284,TRADING,164306.51,1278025.54,162716.98,309587.24,988038.92,881339.56,213146.2,506773.29,719854.87,971041.8,502651.95,306225.18,2940268.86,42365.02,421348.23,44741.57,330177.07,480141.61,398863.78,44178.94,105560.19,450067.44,369606.04,424951.36,98755.08,135335.59,158784.05,198965.6,100362.41,163679.72,148178.27,143559.51,176779.77,110414.73,159784.17,132887.79,118398.46,1271007.38,17817.05,18849.35,124233.89,340764.73,133.22,1369409.5,3910547.63,37106.18,626806.7,914044.79,44216.83,53377.68
Scenario 2,1485,5,Market Euphoria,285,TRADING,164234.3,1279918.5,162520.59,309454.7,986580.75,879140.52,213097.53,506644.63,719006.1,971093.17,501456.46,305750.57,2939249.52,42408.28,421972.19,44688.28,330081.71,479479.47,398573.2,44250.98,105686.56,450379.5,369370.47,424747.33,98614.87,135379.75,158768.33,199215.43,100513.51,163801.08,148099.99,143551.72,176756.44,110337.97,159993.82,132889.06,118448.18,1271380.9,17820.59,18799.85,124256.79,340130.86,133.14,1366301.78,3919324.27,37089.07,627661.72,915792.79,44329.08,53372.92
Scenario 2,1486,5,Market Euphoria,286,TRADING,164285.93,1282722.95,162246.28,309425.11,984885.1,878271.71,213033.63,506421.83,717949.3,970897.59,500362.66,305141.43,2937816.66,42462.66,422583.76,44655.93,329460.24,478394.72,398247.42,44306.28,105767.29,450489.22,368875.42,424569.07,98489.26,135433.94,158766.13,199590.96,100816.12,163740.45,148005.7,143543.98,176797.61,110213.73,159905.06,132891.72,118462.35,1274935.52,17820.72,18745.19,124267.12,339527.62,133.45,1363482.03,3927042.66,37100.06,627688.55,917784.85,44400.61,53375.01
Scenario 2,1487,5,Market Euphoria,287,TRADING,164220.46,1285883.62,162048.7,309378.5,982959.95,877675.08,212908.99,506238.33,716793.61,970905.61,499187.1,304746.35,2938186.03,42436.68,422602.12,44638.76,329032.11,478267.84,398095.92,44397.82,105977.29,450957.83,368544.3,424428.93,98297.22,135466.96,158738.75,199660.82,101038.83,163989.34,148021.75,143553.96,176759.53,109864.29,160282.76,132864.89,118488.44,1277180.97,17815.99,18720.52,124298.31,339164.91,133.6,1360758.49,3934864.2,37086.14,627670.13,920891.95,44424.81,53369.32
Scenario 2,1488,5,Market Euphoria,288,TRADING,164232.58,1288973.86,161761.04,309208.46,980966.96,877059.71,212904.09,505921.69,715691.02,971227.32,498418.16,304422.03,2937961.4,42478.97,422875.03,44577.86,329052.13,477999.39,397984.87,44444.68,106119.62,450999.86,368480.9,424105.31,98161.82,135511.47,158668.02,200018.97,101304.97,163993.6,147906.84,143555.61,176775.24,109744.19,160572.95,132884.31,118462.97,1276969.52,17807.83,18668.55,124271.65,338660.91,133.8,1357592.29,3944046.28,37080.16,627562.69,922648.14,44461.01,53386.42
Scenario 2,1489,5,Market Euphoria,289,TRADING,164363.77,1292114.72,161557.5,309270.2,978923.41,875990.77,212600.75,505381.7,714152.08,971209.64,497858.81,303933.73,2935988.86,42496.9,423115.06,44571.55,328380.72,477573.72,397763.3,44529.69,106301.5,451461.97,368262.45,423945.94,98102.88,135588.55,158596.84,200426.2,101628.73,164364.66,147913.24,143481.58,176852.74,109553.06,160913.0,132896.36,118487.4,1279610.56,17814.12,18621.44,124301.61,338240.07,133.8,1354497.25,3953090.62,37080.16,628624.16,923880.64,44543.23,53379.8
Scenario 2,1490,5,Market Euphoria,290,TRADING,164345.1,1294852.47,161418.54,309317.32,977453.28,874882.84,212486.28,505429.82,713288.33,970692.71,496806.04,303391.28,2934697.02,42556.78,423548.47,44480.68,327376.8,476836.58,397325.11,44583.34,106437.03,451971.83,367542.63,423771.32,98031.57,135532.75,158562.77,200610.73,101819.07,164575.52,147969.41,143500.46,176875.74,109486.02,160965.56,132880.57,118530.75,1279886.58,17813.19,18575.83,124272.67,337726.74,133.81,1352605.63,3961356.18,37066.51,630082.5,925060.61,44606.72,53397.78
Scenario 2,1491,5,Market Euphoria,291,TRADING,164374.78,1297266.08,161202.74,309317.87,976998.13,873554.0,212471.0,505433.56,712110.35,970475.28,495535.04,302740.82,2934268.14,42568.33,423661.76,44434.61,327163.48,476460.7,397133.71,44660.21,106641.07,451938.33,367077.45,423451.48,97894.67,135590.74,158515.54,201047.42,102085.46,164496.53,148128.95,143481.21,176917.89,109506.27,161037.75,132849.18,118527.58,1282416.48,17811.09,18516.74,124302.04,337248.12,133.92,1349823.53,3968934.29,37061.01,631051.82,926351.09,44651.78,53397.01
Scenario 2,1492,5,Market Euphoria,292,TRADING,164501.75,1300981.14,160923.37,309346.1,975256.09,872378.24,212268.8,505249.7,710945.68,971170.47,494231.43,302510.01,2933242.09,42642.32,424771.05,44425.14,326582.98,476052.07,396989.86,44736.33,106826.58,452145.27,366601.83,422965.97,97720.72,135704.16,158484.33,201268.97,102315.2,164743.67,147864.92,143467.68,176992.95,109440.51,160867.05,132874.61,118519.66,1283631.19,17818.59,18472.99,124302.23,336573.35,134.1,1347107.52,3976175.63,37063.49,631675.23,925895.71,44717.22,53369.44
Scenario 2,1493,5,Market Euphoria,293,TRADING,164548.37,1303982.72,160627.48,309352.4,973318.66,871320.75,212184.25,504999.38,709646.19,971256.16,493235.29,301980.88,2935282.09,42675.14,424897.26,44418.01,326009.08,475984.64,396752.96,44748.34,107015.39,452382.11,366428.2,422851.18,97586.62,135742.49,158487.39,201272.61,102555.97,164929.92,147805.33,143525.65,177033.78,109391.95,161081.3,132911.68,118543.04,1284066.07,17816.29,18430.96,124326.06,336130.27,134.4,1344548.45,3982581.7,37088.44,632076.18,927647.08,44788.21,53398.12
Scenario 2,1494,5,Market Euphoria,294,TRADING,164599.74,1306346.4,160377.7,309333.77,971791.37,869978.26,211964.3,504792.05,708622.52,971206.66,492680.39,301336.8,2934203.85,42762.36,425383.68,44402.8,325550.91,476079.09,396389.17,44818.8,107080.67,452988.41,365945.48,422938.84,97512.53,135757.08,158472.63,201572.06,102829.84,164907.68,147674.88,143500.59,177103.73,109296.75,161290.03,132951.15,118499.79,1286161.83,17810.28,18396.54,124353.24,335550.85,134.43,1342269.31,3991599.85,37076.04,633131.72,927878.02,44883.21,53399.38
Scenario 2,1495,5,Market Euphoria,295,TRADING,164571.63,1309314.91,160030.4,309461.58,969154.38,869296.52,211876.11,504730.06,707433.6,972247.59,492038.29,300570.89,2933617.75,42822.42,425751.34,44327.27,324873.71,476325.2,395888.87,44859.03,107171.32,453264.23,365855.07,423081.41,97390.04,135758.63,158441.73,201767.71,103079.14,164961.6,147563.34,143507.95,177152.42,109063.41,161758.2,132981.53,118442.49,1285752.58,17819.58,18345.71,124397.98,335226.16,134.36,1339717.84,3999631.72,37057.66,634737.48,928621.94,44892.29,53375.17
Scenario 2,1496,5,Market Euphoria,296,TRADING,164628.72,1311589.42,159812.22,309570.84,967835.54,869366.67,211799.62,504647.16,706536.14,972785.18,491401.87,300503.34,2932369.26,42885.47,426102.1,44304.61,324775.21,475803.41,395770.83,44921.19,107310.9,453996.77,365385.37,422576.35,97257.02,135823.02,158419.86,202205.05,103338.04,165039.46,147569.88,143466.24,177164.42,108926.12,161956.37,132993.81,118463.59,1288257.63,17811.01,18282.8,124424.59,334833.18,134.49,1338169.27,4006862.34,37040.22,635899.69,929405.29,44868.43,53393.26
Scenario 2,1497,5,Market Euphoria,297,TRADING,164658.79,1313666.4,159562.46,309448.66,966630.96,868185.66,211790.51,504916.7,705168.73,973063.34,490238.05,299594.13,2931055.48,42935.56,425786.2,44306.44,324386.4,475836.01,395474.57,45002.59,107425.08,454326.77,364964.12,422345.84,97098.52,135937.33,158370.12,202519.19,103566.4,165266.33,147618.02,143391.8,177197.82,108907.91,162138.11,133009.89,118440.76,1289198.33,17810.59,18227.33,124475.93,334475.38,134.73,1335678.53,4016044.51,37047.08,636518.41,929517.46,44905.84,53423.79
Scenario 2,1498,5,Market Euphoria,298,TRADING,164639.73,1316157.0,159132.06,309614.03,964876.73,867663.3,211550.39,504555.06,703995.48,972107.8,489346.48,298848.06,2930295.35,42984.61,426816.49,44278.91,323646.9,475047.44,395132.16,45041.13,107549.81,454830.78,364717.81,422022.61,96939.38,135989.85,158369.73,202946.07,103845.64,165441.46,147509.06,143408.69,177220.77,108674.24,162323.8,133001.49,118440.61,1291042.85,17789.46,18171.77,124483.02,334028.52,134.95,1333740.27,4025697.54,37043.71,637270.46,931482.84,44941.38,53430.14
Scenario 2,1499,5,Market Euphoria,299,TRADING,164492.66,1317850.87,158909.16,309671.9,962935.85,866577.35,211405.64,504630.83,702949.42,973237.38,488667.13,298185.87,2929652.35,43101.53,427412.58,44245.87,323285.39,474152.93,395129.89,45115.68,107707.12,455152.14,364300.37,421677.99,96786.59,135906.09,158347.22,203200.29,104134.68,165429.16,147440.63,143428.62,177270.06,108505.04,162691.3,133010.69,118411.95,1293016.58,17796.65,18107.98,124492.86,333423.13,134.98,1331178.87,4034942.58,37057.37,637752.08,933194.35,45008.42,53418.31
Scenario 2,1500,5,Market Euphoria,300,TRADING,164377.07,1319965.41,158655.61,309787.69,962200.88,865788.32,211107.71,503945.2,702109.85,973038.41,487840.1,297778.72,2928667.23,43161.9,427452.55,44270.57,322606.26,474457.92,394992.29,45224.86,107807.3,455177.68,363590.93,421752.29,96638.38,135930.2,158303.74,203465.65,104428.86,165679.08,147335.42,143388.11,177354.39,108540.77,162542.27,133022.65,118415.51,1294812.43,17790.93,18078.14,124472.78,332941.62,134.8,1328471.55,4044482.33,37047.83,638446.29,935151.45,45039.25,53400.85
Scenario 2,1501,6,Negative Shock,1,TRADING,149298.2,1299962.05,163200.01,290069.16,1031484.84,966503.23,197152.17,522992.98,661716.11,927412.26,496048.66,325907.31,3049272.97,41698.22,418587.51,45787.66,320028.48,524328.22,413164.75,50723.92,112428.92,495988.13,339530.71,405423.51,86107.5,145233.71,160817.04,186112.81,101715.42,182048.91,138953.63,135358.56,171115.46,102898.72,171458.11,142650.47,115352.93,1265008.75,18090.47,16960.48,133033.64,361753.07,146.83,1288140.81,4358878.47,39563.4,679429.76,857659.94,43853.82,52423.39
Scenario 2,1502,6,Negative Shock,2,TRADING,148739.75,1297113.9,162976.53,290219.39,1030161.3,965984.24,196748.77,520895.87,662499.64,925421.29,495526.72,325453.14,3048718.44,41697.68,418846.06,45783.08,320142.54,524146.55,413327.9,50690.52,112308.19,495275.33,340500.52,406130.22,85882.76,145332.47,160627.7,186132.04,101649.34,181914.75,138811.22,135278.69,170940.18,102800.43,171187.18,142527.92,115238.62,1264070.76,18109.46,16931.92,133128.32,361512.52,146.85,1286629.12,4347082.49,39570.69,679421.87,857513.19,43785.05,52231.5
Scenario 2,1503,6,Negative Shock,3,TRADING,148705.74,1294407.21,163117.05,290116.19,1030200.02,966445.13,197159.44,520322.74,663165.4,926320.53,494992.9,325658.01,3052702.42,41638.57,418196.18,45778.5,320017.5,523698.37,412207.26,50593.94,112283.16,494367.36,340019.8,405513.07,85744.83,145228.94,160644.16,185740.14,101738.2,181624.1,138799.87,135244.36,170524.28,102765.31,171218.98,142802.52,115265.3,1263933.75,18104.54,16922.07,133040.97,360938.05,146.93,1286901.3,4343770.26,39470.73,680411.04,857038.27,43738.98,52102.5
Scenario 2,1504,6,Negative Shock,4,TRADING,148301.15,1292391.62,162878.13,290166.16,1029625.68,965226.74,197155.87,520331.17,661180.04,926921.91,495332.27,325599.73,3042559.59,41610.93,418080.96,45773.92,320281.01,523769.71,412775.47,50498.0,112161.36,494094.42,340174.8,405841.67,85740.51,145238.74,160848.41,185713.0,101775.08,181654.9,138704.81,135106.64,170516.49,102482.57,171092.42,142460.37,115288.42,1263112.1,18110.24,16925.9,133147.74,360551.62,146.93,1287144.99,4333963.35,39407.61,680083.44,858767.67,43810.59,51980.52
Scenario 2,1505,6,Negative Shock,5,TRADING,148025.4,1291275.04,162724.15,289822.82,1029961.96,964428.07,196958.02,519803.36,661113.98,926300.13,494880.62,325317.5,3039530.0,41569.27,417840.66,45769.34,320003.85,524016.81,413056.76,50532.9,112076.1,494145.59,339097.77,405913.16,85627.91,145121.63,160841.07,185129.98,101584.74,181570.58,139146.51,134996.45,170460.15,102312.83,170717.33,142359.77,115097.59,1263841.89,18135.01,16911.77,133125.95,359141.93,146.91,1285740.75,4334047.81,39395.04,679577.6,860768.8,43822.92,51925.29
Scenario 2,1506,6,Negative Shock,6,TRADING,147867.77,1290050.93,162198.97,289244.54,1028348.56,964656.29,196958.92,520020.77,662121.04,925415.52,494429.75,324856.5,3038215.9,41501.82,417729.23,45764.77,320009.95,524193.78,412378.61,50474.69,111901.73,493724.83,339158.25,405482.05,85383.05,145070.89,160746.91,185288.9,101534.1,181152.75,138973.84,134843.13,170571.81,102326.81,171160.1,141898.31,115139.06,1264088.12,18119.12,16895.31,133365.93,359332.44,146.83,1285882.24,4325983.33,39380.13,679825.29,861149.29,43741.7,51848.06
Scenario 2,1507,6,Negative Shock,7,TRADING,147990.31,1290261.72,162256.35,288875.46,1027170.36,963802.31,197004.96,519982.77,661396.25,925509.16,494419.8,324102.91,3046321.4,41517.88,416812.71,45760.19,319822.29,523781.78,411771.62,50476.03,111828.96,493081.84,339716.97,404845.42,85464.77,144878.57,160685.27,185123.08,101505.65,181120.36,138997.36,134869.73,170919.18,101906.5,170907.72,141635.32,115091.49,1262497.5,18123.54,16896.05,133263.08,358720.44,146.81,1286728.92,4335080.67,39446.78,679559.65,858825.47,43718.55,51867.86
Scenario 2,1508,6,Negative Shock,8,TRADING,147618.61,1289100.69,162348.13,288920.47,1025774.47,965064.49,196978.81,519642.01,661239.34,925080.18,494187.04,323608.09,3045938.28,41529.27,416936.74,45755.61,319571.99,523652.07,410716.58,50464.69,111767.95,492584.42,339930.51,404207.13,85362.15,144750.12,160391.92,184886.16,101318.08,181020.8,139058.67,135019.98,170634.44,101877.85,170846.22,141520.21,114823.44,1260861.69,18149.67,16885.25,133546.75,358856.66,146.68,1286710.16,4328267.47,39370.98,678629.27,860133.58,43688.33,51783.1
Scenario 2,1509,6,Negative Shock,9,TRADING,147557.51,1289643.47,162370.63,288516.2,1024415.9,964086.49,197006.47,519116.01,662171.58,925520.46,494258.6,323983.65,3039278.18,41583.02,416398.28,45751.03,319179.39,523603.4,410886.98,50527.97,111632.98,492836.57,338497.85,403834.52,85330.03,144671.76,160271.76,184663.92,101428.74,180941.43,138802.16,134804.69,170886.23,101751.92,170938.37,141312.89,114497.03,1261301.73,18139.35,16864.68,133734.83,359149.45,146.63,1286883.65,4329652.99,39373.55,677606.03,860657.89,43672.34,51909.28
Scenario 2,1510,6,Negative Shock,10,TRADING,147757.6,1289166.79,162386.36,288685.73,1024801.53,962490.98,197086.85,517762.78,661587.52,924759.88,494178.97,323841.97,3039685.76,41551.15,416711.97,45746.45,319016.96,523936.93,410566.75,50570.66,111609.7,492914.44,338374.11,403866.99,85193.32,144613.16,159906.78,184772.22,101228.47,180795.89,138881.85,134797.38,170925.29,101704.02,170995.11,141440.94,114544.2,1261911.35,18135.49,16873.48,133550.68,358541.93,146.5,1284249.83,4319474.95,39395.75,676632.54,859882.86,43790.14,51900.92
Scenario 2,1511,6,Negative Shock,11,TRADING,147415.74,1288750.08,162030.31,288959.94,1025463.56,962200.37,196697.98,517025.06,661411.9,924762.09,493697.77,324194.35,3040461.52,41571.05,416416.42,45741.87,318859.74,523006.13,410327.7,50449.92,111598.94,492218.25,338223.49,403845.37,85336.71,144533.9,159966.43,184487.64,101124.83,180515.44,139005.93,134734.52,170555.08,101787.7,170695.89,141215.89,114512.1,1259893.6,18164.13,16842.76,133304.66,358845.6,146.45,1284212.0,4318587.34,39403.06,675743.3,860452.92,43868.34,51770.38
Scenario 2,1512,6,Negative Shock,12,TRADING,147198.62,1287379.43,161931.58,288522.25,1025805.25,963840.34,196565.6,516668.6,661380.35,924142.93,493318.95,323891.2,3038751.36,41518.01,415535.03,45737.29,318863.35,522301.88,410529.43,50480.1,111504.3,491982.74,338343.09,402826.28,85160.66,144415.74,159894.76,184106.58,101011.35,180433.54,138914.39,134612.18,170637.15,101692.88,170367.8,141165.02,114279.58,1257192.97,18124.87,16831.24,133675.79,358523.2,146.39,1283123.61,4320300.11,39314.29,675038.44,859653.48,43827.05,51766.09
Scenario 2,1513,6,Negative Shock,13,TRADING,147442.22,1286526.16,161729.92,288399.85,1025794.85,964865.61,196391.99,517013.01,659820.14,925554.1,492930.7,323861.49,3030103.78,41503.8,415427.73,45732.71,318743.57,522336.02,409329.16,50404.18,111460.89,491747.12,338193.05,402825.44,85210.16,144107.33,159875.36,183963.23,101180.81,180253.8,138673.5,134501.45,170552.82,101678.77,171033.35,140994.47,113955.98,1256986.55,18088.24,16823.93,133351.9,358225.59,146.3,1282805.84,4322769.1,39323.72,673586.53,861165.44,43853.01,51715.95
Scenario 2,1514,6,Negative Shock,14,TRADING,147185.14,1287255.85,161490.72,288210.93,1026099.86,963214.83,196147.15,516165.83,660343.28,923983.49,492747.57,323514.23,3032391.21,41499.23,415230.63,45728.14,318491.88,522307.26,408684.69,50419.49,111495.38,491953.85,336899.41,402272.6,85175.51,144315.35,159742.51,184212.15,101094.3,180261.52,139002.93,134579.09,170183.69,101567.84,171060.25,141196.69,113863.41,1256548.23,18061.24,16793.51,133101.82,357912.85,146.23,1281771.31,4316678.39,39260.1,673924.67,860196.29,43879.92,51611.47
Scenario 2,1515,6,Negative Shock,15,TRADING,147473.47,1285885.45,161585.33,288066.15,1025937.59,965987.06,196305.48,515331.64,659756.57,924298.01,493296.26,322623.08,3029605.19,41453.49,414391.79,45723.56,318318.73,522713.45,410053.89,50382.67,111392.91,491113.27,336717.09,401806.47,85251.57,144101.43,159726.19,183849.31,101174.88,180382.96,139167.29,134516.02,170260.86,101603.65,171105.61,141071.73,113879.16,1254309.62,18076.79,16782.06,132856.05,357530.35,146.23,1282205.83,4309035.7,39206.11,673373.93,860911.71,43838.79,51626.28
Scenario 2,1516,6,Negative Shock,16,TRADING,147690.45,1286182.77,161667.85,287983.38,1026867.98,967351.15,196688.94,514496.02,659753.49,925096.84,493110.18,322164.26,3023743.84,41452.26,414171.73,45718.98,318322.75,522686.17,410186.53,50400.17,111342.89,491837.4,337072.55,401794.93,85362.6,144141.41,159672.13,183922.1,101068.15,180396.84,139186.73,134501.36,170015.76,101536.0,171533.02,140856.84,113921.09,1254619.77,18079.55,16774.76,133043.03,356577.93,146.21,1283625.71,4303509.02,39174.22,673700.38,859897.14,43915.93,51646.0
Scenario 2,1517,6,Negative Shock,17,TRADING,147407.95,1283955.82,161648.36,288202.08,1024874.66,965251.68,196098.51,513687.39,658518.11,925475.38,492978.84,321665.66,3023249.12,41467.72,413690.07,45714.4,318399.41,522767.19,409819.98,50319.43,111305.39,491697.13,336221.14,401096.61,85487.65,143988.72,159902.01,183855.21,100958.69,179919.55,139123.86,134368.13,169911.37,101424.48,171347.33,140995.59,113709.08,1254721.76,18109.21,16756.92,133000.32,356843.88,146.12,1282784.5,4297612.22,39189.9,673189.63,858605.34,43831.37,51581.07
Scenario 2,1518,6,Negative Shock,18,TRADING,147234.85,1284604.97,161879.65,287775.22,1024086.49,965201.08,195998.85,512735.98,658066.98,925313.59,492702.98,321643.95,3021930.58,41399.92,413963.78,45709.82,318394.7,522753.52,409812.73,50405.96,111314.47,491165.04,335822.67,400619.8,85425.37,144076.75,159837.21,183518.5,100932.81,179622.39,139230.15,134344.42,169672.92,101296.42,171213.48,140728.07,113772.9,1251937.79,18099.3,16751.73,132810.93,356666.71,146.13,1285110.31,4297177.41,39249.12,672598.1,856404.64,43762.92,51475.15
Scenario 2,1519,6,Negative Shock,19,TRADING,146897.46,1284299.92,161753.68,287510.83,1023501.39,964311.4,196016.62,512789.52,657241.03,924168.89,492363.6,321601.63,3025674.17,41316.41,413703.73,45705.24,318022.95,522331.19,410572.34,50414.45,111214.68,491450.43,337402.42,400755.61,85432.24,144051.14,159786.71,183478.48,100911.55,179238.82,138995.0,134302.2,169510.73,101156.29,171330.78,140506.83,113601.03,1249166.97,18104.49,16726.23,132920.89,356712.72,146.15,1282475.83,4284795.27,39196.48,671609.98,858362.6,43781.77,51437.24
Scenario 2,1520,6,Negative Shock,20,TRADING,146876.99,1283834.02,161827.74,287461.76,1023069.97,964041.41,195660.1,512461.01,657418.79,924100.24,492723.41,321656.09,3028371.17,41286.98,413343.12,45700.66,317652.17,522347.64,409606.38,50395.56,111171.63,491089.67,336755.99,401121.46,85350.61,143906.25,159749.07,183026.25,100792.34,179003.04,139038.51,134189.14,169548.75,100911.78,171018.99,140568.85,113585.18,1249929.39,18113.02,16721.65,132521.86,356204.7,146.1,1281796.75,4272931.75,39209.79,671371.45,855376.92,43819.69,51381.8
Scenario 2,1521,6,Negative Shock,21,TRADING,146571.12,1282977.44,161572.09,287594.98,1021535.42,964188.22,195542.99,511682.71,654529.15,922786.97,492600.32,321195.27,3032673.96,41310.13,412776.59,45696.08,318396.83,522459.97,409700.29,50381.31,110921.49,491567.48,335386.08,401009.85,85226.55,144148.17,159688.55,182587.2,100806.52,178665.99,139145.81,134243.33,169707.53,100902.69,171204.08,140592.89,113632.75,1247968.16,18131.44,16726.0,132227.15,355289.69,146.12,1283300.69,4268071.4,39211.95,672039.34,855764.54,43806.91,51292.92
Scenario 2,1522,6,Negative Shock,22,TRADING,146453.29,1282622.0,161202.58,287494.09,1021039.04,963477.61,195332.0,511264.07,655749.23,923577.61,493307.05,320509.39,3025505.89,41298.75,412904.36,45691.51,318099.03,522244.79,410305.27,50404.76,110969.63,491060.78,335256.89,400385.74,85143.94,144017.33,159789.36,182599.57,100944.62,178611.19,139278.61,134164.21,169583.63,100837.7,171303.25,140188.96,113572.91,1247075.24,18109.22,16716.71,132063.52,355297.97,146.17,1282304.99,4265167.61,39199.4,672819.64,855063.95,43817.43,51187.11
Scenario 2,1523,6,Negative Shock,23,TRADING,146144.81,1284392.17,160897.02,287307.82,1020035.9,963767.63,195802.41,510864.26,654942.03,922048.76,493709.05,320373.86,3022481.27,41318.14,412511.27,45686.93,317770.58,522856.08,410532.13,50386.55,110997.35,490862.13,335266.6,400153.18,85109.61,143831.15,159693.64,182539.9,101101.13,178682.52,139334.22,133986.47,169440.92,100704.29,171406.84,140011.74,113511.47,1245722.69,18081.32,16704.16,132125.82,356007.73,146.21,1280239.63,4266406.41,39227.4,673383.6,856065.36,43822.76,51108.79
Scenario 2,1524,6,Negative Shock,24,TRADING,146360.42,1282184.93,160772.74,287234.09,1019492.66,962960.95,195121.2,511193.12,655517.57,923090.05,493338.62,319828.14,3018950.68,41373.43,412440.96,45682.35,317837.64,522844.58,410846.86,50273.33,110898.77,490849.12,335665.12,399603.14,85203.12,143683.46,159853.22,182659.26,101108.89,178323.39,139300.6,134010.22,169547.47,100659.72,171249.13,139578.88,113596.38,1245749.24,18107.35,16691.07,131981.33,356274.73,146.22,1279732.34,4261270.84,39295.42,673290.31,853658.07,43845.96,51112.54
Scenario 2,1525,6,Negative Shock,25,TRADING,146179.25,1280138.21,160682.06,287232.07,1018884.17,963462.34,195434.58,511607.56,653934.88,920044.95,493502.21,318952.63,3022149.12,41321.14,411841.67,45677.77,317995.72,522312.48,410831.28,50341.99,110875.84,489817.71,334830.55,400215.63,85291.07,143808.85,159943.06,182800.57,101085.36,178444.92,139121.25,134044.25,169582.16,100487.98,171301.97,139216.0,113528.64,1244852.89,18098.58,16674.26,131701.41,356026.69,146.15,1281257.62,4261311.43,39351.94,672444.61,852417.39,43783.67,51040.17
Scenario 2,1526,6,Negative Shock,26,TRADING,145818.8,1278401.24,160628.73,286677.34,1016478.33,962197.84,195495.23,511394.46,652518.17,917138.4,493217.59,318140.46,3022923.21,41268.45,411717.17,45673.19,317928.14,522622.24,410968.95,50310.55,110891.91,489157.77,335407.51,399420.22,85295.29,143791.64,159892.61,182431.29,101057.28,178553.79,138963.19,134000.62,170144.08,100100.92,171247.77,139008.2,113434.01,1244553.52,18088.97,16649.12,131720.26,356174.02,146.2,1280775.25,4249940.21,39322.68,671683.26,851792.13,43825.28,50905.21
Scenario 2,1527,6,Negative Shock,27,TRADING,145416.2,1277506.99,160282.5,286469.06,1014855.08,962474.5,195317.11,510549.19,649569.42,916873.38,492704.18,318457.77,3018850.29,41314.26,412066.14,45668.61,317631.78,522186.35,410352.87,50216.05,110912.73,489009.35,335297.06,399175.25,85161.75,143849.71,159944.98,182206.15,100910.67,178353.93,139023.91,134101.85,170107.37,100099.28,171330.75,138719.82,113204.26,1243788.67,18114.23,16649.23,131943.9,355588.57,146.1,1279152.58,4243021.47,39309.39,669192.88,850828.24,43807.53,50883.93
Scenario 2,1528,6,Negative Shock,28,TRADING,145372.35,1277989.27,159937.15,286023.85,1015142.5,961002.69,195287.13,509685.79,650335.35,916792.35,492201.26,318372.83,3019883.99,41234.72,411990.87,45664.03,317665.74,522493.64,409656.04,50205.68,110819.43,488091.71,334875.6,398655.24,85014.44,143788.8,159864.51,182208.17,100901.73,178367.29,139110.75,134176.57,170195.66,99898.68,171298.54,138649.63,112991.11,1239666.86,18104.3,16629.95,131858.77,355184.2,146.01,1279307.56,4240566.96,39283.08,668092.94,850082.4,43730.38,50848.31
Scenario 2,1529,6,Negative Shock,29,TRADING,144800.48,1277024.47,159762.92,285533.68,1014204.12,959490.38,195445.52,508770.81,649899.88,916089.33,490857.34,318405.49,3015386.76,41170.55,412307.32,45659.45,316983.16,522534.36,408825.18,50160.78,110874.88,487918.59,334246.12,398087.52,85027.76,143834.69,159818.58,181870.74,100731.44,178200.29,138760.84,134185.83,170457.82,99779.89,171407.25,138799.54,113098.65,1238761.99,18105.31,16620.82,131789.61,354950.4,146.03,1278139.59,4236924.65,39194.7,667686.43,847657.09,43709.94,50835.44
Scenario 2,1530,6,Negative Shock,30,TRADING,144562.98,1276446.02,159879.79,285484.67,1013486.84,958507.75,195380.25,508504.09,649038.75,915467.13,491377.37,317874.15,3014656.11,41099.05,412038.51,45654.88,317190.89,522445.78,408761.35,50146.04,110934.57,487640.98,335007.97,397253.13,85123.94,143826.86,159913.63,181532.82,100743.34,177993.7,138636.99,134405.46,170157.88,99522.88,170977.5,138756.0,113198.04,1237872.16,18081.5,16585.98,131607.0,354991.58,145.94,1279523.06,4234164.52,39180.21,667785.95,849010.88,43655.86,50853.5
Scenario 2,1531,6,Negative Shock,31,TRADING,145023.84,1275572.86,160298.87,285533.63,1013150.94,955595.53,195470.93,507704.2,649179.34,915074.96,491149.74,317540.42,3015398.91,41058.23,411310.59,45650.3,316703.95,521221.93,408012.12,50198.16,110883.41,487652.3,335140.01,397238.06,85096.42,143815.29,160025.21,181925.54,100528.44,177736.41,138637.02,134400.63,169592.63,99288.58,171004.01,138961.83,113130.39,1236401.25,18088.97,16574.21,131062.25,355296.21,145.98,1276886.78,4232126.99,39224.29,666148.07,849132.0,43693.44,50850.81
Scenario 2,1532,6,Negative Shock,32,TRADING,145058.08,1274694.85,160181.53,285470.81,1013388.36,954700.19,195209.42,506073.84,648466.14,915435.08,490982.89,317708.27,3008297.97,41057.6,411175.85,45645.72,316813.36,520874.56,407889.0,50202.21,110805.17,485433.1,334564.61,396907.43,84945.36,143905.14,160211.58,182230.48,100469.32,177695.55,138560.13,134254.4,169542.13,99228.35,170928.08,138442.5,112900.57,1234736.16,18100.1,16579.76,131085.09,355275.49,145.88,1277835.59,4238190.53,39257.18,665111.3,848510.82,43619.83,50877.53
Scenario 2,1533,6,Negative Shock,33,TRADING,145416.51,1271229.99,159914.43,285210.16,1013785.45,954561.96,195112.52,505856.47,647729.22,915170.15,489846.79,317106.43,3002809.88,41086.81,411100.29,45641.14,316636.27,520882.05,407906.89,50161.34,110771.81,485532.88,334397.83,397332.82,84836.36,143848.33,160205.21,182440.52,100428.43,177881.18,138710.14,134068.23,169564.99,99366.52,170706.58,138387.05,112662.95,1233068.28,18116.58,16571.39,131287.15,355148.48,145.84,1276927.26,4235687.04,39262.42,664817.62,848302.15,43585.63,50728.91
Scenario 2,1534,6,Negative Shock,34,TRADING,145112.78,1270628.51,160040.87,284965.45,1015371.69,953190.53,194890.21,505411.72,645615.24,914269.84,489888.54,317711.29,3001960.31,41025.77,410702.53,45636.56,315814.18,520284.41,407875.29,50085.24,110721.89,485006.68,334286.85,397167.14,84808.57,143834.48,160308.46,182439.96,100481.69,177531.38,138590.62,133966.26,169453.9,99555.72,170846.37,138363.62,112552.54,1232409.25,18114.76,16576.5,131234.4,354652.8,145.8,1277032.9,4227683.71,39306.82,664074.97,848966.58,43699.04,50711.96
Scenario 2,1535,6,Negative Shock,35,TRADING,145029.96,1271519.3,159756.6,285107.73,1014848.94,954957.46,194543.39,505229.89,644508.68,913318.72,489420.26,316839.0,2998483.37,40950.37,410235.86,45631.98,315689.84,519770.3,407753.67,50102.86,110707.9,485469.84,335012.33,397116.62,84749.32,143952.47,160567.84,182673.83,100574.9,177424.52,138698.4,134058.96,169479.46,99293.16,170967.74,138072.17,112506.41,1233742.3,18141.36,16581.39,131161.17,353920.78,145.91,1275749.18,4212720.9,39169.04,663554.38,847846.47,43753.18,50524.97
Scenario 2,1536,6,Negative Shock,36,TRADING,145177.91,1269689.4,159533.39,285347.59,1014734.55,952726.43,195143.67,505431.19,643898.08,913970.66,488262.87,317158.95,2992685.31,40874.27,409327.01,45627.4,315474.65,519769.8,408168.92,50117.08,110585.89,485002.8,334845.99,396177.38,84657.79,143998.29,160548.78,182511.34,100538.87,177161.32,138806.84,134155.45,169762.89,99240.84,170829.5,138222.83,112714.61,1233305.17,18126.56,16573.76,131356.6,353787.19,146.03,1274314.15,4214424.94,39177.33,662804.88,848273.23,43575.7,50473.82
Scenario 2,1537,6,Negative Shock,37,TRADING,145013.41,1269185.32,159075.43,285033.68,1013880.79,952918.35,195510.03,505293.43,642683.19,912860.06,488090.34,317879.81,2986995.12,40826.05,409013.76,45622.82,315686.15,520122.99,408281.21,50131.66,110562.01,483890.81,334907.53,396314.38,84680.78,143652.32,160364.69,183039.7,100375.77,177128.07,138965.79,134211.8,169810.59,99426.23,171203.36,137998.11,112672.49,1228842.01,18103.65,16556.1,131332.39,354369.52,145.94,1273905.95,4224797.34,39120.64,662449.99,849424.86,43555.38,50407.95
Scenario 2,1538,6,Negative Shock,38,TRADING,145083.65,1267130.71,158953.38,284874.5,1014171.04,953705.2,195057.04,505236.58,642067.13,911527.4,488191.71,318151.21,2981595.98,40778.52,408489.96,45618.25,315800.39,519492.39,408067.74,50040.93,110346.46,484309.15,333447.44,395629.86,84709.1,143503.93,160355.84,183137.46,100276.53,176924.86,138926.8,134037.47,169366.27,99486.58,171536.48,137644.56,112821.92,1229318.25,18116.64,16536.54,131525.59,354527.13,145.99,1273176.06,4219086.14,39069.26,661179.53,850073.61,43511.21,50376.93
Scenario 2,1539,6,Negative Shock,39,TRADING,145348.81,1265753.72,158738.24,284978.75,1014597.78,955365.01,194959.96,504579.83,642008.85,912529.35,487315.34,318276.95,2978493.27,40735.37,408987.07,45613.67,315889.33,518626.01,407240.81,50079.47,110304.53,484221.88,333552.88,395395.95,84725.08,143375.59,160279.16,182707.29,100320.83,176950.66,139133.64,133950.41,168848.07,99199.8,171764.98,137467.28,112799.93,1229111.1,18092.91,16513.98,131678.75,354297.55,146.02,1273458.25,4212721.42,39093.72,660178.83,850005.03,43483.23,50369.47
Scenario 2,1540,6,Negative Shock,40,TRADING,145239.26,1265169.23,158417.78,285101.99,1014426.18,954089.8,194732.64,504305.9,641567.37,913035.24,486943.6,317765.11,2980384.9,40693.05,409012.9,45609.09,315749.56,517733.76,407780.79,50132.22,110252.22,483662.36,333444.17,395242.98,84633.6,143456.77,160170.48,183173.41,100354.92,176421.28,139016.34,133884.85,169095.93,99028.52,171800.66,137384.22,112944.79,1227063.69,18073.5,16494.9,131597.55,354215.89,146.06,1270291.41,4214821.28,39120.78,660342.75,850346.88,43482.25,50240.15
Scenario 2,1541,6,Negative Shock,41,TRADING,145023.48,1265781.94,158493.2,285019.01,1013637.1,955146.17,194806.04,504590.79,640297.67,914128.69,486822.42,317467.95,2981819.13,40693.14,408884.88,45604.51,315536.83,517108.59,408216.31,50178.55,110276.38,484377.22,333064.13,394427.06,84651.21,143428.84,159867.59,182914.09,100408.71,176588.07,139143.98,133909.86,169045.42,98951.14,171804.02,137090.77,113051.88,1226493.2,18053.61,16478.25,131505.53,354628.03,146.0,1270773.79,4218230.35,39068.09,660227.59,851126.33,43439.45,50231.03
Scenario 2,1542,6,Negative Shock,42,TRADING,144985.58,1267025.14,158445.7,285150.32,1014138.22,954687.16,195001.42,503889.82,640688.89,912466.93,485730.93,317095.79,2978190.28,40660.1,409195.0,45599.93,315684.82,517400.77,408547.92,50082.77,110309.95,484916.54,333077.85,394307.01,84666.98,143379.77,159572.38,182771.06,100334.53,176595.83,139130.87,133809.62,168810.54,98568.0,171554.1,137006.26,112949.7,1225038.62,18038.92,16451.04,131518.25,354526.4,145.98,1271450.17,4217758.65,39031.71,660055.73,850326.79,43418.1,50238.9
Scenario 2,1543,6,Negative Shock,43,TRADING,144949.9,1266364.32,158467.01,284674.59,1014230.75,952292.52,194593.7,503079.69,638471.74,910540.22,485060.06,317433.04,2971768.5,40687.21,409234.05,45595.35,315310.7,517105.8,408510.57,50044.22,110194.64,485120.69,333495.47,394281.11,84579.91,143441.89,159383.0,182993.29,100420.95,176546.65,138920.1,133795.11,168761.68,98612.89,171261.35,137202.46,113044.04,1223020.25,18012.65,16471.44,131238.04,354799.01,145.96,1270549.44,4225430.94,39109.82,660239.69,847401.75,43348.32,50124.33
Scenario 2,1544,6,Negative Shock,44,TRADING,144659.59,1265038.0,158395.97,284464.34,1015402.17,952982.23,194641.06,503461.56,636785.27,910320.42,484500.54,316825.83,2974821.91,40614.46,408553.83,45590.77,314760.64,516394.05,408591.23,50058.71,110119.59,485152.7,333652.81,393923.12,84605.11,143495.0,159096.09,182766.92,100407.9,176440.14,138955.57,133890.33,168372.71,98684.84,171382.99,136886.05,112883.1,1222038.07,17995.03,16398.88,131714.63,355208.01,145.99,1267351.68,4228943.1,39119.74,660257.22,846189.19,43327.17,50243.61
Scenario 2,1545,6,Negative Shock,45,TRADING,144538.95,1265107.38,158181.51,283969.38,1015322.79,953960.72,194817.68,503168.73,633116.99,909152.6,484523.79,316510.68,2976025.48,40601.49,408336.51,45586.19,314421.04,515689.78,407641.03,50025.52,110009.85,483489.04,333598.49,394248.44,84475.84,143210.46,159054.71,182975.91,100346.57,176222.45,138930.1,134035.97,167999.88,98577.52,171211.28,136739.35,113036.57,1219374.46,17994.83,16391.5,131906.38,354719.13,145.99,1268022.92,4224450.53,39126.75,659034.71,844871.81,43385.48,50210.69
Scenario 2,1546,6,Negative Shock,46,TRADING,144243.8,1262355.09,158087.29,284249.28,1015198.17,953687.98,194242.95,501950.69,632725.72,907399.02,485171.66,315724.83,2972326.2,40518.51,407744.02,45581.62,314337.69,515671.37,407535.94,50013.17,109951.69,483449.3,333366.97,393492.61,84364.34,143324.69,159054.76,182901.06,100287.28,175991.5,138855.56,133964.02,167981.54,98625.04,170960.28,136268.74,113216.83,1218718.17,17967.66,16403.47,131735.87,354334.32,145.85,1267365.73,4206974.77,39190.52,659646.43,842385.78,43392.98,50216.01
Scenario 2,1547,6,Negative Shock,47,TRADING,144419.92,1261224.75,157902.32,284245.42,1012658.71,954015.52,193864.18,501687.57,632767.97,906265.09,484786.86,315565.51,2975456.92,40511.95,407281.43,45577.04,314649.03,516320.45,407655.82,49950.08,109901.54,483254.88,332288.53,393411.11,84380.84,143184.99,158767.27,183032.86,100382.43,176081.86,138863.5,133743.24,167714.68,98466.51,171177.07,136416.9,113560.85,1217711.18,17993.76,16381.17,131763.12,353670.29,145.95,1265710.55,4202466.16,39218.91,658781.63,841935.44,43380.05,50100.06
Scenario 2,1548,6,Negative Shock,48,TRADING,144437.5,1260486.45,157969.25,283818.53,1012642.43,952542.49,193590.04,502228.52,630719.98,905551.73,485066.78,315222.54,2969183.26,40501.1,406924.73,45572.46,314696.76,516527.04,407176.42,49900.24,109803.06,482597.01,332163.95,393029.35,84303.16,142977.6,158669.0,183273.85,100256.04,175776.45,138758.17,133987.17,167383.49,98580.79,171255.37,136389.07,113504.37,1218027.95,17940.47,16393.46,131475.25,352086.93,146.01,1264628.75,4189702.2,39204.28,658210.88,842610.92,43416.44,50052.75
Scenario 2,1549,6,Negative Shock,49,TRADING,144991.19,1259539.18,157882.81,283708.7,1012357.95,953549.03,193827.12,501792.21,630276.69,905975.79,484656.97,314623.86,2974816.49,40461.37,406398.84,45567.88,314524.82,516160.2,407020.5,49897.67,109847.81,482359.6,332176.11,392794.09,84189.09,142919.42,158406.4,183659.78,100216.28,175995.77,138916.96,133922.74,167107.65,98669.35,171106.9,136172.29,113343.54,1217052.05,17926.96,16360.27,131275.49,352377.36,145.94,1265109.53,4195586.57,39201.73,659289.63,842026.53,43464.96,50026.98
Scenario 2,1550,6,Negative Shock,50,TRADING,145056.86,1258696.35,157997.63,283527.18,1013252.82,955977.77,193657.81,501372.9,630388.52,906602.87,484375.91,314200.38,2980098.95,40432.91,406321.49,45563.3,314855.51,516454.12,406141.5,50004.49,109704.26,482730.07,332564.94,392590.72,84045.35,143121.95,158252.74,183439.6,100110.45,176087.08,139191.67,133616.68,167143.42,98670.45,171223.72,135918.79,113645.18,1216829.69,17923.06,16336.61,131266.32,353395.16,145.97,1265469.07,4198890.79,39256.83,658875.03,840300.44,43384.19,49951.68
Scenario 2,1551,6,Negative Shock,51,TRADING,144784.85,1256211.98,157813.13,283474.51,1012164.84,953607.77,193392.26,500063.27,631105.36,905942.98,484630.06,313646.09,2979604.7,40381.44,405841.84,45558.72,314353.99,516754.57,405826.6,49954.09,109722.17,482849.73,331914.42,392640.62,83999.14,143221.26,158332.92,183319.44,99941.89,175965.78,139060.98,133680.2,166988.03,98316.34,171596.4,135673.89,113632.41,1217748.23,17906.13,16318.92,131766.62,352783.33,145.93,1264415.58,4196518.74,39297.72,657456.92,838740.07,43299.6,49888.0
Scenario 2,1552,6,Negative Shock,52,TRADING,145082.22,1256542.73,157970.92,283620.06,1012430.14,953112.44,193728.1,499867.2,630244.69,905918.61,483743.77,313425.48,2980072.78,40356.47,405864.52,45554.14,314394.62,517785.18,405230.58,49905.19,109697.94,482957.44,332899.67,392999.95,83974.13,143231.69,158291.67,183264.74,99957.38,175973.17,138987.0,133566.94,166956.78,98043.17,171864.47,135997.36,113557.41,1214804.58,17894.08,16306.49,131652.52,352313.88,145.87,1262328.27,4189098.21,39235.65,656940.86,836740.24,43334.63,49878.34
Scenario 2,1553,6,Negative Shock,53,TRADING,145270.53,1256603.19,158163.6,283677.8,1013044.9,955987.62,193700.52,501035.43,629938.4,906050.71,482782.55,313241.65,2973778.64,40277.29,405930.7,45549.56,314134.2,517925.75,405334.0,49985.06,109707.37,481853.98,333790.65,392395.42,83875.94,143220.85,157962.33,183232.11,100201.96,175707.11,138851.19,133587.14,167664.19,98044.31,171900.64,135747.29,113604.25,1212570.87,17882.33,16312.38,131473.85,352254.11,145.74,1262779.01,4191327.43,39209.2,656536.04,835228.58,43278.38,49843.58
Scenario 2,1554,6,Negative Shock,54,TRADING,145659.2,1254447.38,158163.42,283490.75,1010822.53,956464.9,193477.8,500742.73,629490.16,905737.91,483332.47,313325.26,2969598.61,40197.79,405509.75,45544.99,313952.75,518521.96,405387.05,49962.37,109761.15,482538.36,333210.53,392837.37,83872.32,143310.16,157695.45,182902.2,100189.08,175268.25,138928.08,133560.95,167665.87,97788.94,172044.43,135979.35,113427.0,1211149.52,17885.22,16323.68,131492.94,351788.7,145.72,1260636.94,4191067.33,39119.15,655553.64,834457.4,43298.73,49733.45
Scenario 2,1555,6,Negative Shock,55,TRADING,145423.01,1253665.58,158501.73,283458.62,1009981.53,956153.54,193319.76,500707.26,627405.36,907154.8,483094.16,312938.04,2972766.25,40166.84,405154.38,45540.41,313577.14,518180.6,404890.0,49999.55,109759.62,482030.89,332997.5,392523.43,83941.78,143247.95,157605.92,182481.5,100273.25,175122.49,139118.35,133423.62,167302.2,97801.02,172044.38,135844.19,113395.18,1208922.36,17931.13,16320.46,131393.36,351354.49,145.56,1258767.6,4187559.21,39073.9,655476.15,835285.53,43309.5,49652.67
Scenario 2,1556,6,Negative Shock,56,TRADING,145593.81,1254292.07,158399.96,283285.77,1010327.43,954204.64,193101.95,500031.89,626262.15,907750.5,483088.43,312737.71,2965764.48,40111.84,405293.62,45535.83,313337.8,518119.28,404029.89,49939.58,109760.99,481260.62,333441.91,392427.73,83900.34,143284.18,157535.26,182249.25,100276.49,175300.2,138904.28,133274.09,166831.45,97664.77,171742.17,136029.1,113406.76,1208326.1,17932.13,16317.31,131310.97,351698.98,145.55,1258448.61,4193870.72,39161.65,654416.34,837527.68,43238.4,49683.54
Scenario 2,1557,6,Negative Shock,57,TRADING,145296.83,1253797.69,158417.34,282947.75,1010118.02,955695.37,192907.65,499963.19,625240.67,905111.06,482887.38,312685.04,2968647.06,40092.51,404166.79,45531.25,313042.93,517873.15,403594.52,50074.62,109794.05,480656.26,334134.18,392027.2,83911.01,143148.06,157791.84,182241.79,100177.66,175326.46,138631.91,132987.84,166630.92,97665.49,172252.12,135705.2,113670.9,1208304.19,17922.06,16302.45,131112.86,351853.04,145.45,1256942.16,4189687.45,39112.07,654495.17,836552.69,43262.73,49677.08
Scenario 2,1558,6,Negative Shock,58,TRADING,145237.1,1254095.24,158350.9,282604.72,1009170.63,954686.5,192600.4,498337.63,624033.15,902414.1,483475.23,311848.98,2966591.27,40014.57,403629.92,45526.67,313155.59,517997.03,402964.67,50044.93,109690.8,481501.52,333733.34,392028.85,83973.64,143056.35,157969.06,182151.8,100106.29,174993.7,138431.45,132938.9,166524.02,97613.94,172336.39,135600.73,113422.9,1205704.6,17926.08,16291.01,130976.22,352286.32,145.51,1254675.95,4189526.66,39110.13,654316.0,838522.54,43340.98,49735.7
Scenario 2,1559,6,Negative Shock,59,TRADING,145159.29,1254308.48,158444.23,282586.01,1008868.34,953612.98,192757.58,496490.64,623421.55,900946.61,483627.45,311655.86,2974303.11,40043.03,403627.53,45522.09,312936.26,517790.2,402394.33,50064.81,109733.94,480220.97,333599.1,392390.53,84060.6,143289.22,157776.19,181998.89,99871.09,174480.25,138525.97,132944.64,166467.24,97472.2,172001.98,135535.78,113351.79,1205460.88,17906.15,16284.64,130778.03,351526.88,145.59,1254242.14,4179241.64,39086.84,653559.3,837552.93,43342.07,49750.32
Scenario 2,1560,6,Negative Shock,60,TRADING,145204.42,1252724.8,158608.55,282536.97,1009554.01,952449.95,192908.04,496640.13,623664.7,901639.21,484253.24,311161.6,2967841.65,40027.42,402984.71,45517.51,312318.08,517848.63,402866.72,49970.16,109602.33,480121.16,333889.79,391382.42,83998.88,143229.13,157531.65,182001.05,99797.62,174142.25,138509.08,132815.8,166228.95,97288.92,171937.98,135727.13,113031.47,1205346.38,17925.05,16300.57,130675.53,351312.06,145.58,1254535.65,4182502.92,39040.53,652635.36,837121.58,43289.34,49771.18
Scenario 2,1561,6,Negative Shock,61,TRADING,145032.21,1251303.45,158725.86,282180.63,1008782.57,951964.99,193417.62,497931.78,623460.36,902985.33,484315.61,310881.1,2966734.22,40001.21,403034.32,45512.93,311627.68,517463.39,402815.81,49942.37,109426.4,480395.47,333892.58,391744.73,83938.15,143332.76,157369.95,182025.74,99926.32,174052.63,138848.01,132928.88,166182.79,97183.3,171675.84,135946.13,113055.8,1204281.66,17935.63,16282.12,130499.16,350944.77,145.52,1255409.3,4185930.87,39037.18,652358.92,837087.82,43309.22,49691.55
Scenario 2,1562,6,Negative Shock,62,TRADING,144616.47,1249687.83,158330.76,282172.11,1007323.8,949778.09,193321.43,497970.47,622296.84,902044.54,482811.39,310985.94,2959719.62,39959.99,402306.18,45508.36,310722.99,517422.17,402255.54,49890.98,109322.06,479621.54,333789.0,391154.41,83819.62,143288.52,157207.34,181902.36,99586.44,173817.6,138874.2,132870.74,166338.35,97013.2,171706.45,135560.58,112967.83,1204843.98,17904.65,16248.86,130207.54,350594.71,145.54,1255186.64,4182296.47,38867.77,651839.29,836083.71,43245.26,49677.49
Scenario 2,1563,6,Negative Shock,63,TRADING,144460.12,1249027.56,158244.55,281927.83,1005866.72,949932.45,193078.82,497103.32,622082.13,899449.6,482144.89,310339.06,2957680.7,39812.78,401832.87,45503.78,310450.28,516615.36,401351.97,49932.91,109137.82,478431.39,333523.88,390210.81,83597.13,143289.38,157054.86,181542.78,99385.07,173816.11,138304.87,132784.31,166037.25,96996.33,171709.47,135612.63,112844.86,1205811.36,17859.83,16250.39,129644.01,350107.27,145.48,1253581.05,4179550.49,38864.07,650805.46,834782.61,43259.66,49626.51
Scenario 2,1564,6,Negative Shock,64,TRADING,143740.92,1249009.0,158151.48,281834.27,1006249.09,948664.62,192662.79,497373.36,621741.83,899526.19,481102.94,309997.8,2963506.84,39813.1,400495.92,45499.2,309559.93,515831.9,400965.97,49750.74,109165.4,476844.9,333043.28,390163.07,83405.56,143121.13,157020.32,181452.86,99299.74,173630.06,138302.43,132830.02,165921.67,97003.33,171424.06,135059.44,112438.59,1206520.34,17832.45,16229.29,129917.48,349724.21,145.41,1251936.29,4172429.63,38825.59,650681.25,833087.59,43129.02,49605.73
Scenario 2,1565,6,Negative Shock,65,TRADING,143669.58,1248324.84,157774.37,281632.63,1003446.05,947563.69,192397.94,497298.09,621862.05,898578.23,480207.79,309843.39,2952531.74,39749.03,399885.18,45494.62,309027.95,514966.6,399461.77,49602.86,109078.65,476799.89,332886.92,389729.77,83303.67,143053.97,156731.52,181275.19,99166.2,173600.01,138131.27,132549.16,165668.71,96865.87,171058.47,135393.04,112126.22,1205266.61,17820.17,16190.8,129632.66,349236.14,145.31,1253299.82,4161108.37,38754.02,649825.76,832044.23,43066.97,49588.66
Scenario 2,1566,6,Negative Shock,66,TRADING,143531.51,1246865.24,157533.29,281626.75,1003854.98,946414.21,191793.94,496991.36,619946.54,896582.39,480175.44,309090.94,2951347.65,39624.19,399496.11,45490.04,308712.1,514211.25,398123.84,49590.14,108930.24,476796.54,332844.03,390216.61,83242.68,143028.92,156569.27,180680.25,98914.35,173195.33,138189.62,132408.56,165451.78,96869.58,170544.01,135084.62,112083.96,1204193.48,17779.27,16181.75,129479.65,348728.73,145.18,1251503.95,4163753.78,38681.73,648988.51,831257.42,42956.09,49725.63
Scenario 2,1567,6,Negative Shock,67,TRADING,142623.39,1247062.06,157260.85,281094.68,1001710.59,946743.37,191008.9,496602.86,620410.94,894748.12,479853.25,308934.23,2950468.56,39549.56,399368.57,45485.46,308244.85,513197.79,397809.6,49481.58,108749.24,475919.42,331991.05,389593.71,82927.65,142435.64,156160.46,180549.21,98914.95,172958.38,138069.73,132126.03,165067.51,96658.32,170136.86,134939.03,112156.44,1201802.53,17741.9,16172.53,129565.59,347284.3,145.1,1249695.31,4162333.28,38588.15,646945.86,828197.94,42957.22,49774.22
Scenario 2,1568,6,Negative Shock,68,TRADING,142601.83,1246994.98,156965.45,280985.22,999470.59,944816.35,191188.68,496085.2,620908.57,891911.24,479545.93,309127.85,2937573.13,39460.95,399148.71,45480.88,308249.89,512541.96,396564.44,49371.5,108588.02,474923.91,331648.46,389188.34,82804.32,142144.26,156066.73,180124.05,98840.66,172622.63,137943.45,131975.98,165133.8,96698.2,169767.05,134680.15,111972.86,1200203.8,17718.87,16140.07,129263.72,346991.81,145.13,1246335.35,4163855.83,38543.51,645525.15,826881.23,42899.19,49714.45
Scenario 2,1569,6,Negative Shock,69,TRADING,142295.4,1243904.74,156655.34,280881.84,997670.79,944169.71,191095.23,495485.34,620225.81,888884.2,477883.53,309323.61,2932293.64,39352.34,398535.31,45476.3,307632.54,512213.12,395289.54,49316.92,108258.09,473870.75,331305.9,389765.99,82781.33,142034.01,155712.63,179927.27,98614.98,172321.85,137754.72,131726.6,164811.21,96634.47,169819.55,134879.27,111636.76,1198678.52,17649.64,16112.7,129154.04,346050.3,145.05,1244569.4,4160606.57,38484.05,644694.29,824787.6,42931.98,49797.11
Scenario 2,1570,6,Negative Shock,70,TRADING,142131.15,1243191.08,156308.84,280448.63,994919.36,942025.1,190809.87,495241.28,621276.34,889064.41,476516.54,309200.75,2931676.42,39268.5,397906.15,45471.73,307435.66,511840.15,395039.75,49208.33,108108.24,473001.62,330607.37,388849.85,82522.35,141948.64,154967.98,179392.7,98436.1,172189.57,137393.9,131510.54,165066.34,96465.9,169018.58,134615.3,111447.9,1197059.57,17621.99,16071.44,128927.24,346078.48,144.97,1245722.38,4158706.09,38367.84,645677.08,824140.62,42862.32,49753.68
Scenario 2,1571,6,Negative Shock,71,TRADING,141965.16,1241468.81,156166.26,279955.47,993231.88,944281.32,190563.95,494535.44,620941.78,888183.69,475448.15,308926.0,2927635.68,39221.29,397114.4,45467.15,306719.26,510364.22,394387.91,49062.15,107977.31,472115.32,329482.76,388353.1,82488.59,141686.29,154785.76,178856.92,98273.71,172086.21,137218.16,131277.1,164703.08,96207.92,168550.07,134355.0,111450.93,1194812.8,17571.67,16041.79,128188.68,344637.41,145.03,1245452.29,4158826.51,38315.28,645349.19,823591.64,42789.26,49711.69
Scenario 2,1572,6,Negative Shock,72,TRADING,141973.83,1239762.18,155997.95,279787.61,992024.37,942703.35,190279.64,493682.38,619701.27,887167.16,474859.82,308393.71,2924747.52,39226.34,396444.67,45462.57,307067.18,509443.55,394233.32,49009.68,107897.17,472392.26,329094.41,388438.91,82434.71,141608.53,154595.81,178312.79,98019.09,171924.49,136992.28,131184.77,164008.84,96096.85,168514.96,134034.12,110992.77,1194972.87,17515.21,16017.88,127985.28,344217.45,145.01,1245127.18,4159696.43,38295.04,644167.29,823621.96,42688.65,49705.84
Scenario 2,1573,6,Negative Shock,73,TRADING,142225.06,1237483.11,155609.9,279715.19,990129.45,941386.67,190283.99,493245.4,618963.84,885947.24,473620.72,307902.24,2919451.83,39247.81,395606.01,45457.99,306814.78,509296.92,393210.1,49017.7,107699.38,471351.37,328953.74,387703.19,82399.42,141478.42,154176.68,177760.39,97934.52,171800.46,136868.02,131155.97,164342.32,95911.99,168267.24,133942.93,111038.06,1195375.3,17494.57,15989.97,127912.16,343455.48,145.0,1242496.91,4150063.18,38152.74,642306.61,821637.2,42552.72,49534.53
Scenario 2,1574,6,Negative Shock,74,TRADING,141612.32,1235971.79,155371.73,279418.38,989142.86,940482.98,189955.28,491018.08,617561.6,883670.0,472770.74,307451.5,2917825.08,39140.09,395293.43,45453.41,306223.86,508857.68,392745.52,48853.29,107590.0,471495.47,328814.7,386776.64,82227.41,141328.84,153975.99,177744.85,98016.82,171757.38,136595.18,131073.08,164235.94,95774.44,168075.17,133826.8,110888.27,1193800.61,17463.89,15945.19,127811.38,342136.63,144.97,1240747.63,4148160.45,38141.53,642167.96,819335.41,42517.97,49506.45
Scenario 2,1575,6,Negative Shock,75,TRADING,141073.05,1232839.15,155244.11,278720.1,987465.47,940577.72,189805.44,490573.5,617852.15,881844.36,471702.34,307196.87,2911524.98,39132.15,394257.06,45448.83,305496.08,508516.63,391610.13,48845.54,107489.06,469685.71,328661.83,385882.14,82016.1,140950.93,153703.36,177245.08,98004.33,171311.27,136611.76,130849.07,164097.98,95624.82,167539.61,133481.88,110661.0,1192413.13,17456.22,15941.2,127551.04,341074.42,145.09,1238962.01,4149010.72,38057.1,640790.54,820487.86,42514.78,49443.44
Scenario 2,1576,6,Negative Shock,76,TRADING,141161.15,1230540.77,155165.85,278675.24,986274.27,939662.36,190114.59,490963.02,616441.43,882078.2,470338.65,306563.02,2907447.66,39131.17,394082.3,45444.25,305346.04,507447.47,390442.02,48812.01,107160.72,468577.92,328147.56,385061.8,81802.55,140984.03,153414.66,177035.0,97747.0,171042.98,136470.92,130709.78,163980.41,95532.22,167167.38,133305.05,110340.31,1188960.85,17442.13,15923.24,127369.86,341071.81,145.12,1237379.88,4148474.13,37975.41,639301.13,821660.32,42476.26,49439.23
Scenario 2,1577,6,Negative Shock,77,TRADING,141071.76,1228051.12,154910.4,278219.24,985663.98,940111.22,189210.31,490241.5,616128.61,883488.75,469529.93,306658.45,2905154.8,39019.69,392982.54,45439.67,304957.43,507481.08,389743.47,48726.2,107036.69,467520.03,328124.17,384463.41,81679.99,140928.84,153248.66,176256.28,97512.0,170704.66,136243.23,130378.31,163607.34,95561.21,166818.98,133226.8,110106.88,1186455.23,17431.04,15893.83,126979.84,340656.82,145.02,1236319.76,4149833.49,37917.77,640039.73,820145.9,42408.93,49389.67
Scenario 2,1578,6,Negative Shock,78,TRADING,140989.51,1225288.06,154853.11,277536.43,984413.38,939062.48,189309.77,488935.03,616714.52,883443.9,469852.54,306594.42,2901339.34,38888.97,392677.54,45435.1,303760.98,506549.01,389133.94,48605.57,106876.75,466743.12,327168.38,383996.87,81608.57,140707.11,153378.38,175637.07,97548.6,170584.89,136170.3,130300.33,163594.37,95573.38,166097.12,133023.41,109627.74,1184777.93,17395.36,15873.41,126993.18,340028.15,145.06,1235116.75,4154057.24,37868.55,640207.71,818144.66,42459.87,49343.58
Scenario 2,1579,6,Negative Shock,79,TRADING,141155.04,1223941.65,154535.76,277099.73,983697.36,937899.22,189163.81,488294.65,615459.81,881954.63,469387.12,305939.24,2909168.95,38827.47,391982.97,45430.52,303562.04,505768.03,388595.58,48584.82,106585.82,466725.2,326535.11,383451.08,81574.58,140349.83,152964.94,175176.16,97434.79,170510.97,135820.37,130018.23,163788.29,95367.73,166010.85,132676.34,109425.73,1182362.88,17371.66,15847.19,126822.1,339801.12,145.05,1233463.43,4152111.5,37828.23,639537.04,815598.69,42394.93,49247.4
Scenario 2,1580,6,Negative Shock,80,TRADING,140819.06,1224142.74,154378.42,276910.77,983064.68,937405.25,188730.39,487713.65,616147.38,879799.86,468036.43,305580.22,2908187.0,38782.08,390582.32,45425.94,303042.98,505121.77,388361.89,48430.43,106420.52,465957.3,325632.69,382854.09,81383.82,140219.16,152748.75,174431.19,97157.18,169988.25,135361.65,129619.37,163425.63,95103.35,165422.43,132519.72,109009.64,1180301.57,17345.88,15830.64,126414.9,339224.56,144.93,1232329.3,4152614.84,37779.1,639160.45,816295.27,42200.84,49070.71
Scenario 2,1581,6,Negative Shock,81,TRADING,140432.76,1224463.94,154084.51,276321.44,980576.82,933063.33,189039.63,486505.32,616064.71,878343.57,467609.97,305771.25,2909532.74,38787.04,390902.79,45421.36,302959.99,503744.84,388273.32,48380.59,106147.09,466730.56,324931.09,382385.04,81231.79,140197.54,152229.24,174255.55,97233.58,170020.54,135270.66,129632.52,163322.4,94975.2,165286.58,132552.08,108835.28,1179257.17,17307.24,15810.22,126142.43,338172.52,144.99,1230576.75,4150683.21,37743.88,637365.32,816235.92,42055.48,49081.55
Scenario 2,1582,6,Negative Shock,82,TRADING,140200.85,1223200.38,153884.71,275866.24,979332.14,932180.07,188603.17,484169.08,615278.18,877338.27,466918.55,305483.26,2907532.15,38703.36,390219.63,45416.78,302599.97,503294.1,387316.81,48190.1,106080.94,466508.89,324819.85,381902.52,81165.33,139902.28,151813.01,173667.28,97147.18,169650.25,134914.79,129561.17,163102.54,95002.55,165007.34,132303.47,108491.66,1178059.77,17270.07,15776.62,126182.54,336959.57,144.99,1229365.88,4149774.46,37733.55,636460.09,816228.14,41963.94,49106.92
Scenario 2,1583,6,Negative Shock,83,TRADING,139661.23,1222262.04,153577.57,275373.46,978568.3,931710.89,188183.17,484205.06,613849.57,875654.08,466263.38,304971.41,2906648.43,38686.32,389194.31,45412.2,301986.25,502377.99,386041.63,48220.97,106053.47,465057.52,324335.18,381005.27,81155.17,139922.41,151306.28,173299.68,97042.72,169394.2,134462.21,129236.95,163016.21,94857.97,164768.68,132296.56,108284.72,1175730.62,17258.52,15743.64,125885.95,337034.35,144.93,1230317.9,4144337.72,37586.98,635469.57,815943.65,41843.64,49120.18
Scenario 2,1584,6,Negative Shock,84,TRADING,139454.51,1219166.01,153107.86,274979.97,977264.74,929911.26,188363.9,483477.94,613294.95,875422.77,465009.02,305354.43,2897739.48,38639.01,388577.48,45407.62,301630.11,501034.43,386253.37,48109.43,105952.65,463775.25,322994.1,380397.85,81137.03,139791.82,151126.74,173070.72,96977.88,169069.02,134252.74,129083.63,163340.27,94802.98,164284.6,132119.38,108267.05,1175267.94,17214.91,15727.83,125847.18,336117.96,144.97,1229041.77,4138854.03,37470.59,633967.5,815041.81,41809.5,49077.22
Scenario 2,1585,6,Negative Shock,85,TRADING,139172.38,1217948.67,152554.44,274516.37,976553.14,926411.09,188469.32,482491.98,612653.62,874626.48,463975.14,305003.73,2892352.85,38698.9,388108.78,45403.04,301479.78,500151.07,385772.77,48099.64,105954.05,463817.34,323405.0,379754.52,81112.59,139404.35,151134.24,172505.78,96795.29,168692.37,133883.02,128772.69,162966.04,94759.0,164345.35,131990.3,108168.66,1176180.56,17177.08,15704.77,126140.47,335616.31,145.03,1227790.8,4129289.57,37400.07,634102.53,813927.65,41741.28,48970.07
Scenario 2,1586,6,Negative Shock,86,TRADING,138963.41,1213573.1,152508.52,274326.64,975020.67,925992.25,188408.17,482686.77,610819.49,873772.3,463945.58,305674.78,2892163.14,38608.35,387406.15,45398.46,301101.6,499128.14,384515.58,48043.37,105686.73,464209.49,322876.58,378761.7,81001.89,139197.46,150911.08,172018.65,96679.13,168461.76,133640.11,128700.78,162814.19,94787.68,163871.77,131484.34,107856.32,1174136.78,17177.08,15672.42,125820.25,335564.33,144.99,1227495.69,4128990.26,37374.35,633700.05,813410.18,41642.47,48829.0
Scenario 2,1587,6,Negative Shock,87,TRADING,138693.12,1211535.17,152094.74,274188.21,971667.4,923897.31,188018.85,482784.07,609531.72,873702.53,463651.08,305310.87,2890114.44,38516.04,386928.89,45393.89,300365.81,498876.52,384686.37,48035.81,105444.38,462844.42,322003.19,378569.6,80844.25,139097.6,150621.3,171752.69,96634.13,168423.65,133418.5,128535.18,162539.56,94761.81,163868.67,130999.92,107835.96,1173036.97,17144.48,15678.09,125529.76,335561.0,144.94,1226898.16,4124895.6,37316.81,632899.48,813681.45,41611.68,48693.06
Scenario 2,1588,6,Negative Shock,88,TRADING,138519.51,1209038.13,151980.9,273805.05,970199.95,922194.17,187664.39,481724.14,609514.97,873019.74,462733.64,305114.97,2879894.89,38426.91,387028.56,45389.31,299325.64,498758.41,384072.0,47952.13,105331.86,462308.52,321791.95,377632.54,80631.79,139013.54,150146.26,171204.69,96442.25,168113.36,133587.9,128521.07,162841.6,94537.0,163754.16,130645.76,107692.93,1171110.62,17106.53,15661.49,125281.71,335027.82,144.98,1226369.94,4123697.2,37242.89,632560.62,812432.2,41543.57,48707.01
Scenario 2,1589,6,Negative Shock,89,TRADING,138074.67,1207714.26,151676.87,273489.25,968679.7,920866.7,187191.14,481025.39,608335.92,871536.49,462057.41,304437.05,2872883.24,38357.41,386397.96,45384.73,298249.67,497918.85,383021.01,47822.27,105122.66,461150.59,320901.25,377239.98,80468.44,138790.61,149825.68,171480.36,96224.78,168008.3,133208.85,128439.64,162347.0,94349.81,163871.68,130720.32,107619.91,1169195.61,17074.04,15614.65,125312.11,334658.22,145.02,1224380.01,4132830.95,37214.45,630219.64,810021.14,41471.34,48715.21
Scenario 2,1590,6,Negative Shock,90,TRADING,137778.36,1206442.12,151739.66,273134.21,966190.37,918267.53,186717.62,480700.23,607202.35,872948.51,461641.57,304166.54,2867037.62,38292.76,384862.79,45380.15,297642.21,496821.55,382040.54,47835.81,105054.65,459980.75,320242.0,376237.73,80355.88,138462.67,149599.47,171375.58,96031.34,167550.23,133018.65,128432.42,162090.22,94053.23,163521.13,130393.95,107577.57,1165991.75,17041.12,15594.28,125375.36,334637.59,144.92,1221707.82,4126814.51,37088.58,628707.59,811507.98,41389.85,48627.96
Scenario 2,1591,6,Negative Shock,91,TRADING,137749.41,1203740.13,151470.48,273127.45,965450.91,918114.83,185935.43,479705.35,605860.91,872929.97,461520.45,303950.48,2861210.23,38198.03,384894.14,45375.57,296831.66,496482.32,381568.01,47795.1,104823.91,458629.63,318627.02,375367.59,80089.79,138321.87,149364.15,170817.44,95991.21,167151.53,132673.94,127936.84,162121.99,93909.65,163478.75,130254.0,107705.16,1164733.68,17025.11,15567.68,125039.6,333618.76,144.93,1222579.3,4124947.29,37022.67,628401.82,810273.72,41241.69,48612.8
Scenario 2,1592,6,Negative Shock,92,TRADING,137199.87,1203119.31,151076.22,272476.55,962984.84,917280.65,185644.19,479945.6,603900.64,874042.51,460667.95,303341.04,2865040.72,38143.6,384628.06,45370.99,296102.17,495151.03,381628.4,47703.94,104721.05,458263.43,318672.8,375084.62,79891.37,138123.71,148971.36,170595.23,95726.37,167396.79,132569.15,127942.72,161718.38,93811.34,163042.29,130077.3,107561.27,1161622.57,16990.47,15549.68,124660.79,331760.68,144.81,1222043.3,4123145.82,36960.19,627317.0,807628.78,41267.64,48568.74
Scenario 2,1593,6,Negative Shock,93,TRADING,136766.96,1201322.99,151027.78,271964.68,962101.08,914221.65,185576.66,478440.27,603370.0,872380.24,459472.0,303350.84,2862829.96,38022.05,384658.06,45366.41,295576.78,494311.34,381722.45,47683.12,104628.89,457802.21,318030.52,374072.15,79791.27,137834.63,148631.67,170564.01,95622.5,167427.44,132539.77,127806.34,161538.98,93687.89,162556.88,130068.11,107168.76,1160001.3,16940.38,15508.75,123923.07,331697.41,144.86,1220497.31,4117962.73,36974.71,627661.3,806606.08,41128.66,48574.95
Scenario 2,1594,6,Negative Shock,94,TRADING,136450.5,1199994.23,150803.49,271245.12,961312.71,913280.52,184977.44,477350.15,600863.92,871749.94,458418.51,303381.48,2856737.71,37957.99,384132.11,45361.83,294449.21,492961.06,382106.29,47615.19,104326.81,457664.72,317231.08,373713.02,79681.97,137598.29,148390.11,170123.65,95470.5,167404.2,132572.57,127527.93,161278.25,93598.51,162263.94,129970.82,106769.08,1160029.42,16900.81,15505.63,123898.67,331062.7,144.81,1218180.44,4107115.93,36880.07,626374.32,806515.24,41131.81,48496.81
Scenario 2,1595,6,Negative Shock,95,TRADING,136472.3,1197113.86,150533.28,270976.96,960510.63,913264.5,184419.74,476384.68,600588.92,871719.85,457458.55,303123.18,2855562.26,37857.78,383813.48,45357.26,293509.62,492186.25,380922.82,47548.1,104242.11,455886.48,316104.19,372754.24,79377.3,137362.55,148120.56,169766.61,95136.65,167241.12,132183.26,127381.94,161099.83,93450.66,162001.49,129849.42,106455.93,1156314.99,16870.57,15454.62,123828.42,331001.39,144.8,1217339.25,4102334.5,36802.05,625466.88,805172.9,41095.08,48461.54
Scenario 2,1596,6,Negative Shock,96,TRADING,136084.9,1195883.62,150364.64,270822.28,959391.31,909985.03,183635.36,476143.98,600901.99,869469.87,457655.39,302384.84,2848509.57,37792.12,383599.5,45352.68,292672.86,491366.92,380014.81,47402.93,104209.92,455512.54,315073.07,371682.33,79174.15,137016.09,147755.46,169361.89,95096.02,167033.58,132025.05,127151.57,161322.18,93212.76,161631.75,130184.01,106241.95,1154711.45,16819.78,15418.07,123594.86,330446.67,144.86,1214385.13,4102203.95,36828.73,624982.84,802173.92,40997.53,48386.86
Scenario 2,1597,6,Negative Shock,97,TRADING,136159.17,1193539.76,150022.62,270505.93,958230.62,907852.6,183765.66,475164.57,600677.09,870934.76,456894.91,302023.08,2854444.54,37710.43,382933.07,45348.1,292230.99,490644.96,379528.62,47353.35,104248.9,454176.37,313813.83,371157.87,79223.78,136824.56,147647.66,169502.88,94927.4,166826.04,131722.03,126761.32,160927.69,92885.61,161137.94,129736.78,105970.52,1154233.68,16775.23,15373.76,123636.12,329827.4,144.85,1212575.72,4097847.13,36781.11,624858.93,800914.76,41042.61,48377.96
Scenario 2,1598,6,Negative Shock,98,TRADING,136127.13,1193018.68,150012.83,269680.31,957162.74,908112.62,183197.34,475051.98,599557.82,867462.47,456288.35,301281.53,2855994.96,37617.17,381922.16,45343.52,291301.34,489830.1,378991.42,47310.17,104083.2,451967.15,313293.23,371140.45,79074.09,136853.91,147508.06,168598.73,94721.34,166614.72,131358.83,126728.0,160623.94,92840.98,160352.06,129201.93,105867.28,1152816.23,16741.19,15338.81,123627.0,329271.82,144.83,1212009.44,4098012.06,36674.34,623994.4,801420.83,40960.72,48352.31
Scenario 2,1599,6,Negative Shock,99,TRADING,135758.19,1190457.13,149996.73,269575.96,956180.94,906883.25,183493.92,473682.61,600062.42,865192.36,455223.88,300939.01,2860235.67,37574.68,381545.07,45338.94,291261.55,488875.01,377820.56,47357.3,103904.74,451810.83,312426.86,370948.37,78886.07,136826.86,147278.03,168326.09,94366.57,166510.18,131158.8,126503.92,160184.48,93036.82,159586.8,128717.11,105865.59,1153014.64,16730.58,15322.85,123748.3,329064.09,144.91,1208278.42,4097165.49,36640.49,624598.61,800496.31,40957.69,48413.98
Scenario 2,1600,6,Negative Shock,100,TRADING,135443.35,1192351.26,149850.09,269074.63,955677.65,905179.81,183568.89,473421.96,600047.8,864164.89,454059.04,300808.26,2858734.33,37454.28,380286.42,45334.36,290627.15,488682.98,376930.38,47168.58,103800.87,450122.71,311813.08,370574.16,78660.89,136551.7,146973.49,168031.4,94257.89,166342.4,130771.34,126361.76,160078.91,92989.89,159282.43,128463.02,105407.42,1151431.97,16685.05,15281.74,123780.43,328794.7,144.89,1207757.67,4099764.44,36631.76,623834.51,798034.41,40827.32,48350.96
Scenario 2,1601,6,Negative Shock,101,TRADING,134843.47,1193027.16,149588.67,268489.05,953620.96,904220.83,183096.4,473134.29,600506.74,861090.56,452922.28,301080.42,2851227.9,37389.72,379552.39,45329.78,289613.7,488045.67,376245.07,47136.23,103593.81,448921.74,310652.69,369990.24,78545.49,136100.91,146866.39,167902.44,94085.01,166180.92,130419.61,126142.69,159685.52,92726.71,159270.66,128165.52,105246.65,1149778.25,16661.25,15251.36,123782.75,328733.88,144.77,1206575.89,4090466.99,36693.27,624293.87,796148.98,40776.78,48364.31
Scenario 2,1602,6,Negative Shock,102,TRADING,134309.43,1191363.3,149429.62,267904.91,950762.68,902962.44,183071.73,472356.79,600716.37,860515.43,452813.78,300542.43,2854134.68,37338.36,379229.72,45336.32,288799.57,487189.55,374870.9,47084.44,103510.79,448260.86,310736.18,370055.7,78353.61,136117.0,146673.65,167524.63,93925.59,166012.67,130495.85,126097.74,159216.57,92733.12,159144.47,128028.48,105155.41,1147689.19,16595.55,15221.95,123415.53,328462.71,144.97,1204109.46,4084960.7,36682.95,623116.51,795907.67,40589.4,48267.9
Scenario 2,1603,6,Negative Shock,103,TRADING,133988.67,1190565.74,149211.49,267873.76,947686.26,901306.43,182910.91,471286.7,600256.78,859476.92,451801.46,300329.96,2852694.26,37294.92,378411.44,45342.87,288233.75,486660.35,374141.31,46942.7,103350.44,447517.22,309423.05,370141.76,78276.85,135861.9,146582.06,167210.5,93694.71,165813.06,130054.82,125895.76,158858.17,92524.37,159037.78,127914.07,105053.65,1147987.66,16556.74,15204.59,123233.67,327437.11,144.97,1200744.97,4081192.72,36619.09,620258.21,795030.43,40493.2,48248.7
Scenario 2,1604,6,Negative Shock,104,TRADING,133831.67,1187629.94,148896.16,267722.2,945875.45,901374.98,182711.18,469480.17,598749.21,860460.56,450291.64,300585.19,2848696.31,37235.66,377499.07,45349.41,287987.1,485775.42,373568.07,46815.37,103204.98,446964.23,308954.85,370141.73,78219.34,135593.78,146359.0,166851.61,93377.04,165736.71,129957.81,125839.67,158762.79,92283.99,158642.41,127763.94,104992.22,1146852.1,16534.43,15181.04,122672.73,327029.67,144.94,1197784.16,4073344.04,36483.1,619102.06,793601.8,40417.23,48264.58
Scenario 2,1605,6,Negative Shock,105,TRADING,133724.69,1185214.0,148601.87,267131.12,944988.87,896927.45,182460.6,468870.48,597422.62,858883.25,449453.26,300343.23,2839775.17,37189.29,376818.78,45355.95,287260.31,484670.79,372350.78,46742.67,103274.03,446645.23,307579.45,369502.17,78054.65,135289.05,146066.02,166594.15,93137.35,165503.57,130092.47,125707.81,158057.77,92099.3,158577.81,127472.46,104755.19,1145186.67,16520.37,15136.66,122724.91,326380.11,144.93,1197545.52,4072796.56,36502.34,618416.17,793134.08,40331.24,48208.89
Scenario 2,1606,6,Negative Shock,106,TRADING,133193.52,1183716.18,148288.32,266575.92,944959.4,896879.35,182337.38,468440.3,596380.97,856636.42,448326.37,299688.93,2833675.74,37132.82,375935.57,45362.49,286857.61,483604.0,372069.96,46723.51,103162.07,446574.64,307653.93,369023.42,77882.18,135367.92,145903.91,166357.89,92908.44,165402.77,130078.37,125330.4,157635.6,91961.0,158321.47,127503.23,104452.45,1141256.28,16492.12,15118.02,122368.96,326349.64,144.99,1197736.67,4064890.05,36473.52,617879.29,791308.18,40423.84,48276.31
Scenario 2,1607,6,Negative Shock,107,TRADING,133220.04,1180203.59,148095.82,266077.87,944936.8,896065.55,182376.07,468770.0,596537.11,857253.94,447295.59,300040.0,2834729.7,37064.06,375240.77,45369.03,286540.19,483237.29,371413.7,46641.53,103046.71,446199.35,307067.1,368335.28,77546.67,135207.18,145541.6,166049.45,92681.69,165134.35,129873.99,125083.36,157759.96,91786.08,157950.63,127061.86,104329.84,1138631.68,16469.99,15101.29,122305.57,326543.32,145.1,1195041.31,4064286.25,36366.48,615305.44,789642.7,40330.62,48245.05
Scenario 2,1608,6,Negative Shock,108,TRADING,133128.54,1178649.84,147642.85,266044.89,943619.37,896003.32,182244.5,466929.6,595307.47,856324.18,446884.06,300214.58,2830364.58,37015.21,374246.33,45375.57,285682.45,481980.73,370948.73,46587.75,102871.6,445141.8,305933.46,367347.2,77341.23,134986.67,145376.41,165570.3,92706.87,165010.08,129787.9,124981.16,157859.73,91571.41,157920.7,126925.45,104232.47,1137040.26,16426.14,15072.3,122310.44,326370.56,145.13,1194625.04,4061215.88,36344.32,614248.41,789698.51,40245.21,48270.35
Scenario 2,1609,6,Negative Shock,109,TRADING,133060.5,1177522.44,147417.56,266209.18,943866.85,897098.57,182130.34,466964.76,595337.32,855424.61,446445.13,299911.42,2821580.11,36890.2,373351.83,45382.11,284779.66,480396.22,370147.26,46661.76,102597.1,445339.0,305840.53,367169.58,77208.23,134693.65,145178.15,165515.99,92525.97,164753.76,129487.08,124883.46,157750.12,91583.5,157893.06,126904.68,104197.11,1134931.33,16374.27,15067.42,121833.77,326566.33,144.99,1193007.58,4056657.01,36328.69,613596.68,789005.41,40201.37,48280.02
Scenario 2,1610,6,Negative Shock,110,TRADING,132522.44,1173988.52,147212.24,265860.66,944270.1,895688.56,181768.0,465227.16,596020.34,855736.15,445525.6,299232.47,2821660.19,36779.03,373215.2,45388.65,284099.61,479618.19,369679.27,46678.81,102343.51,444165.19,305262.19,367081.76,76939.81,134534.94,145055.65,165290.82,92409.15,164489.52,129202.96,124553.13,157653.86,91335.46,157847.48,126743.42,104034.43,1134444.44,16336.17,15055.73,121734.78,325985.3,145.02,1193336.78,4056185.59,36229.48,612809.94,790284.08,40049.07,48198.65
Scenario 2,1611,6,Negative Shock,111,TRADING,132219.8,1172297.21,146960.37,265143.55,941019.85,892652.09,181553.82,464485.33,595440.09,855025.57,445195.94,298718.98,2811604.75,36775.1,372671.76,45395.19,283758.26,479244.55,368718.97,46598.81,102061.87,445191.28,304550.15,366514.31,76780.29,134342.63,144906.13,164944.32,92303.81,164285.67,129146.24,124498.63,157788.23,91052.92,157351.32,126348.87,103868.17,1133259.1,16292.75,15006.78,121190.2,324977.4,145.12,1191765.99,4054509.67,36239.23,612266.81,789532.79,39952.07,48256.22
Scenario 2,1612,6,Negative Shock,112,TRADING,131907.44,1171206.71,146662.84,264742.74,940426.83,889197.72,181546.41,464589.8,595395.36,853748.62,444770.86,298630.42,2803532.26,36731.86,371849.66,45401.74,283228.58,478499.34,368050.95,46459.36,101914.83,445587.15,304490.6,366229.7,76863.49,134186.05,144676.92,164609.4,92109.23,163780.78,128829.98,124279.97,157539.74,90867.93,157247.33,126050.63,103529.51,1133848.26,16241.77,14975.68,121186.12,324953.55,145.19,1191530.85,4051310.47,36165.9,613616.29,789582.97,39943.16,48257.97
Scenario 2,1613,6,Negative Shock,113,TRADING,131602.53,1171169.23,146232.1,264390.51,939577.53,888647.78,180696.33,464960.92,596494.59,853182.76,443530.72,298251.3,2803323.93,36665.38,371002.75,45408.28,282207.31,477738.68,367077.14,46437.25,101664.05,445635.95,303030.45,366000.86,76592.68,133891.46,144414.75,163967.96,91909.52,163821.52,128479.85,124073.07,157308.51,90787.16,157183.22,125493.1,103424.61,1131018.79,16214.9,14938.19,121310.27,324189.62,145.14,1190783.63,4039747.71,36095.91,613022.91,788683.78,39892.85,48220.54
Scenario 2,1614,6,Negative Shock,114,TRADING,131683.86,1168332.37,146016.71,263746.83,938427.93,888457.26,180093.08,464609.38,598128.66,853957.75,442879.1,297821.49,2800832.6,36587.33,370153.91,45414.82,281734.12,476722.47,366560.68,46455.72,101496.8,444736.1,302199.62,365147.58,76358.93,133911.08,144185.33,163347.8,91704.98,163375.35,128315.1,124089.41,157052.38,90670.9,157296.56,125199.49,103396.33,1128042.13,16142.79,14910.25,121212.39,324023.37,145.28,1190932.39,4035604.45,36028.79,611602.84,788994.67,39757.66,48048.99
Scenario 2,1615,6,Negative Shock,115,TRADING,131598.34,1165018.17,146032.44,263773.73,936358.42,888430.58,179750.66,463791.19,598489.63,852245.49,442699.02,297186.76,2799709.6,36532.59,369378.91,45421.36,281352.54,476290.2,365854.73,46282.54,101208.36,443955.31,301362.32,364625.12,76256.61,133836.92,144243.22,162658.74,91411.06,163024.14,128338.45,123977.79,156881.98,90494.36,156917.85,124734.37,103308.56,1128922.6,16094.29,14897.82,120781.67,323706.27,145.25,1188585.84,4030323.03,35985.22,610128.01,788002.35,39705.1,47956.07
Scenario 2,1616,6,Negative Shock,116,TRADING,131521.82,1163363.91,145823.55,263157.39,934396.49,887293.51,179368.73,463518.75,597009.59,852553.73,441501.31,296353.98,2798933.75,36472.62,368890.4,45427.9,281536.72,475422.32,365317.49,46264.14,101137.64,442842.04,300583.3,363649.88,76163.98,133581.95,143871.85,162273.21,91269.64,162721.27,128051.54,123786.8,156782.38,90350.76,156607.51,124542.4,103030.69,1127224.69,16070.62,14860.68,120558.68,323053.77,145.24,1189084.36,4028616.98,35953.09,609170.88,787055.52,39563.96,47980.61
Scenario 2,1617,6,Negative Shock,117,TRADING,131034.06,1160768.28,145644.48,262903.63,933943.78,886648.67,179245.37,462872.2,597181.63,852592.1,440386.11,295500.39,2788753.77,36367.93,367693.33,45434.44,280986.31,474489.26,365086.48,46144.47,100952.86,442206.29,300060.46,361986.87,76016.69,133450.14,143723.34,162317.33,91095.3,162342.77,127889.1,123766.99,156614.91,90330.5,156207.0,124102.18,102864.09,1128545.19,16010.99,14842.11,120535.12,322487.55,145.23,1187633.19,4025211.3,35889.77,607764.52,784905.78,39490.52,47885.19
Scenario 2,1618,6,Negative Shock,118,TRADING,130867.37,1159040.29,145312.85,262268.43,932932.12,887595.13,179250.41,461626.73,596121.29,853518.37,439383.09,295139.37,2787425.7,36378.81,366926.83,45440.98,280617.86,472996.78,364258.15,46059.89,100785.57,441945.1,300134.21,361742.92,75932.2,133204.93,143328.01,161623.14,91055.5,162140.05,127686.91,123769.33,156475.68,90323.46,155688.58,124026.47,102660.14,1126894.18,15999.54,14816.65,120656.12,321777.52,145.23,1187672.39,4026771.85,35834.44,607364.71,784116.36,39443.67,47770.38
Scenario 2,1619,6,Negative Shock,119,TRADING,130402.12,1157595.79,144745.81,261586.74,931452.2,886137.1,179243.43,461660.46,596499.78,850685.94,438867.19,294092.4,2787246.77,36326.71,366212.86,45447.52,280473.31,472806.08,364345.84,46115.8,100485.52,442581.11,298789.32,361436.02,76022.1,133202.11,142866.18,161234.74,91005.77,162092.34,127469.99,123632.43,156102.99,90121.9,155587.04,123832.3,102660.03,1124377.46,15944.29,14793.58,120711.58,321547.06,145.32,1184961.01,4021708.85,35860.85,607248.34,784049.33,39267.08,47779.39
Scenario 2,1620,6,Negative Shock,120,TRADING,130376.49,1154654.34,144424.27,260783.41,929910.41,883897.06,178914.32,461096.12,596561.43,849799.0,437432.55,293748.24,2791650.65,36344.88,365593.15,45454.06,280016.06,472259.4,364428.6,46130.64,100406.63,441109.54,297982.31,361921.13,75912.46,132937.24,142788.03,160962.25,90918.4,162012.2,126864.49,123547.04,156063.51,90159.74,155601.11,124083.76,102385.6,1123342.26,15930.31,14772.49,120699.22,320357.9,145.37,1182677.95,4014507.18,35695.58,606861.0,783140.6,39174.23,47731.77
Scenario 2,1621,6,Negative Shock,121,TRADING,130263.33,1153014.66,144103.58,260548.9,928850.5,881995.57,178664.75,460288.03,595693.56,848610.33,437284.93,292619.28,2785048.39,36274.5,365218.63,45460.61,279889.69,471876.16,363362.01,46147.45,100178.86,440313.59,297141.42,361784.67,75821.62,132702.59,142642.34,160904.58,90822.71,161981.67,126476.97,123422.19,155415.77,90041.27,155268.61,124005.66,102124.29,1122662.85,15896.76,14766.57,120737.23,319687.75,145.34,1182843.87,4004713.13,35644.45,606306.55,782072.46,39010.73,47741.39
Scenario 2,1622,6,Negative Shock,122,TRADING,130060.92,1151321.1,143875.44,260044.55,926937.25,882127.02,177984.89,459871.63,595292.47,848089.43,437145.71,292662.4,2784262.74,36228.7,364527.75,45467.15,279264.47,470874.3,362580.39,46038.43,100091.48,440871.62,295903.4,361436.4,75786.96,132670.86,142558.08,160609.83,90641.32,162029.17,126183.98,123352.16,154976.34,89987.46,154938.85,124045.68,101669.77,1122022.16,15870.06,14738.07,120383.39,319572.18,145.38,1182799.66,4000228.67,35580.58,606351.01,780130.69,38910.34,47786.01
Scenario 2,1623,6,Negative Shock,123,TRADING,129996.17,1149664.56,143740.84,259592.83,926019.03,879708.4,177388.18,459139.11,594927.57,848174.63,436129.86,292651.77,2788085.44,36168.58,364029.45,45473.69,279041.76,469881.0,361924.71,46010.15,99969.41,440789.1,295210.45,360683.89,75684.88,132691.14,142011.04,160176.88,90520.15,161888.43,125859.12,123229.23,154719.91,90095.36,154880.09,123773.41,101423.92,1120198.57,15834.98,14734.02,120406.57,319115.24,145.3,1183216.75,3996845.24,35491.1,604515.6,779116.13,38845.18,47819.0
Scenario 2,1624,6,Negative Shock,124,TRADING,129980.71,1147001.87,143816.48,259389.89,923368.46,879184.16,177110.32,459078.59,595276.47,846097.53,436041.87,292276.67,2778190.46,36110.18,363533.55,45480.23,278241.51,469489.18,361546.5,45953.84,99913.85,440513.58,294465.66,360119.82,75632.31,132519.02,141863.05,160226.95,90392.42,161452.01,125634.68,123116.01,154553.12,89922.52,154746.97,123469.1,101231.05,1120400.17,15813.0,14693.69,120294.96,318792.18,145.39,1181191.5,3990374.28,35415.98,604059.34,777393.92,38776.34,47755.82
Scenario 2,1625,6,Negative Shock,125,TRADING,129661.65,1146617.1,143694.66,258957.86,922700.24,878295.82,176826.51,458696.28,594453.37,844792.99,434501.61,292110.08,2779050.79,36072.22,362902.01,45486.77,278088.41,468214.97,360392.27,45897.54,99685.84,440364.25,293540.38,359713.87,75641.29,132042.44,141558.04,159330.73,90386.43,160965.54,125555.72,122907.53,154376.72,89854.47,154822.31,123067.13,101139.82,1118965.88,15770.39,14667.49,120234.6,318251.67,145.45,1180467.22,3984194.23,35359.21,604040.39,775538.94,38730.65,47704.21
Scenario 2,1626,6,Negative Shock,126,TRADING,129279.56,1145684.79,143664.72,258633.96,921542.76,877447.8,176495.52,458626.94,593774.68,843813.37,433783.71,291998.33,2779688.64,36001.93,362684.35,45493.31,277585.4,467622.43,359859.71,45873.26,99452.75,440391.61,292853.08,359525.58,75480.01,131791.2,141054.83,158934.62,90293.25,161024.4,125265.57,122835.96,153966.38,89628.05,154749.23,122908.87,100705.58,1118870.75,15739.56,14657.8,120087.53,317952.6,145.43,1179475.87,3976375.6,35280.3,602887.23,775838.01,38581.6,47745.59
Scenario 2,1627,6,Negative Shock,127,TRADING,129099.73,1142140.21,143511.19,258223.33,919787.75,876202.17,176539.45,457751.17,593797.34,842710.13,432830.73,291593.65,2776715.18,35986.86,361399.73,45499.85,276925.09,466766.41,358748.11,45751.27,99207.7,440219.48,292859.73,358754.36,75479.22,131419.19,141115.01,158492.11,90034.92,160701.14,124818.15,122744.53,153729.49,89397.8,154227.79,122279.71,100327.03,1117218.03,15703.31,14616.04,119672.43,318017.65,145.49,1176487.0,3968782.02,35137.26,602225.41,775242.37,38524.13,47665.84
Scenario 2,1628,6,Negative Shock,128,TRADING,128872.37,1140728.71,143161.86,257747.25,916968.87,874680.57,176218.15,457241.5,594714.01,840779.32,431900.29,290909.13,2763576.98,35896.98,360466.22,45506.39,276430.21,465542.83,358289.98,45744.81,99027.98,438794.41,292679.95,358489.99,75388.22,131230.92,141030.04,158201.36,89787.12,160659.1,124548.22,122783.92,153479.15,89472.63,154030.34,122050.11,100147.45,1113031.81,15703.22,14582.41,119298.52,317844.04,145.55,1176344.74,3960125.89,35062.35,601138.4,773970.77,38466.32,47641.02
Scenario 2,1629,6,Negative Shock,129,TRADING,128885.97,1137874.65,143107.01,257396.81,916184.26,874098.46,176147.59,457145.01,594731.18,840196.88,430673.58,290698.95,2763540.58,35833.81,359542.24,45512.93,276061.43,465303.49,357759.25,45743.11,98938.4,437694.28,291884.33,357737.46,75130.23,130792.47,140722.19,158124.5,89516.05,160261.32,124478.08,122678.02,153329.25,89382.66,153706.52,121937.24,99876.71,1110389.0,15662.13,14586.03,119033.2,317402.8,145.53,1176996.07,3954373.47,34983.71,600451.71,772679.48,38409.62,47644.48
Scenario 2,1630,6,Negative Shock,130,TRADING,128778.06,1137579.69,142719.98,257351.46,915296.25,874114.24,175808.79,455706.3,593250.68,840171.97,429098.13,290295.57,2759507.63,35790.13,359386.7,45519.48,276124.72,464352.68,356820.64,45705.94,98705.29,436599.77,291465.94,357426.51,75029.51,130531.06,140396.83,157920.41,89258.72,160054.33,124216.97,122426.45,153088.13,89267.73,153338.14,121695.49,99630.77,1109367.51,15633.73,14549.77,118902.07,316871.12,145.49,1176275.65,3952525.71,34929.97,599784.25,768057.62,38345.18,47625.84
Scenario 2,1631,6,Negative Shock,131,TRADING,128353.88,1135499.75,142362.54,256866.02,914556.56,873648.02,175647.54,455382.79,593484.7,838966.54,427742.86,289701.76,2753742.89,35717.05,358391.64,45526.02,275917.01,463058.63,355834.17,45610.83,98420.42,436689.92,290279.18,356836.04,75014.76,130241.2,140164.23,157313.02,89152.53,160023.7,124126.6,122338.69,152956.54,89254.24,152936.59,121533.08,99313.81,1109808.31,15621.77,14537.93,118807.92,316564.16,145.62,1176411.04,3945972.45,34843.55,598796.99,766846.01,38327.54,47628.26
Scenario 2,1632,6,Negative Shock,132,TRADING,128311.85,1133734.73,141935.4,256251.51,912485.32,874348.65,175387.44,454710.52,591524.57,837089.94,427121.85,289256.8,2748107.34,35666.06,358042.39,45532.56,275719.75,461877.04,355113.77,45539.67,98310.61,435740.14,290319.4,356332.97,74882.56,130104.15,139785.54,156920.03,89052.76,159932.21,123982.89,122226.86,152717.36,89204.28,152930.76,121646.79,99129.48,1108979.79,15605.52,14523.44,118863.96,316442.82,145.72,1176411.4,3942496.09,34730.78,598321.64,764668.42,38326.82,47687.72
Scenario 2,1633,6,Negative Shock,133,TRADING,127963.1,1131554.62,141728.91,255849.99,912416.21,875126.29,174736.5,453432.23,590935.46,837009.49,425909.89,289192.87,2744308.71,35616.02,357344.33,45539.1,274972.27,461600.61,354692.16,45548.95,98331.65,435334.34,288731.58,355258.22,74677.8,130042.79,139419.43,156514.35,88821.33,159951.5,123877.96,122066.19,152546.51,89048.67,152752.42,121526.28,98806.63,1109219.05,15526.2,14512.99,118570.21,315720.67,145.74,1173803.74,3937394.73,34646.24,596589.91,762068.14,38275.22,47663.85
Scenario 2,1634,6,Negative Shock,134,TRADING,127809.04,1130444.9,141648.84,255542.29,910421.53,873627.41,174911.07,452220.55,589326.41,835842.89,424461.61,288910.24,2741967.64,35548.73,356544.88,45545.64,274085.71,460327.67,354975.46,45455.94,98052.76,435787.74,288458.63,355566.95,74454.85,130004.05,139213.71,156180.44,88749.82,159751.11,123689.76,121820.29,152344.38,89064.38,152869.39,121506.32,98631.94,1109043.86,15509.56,14476.6,118423.63,314408.97,145.73,1171153.42,3935169.06,34577.81,595676.17,760377.63,38201.15,47668.05
Scenario 2,1635,6,Negative Shock,135,TRADING,127534.14,1127388.35,141621.67,255106.92,908567.21,870898.97,174761.6,451239.86,588225.34,835984.7,424122.57,288147.76,2738131.17,35449.85,355717.88,45552.18,273638.1,459492.87,354884.77,45370.64,97981.89,435294.47,288066.09,355040.02,74317.28,129857.15,138959.61,156180.83,88480.06,159660.08,123287.47,121752.9,152191.87,88988.9,153184.72,121322.68,98434.7,1108835.8,15481.01,14464.31,118440.7,313984.67,145.82,1169913.07,3928270.42,34439.0,594855.69,759295.64,38149.5,47667.25
Scenario 2,1636,6,Negative Shock,136,TRADING,127259.79,1125578.32,141071.78,254954.48,908315.42,869491.63,174554.77,449968.7,587092.09,834930.62,423789.7,287477.64,2742069.71,35333.3,354704.58,45558.72,272978.55,458530.54,354337.18,45338.98,97783.31,434551.49,287078.19,354093.87,74195.94,129707.01,138735.96,155761.25,88411.36,159113.36,123058.55,121666.55,152125.61,89047.85,152702.88,120727.43,98144.28,1108720.15,15425.24,14434.84,118375.17,313534.82,145.82,1170082.04,3924897.56,34376.34,593081.35,757612.26,38114.05,47651.7
Scenario 2,1637,6,Negative Shock,137,TRADING,126668.63,1124879.87,140814.46,254686.34,906498.61,868380.55,174137.25,449678.87,587758.53,834970.12,422997.21,287052.75,2743080.87,35278.88,353810.94,45565.26,272172.94,457585.44,353896.43,45269.32,97616.87,433989.26,286472.41,354197.32,74078.35,129442.17,138564.89,155599.62,88147.59,158829.62,122684.69,121590.21,151820.05,88863.18,152193.86,120562.71,97940.23,1107599.54,15344.33,14418.77,118467.38,312613.92,145.73,1167371.06,3924005.39,34323.01,593385.83,755679.49,38060.07,47606.15
Scenario 2,1638,6,Negative Shock,138,TRADING,126279.63,1122885.03,140445.21,254462.56,905418.42,869615.61,173668.34,449384.6,586073.38,832585.84,422924.73,286408.79,2743866.53,35238.87,353312.19,45571.8,271887.38,457019.03,353119.39,45157.07,97490.33,432486.98,286141.8,352667.59,73994.76,129169.56,138422.88,155479.6,87953.83,158502.9,122359.84,121687.86,151420.64,88708.14,152043.99,120095.55,97951.71,1106390.88,15283.28,14404.59,118245.05,311891.57,145.76,1166039.6,3927859.27,34225.04,591863.86,755820.38,38045.34,47577.97
Scenario 2,1639,6,Negative Shock,139,TRADING,126221.68,1117426.11,140288.8,254216.91,905082.45,869667.21,173209.32,448416.43,585082.17,831548.61,422918.5,285688.98,2743446.76,35141.68,352311.41,45578.34,271662.33,456506.9,352306.4,45108.23,97462.68,432042.79,284908.8,352649.16,73933.08,128743.52,137991.11,155122.36,87560.44,158409.92,122277.47,121576.88,151706.04,88506.2,152015.68,119807.6,97600.38,1105904.63,15261.62,14375.2,118298.33,311105.13,145.83,1163698.35,3926183.61,34206.62,590462.92,753979.23,37926.58,47470.77
Scenario 2,1640,6,Negative Shock,140,TRADING,126210.08,1113714.05,140043.57,253485.3,903736.92,868015.82,172804.54,447273.33,584169.51,829296.37,421969.8,284963.29,2739992.73,35046.5,351815.72,45584.89,271582.13,454927.7,351283.32,45069.71,97272.65,431863.54,283898.52,352795.62,73846.85,128470.82,137731.15,154769.0,87566.23,158380.66,122145.71,121267.0,151276.79,88418.25,151940.09,119564.22,97689.17,1105718.97,15230.22,14346.51,118266.08,311065.57,145.85,1163096.01,3922942.81,34119.25,589475.58,753039.95,37920.26,47237.13
Scenario 2,1641,6,Negative Shock,141,TRADING,126163.55,1111547.65,140035.04,253313.72,901141.12,868169.94,172675.23,447041.13,583608.13,827693.08,420888.31,284288.82,2739229.35,34984.83,351607.86,45591.43,271099.76,454104.48,350281.37,45041.79,97243.92,431114.74,283607.91,352671.08,73769.16,128230.42,137398.92,154315.51,87364.33,158152.17,121863.34,120988.97,150998.44,88309.33,151484.19,118988.68,97727.4,1102717.35,15188.22,14341.48,118503.08,311246.92,145.93,1161521.99,3927753.13,34026.28,588691.48,752011.9,37845.79,47184.94
Scenario 2,1642,6,Negative Shock,142,TRADING,126059.7,1110120.42,139968.59,252825.96,900491.56,868362.08,172547.65,446597.79,582908.42,829388.74,419643.08,284197.47,2730813.99,34902.46,350748.15,45597.97,270962.25,452737.8,349732.64,44992.27,97024.12,430839.59,282708.29,352458.59,73725.0,128059.55,136944.7,154051.93,87072.2,157876.77,121629.54,121047.24,150788.65,88374.18,151232.93,118785.81,97378.93,1102511.11,15182.44,14321.68,118198.22,310265.84,145.97,1160239.57,3927476.03,33957.64,588423.43,751391.99,37804.51,47144.05
Scenario 2,1643,6,Negative Shock,143,TRADING,125801.04,1108563.37,139628.18,252407.75,899389.86,867947.71,172367.85,446638.92,582691.7,830904.78,418872.38,283779.53,2724550.53,34899.65,349574.75,45604.51,270755.77,451908.86,348973.64,44874.17,96799.29,429739.93,281942.32,352643.37,73667.2,127954.07,136751.22,153619.95,86874.8,157530.64,121446.54,120782.07,150531.37,88273.93,151238.41,118517.95,97242.9,1103020.05,15115.04,14305.41,118296.68,310187.56,146.05,1158014.24,3924309.44,33929.81,586664.11,750628.77,37774.32,47040.49
Scenario 2,1644,6,Negative Shock,144,TRADING,125648.9,1105973.64,139769.16,251691.64,899268.57,866725.65,172303.29,445341.5,582150.2,830845.71,418034.49,283531.65,2722911.55,34836.83,348763.72,45611.05,270543.21,452110.46,348270.42,44815.08,96708.02,429394.74,280568.34,353382.96,73627.45,127656.69,136444.46,153233.42,86606.47,157466.87,121013.96,120429.16,149933.38,88214.9,151218.06,118315.1,96827.86,1099949.95,15083.88,14266.04,118159.98,309816.49,146.18,1156995.68,3912886.62,33852.64,587038.37,747667.77,37698.09,47030.19
Scenario 2,1645,6,Negative Shock,145,TRADING,125457.99,1103973.27,139458.7,251348.39,898410.91,866240.43,172007.55,444779.36,582383.63,830889.24,416801.94,283364.64,2722505.74,34805.82,347884.23,45617.59,270298.77,451023.07,347421.17,44835.72,96566.34,429075.95,280325.66,352872.45,73486.32,127465.17,136278.17,152921.43,86519.84,157322.16,120709.44,120377.23,149759.91,87946.54,150946.82,118052.33,96803.42,1099539.61,15043.35,14252.88,118344.9,309437.68,146.31,1156417.68,3900351.94,33825.24,585805.2,744919.36,37729.57,46979.34
Scenario 2,1646,6,Negative Shock,146,TRADING,125376.31,1100215.33,139229.52,250912.18,897824.22,866387.09,171982.5,443505.73,581603.34,829670.69,415797.01,282921.56,2727502.45,34663.58,347160.14,45624.13,269849.61,450135.42,346903.09,44757.27,96407.49,427972.01,279557.97,352057.72,73406.31,127433.69,135920.41,152516.46,86234.25,157143.44,120403.23,120102.04,149664.19,87698.64,150837.14,117985.64,96616.35,1097597.21,15049.44,14234.79,118283.11,308667.77,146.38,1154731.07,3886675.97,33749.83,584706.5,745812.16,37644.46,46922.84
Scenario 2,1647,6,Negative Shock,147,TRADING,125046.68,1097352.51,139042.0,250338.55,895835.36,863795.14,171780.42,443259.01,580262.73,826604.25,414290.02,282513.48,2719604.63,34555.57,347075.41,45630.67,269778.74,449680.41,346505.5,44714.36,96275.01,427442.49,279275.73,351087.57,73178.16,127014.38,135907.4,152081.34,86029.56,156865.38,120171.44,119743.91,149599.24,87691.95,150510.69,117791.21,96227.34,1094489.61,15037.27,14224.32,118005.56,308073.24,146.4,1152361.87,3882610.64,33663.99,583826.44,743252.56,37601.53,46828.93
Scenario 2,1648,6,Negative Shock,148,TRADING,125119.69,1095650.98,138843.1,249726.85,893806.13,859872.18,171252.88,443563.25,579145.25,825442.08,413687.87,281715.75,2711517.12,34499.22,345863.63,45637.21,269124.3,448540.72,346416.03,44619.51,95948.22,425813.43,279311.41,350334.74,72970.84,126572.86,135178.11,151693.02,85759.15,156740.21,119650.99,119306.78,149206.67,87669.6,150151.98,117787.49,95805.56,1092893.32,15018.06,14209.76,117961.06,307640.17,146.43,1147288.63,3874901.12,33608.77,582373.87,742072.47,37571.0,46676.76
Scenario 2,1649,6,Negative Shock,149,TRADING,124734.88,1092936.74,138362.64,248885.82,893039.86,857740.61,171353.89,442772.48,577836.1,824087.79,411599.93,280890.22,2709465.31,34382.31,344927.09,45643.76,268874.09,447772.41,345642.64,44525.5,95791.4,424436.08,278673.93,350543.69,72872.44,126123.29,134848.92,151592.03,85623.35,156625.04,119488.8,118972.85,149087.55,87460.94,149706.65,117815.25,95492.4,1091934.75,14983.47,14206.05,117573.41,307250.75,146.6,1144762.79,3863730.84,33546.11,581170.83,740096.58,37515.9,46554.33
Scenario 2,1650,6,Negative Shock,150,TRADING,124537.63,1090110.47,137984.5,248353.75,891002.74,854162.01,170869.65,442197.49,577144.13,822378.28,411020.22,280558.71,2694572.29,34331.94,344340.41,45650.3,268354.74,446775.14,345435.8,44407.68,95646.66,424171.98,277981.24,349702.15,72843.71,125793.27,134690.75,151533.86,85367.23,156092.02,119178.91,118499.92,148608.36,87351.42,149346.13,117560.81,95018.78,1088401.61,14945.28,14194.07,117028.88,307222.12,146.67,1141384.48,3857201.44,33470.7,580986.4,737687.79,37379.52,46508.58
Scenario 2,1651,6,Negative Shock,151,CIRCUIT_BREAKER,124146.94,1087436.41,137885.3,248265.17,889834.14,852282.54,170760.83,441473.82,575829.89,822518.05,410952.7,279873.82,2686220.61,34266.13,344021.27,45656.84,267960.87,446184.21,344258.87,44256.97,95481.65,423279.16,278031.99,349143.03,72552.6,125358.39,134102.69,151269.1,85341.8,155945.0,119060.45,118178.68,148687.85,87176.3,149478.24,116872.08,94795.76,1086926.9,14929.07,14171.17,116595.56,307170.1,146.8,1137567.71,3849222.82,33349.44,580065.69,735388.98,37243.46,46411.01
Scenario 2,1652,6,Negative Shock,152,CIRCUIT_BREAKER,123865.93,1086919.93,137518.99,247630.38,888408.71,848977.06,170299.97,441378.56,573491.69,821457.86,409622.4,278989.26,2677251.85,34216.39,343673.95,45663.38,267274.6,445468.64,343017.01,44185.27,95320.33,422413.58,277530.53,347688.63,72379.26,125002.08,133797.16,151037.3,85119.34,155543.53,118819.66,117842.02,148266.11,86888.14,149027.43,116717.9,94599.64,1084700.22,14928.85,14171.85,116348.15,306148.14,146.82,1133855.41,3837699.0,33265.31,578234.0,733256.38,37268.38,46164.18
Scenario 2,1653,6,Negative Shock,153,CIRCUIT_BREAKER,123769.97,1084140.22,137232.57,246761.68,884732.53,847836.81,170151.67,441007.35,572941.5,819573.24,408090.23,278476.31,2667733.05,34167.77,343347.41,45669.92,266962.13,445220.55,342512.09,44107.55,95269.11,421362.14,276723.88,346945.16,72285.84,124656.71,133679.35,150632.33,84763.43,155140.19,118499.65,117522.32,147780.62,86968.35,148574.91,116653.36,94477.14,1083856.68,14921.52,14143.89,116162.91,305257.74,146.77,1131163.81,3836538.36,33196.73,576553.59,733457.83,37140.02,46051.51
Scenario 2,1654,6,Negative Shock,154,CIRCUIT_BREAKER,123310.04,1082792.15,136988.97,246520.12,882323.17,846411.69,169745.23,440174.23,571994.92,816536.41,407357.95,277767.59,2663648.04,34106.63,342827.42,45676.46,266567.34,445014.62,341642.15,43974.0,95093.92,420105.66,275953.22,347303.88,72058.43,124336.11,133290.22,150209.83,84564.28,154726.45,118125.38,117281.78,147224.91,86718.18,148439.02,116359.76,94591.28,1081681.82,14898.98,14123.13,115827.05,304223.67,146.74,1128717.23,3817823.56,33119.15,575799.42,732965.24,37057.06,46038.73
Scenario 2,1655,6,Negative Shock,155,CIRCUIT_BREAKER,123039.45,1080338.98,136638.32,246030.98,878345.04,842555.11,169077.03,439458.23,571945.77,814784.29,407566.45,277085.3,2657778.89,34007.69,342230.43,45683.0,266123.98,444382.87,340668.24,43945.64,94849.0,419420.68,275357.81,346327.32,71969.11,124001.17,133071.63,149723.15,84400.93,154534.89,118142.07,117141.58,146528.56,86584.04,148020.62,116127.7,94432.65,1077810.68,14891.14,14103.65,115592.79,302837.17,146.75,1124738.0,3799560.37,33025.51,575053.64,732783.03,36946.44,45923.37
Scenario 2,1656,6,Negative Shock,156,CIRCUIT_BREAKER,122792.24,1076655.1,136404.51,245230.98,876703.76,842833.42,168566.35,438797.39,570333.5,811912.53,406610.04,277032.62,2656050.38,33898.7,341586.84,45689.54,265713.92,443604.55,339711.34,43847.75,94737.68,418678.53,274260.37,345439.65,71789.09,123654.8,132698.67,149466.69,84263.21,154254.75,117986.16,116741.97,146180.63,86394.94,147715.05,115636.36,94209.35,1075870.53,14869.0,14079.64,115018.85,302647.0,146.79,1123625.21,3788671.87,32933.19,573624.27,731770.73,36953.64,45792.61
Scenario 2,1657,6,Negative Shock,157,CIRCUIT_BREAKER,122508.05,1075498.31,136370.08,244798.7,873736.19,840934.71,168225.82,438251.75,570142.78,808535.66,405719.66,276287.54,2650088.33,33803.23,341347.07,45696.08,264861.29,442656.8,339122.05,43745.54,94626.55,417779.68,273239.43,344542.58,71638.86,123185.71,132408.33,149271.32,84192.53,153655.12,117606.08,116517.71,145876.47,86192.26,146998.77,115344.58,94172.61,1074412.97,14830.01,14049.39,114809.31,301964.66,146.88,1118949.68,3770784.28,32845.6,572819.62,731575.53,36894.18,45738.43
Scenario 2,1658,6,Negative Shock,158,CIRCUIT_BREAKER,122579.72,1074328.51,136144.57,244216.73,872322.88,839818.77,167907.67,436355.41,568998.5,806233.46,404748.88,275859.67,2645418.22,33737.55,341011.73,45702.63,264794.08,441141.22,339124.56,43730.82,94419.46,417448.82,273043.99,343834.47,71536.44,122777.32,131948.78,148827.99,84103.18,153373.96,117520.93,116223.47,145339.02,86082.39,146613.89,115009.01,93976.78,1071739.7,14810.34,14043.86,114703.5,301027.02,146.88,1116766.49,3763014.94,32783.17,572845.51,729848.88,36825.94,45609.01
Scenario 2,1659,6,Negative Shock,159,CIRCUIT_BREAKER,122190.0,1072040.05,135812.64,243659.64,870949.7,836578.28,167722.52,435256.1,566687.58,805175.87,403668.18,275310.55,2632358.8,33630.88,340261.02,45709.17,264419.74,439977.96,338941.72,43730.73,94045.27,416759.63,272907.49,342909.36,71302.36,122618.31,131767.9,148600.13,84052.13,153035.91,117300.99,115905.98,145375.04,85899.8,146327.71,114800.09,93831.09,1070378.03,14773.8,14031.97,114459.31,300334.59,146.99,1114457.51,3751296.15,32768.06,572212.48,728502.23,36796.76,45510.34
Scenario 2,1660,6,Negative Shock,160,CIRCUIT_BREAKER,121843.34,1070526.24,135427.02,242930.76,868105.13,836203.57,167270.74,435115.84,564976.18,804184.39,403258.97,275019.53,2625210.62,33586.09,339806.03,45715.71,263747.32,438977.0,338125.24,43593.91,93816.81,415167.59,272385.83,342114.81,71246.84,122237.19,131509.84,148316.54,83790.63,152662.74,116884.7,115502.1,145028.18,85774.7,145726.9,114578.24,93588.76,1069454.42,14762.14,14033.01,113766.91,299336.71,146.91,1112130.42,3739107.64,32706.11,571038.37,726010.17,36763.64,45386.32
Scenario 2,1661,6,Negative Shock,161,CIRCUIT_BREAKER,121472.86,1068695.41,135243.88,242197.72,867805.06,832142.82,167054.03,434023.45,563246.56,801389.79,402315.12,273942.72,2617782.88,33510.88,339281.73,45722.25,262797.91,438115.41,337893.98,43487.29,93599.48,414294.4,272821.82,340652.75,71221.35,121953.2,131380.06,148170.96,83684.42,152490.68,116683.57,115243.1,144633.29,85628.47,145329.26,114392.23,93473.96,1067330.49,14746.68,14018.6,113371.98,299031.02,147.02,1108877.55,3731823.49,32667.07,570390.66,724844.78,36660.84,45320.29
Scenario 2,1662,6,Negative Shock,162,CIRCUIT_BREAKER,121546.0,1066200.54,135101.34,241747.36,866539.86,828995.41,166913.55,433631.89,561448.83,800988.12,400874.0,273076.69,2610792.92,33451.59,338972.73,45728.79,261535.41,437020.52,336975.42,43374.32,93401.59,413108.21,272815.95,339848.72,71116.27,121512.21,131148.52,148130.66,83533.21,152177.29,116437.71,114965.15,144247.04,85513.84,145405.76,114074.42,93261.34,1063750.16,14747.14,14005.34,113324.19,298591.87,147.11,1104615.36,3725114.57,32602.22,569496.77,723251.62,36611.17,45178.81
Scenario 2,1663,6,Negative Shock,163,CIRCUIT_BREAKER,121007.5,1065447.94,134745.4,240976.32,865196.84,828834.59,166879.01,432089.95,560695.14,798376.03,400296.02,273198.81,2599142.83,33370.37,338078.49,45735.33,261177.72,436229.98,336098.06,43222.4,93172.46,411968.14,271804.21,338815.01,70880.97,121365.17,130930.97,148178.56,83487.94,151909.42,116472.21,114697.07,143902.81,85422.41,145023.87,113627.14,93132.15,1062760.38,14720.61,13978.05,113094.03,298511.08,147.08,1102500.98,3726697.96,32524.83,567644.69,721668.72,36491.66,45043.43
Scenario 2,1664,6,Negative Shock,164,CIRCUIT_BREAKER,120906.11,1062866.15,134233.6,240554.8,861865.19,826373.94,166110.76,431601.41,560303.43,794365.36,399977.33,272468.36,2585496.73,33330.56,337228.94,45741.87,260950.29,435567.4,335949.92,43115.05,92962.68,411111.3,272517.54,337869.45,70728.34,121195.96,130639.25,147694.24,83203.71,151742.18,116137.0,114267.03,143559.13,85392.4,144698.65,113462.02,93015.75,1059000.57,14704.12,13942.72,112613.35,298370.94,147.04,1099410.73,3718103.56,32509.06,565455.68,720557.67,36467.96,44972.76
Scenario 2,1665,6,Negative Shock,165,CIRCUIT_BREAKER,120534.35,1060535.29,133877.29,240047.09,858919.75,822313.35,165878.14,430361.82,557423.02,791064.15,399210.5,271466.11,2589560.06,33235.02,336203.09,45748.41,260955.59,434471.83,334659.52,43006.85,92789.91,409883.98,271957.63,336827.81,70462.55,120924.51,130455.03,147390.11,82921.49,150974.46,115953.83,113884.73,143311.94,85301.99,144479.07,113366.34,93001.28,1056820.98,14656.33,13911.12,111981.8,297796.56,147.02,1096208.06,3705157.22,32461.59,564295.67,719270.91,36354.05,44865.7
Scenario 2,1666,6,Negative Shock,166,CIRCUIT_BREAKER,120371.84,1059149.78,133630.86,239537.13,858367.54,819577.65,165923.09,428989.96,555847.85,791142.67,397574.53,270874.15,2587230.15,33172.15,335493.21,45754.95,260724.92,433473.01,333348.98,42959.46,92625.98,408600.21,272115.32,335636.93,70225.16,120752.37,129964.53,147157.75,82870.64,150652.18,115708.33,113724.86,142995.81,85100.78,144052.22,113066.14,92761.32,1056215.91,14634.72,13908.52,111880.95,297689.84,147.08,1094915.48,3693681.73,32421.08,562556.67,717017.93,36296.3,44788.27
Scenario 2,1667,6,Negative Shock,167,CIRCUIT_BREAKER,119939.99,1056056.14,133333.04,238943.8,856535.03,817831.77,165727.36,428535.1,554786.23,790530.72,396430.77,269953.18,2585563.54,33104.78,334307.04,45761.5,260459.28,431931.02,332700.39,42864.65,92337.81,407416.71,271653.42,334514.19,70114.12,120430.84,129774.15,146984.76,82702.71,150367.37,115701.53,113375.31,142882.21,85022.98,143987.07,112679.43,92566.82,1055721.24,14588.2,13881.99,111738.29,296616.1,147.14,1093055.31,3685302.72,32350.49,562031.98,714638.7,36276.42,44682.07
Scenario 2,1668,6,Negative Shock,168,CIRCUIT_BREAKER,119751.78,1053360.72,133180.08,238087.56,854593.27,815367.15,165481.21,427574.94,553232.1,788785.73,395779.92,268829.46,2575773.83,33064.2,333756.36,45768.04,259559.12,431263.26,331595.32,42670.93,92215.55,406867.51,271453.69,333614.08,69822.03,120072.03,129513.65,146652.02,82626.59,150267.7,115595.08,113009.91,142419.67,84776.67,143791.35,112589.4,92492.19,1055414.81,14553.17,13854.78,111555.9,296017.69,147.22,1089000.55,3681049.65,32262.89,561194.19,712717.49,36133.5,44600.11
Scenario 2,1669,6,Negative Shock,169,CIRCUIT_BREAKER,119288.23,1049888.47,132912.75,237708.46,853100.81,812579.4,165085.99,427739.23,551336.64,787219.83,394332.37,268807.11,2563204.93,33043.15,333260.36,45774.58,258680.46,429803.94,331271.48,42586.94,92065.36,405959.51,270954.44,333206.64,69640.11,119823.73,129016.47,146723.15,82432.86,150024.92,115401.61,112643.41,142540.96,84706.5,143460.77,112103.55,92420.9,1052454.61,14536.31,13852.87,111292.59,295434.93,147.21,1086434.17,3673995.28,32185.01,561452.42,711764.04,36117.36,44538.0
Scenario 2,1670,6,Negative Shock,170,CIRCUIT_BREAKER,119101.92,1048186.12,132849.14,237115.82,851400.68,810882.97,164933.54,427196.08,551257.01,783463.54,393994.83,267691.28,2547861.11,32987.57,332458.2,45781.12,258102.94,429011.97,331299.21,42524.91,91827.25,405607.39,270568.86,332937.57,69534.9,119603.37,128894.05,146652.09,82285.41,149699.32,115329.21,112406.5,142252.99,84349.31,143235.67,111803.52,92320.64,1051143.28,14514.14,13842.21,111190.23,294765.99,147.28,1083312.47,3670167.88,32141.42,559628.13,708720.15,36047.24,44441.19
Scenario 2,1671,6,Negative Shock,171,CIRCUIT_BREAKER,118956.41,1046826.5,132494.94,236574.87,850797.99,808501.02,164788.25,428085.23,549961.95,780865.73,393389.55,267199.79,2535965.16,32885.98,331954.11,45787.66,257637.18,427955.58,330565.02,42372.4,91682.0,404993.45,270246.03,332489.9,69486.03,119139.06,128743.73,146347.85,82081.07,149403.04,115446.32,111994.93,141902.06,84358.01,143177.22,111581.5,92386.43,1049846.66,14507.25,13819.05,110777.28,293809.66,147.24,1080630.13,3664695.36,32045.92,558236.68,708798.95,36019.52,44356.54
Scenario 2,1672,6,Negative Shock,172,CIRCUIT_BREAKER,118593.26,1043911.4,131929.71,236583.32,847850.51,805298.8,164720.68,427208.96,549236.59,776961.87,392419.5,266381.43,2531372.82,32922.5,331870.36,45794.2,257828.26,427199.56,329428.02,42273.67,91344.92,404142.75,269774.0,331275.36,69360.49,118810.54,128417.63,145959.24,82001.42,149072.76,115229.97,111540.39,141766.7,84139.87,142938.34,110961.38,92361.82,1047511.59,14498.07,13794.75,110613.62,293499.0,147.37,1079448.92,3658659.41,31947.58,557158.36,705423.68,35963.72,44198.95
Scenario 2,1673,6,Negative Shock,173,CIRCUIT_BREAKER,118470.45,1041206.06,131869.14,236001.26,845760.48,802061.61,163678.23,426390.84,547773.89,773753.68,391744.08,265580.61,2527385.17,32902.17,330969.2,45800.74,257676.64,426045.76,329590.45,42204.49,91246.36,402515.22,269359.87,330632.86,69260.52,118371.25,128257.85,145552.92,81733.97,148724.81,114744.73,111299.84,141381.9,83891.7,142692.28,110832.85,92251.44,1046656.15,14446.51,13766.52,110456.01,292730.6,147.54,1076590.52,3643345.33,31914.31,555808.42,703409.33,35864.29,44083.78
Scenario 2,1674,6,Negative Shock,174,CIRCUIT_BREAKER,118253.81,1038826.64,131574.7,235569.6,842467.4,801458.0,163380.65,425583.14,546637.2,771830.81,391316.47,264796.86,2519561.65,32847.04,330045.41,45807.28,257048.93,425014.9,328749.68,42071.83,91132.74,400861.17,268454.17,330279.32,69100.73,118157.6,128111.95,145414.31,81565.76,148237.95,114538.73,111015.35,141113.65,83640.86,142459.38,110686.86,92084.43,1044493.84,14432.23,13735.75,110140.03,292147.22,147.52,1072773.0,3635400.86,31878.85,553667.27,704002.86,35768.07,44010.84
Scenario 2,1675,6,Negative Shock,175,CIRCUIT_BREAKER,117890.51,1037150.94,131528.02,234964.92,840836.5,801059.01,163445.33,424424.07,545153.9,771426.27,390324.7,264171.32,2517568.86,32778.6,329433.05,45813.82,256348.6,424266.12,328509.29,41943.73,90904.24,400688.81,268260.96,329858.69,68993.99,117646.86,127899.7,145390.59,81347.88,148235.88,114411.52,110765.89,141016.23,83488.83,141818.81,110308.56,91755.0,1043127.91,14389.18,13722.8,109730.63,291517.35,147.47,1069058.2,3622509.37,31763.76,552885.25,702230.98,35777.82,43928.48
Scenario 2,1676,6,Negative Shock,176,CIRCUIT_BREAKER,117595.44,1035796.46,131280.49,234291.94,839024.55,797520.51,163004.59,424798.97,543588.6,768906.54,389481.21,263707.58,2518752.61,32694.8,328920.39,45820.37,255274.24,423434.62,327191.7,41781.61,90696.85,399528.76,268264.05,328812.66,68832.35,117276.43,127728.8,145141.67,81090.68,147871.53,114101.83,110483.6,140599.75,82960.68,141776.01,110044.31,91725.64,1040943.88,14366.9,13696.2,109679.63,290351.47,147.5,1066229.49,3615953.64,31714.83,551000.3,700762.06,35720.64,43785.54
Scenario 2,1677,6,Negative Shock,177,CIRCUIT_BREAKER,117101.11,1033237.19,131019.03,233778.67,836020.01,794579.87,162440.45,424009.93,542005.02,767526.53,389229.59,262794.5,2501341.97,32690.35,327920.05,45826.91,254547.35,422336.2,326644.84,41744.41,90480.35,398845.2,267827.89,328234.12,68629.26,117033.07,127348.23,144613.67,80891.95,147700.65,113865.82,110207.9,140229.31,82659.42,141284.24,110051.39,91620.15,1040052.25,14334.48,13658.58,109177.76,289656.35,147.5,1064173.76,3609616.65,31733.71,548827.02,700156.91,35598.77,43667.27
Scenario 2,1678,6,Negative Shock,178,CIRCUIT_BREAKER,116812.55,1031431.49,130787.36,233214.35,834173.42,792769.26,161834.99,423787.12,540517.76,764488.76,388486.91,261949.8,2494137.95,32614.22,327155.68,45833.45,253779.09,421358.79,326601.03,41591.86,90319.12,398294.65,267572.65,327231.23,68398.63,116740.29,126938.96,144464.29,80892.69,147464.23,113792.18,109869.12,139941.92,82432.58,141025.61,109685.74,91460.28,1038854.0,14287.18,13635.65,108604.1,289713.55,147.62,1060712.07,3605621.77,31727.3,547291.14,696674.03,35522.32,43558.54
Scenario 2,1679,6,Negative Shock,179,CIRCUIT_BREAKER,116287.72,1028297.25,130467.19,233167.69,832664.61,790547.66,161513.92,424158.49,538810.97,760805.25,386826.3,261839.58,2492514.6,32520.54,326437.91,45839.99,253055.51,420483.93,326129.52,41553.77,89995.67,397904.21,267052.05,326376.88,68219.94,116512.07,126545.7,144288.32,80835.94,147228.34,113833.53,109800.97,139599.92,82305.92,140798.44,109692.22,91191.69,1036013.2,14292.79,13621.27,108408.83,289142.47,147.62,1058431.7,3592126.78,31590.55,546340.7,694953.17,35378.36,43456.31
Scenario 2,1680,6,Negative Shock,180,CIRCUIT_BREAKER,116592.7,1027016.78,130321.58,232415.59,830407.86,789052.59,161043.58,422594.28,537815.02,758875.54,385755.63,261597.79,2487568.71,32452.27,325574.07,45846.53,252229.97,419282.57,325651.1,41393.91,89793.7,398239.36,266779.74,326027.56,68013.09,116353.13,126383.35,144141.88,80681.37,146697.72,113449.99,109864.5,138975.69,82218.11,140403.83,109567.51,91050.04,1035295.17,14289.03,13578.57,108312.0,288650.93,147.68,1056309.91,3583770.49,31537.41,545200.94,693205.56,35277.88,43327.18
Scenario 2,1681,6,Negative Shock,181,TRADING,116295.72,1025774.67,130232.57,231639.5,829269.77,787497.13,160532.34,422155.55,535741.54,757122.28,384706.84,260930.53,2485146.89,32381.08,325233.16,45853.07,251027.55,417744.14,324776.79,41246.77,89595.61,397429.04,266821.12,325234.03,67809.33,116178.06,126198.84,143774.74,80443.89,146302.41,113206.31,109578.67,138529.66,82100.18,140000.79,109376.24,90952.46,1033939.03,14266.59,13530.4,108260.61,287295.35,147.77,1053040.08,3573879.57,31510.72,544463.92,691123.99,35204.62,43368.77
Scenario 2,1682,6,Negative Shock,182,TRADING,115832.38,1024558.4,129941.51,231183.2,826779.94,783888.15,159984.06,421823.94,533563.25,755138.05,384316.37,260559.93,2477873.57,32423.87,324390.98,45859.61,250449.49,416881.11,323637.33,41179.19,89404.47,396311.63,266733.56,324946.66,67622.6,115770.84,126043.31,143571.91,80184.99,145816.27,113105.7,109219.88,137850.08,82004.23,140034.41,109014.15,90687.71,1032395.14,14236.39,13525.15,108104.58,286829.85,147.94,1052175.23,3557465.38,31401.14,544132.24,689231.39,35114.26,43119.53
Scenario 2,1683,6,Negative Shock,183,TRADING,115407.26,1021355.86,129490.81,230974.39,824268.74,781553.42,159720.57,419983.73,532320.54,753057.16,383409.44,260136.36,2477969.96,32281.83,324037.09,45866.15,249757.14,415848.63,323115.68,41145.04,89115.79,396206.09,265809.19,324652.18,67431.78,115384.08,125693.12,143226.7,80173.16,145389.91,112777.44,109011.62,137612.43,81775.52,139476.9,109123.86,90369.35,1031229.24,14222.4,13493.9,108024.01,285973.12,147.96,1049311.12,3551537.78,31307.59,542641.31,687510.36,34992.72,43006.3
Scenario 2,1684,6,Negative Shock,184,TRADING,115213.26,1020319.49,129232.3,230492.68,823249.62,780524.27,159094.3,419172.37,529986.82,750949.19,382520.31,259777.91,2465470.93,32235.97,323410.98,45872.69,249648.16,415518.5,322406.71,40984.7,88985.3,395386.64,264994.79,323663.74,67272.89,115069.39,125401.2,142888.53,79877.28,145199.23,112567.56,108535.17,137363.98,81669.71,139059.58,109089.82,90080.76,1028144.35,14187.83,13485.85,107693.88,285170.11,148.09,1046879.22,3543333.13,31220.21,539755.37,685332.36,34876.3,43088.72
Scenario 2,1685,6,Negative Shock,185,TRADING,115151.66,1020642.67,128868.83,230021.91,821575.16,778080.05,158479.57,418560.4,528795.5,749421.41,381786.16,259206.66,2463914.42,32164.88,322991.36,45879.24,249485.23,414668.46,322558.37,40850.94,88743.84,393735.86,264864.7,323276.16,67171.74,114698.75,125168.9,142347.2,79682.7,144796.36,112338.8,108179.89,137499.79,81421.08,138775.23,108896.1,89895.4,1027443.06,14152.76,13474.62,107475.28,284551.93,148.1,1042313.28,3537005.12,31167.09,539181.94,682709.21,34764.75,43064.73
Scenario 2,1686,6,Negative Shock,186,TRADING,114602.66,1018757.23,128790.39,229486.69,819161.57,775767.91,158437.92,417617.48,528156.5,745766.54,382284.21,259184.79,2448566.92,32107.0,322136.64,45885.78,249288.22,413345.61,321887.23,40701.45,88467.24,392691.35,263788.4,322696.63,66992.13,114454.05,124975.08,141921.63,79457.82,144379.88,111973.51,107847.43,137427.78,81238.95,138513.39,108794.97,89549.63,1026026.32,14124.1,13473.27,107064.88,284153.92,148.3,1039228.13,3524342.24,31129.8,538236.15,680088.02,34752.58,42955.08
Scenario 2,1687,6,Negative Shock,187,TRADING,114665.36,1016946.19,128315.88,228993.64,816853.83,773854.94,158028.16,416689.49,527478.04,743651.97,381807.31,258602.29,2439025.31,32056.76,321603.74,45892.32,248969.21,412358.86,321114.78,40590.98,88282.95,392046.31,263660.57,322524.94,66824.1,114237.69,124737.52,141482.6,79223.92,144351.12,111971.85,107668.75,137027.6,81156.25,137983.87,108419.45,89378.63,1024270.65,14099.35,13462.57,107030.76,283562.2,148.32,1036515.45,3512450.09,31067.92,537038.65,680813.87,34689.61,42874.0
Scenario 2,1688,6,Negative Shock,188,TRADING,114681.7,1015996.79,128273.69,228587.5,815602.76,772279.34,157179.27,415852.54,526451.57,744266.24,381216.72,258370.69,2429954.24,31999.56,321128.32,45898.86,248283.67,411558.18,320523.0,40454.47,88146.6,391594.29,262420.17,321830.09,66764.05,113871.73,124736.31,141277.39,79075.51,144076.5,111435.22,107270.0,136310.03,81029.3,137684.94,108256.2,89362.82,1023991.92,14072.48,13424.87,106545.12,283012.55,148.36,1033774.45,3505838.05,30964.04,535210.47,681049.23,34592.85,42766.92
Scenario 2,1689,6,Negative Shock,189,TRADING,114452.59,1014034.73,127680.89,228170.59,813598.82,770259.3,156955.52,415865.05,526524.6,744024.71,380337.72,258083.98,2421489.7,31977.46,320826.25,45905.4,247548.76,410507.1,319395.93,40348.58,87942.79,390637.19,261646.62,320798.55,66600.04,113608.16,124458.72,140789.01,79000.39,143431.28,111303.75,107000.28,135930.74,81010.92,137626.22,108275.41,89148.56,1022282.68,14045.47,13408.96,106441.82,282896.72,148.39,1032234.83,3502773.39,30892.16,533786.86,678871.26,34533.99,42566.91
Scenario 2,1690,6,Negative Shock,190,TRADING,114658.99,1011321.27,127542.9,227577.37,811594.82,769288.31,156434.02,414419.97,525413.12,740551.77,379263.44,257391.66,2416994.98,31916.9,320083.35,45911.94,247226.87,409492.04,318606.51,40296.72,87820.33,390300.63,261152.25,320404.43,66456.26,113323.11,124206.13,140415.75,78764.71,143173.7,111059.43,106678.29,135511.65,80946.87,137310.48,108150.33,89067.04,1018758.37,13998.79,13382.44,106087.51,282190.81,148.54,1028383.48,3498182.69,30821.3,531342.27,679101.25,34390.93,42472.65
Scenario 2,1691,6,Negative Shock,191,TRADING,114407.82,1007264.69,127278.26,227090.89,809021.22,767294.47,156296.33,413516.61,524959.36,737374.36,378295.41,257084.49,2414745.88,31864.14,319429.68,45918.48,246849.83,408323.79,318095.37,40138.13,87565.1,389441.6,260652.58,319718.21,66368.43,112956.9,123769.87,140331.12,78477.43,142610.27,110972.31,106336.01,135129.06,80816.75,136540.53,107835.19,88786.18,1019321.78,13965.85,13348.4,105927.61,282234.58,148.44,1025122.5,3489753.79,30737.13,529890.27,678536.48,34292.7,42261.3
Scenario 2,1692,6,Negative Shock,192,TRADING,114073.75,1006358.27,127052.21,226472.09,808902.21,765622.93,155440.44,413171.77,524749.1,734350.58,378451.03,256364.52,2407600.92,31761.17,319397.82,45925.02,246263.38,406557.14,317746.75,40012.61,87299.32,388039.7,259630.15,319038.45,66194.56,112591.49,123627.24,140204.6,78339.65,142102.85,110670.34,106065.09,134494.68,80773.77,136278.01,107587.68,88619.62,1017794.73,13942.31,13314.73,105922.7,281904.16,148.65,1022484.34,3480968.1,30630.33,528926.41,677171.39,34191.47,42205.32
Scenario 2,1693,6,Negative Shock,193,TRADING,113661.77,1004106.27,126857.12,226325.9,807033.29,765291.01,154770.29,412120.15,523620.47,735025.97,377583.76,255960.03,2401401.94,31737.43,318483.96,45931.56,245702.56,405447.14,317014.54,39984.57,87146.3,386840.86,259717.79,318220.99,65910.58,112389.01,123344.18,140092.8,78131.38,141824.79,110508.28,105656.78,134121.43,80780.17,136074.23,107335.54,88387.98,1014531.74,13924.72,13267.48,105718.05,281916.97,148.76,1017711.79,3474697.91,30557.48,527977.96,674414.04,34238.18,42049.81
Scenario 2,1694,6,Negative Shock,194,TRADING,113313.91,1002359.59,126286.44,225807.13,805692.74,763450.35,154135.29,411784.04,520725.94,733716.63,377215.45,255787.88,2392047.21,31643.97,317927.0,45938.11,245106.46,405152.37,315930.06,39862.86,87090.25,385742.85,260008.63,317763.61,65750.45,112147.88,122903.85,139652.55,77931.43,141439.38,110287.05,105232.29,133842.22,80831.12,135705.46,107057.35,88207.77,1013417.1,13879.76,13230.21,105492.94,280934.14,148.7,1015414.74,3463560.19,30458.43,527058.14,673450.7,34187.45,42002.38
Scenario 2,1695,6,Negative Shock,195,TRADING,112970.67,1000519.53,125944.23,225272.18,803973.65,761826.44,153664.82,411451.58,519297.89,731739.58,376780.75,254974.09,2387590.81,31621.01,317507.59,45944.65,244633.88,404903.58,315160.16,39772.81,86842.56,385240.97,258861.52,316711.03,65637.85,111957.61,122789.75,139319.94,77743.69,141273.86,110118.66,104897.12,133515.26,80649.39,135200.31,106821.85,88098.12,1011226.46,13837.14,13199.25,105225.04,280425.02,148.67,1013057.0,3457274.52,30418.25,524853.22,672337.14,34139.36,41902.39
Scenario 2,1696,6,Negative Shock,196,TRADING,112881.21,999053.52,125531.76,224664.19,802150.46,758718.22,152828.09,410891.95,517717.1,730381.66,375672.54,254722.49,2381249.75,31588.31,316759.67,45951.19,243728.73,404580.54,314275.63,39706.88,86655.47,384222.48,258178.18,316041.86,65544.52,111776.9,122610.19,138968.94,77422.64,140942.04,109946.61,104523.67,133459.18,80529.74,134788.14,106393.63,87933.77,1010696.9,13838.41,13171.61,104998.77,278975.89,148.71,1009854.92,3446868.62,30373.2,524228.38,670784.73,34067.39,41876.57
Scenario 2,1697,6,Negative Shock,197,TRADING,112516.38,997718.36,125449.53,224156.79,798594.97,756439.5,152641.55,410190.27,517066.33,726915.25,374729.14,254349.42,2376698.95,31555.99,316446.06,45957.73,243052.81,403895.24,313124.31,39575.55,86372.65,382771.79,257978.38,315499.65,65400.56,111419.74,122542.54,138648.48,77275.77,140541.13,109835.31,104225.11,132925.36,80565.06,133960.16,106306.78,88016.83,1009034.57,13795.76,13156.42,104563.99,278317.31,148.89,1007800.94,3444709.48,30352.73,522595.19,669045.55,33971.49,41800.2
Scenario 2,1698,6,Negative Shock,198,TRADING,112142.4,994639.32,125132.63,223655.99,796411.7,755064.42,151927.3,410069.91,516082.19,727592.15,374586.44,253694.36,2365398.86,31515.83,315681.99,45964.27,242623.8,402886.31,312732.76,39435.64,86143.54,382229.44,257267.8,314558.83,65301.49,111180.54,122434.03,138321.58,77102.21,140459.94,109655.13,103943.68,132465.94,80337.84,133532.92,106177.54,87898.56,1007213.36,13772.69,13134.78,104460.91,277835.16,149.12,1004940.27,3442713.68,30251.54,520001.81,667107.48,33898.43,41710.38
Scenario 2,1699,6,Negative Shock,199,TRADING,112033.44,992540.51,124852.54,222867.31,795793.79,751666.37,151339.88,409626.01,514835.77,726241.44,374014.18,253401.77,2361538.34,31479.49,314839.08,45970.81,241989.47,401893.99,312078.67,39353.86,85957.25,382207.5,256957.28,314002.64,65232.31,110995.43,122216.94,138072.25,76951.39,140144.18,109376.05,103702.35,132234.93,80384.85,132989.6,105859.11,87870.61,1006181.28,13780.41,13115.9,104356.83,276822.59,149.14,1002478.93,3432597.02,30206.2,517757.75,666147.88,33829.62,41560.65
Scenario 2,1700,6,Negative Shock,200,TRADING,111966.29,991374.1,124470.37,222327.56,793450.37,751204.54,150983.63,409021.04,513548.08,725021.3,373613.58,252557.13,2352976.28,31473.15,314703.6,45977.35,241189.52,400535.74,312269.19,39201.91,85738.17,381212.18,255363.75,313483.78,65111.44,110689.44,121897.12,137556.21,76762.52,139846.42,109272.92,103286.39,131803.6,80206.38,132696.35,105858.35,87841.53,1004794.0,13772.87,13106.58,104022.04,276348.15,149.25,1000398.89,3418885.12,30142.86,516849.41,666824.78,33773.69,41368.62
Scenario 2,1701,6,Negative Shock,201,TRADING,111921.42,988623.79,123883.08,221855.43,791211.9,749164.67,150415.44,407758.95,512639.42,722546.26,372759.79,252270.12,2345323.96,31379.68,314014.34,45983.89,241117.51,399857.21,311903.5,39047.73,85570.08,381424.69,254726.01,312464.56,65015.54,110439.93,121686.73,137478.91,76512.71,139343.96,108987.55,103108.05,131468.63,80159.0,132546.43,105862.08,87718.51,1002611.48,13719.82,13081.35,103426.18,275607.64,149.33,996446.12,3407913.52,30040.61,516587.83,665026.45,33671.77,41324.69
Scenario 2,1702,6,Negative Shock,202,TRADING,111383.59,987097.18,123636.38,221402.59,790683.42,746837.23,149962.44,407115.39,512213.15,720587.38,372107.54,251768.86,2338699.94,31341.39,313319.06,45990.43,240671.77,399057.14,310961.1,38922.56,85438.45,380133.93,253959.36,311656.84,64936.64,110010.8,121240.36,137416.16,76295.01,138905.83,108735.48,102874.14,131271.5,79784.24,132172.36,105762.63,87642.23,999610.52,13714.04,13041.91,103152.78,274671.82,149.33,993522.36,3397419.91,29947.1,515821.04,664959.17,33586.66,41324.89
Scenario 2,1703,6,Negative Shock,203,TRADING,111019.95,985221.81,123200.56,220866.0,788964.12,744116.71,149688.44,405999.85,512384.28,719077.32,371702.36,251148.76,2333548.1,31253.39,312420.7,45996.98,240517.73,397901.12,310100.28,38888.83,85177.99,379485.33,253667.78,311059.76,64630.32,109600.02,120903.12,137428.5,76064.71,138568.72,108454.78,102691.04,130769.95,79500.67,131992.16,105351.41,87538.27,997192.87,13671.95,13006.48,102734.73,274162.87,149.28,991037.01,3389906.27,29798.97,514701.52,661739.36,33552.6,41255.69
Scenario 2,1704,6,Negative Shock,204,TRADING,110773.1,983798.0,123149.36,220427.95,787193.94,742128.6,149397.71,406112.43,510572.06,716987.4,371297.74,250641.1,2332883.45,31184.07,312225.28,46003.52,239595.68,396707.75,309288.44,38768.36,84932.96,379254.74,253424.65,309589.9,64472.62,109355.83,120676.6,137074.93,75835.72,138154.88,108464.15,102674.91,130692.48,79195.13,131617.7,105204.57,87421.44,995479.33,13637.55,12978.23,102490.83,273375.66,149.32,989561.8,3383953.17,29797.09,514040.69,659752.01,33552.18,41141.08
Scenario 2,1705,6,Negative Shock,205,TRADING,110595.15,981607.44,122932.58,220267.24,784618.73,738679.56,148796.11,406022.56,509092.4,715053.41,370646.38,249884.32,2326945.59,31158.5,311369.67,46010.06,239517.68,395544.64,308495.16,38733.79,84841.33,378576.45,253209.51,308615.85,64246.9,109069.6,120561.22,136989.14,75753.27,137811.59,108213.68,102433.09,130191.2,79069.82,131434.55,104930.25,87514.8,993267.36,13613.1,12967.42,102409.63,272671.33,149.36,987595.23,3371554.0,29771.96,512120.48,656720.03,33527.09,41056.57
Scenario 2,1706,6,Negative Shock,206,TRADING,110404.13,979578.59,122483.7,219586.92,784019.79,737847.69,148383.98,405332.28,508044.52,713011.19,369902.68,249166.77,2321231.27,31085.16,310813.56,46016.6,239162.02,394813.52,307764.74,38536.0,84730.74,377410.39,252761.2,307768.23,63933.12,108947.67,120372.95,136589.98,75591.07,137560.33,108026.77,102029.86,129641.17,78654.44,131288.08,104676.98,87235.01,991093.29,13579.12,12940.72,102105.44,271596.54,149.5,985830.62,3364654.31,29679.48,511354.34,654858.73,33460.68,40966.02
Scenario 2,1707,6,Negative Shock,207,TRADING,109971.21,977616.07,122162.04,219407.54,781846.18,736386.34,148045.33,404599.3,507528.57,710603.3,369022.84,248750.84,2311857.03,31006.27,310502.59,46021.47,238322.66,393702.4,307091.45,38484.9,84548.03,376181.32,252124.21,307015.87,63813.87,108856.77,120077.53,136161.75,75352.6,137416.51,107724.22,101828.56,129373.85,78598.43,131101.12,104700.82,86941.48,989706.78,13568.66,12924.21,101825.91,271080.07,149.46,984122.48,3357706.14,29607.5,510632.22,653414.33,33340.03,40907.79
Scenario 2,1708,6,Negative Shock,208,TRADING,109729.14,975230.0,121804.96,219061.85,779067.88,733586.2,147648.44,404262.05,507633.82,708425.97,367864.09,248127.35,2303606.79,30939.54,309260.88,46026.34,237593.4,392808.49,306131.5,38316.95,84346.17,374886.29,251140.96,306256.75,63728.67,108611.39,119957.58,136077.39,75023.14,137170.04,107630.65,101585.06,128873.74,78416.62,131104.4,104372.85,86964.04,989227.01,13535.55,12923.99,101437.98,270560.78,149.51,980234.81,3345428.53,29490.5,510124.03,652473.0,33265.9,40799.52
Scenario 2,1709,6,Negative Shock,209,TRADING,109765.89,974596.77,121423.23,218466.02,776227.86,732477.41,147405.91,403000.19,506652.07,708337.06,366883.98,247642.84,2295746.7,30834.07,309035.57,46031.21,237170.4,392046.05,305352.01,38234.91,84141.11,373528.92,250007.21,305023.65,63670.11,108307.72,119781.56,135849.14,74803.5,136963.43,107529.25,101390.29,128303.07,78299.34,130701.07,104224.49,86577.02,987349.57,13514.9,12910.17,101621.36,269345.79,149.64,977061.38,3332619.87,29425.35,508640.55,651494.19,33216.96,40725.92
Scenario 2,1710,6,Negative Shock,210,TRADING,109606.79,972380.22,121247.99,217968.28,775093.03,731114.47,147021.91,401812.14,505898.08,707005.56,366078.65,246772.18,2295073.5,30791.42,307945.5,46036.08,236691.41,391330.27,304230.49,38126.67,84038.85,372401.31,249701.93,304093.17,63472.46,108014.45,119448.27,135604.06,74691.73,136609.82,107368.44,101204.83,127774.18,78189.23,130769.08,104053.83,86436.79,987005.79,13496.64,12894.49,101281.27,268570.55,149.73,974185.36,3321559.77,29347.94,506898.62,649214.31,33147.79,40618.51
Scenario 2,1711,6,Negative Shock,211,TRADING,109389.86,971077.66,121057.87,217469.33,772487.67,729120.76,146559.93,400582.42,504518.41,704670.7,365009.33,246313.29,2287638.99,30707.37,307569.62,46040.95,236164.59,389666.56,302701.01,37965.87,83773.32,370706.53,248902.19,303119.68,63319.02,107774.11,119217.5,135400.51,74535.97,136395.69,107179.73,100950.29,127678.97,77893.75,130218.08,103919.27,86222.46,985331.93,13478.64,12866.85,100877.78,267532.31,149.85,970896.0,3314277.55,29239.66,505592.08,647191.38,33104.74,40604.02
Scenario 2,1712,6,Negative Shock,212,TRADING,108900.66,969035.71,120825.74,216742.23,770087.29,725396.94,146386.51,399232.25,502911.48,702485.89,365108.15,245604.27,2280115.01,30626.8,306884.62,46045.82,235508.73,388839.98,302463.67,37964.4,83548.38,370455.77,248473.73,302691.57,63271.46,107491.33,118896.37,135112.8,74380.54,136047.24,106816.01,100868.36,127115.47,77725.88,129997.47,103574.56,86058.15,982228.53,13444.15,12845.35,100588.11,266583.65,149.89,968884.96,3304292.23,29173.4,505169.71,645564.31,32987.59,40529.77
Scenario 2,1713,6,Negative Shock,213,TRADING,108861.4,966972.25,120653.54,216107.9,768465.66,721796.86,145844.07,398983.61,501258.82,700589.57,364740.23,245106.64,2273863.31,30566.58,306391.27,46050.7,234616.98,387796.17,301889.95,37846.77,83296.94,370008.38,247930.33,302272.67,63102.28,107316.53,118826.15,134903.96,74190.28,135606.98,106707.08,100548.71,126979.27,77496.16,129696.6,103485.04,85887.25,981054.64,13396.67,12815.6,100334.81,265312.9,149.84,966092.85,3300886.45,29161.39,504469.0,644103.9,32895.68,40470.53
Scenario 2,1714,6,Negative Shock,214,TRADING,108602.82,965088.31,120490.04,215913.59,767864.92,719383.54,145371.24,398801.7,499801.96,697164.25,364686.36,244543.42,2262342.03,30470.42,305619.79,46055.57,234035.2,387315.52,300838.5,37776.35,82949.28,369169.89,247512.71,301567.99,62873.92,107028.36,118138.15,134656.32,74023.58,135229.62,106589.32,100240.92,126500.98,77483.44,129395.46,103543.2,85762.14,979657.85,13387.93,12792.9,100261.5,264713.82,149.94,963413.32,3292287.69,29120.53,503391.51,640586.76,32819.91,40364.06
Scenario 2,1715,6,Negative Shock,215,TRADING,108588.89,961785.26,120219.73,215601.62,765239.99,716158.25,145194.14,397801.56,498743.47,694693.03,363849.51,243912.72,2253072.58,30410.46,305366.21,46060.44,233528.31,386265.04,300638.37,37671.44,82678.81,368653.13,247107.72,300329.82,62768.57,106792.46,117817.85,134462.94,74019.39,134812.11,106446.11,100082.47,126042.57,77436.84,129104.72,103105.22,85406.68,976956.82,13366.53,12771.14,100143.76,264326.96,150.07,960855.16,3283731.42,29051.84,501558.53,639136.21,32730.46,40264.02
Scenario 2,1716,6,Negative Shock,216,TRADING,108341.57,959966.48,119925.38,215271.46,762116.0,715723.07,144585.52,397116.85,498105.72,693677.85,362906.14,243131.3,2242962.94,30359.59,304664.84,46065.31,232763.23,385742.06,300076.23,37531.66,82472.42,367651.58,246858.47,299447.77,62559.89,106349.08,117638.14,134297.62,73919.74,134485.2,106334.49,99825.98,125763.16,77175.18,128604.26,102914.92,85167.84,975743.14,13340.9,12761.45,99827.84,263342.28,150.06,959019.07,3276479.96,28975.56,501248.76,638024.5,32682.01,40184.37
Scenario 2,1717,6,Negative Shock,217,TRADING,108011.08,957419.86,119815.07,214833.93,760143.18,713214.3,144001.61,397053.97,495938.72,691160.51,361909.51,242515.63,2232322.44,30266.46,304198.0,46070.18,231882.02,384474.19,299199.55,37454.66,82168.13,366790.81,246195.33,298564.62,62460.82,106021.04,117294.63,134150.07,73681.07,134308.75,106080.39,99526.44,125150.15,77178.24,128541.78,102523.6,84883.91,973688.54,13332.63,12739.63,99290.83,262433.55,150.15,956136.49,3274748.01,28954.25,499817.62,634383.63,32586.48,40152.39
Scenario 2,1718,6,Negative Shock,218,TRADING,107996.33,955236.21,119719.38,214195.62,757833.38,711917.15,143519.58,395186.85,494595.32,689661.35,360739.31,241599.96,2224834.43,30221.49,303550.06,46075.05,231398.45,383317.5,298705.1,37434.86,82050.13,365134.45,245966.84,297922.18,62393.76,105780.07,117024.5,134243.11,73568.63,133924.45,105756.25,99166.44,124803.69,77028.96,128391.03,102400.29,84669.74,970759.53,13322.92,12735.63,98891.39,261097.47,150.26,952843.26,3269919.88,28912.34,497920.87,632989.85,32506.99,39990.94
Scenario 2,1719,6,Negative Shock,219,TRADING,107840.95,952943.54,119397.47,213606.39,755440.27,708292.35,143248.85,394998.71,493733.86,688831.93,360454.36,241585.98,2215025.34,30191.27,303043.71,46079.92,230502.41,382742.08,297348.72,37225.11,81962.0,364819.56,245052.61,297270.54,62266.84,105482.0,116691.76,133850.42,73302.78,133512.06,105804.8,98908.75,124300.59,77012.35,128006.74,102167.87,84467.76,968283.04,13317.82,12737.2,98708.19,260071.91,150.32,951153.75,3259951.02,28817.07,497345.97,630310.99,32396.01,39887.38
Scenario 2,1720,6,Negative Shock,220,TRADING,107865.97,952675.19,118942.6,212862.9,752822.37,707605.7,142842.44,393880.94,491572.29,685920.44,360317.37,240984.8,2210143.75,30126.99,302403.7,46084.79,230576.09,381679.96,296318.2,37120.53,81783.52,363984.92,245359.85,296666.15,62121.74,105140.94,116543.53,133573.7,73127.59,133393.82,105718.6,98577.38,124071.21,76985.34,127542.3,101856.63,84205.99,968672.87,13285.52,12726.0,98578.84,259297.07,150.34,947765.02,3249881.56,28741.09,494638.33,627868.91,32386.11,39735.69
Scenario 2,1721,6,Negative Shock,221,TRADING,107191.24,949871.02,118742.81,212283.1,750901.12,705130.9,142121.95,393629.45,488523.2,684962.79,359156.59,240519.18,2206932.95,30013.52,302430.27,46089.66,230097.82,381112.38,296110.5,37070.7,81602.41,362706.78,245220.0,295818.72,62076.71,104945.47,116285.92,132875.37,72976.7,133310.45,105440.69,98457.04,123909.56,76804.9,127080.17,101556.9,83905.98,965677.96,13232.94,12696.72,98290.42,258881.64,150.31,945543.24,3239186.36,28675.57,493333.6,627422.68,32323.81,39695.01
Scenario 2,1722,6,Negative Shock,222,TRADING,106983.35,947541.65,118510.48,211568.38,749718.95,703826.26,141699.2,393061.32,487730.04,682712.87,357738.3,240217.98,2199479.06,30021.17,302024.93,46094.53,229675.36,380275.74,295950.59,37027.24,81296.3,362103.42,244760.43,294891.65,61988.3,104750.03,115904.3,132690.75,72735.77,132992.33,105102.16,98147.09,123749.99,76746.45,126626.4,101397.63,83692.47,962069.86,13191.23,12696.48,98064.51,258249.97,150.34,941960.17,3234076.06,28617.01,491222.83,624072.97,32216.03,39578.75
Scenario 2,1723,6,Negative Shock,223,TRADING,106472.82,945035.52,118287.92,211324.35,747262.97,701763.62,141247.33,392287.55,486500.31,680977.44,357260.98,239407.33,2194027.94,29936.37,301462.27,46099.41,229170.49,379621.81,295823.79,36911.52,81088.57,360869.83,244298.02,294404.76,61834.83,104471.39,115525.49,132363.48,72683.63,132581.76,105075.35,97853.09,123392.77,76534.32,126400.75,101391.12,83511.89,960438.83,13172.96,12665.07,97930.06,257701.89,150.36,939145.63,3220380.57,28532.86,489752.16,624558.67,32117.37,39429.38
Scenario 2,1724,6,Negative Shock,224,TRADING,106293.38,943001.83,117969.78,210700.19,744187.87,700250.57,140935.92,391232.71,484060.18,677892.56,356456.95,239065.62,2187864.17,29868.69,300828.55,46104.28,228617.71,379128.78,294760.01,36832.99,80917.79,359423.67,243980.95,293666.95,61675.32,104226.17,115397.3,131908.77,72552.07,132394.02,105096.97,97745.11,123012.12,76464.55,126195.46,101221.96,83494.9,956242.14,13146.94,12640.16,97490.94,256894.82,150.51,937273.95,3207607.5,28457.21,488355.91,621654.79,32053.9,39275.16
Scenario 2,1725,6,Negative Shock,225,TRADING,106328.25,940575.79,117590.27,210041.27,742799.85,698228.82,140585.37,390128.1,480564.35,675359.16,355841.22,238188.57,2188238.48,29839.03,299929.35,46109.15,227932.27,378276.92,293927.76,36763.43,80676.77,358082.74,243160.17,293142.62,61535.59,103980.29,114885.86,131672.66,72278.18,132143.2,104887.76,97379.36,122535.3,76185.02,125501.68,100973.81,83544.83,955302.82,13121.06,12639.05,97171.45,255665.29,150.65,933965.65,3206739.21,28407.32,487066.05,619951.05,31960.47,39210.37
Scenario 2,1726,6,Negative Shock,226,TRADING,106338.26,937248.29,117339.66,209434.09,740502.92,697971.94,140228.05,389877.39,479696.71,673743.22,354172.79,237552.68,2184280.71,29804.04,299399.25,46114.02,227433.33,377595.55,293370.81,36664.41,80366.28,357283.87,242666.28,292044.81,61397.65,103787.51,114776.85,131579.39,72019.29,131740.4,104654.19,97172.36,122291.82,76056.59,124965.12,100645.75,83544.49,952985.77,13079.25,12630.11,97067.05,255300.97,150.76,931560.51,3193699.81,28345.06,485418.32,617509.51,31796.02,39192.71
Scenario 2,1727,6,Negative Shock,227,TRADING,106108.06,933654.89,117187.46,208738.18,737962.33,695077.85,139460.21,389317.58,478161.38,672891.03,353226.82,236731.95,2179173.82,29775.7,299177.2,46118.89,226979.85,376672.57,292303.08,36554.63,80285.64,356648.2,242433.06,291206.84,61286.82,103479.97,114821.7,131370.44,71736.01,131399.11,104368.09,96864.36,122091.47,76145.82,124848.57,100568.99,83319.14,951530.61,13087.65,12612.69,96624.9,254784.98,150.7,928778.31,3186390.06,28281.13,484166.58,616474.55,31669.2,39013.39
Scenario 2,1728,6,Negative Shock,228,TRADING,105856.94,930911.56,116785.36,207986.95,736309.78,692983.24,138783.57,388527.2,476773.61,671269.51,351872.24,236246.81,2175382.8,29700.32,298187.45,46123.76,226800.17,375464.26,291806.63,36408.56,80034.5,355738.82,241919.59,290210.88,61107.46,103265.63,114541.64,131138.29,71651.92,131038.38,104149.96,96604.77,121919.12,75786.8,124562.8,100155.06,83078.66,950971.45,13078.13,12587.2,96349.97,254439.22,150.65,924494.62,3177125.35,28253.25,483256.49,615735.74,31510.68,38927.59
Scenario 2,1729,6,Negative Shock,229,TRADING,105631.91,927633.59,116470.72,207481.63,734321.31,689962.73,138623.06,388054.51,473442.96,669970.42,351000.77,235815.88,2169569.4,29587.42,297417.1,46128.63,226161.89,374602.29,290819.1,36404.5,79877.0,354173.87,241101.91,289118.54,60897.23,103021.16,114133.07,130778.1,71485.57,130624.53,103962.78,96204.58,121828.86,75602.49,123934.85,99955.84,82830.45,947993.81,13037.93,12565.03,96124.16,253310.66,150.75,919687.15,3168612.11,28170.2,482261.83,613811.71,31429.89,38918.68
Scenario 2,1730,6,Negative Shock,230,TRADING,105442.83,924872.26,115926.94,206863.93,732419.97,689741.33,138006.52,387622.82,472414.09,667234.64,351130.95,235246.33,2161940.5,29518.66,296928.81,46133.5,225661.46,373672.18,290083.55,36351.87,79737.9,353020.74,240691.64,288020.59,60826.23,102717.28,113875.25,130534.89,71360.88,130175.07,103783.95,95989.95,121449.02,75439.51,123517.78,99855.33,82752.17,945928.35,13002.94,12523.57,95929.6,253640.38,150.75,918876.39,3154775.14,28095.69,481306.9,611994.01,31264.18,38940.77
Scenario 2,1731,6,Negative Shock,231,TRADING,104964.47,922053.4,115665.39,206323.2,731559.67,687350.85,138006.52,386223.57,470363.23,665230.66,350476.2,234888.68,2155896.56,29484.58,296445.61,46138.37,225129.96,372697.77,289215.33,36263.7,79558.63,352674.13,240480.32,287016.78,60649.63,102496.39,113832.3,130566.29,71200.8,129907.84,103734.44,95581.85,121163.05,75382.31,122979.84,99855.33,82408.04,943298.18,12954.37,12487.47,95672.76,253329.89,150.8,916191.58,3145054.86,28074.33,480583.81,609803.87,31237.73,38825.76
Scenario 2,1732,6,Negative Shock,232,TRADING,104744.83,920400.61,115586.56,205620.81,730306.43,684794.92,138006.52,385567.05,468606.37,663607.73,350482.9,234279.97,2145219.61,29430.65,295620.38,46143.25,224648.01,372301.66,289215.33,36237.74,79427.93,351674.55,240112.31,285657.29,60585.71,102290.37,113488.42,130278.97,71200.8,129728.88,103539.43,95375.54,120662.11,75260.49,122718.42,99855.33,82291.1,941011.49,12912.63,12456.22,95205.26,253227.15,150.86,913955.81,3135968.7,28027.56,478604.7,607476.39,31193.59,38762.49
Scenario 2,1733,6,Negative Shock,233,TRADING,104508.74,917489.46,115310.35,205034.24,727883.01,682439.57,138006.52,384633.08,466892.15,661445.26,349777.48,233638.29,2137132.79,29367.38,295167.61,46148.12,224549.59,371576.58,289215.33,36155.09,79299.88,350500.72,239780.66,284950.74,60278.62,102008.41,113244.89,130278.97,71200.8,129460.24,103239.77,95113.8,120348.41,75303.03,122345.38,99855.33,82160.65,938643.3,12882.8,12425.42,94918.97,253227.15,150.97,910464.17,3125123.72,28004.59,476959.89,605300.68,31026.06,38677.35
Scenario 2,1734,6,Negative Shock,234,TRADING,104508.74,915669.74,114914.83,204605.38,726416.37,679244.77,138006.52,384622.95,464964.76,657939.68,349314.35,232523.31,2134491.08,29312.25,294640.89,46152.99,224019.94,370195.93,289215.33,35967.81,79107.17,349722.7,239732.19,284310.78,60275.25,101801.78,113149.29,130278.97,71200.8,128877.39,103176.55,94804.85,120414.42,75015.32,122127.88,99855.33,82080.08,935895.6,12877.5,12418.31,94695.99,253227.15,151.06,907870.82,3114569.21,27925.95,475600.84,604293.18,30992.03,38570.63
Scenario 2,1735,6,Negative Shock,235,TRADING,104508.74,913783.47,114565.67,204118.37,724262.63,676552.27,138006.52,384801.39,463201.28,656728.22,348620.5,232101.75,2134491.08,29252.02,294643.59,46157.86,224019.94,369160.57,289215.33,35844.23,78922.36,348968.94,239005.02,283796.46,60275.25,101663.6,112840.0,130278.97,71200.8,128667.09,102895.54,94751.0,119780.83,74904.81,121821.2,99855.33,81959.78,935259.6,12873.16,12403.48,94561.74,253227.15,151.0,904853.25,3102614.98,27820.74,475600.84,602490.59,30866.44,38479.74
Scenario 2,1736,6,Negative Shock,236,TRADING,104508.74,911864.68,114359.18,203471.7,722860.33,676552.27,138006.52,383509.61,463201.28,655057.76,347631.4,231467.05,2134491.08,29251.74,293677.55,46162.73,224019.94,368013.83,289215.33,35745.11,78800.82,347940.19,238501.47,283796.46,60275.25,101663.6,112743.59,130278.97,71200.8,128404.06,102716.79,94751.0,119780.83,74846.61,121566.82,99855.33,81759.86,933485.12,12879.32,12373.76,94261.04,253227.15,151.13,902268.07,3091816.16,27744.5,475600.84,601904.04,30773.39,38462.84
Scenario 2,1737,6,Negative Shock,237,TRADING,104508.74,911954.74,114574.67,203331.07,723588.16,676552.27,138006.52,382547.97,463201.28,656160.18,347880.12,231728.87,2134491.08,29279.91,294224.26,46167.6,224019.94,368493.1,289215.33,35718.79,78823.59,348121.43,238058.94,283796.46,60275.25,101663.6,112971.04,130278.97,71200.8,128569.38,102783.74,94751.0,119780.83,74898.5,121589.03,99855.33,81746.27,933895.54,12869.9,12369.31,94091.15,253227.15,151.13,903598.27,3093399.24,27754.14,475600.84,602705.37,30761.84,38393.13
Scenario 2,1738,6,Negative Shock,238,TRADING,104508.74,911950.95,114639.81,203594.22,723943.89,676990.25,138006.52,382535.87,463469.1,656995.56,348259.43,232216.77,2134491.08,29290.01,294744.81,46172.47,224019.94,368797.52,289215.33,35652.12,78874.95,347753.71,238109.78,283796.46,60275.25,101663.6,113028.96,130278.97,71200.8,128559.06,102860.84,94751.0,119780.83,74978.63,122010.42,99855.33,81778.89,933498.89,12857.36,12377.55,94149.09,253227.15,151.18,904398.56,3095153.46,27789.75,475600.84,603894.26,30822.15,38384.76
Scenario 2,1739,6,Negative Shock,239,TRADING,104508.74,912373.79,114668.07,203754.95,724606.74,676997.11,138006.52,382969.51,464399.02,656739.31,348792.28,232685.02,2134491.08,29348.15,294749.1,46177.34,224019.94,368825.3,289215.33,35702.72,78893.85,348271.05,237822.82,283796.46,60275.25,101663.6,113120.32,130278.97,71200.8,128529.3,103074.68,94751.0,119780.83,74921.33,122369.88,99855.33,81913.05,932678.77,12876.56,12384.17,94048.43,253227.15,151.34,903147.42,3098355.05,27823.26,475600.84,605052.8,30862.15,38397.63
Scenario 2,1740,6,Negative Shock,240,TRADING,104508.74,912725.66,114686.48,203661.72,724383.35,676932.69,138006.52,382481.15,464912.95,656126.88,348697.87,232947.74,2134491.08,29400.66,294866.66,46182.21,224019.94,368565.25,289215.33,35701.92,78945.45,348413.49,237671.5,283796.46,60275.25,101663.6,113246.24,130278.97,71200.8,128402.77,103071.13,94751.0,119780.83,74866.25,122593.11,99855.33,81980.91,932494.55,12886.21,12390.92,94133.26,253227.15,151.37,903619.62,3101339.07,27829.49,475600.84,605416.71,30874.92,38346.01
Scenario 2,1741,6,Negative Shock,241,TRADING,104508.74,913497.6,114990.62,203804.31,724778.79,677965.93,138006.52,381817.01,464278.6,654879.77,349332.8,232843.42,2134491.08,29444.73,295189.06,46187.08,224019.94,368906.03,289215.33,35741.43,78994.17,348442.35,237671.5,283796.46,60292.39,101663.6,113279.5,130278.97,71200.8,128377.2,103148.56,94751.0,119780.83,74710.5,122477.36,99855.33,82133.14,931279.48,12917.8,12399.67,94154.93,253227.15,151.54,903771.64,3104211.35,27873.25,475600.84,606057.26,30841.65,38342.24
Scenario 2,1742,6,Negative Shock,242,TRADING,104508.74,914398.18,114976.07,203633.84,724260.31,679292.08,138006.52,381672.62,464899.14,654355.15,350525.03,233520.55,2134491.08,29499.73,295166.52,46191.96,224183.16,369582.04,289215.33,35718.06,79082.93,349143.36,238291.01,283796.46,60347.8,101663.6,113583.7,130278.97,71200.8,128587.58,103233.04,94751.0,119780.83,74774.12,122577.08,99855.33,82132.17,931471.08,12913.01,12397.54,94169.34,253227.15,151.58,904635.52,3098876.57,27903.78,475600.84,608403.46,30887.69,38220.87
Scenario 2,1743,6,Negative Shock,243,TRADING,104508.74,915404.02,115297.3,204076.05,723322.31,679802.15,138006.52,381684.78,465262.6,653519.87,350668.54,233837.06,2134491.08,29521.74,295902.49,46196.83,224146.74,369711.86,289215.33,35714.45,79152.12,349632.2,237860.46,283796.46,60388.25,101663.6,113741.28,130278.97,71200.8,128720.67,103329.49,94751.0,119780.83,74760.28,122248.09,99855.33,82069.73,929891.06,12881.95,12426.02,94309.65,253227.15,151.61,904101.54,3096989.13,27896.93,475690.69,607976.05,30863.62,38277.42
Scenario 2,1744,6,Negative Shock,244,TRADING,104508.74,916836.77,115276.88,204053.38,724354.72,680152.22,138513.02,381610.69,465705.28,653125.44,351849.57,234180.52,2134491.08,29561.81,296711.41,46201.7,224394.44,370121.81,289215.33,35752.22,79183.59,350691.44,238300.16,283796.46,60415.26,101663.6,113861.36,130278.97,71200.8,128658.92,103351.34,94751.0,119898.2,74935.83,121854.93,99855.33,82237.82,928505.81,12862.91,12435.18,94336.1,253227.15,151.55,904829.52,3088608.9,27892.92,475600.84,607888.84,30905.77,38207.21
Scenario 2,1745,6,Negative Shock,245,TRADING,104508.74,918270.54,115530.41,204149.98,724036.55,679641.5,138594.38,381392.87,466158.27,654305.0,352395.19,234465.57,2134491.08,29565.27,297285.14,46206.57,224744.84,370384.04,289215.33,35733.0,79201.82,351020.7,238525.69,284074.18,60505.02,101663.6,114179.56,130278.97,71200.8,128574.59,103499.46,94751.0,119780.83,74798.12,122074.95,99855.33,82340.49,927838.8,12856.3,12446.92,94127.09,253227.15,151.56,905337.83,3090725.32,27960.71,476656.32,609034.13,30885.71,38153.64
Scenario 2,1746,6,Negative Shock,246,TRADING,104508.74,918072.53,115830.03,204020.49,723879.77,678452.65,138467.0,381674.1,466986.01,654559.14,352548.41,234791.16,2134491.08,29642.93,297700.0,46211.44,224478.26,370529.79,289215.33,35755.61,79187.86,351765.28,238349.0,284954.32,60573.62,101663.6,114382.11,130278.97,71200.8,128752.33,103542.2,94751.0,119780.83,74793.92,122422.62,99911.47,82450.24,928475.43,12846.76,12446.87,94088.33,253227.15,151.59,906013.77,3093384.81,28023.22,477702.56,609949.06,30917.46,38165.79
Scenario 2,1747,6,Negative Shock,247,TRADING,104508.74,917932.58,115790.92,204181.21,724802.21,678942.48,138902.02,381088.23,468547.4,655442.41,353693.46,234991.35,2134491.08,29663.98,297921.26,46216.31,224453.84,370037.08,289215.33,35739.37,79321.39,352990.46,238452.03,285376.3,60618.8,101663.6,114383.77,130278.97,71200.8,128731.28,103534.61,94751.0,119780.83,75032.22,122155.5,99939.54,82586.09,930813.47,12833.88,12462.83,94261.16,253227.15,151.47,906801.63,3092383.81,28038.51,476974.48,610978.42,30968.03,38165.67
Scenario 2,1748,6,Negative Shock,248,TRADING,104508.74,917217.5,115938.07,204431.56,722879.5,679850.83,138756.49,380636.37,469147.46,655952.86,354156.56,235231.67,2134491.08,29679.41,298358.06,46221.18,224631.58,370210.57,289215.33,35718.08,79427.1,353599.71,238518.94,285610.9,60646.12,101663.6,114547.47,130441.32,71200.8,128728.57,103620.11,94751.0,119975.45,75252.75,122113.53,100202.23,82707.83,930386.07,12805.33,12471.56,94459.73,253701.26,151.45,907421.96,3090978.07,28093.07,477651.14,612043.63,30996.03,38124.98
Scenario 2,1749,6,Negative Shock,249,TRADING,104508.74,919106.85,115877.89,204427.48,723634.12,680552.5,138896.92,380790.99,468603.52,655276.91,355365.62,235331.52,2134491.08,29647.42,298395.44,46226.05,224589.83,370518.02,289215.33,35737.99,79457.44,353718.92,237955.59,286285.79,60776.32,101663.6,114753.54,130577.81,71200.8,128803.77,103596.13,94751.0,119927.82,75159.31,122188.58,100498.65,82629.4,930998.11,12795.78,12465.44,94671.05,253819.74,151.48,907893.62,3094054.25,28098.02,478659.47,612976.82,30973.55,38053.75
Scenario 2,1750,6,Negative Shock,250,TRADING,104508.74,918411.08,115898.72,204498.63,723414.19,682054.42,138902.27,380826.36,467809.37,654205.48,355425.93,235201.75,2134491.08,29679.14,298565.49,46230.92,225113.83,370690.94,289215.33,35799.65,79443.2,354781.62,237816.25,286669.17,60811.36,101663.6,114992.84,130574.19,71200.8,128856.35,103696.13,94751.0,120105.57,75167.94,122317.47,100768.9,82744.08,929917.01,12794.68,12451.53,94771.15,254974.07,151.46,907950.99,3097396.06,28160.63,479076.19,614643.69,30956.59,38053.36
Scenario 2,1751,6,Negative Shock,251,TRADING,104508.74,917368.33,115932.33,204325.1,723104.37,684217.01,139213.77,380682.75,467701.12,653908.2,356047.0,234970.13,2134491.08,29690.63,298413.31,46235.79,225510.62,371459.42,289215.33,35830.73,79480.31,354632.43,238599.45,286972.39,60814.66,101663.6,115124.26,130526.88,71200.8,128886.37,103712.72,94751.0,120235.17,75066.43,122225.98,100864.99,82567.31,931211.23,12794.53,12458.53,94618.49,255132.21,151.57,908845.83,3099803.0,28175.16,480047.76,614389.73,30935.92,38000.87
Scenario 2,1752,6,Negative Shock,252,TRADING,104508.74,918445.48,116128.84,204176.83,722831.35,686263.26,139417.84,380571.67,467750.92,654344.76,356339.2,235023.88,2134491.08,29729.86,298381.17,46240.67,225527.01,370769.41,289215.33,35788.59,79548.79,355310.08,238949.57,287112.39,60961.08,101663.6,115317.84,130702.54,71200.8,128708.67,103817.0,94751.0,120397.2,74938.57,122330.89,100792.44,82549.74,930734.74,12771.86,12468.55,94632.16,255110.51,151.66,910253.56,3107616.08,28188.67,480695.85,615473.66,30930.93,37924.52
Scenario 2,1753,6,Negative Shock,253,TRADING,104508.74,919009.65,116388.58,204444.94,722688.44,687092.29,139745.45,379957.44,469631.78,655867.82,357252.11,234964.48,2134491.08,29805.0,298227.44,46245.54,225725.69,370491.85,289215.33,35829.2,79684.15,356573.83,239182.66,287212.05,61044.61,101663.6,115523.54,130807.26,71200.8,128664.75,103891.41,94799.89,120576.07,75035.12,122431.08,100754.52,82519.58,930171.62,12767.42,12446.53,94968.48,255637.27,151.59,909701.85,3103286.15,28244.13,480800.43,615087.77,30956.12,37847.68
Scenario 2,1754,6,Negative Shock,254,TRADING,104508.74,920407.25,116479.6,204357.76,723190.82,688258.13,139719.0,379426.72,469633.2,656373.58,357449.53,235402.13,2134491.08,29856.36,297827.06,46250.41,225860.66,370913.4,289215.33,35791.43,79823.27,356675.86,239806.13,287908.97,61092.44,101663.6,115439.08,130753.48,71200.8,128511.74,103865.68,94855.47,120345.25,75069.51,122534.43,100561.15,82448.75,931233.24,12768.07,12461.75,95049.12,255775.69,151.7,910184.9,3107443.6,28245.87,481573.52,616460.55,31012.65,37802.31
Scenario 2,1755,6,Negative Shock,255,TRADING,104508.74,920826.23,116511.87,204220.97,723479.38,688985.24,140146.91,379082.16,469470.36,657500.28,358129.21,235601.19,2134491.08,29926.11,298308.69,46255.28,225650.27,370914.62,289215.33,35780.09,79966.06,357231.83,239758.4,288027.84,61184.84,101663.6,115692.05,130721.95,71200.8,128473.01,103947.92,94937.92,120364.3,75056.86,122333.13,100572.22,82570.88,931953.71,12746.0,12448.73,95019.74,256021.78,151.69,911151.63,3110918.25,28300.86,482270.37,617107.15,31027.32,37789.67
Scenario 2,1756,6,Negative Shock,256,TRADING,104508.74,920921.84,116677.71,204143.52,724589.44,690207.21,140420.29,379408.04,470179.95,657853.06,358298.69,236017.74,2134491.08,29962.53,298892.82,46260.15,225616.34,371432.09,289215.33,35856.1,80014.24,358201.35,239593.62,288372.84,61225.94,101663.6,116112.97,130546.76,71200.8,128564.6,103905.41,94967.31,120381.73,75032.19,122375.28,100742.95,82716.36,931161.18,12741.48,12453.04,95240.88,256052.33,151.78,911645.91,3113254.58,28328.33,483407.76,618118.68,31070.53,37787.77
Scenario 2,1757,6,Negative Shock,257,TRADING,104508.74,922372.07,116902.86,204086.68,725186.98,692017.43,140764.58,379694.48,469580.13,657083.37,358274.49,236065.04,2134491.08,30020.0,298916.12,46265.02,225838.1,371720.95,289689.35,35871.17,80103.67,358797.71,239523.49,288495.54,61370.98,101663.6,116207.66,130753.44,71200.8,128512.27,104085.88,94950.11,120456.09,75031.25,122595.49,100834.36,82654.83,931065.13,12730.3,12456.16,95150.71,256228.77,151.88,912702.16,3115831.74,28407.32,483257.49,617561.08,31119.73,37743.68
Scenario 2,1758,6,Negative Shock,258,TRADING,104508.74,923442.52,117110.8,204357.67,725339.96,691359.86,141047.52,379340.39,471854.29,657166.62,359107.1,236341.85,2134491.08,30021.18,299760.06,46269.89,225972.26,371669.62,289749.49,35928.03,80171.88,358939.87,239472.12,289195.77,61440.76,101663.6,116524.56,130887.92,71200.8,128602.7,104028.41,94898.85,120317.48,75039.5,122587.58,100824.53,82714.29,931809.14,12747.65,12454.2,95595.82,256278.24,151.86,912381.87,3113545.99,28414.99,483920.98,618571.67,31194.48,37706.6
Scenario 2,1759,6,Negative Shock,259,TRADING,104508.74,923632.95,117257.57,204241.33,724940.37,690640.36,141016.93,380609.41,472840.56,656704.67,359868.23,236494.98,2134491.08,30078.79,300136.68,46274.76,226056.89,371265.93,290246.2,35904.96,80271.13,358939.82,239291.12,289801.14,61544.79,101663.6,116586.84,131230.19,71200.8,128666.58,104100.34,94921.96,120313.7,75003.62,122444.17,100604.29,82955.24,931395.86,12751.15,12475.09,95908.39,256390.74,151.81,912210.17,3113034.17,28496.08,484200.8,617782.79,31200.69,37602.81
Scenario 2,1760,6,Negative Shock,260,TRADING,104508.74,923796.78,117281.68,204137.14,725076.04,690149.22,141137.19,380163.22,473325.25,657067.72,360201.49,236594.87,2134491.08,30113.96,300647.3,46279.63,226512.74,371044.86,290713.61,35931.82,80365.94,359509.35,239358.26,290343.9,61641.91,101663.6,116948.97,131189.6,71200.8,128657.52,104007.82,94831.22,120597.69,74991.73,122313.6,100641.06,83008.59,931235.04,12761.41,12484.16,96041.13,256628.07,151.85,912565.05,3120011.41,28499.84,484954.41,617034.53,31158.88,37583.15
Scenario 2,1761,6,Negative Shock,261,TRADING,104508.74,924345.65,117380.0,203959.13,725386.33,690799.82,141277.07,380547.9,473151.38,657765.73,360682.31,236686.43,2134491.08,30108.61,301204.49,46284.5,226659.78,371313.57,291080.24,35943.74,80403.98,359968.84,239964.9,290377.27,61721.02,101663.6,117037.5,131374.11,71200.8,128644.03,104139.08,94962.81,120547.95,74878.23,122182.7,101100.24,83067.8,931536.26,12765.02,12476.94,96146.5,257294.79,151.96,913618.4,3125015.2,28574.99,486334.27,616759.48,31131.68,37633.43
Scenario 2,1762,6,Negative Shock,262,TRADING,104508.74,926249.65,117459.28,204148.13,725539.88,692194.62,141351.84,379852.31,473264.66,657566.14,360873.56,237214.47,2134491.08,30133.38,301479.52,46289.38,226594.19,370956.94,290761.99,35967.94,80315.85,361091.59,240021.49,290559.59,61842.06,101663.6,117111.14,131346.84,71200.8,128725.23,104049.61,94985.13,120784.99,74691.22,122299.78,101197.99,83176.64,930755.68,12760.39,12470.28,96417.8,256987.28,151.99,912753.23,3124407.27,28633.64,487443.4,615290.89,31185.73,37580.91
Scenario 2,1763,6,Negative Shock,263,TRADING,104508.74,927655.26,117527.43,204088.48,726534.85,692325.44,141721.14,379842.13,473831.82,657235.65,361616.64,237656.45,2134491.08,30133.8,302224.76,46294.25,227267.49,371123.54,291051.73,36002.31,80434.14,361599.55,239724.67,290985.16,61914.69,101663.6,117313.57,131498.68,71200.8,128675.02,104207.29,95020.99,120566.88,74492.33,122381.79,101446.33,83189.63,928933.81,12759.03,12461.24,96543.97,257375.19,151.95,912921.52,3119633.52,28644.52,488734.72,615666.89,31201.17,37618.32
Scenario 2,1764,6,Negative Shock,264,TRADING,104508.74,928522.93,117438.4,204223.3,725908.41,691576.02,141689.03,380159.9,474193.34,656437.95,361829.65,237554.92,2134491.08,30161.1,302223.62,46299.12,227331.54,371307.05,291201.07,36034.0,80501.08,361488.79,239551.25,291001.61,61876.01,101663.6,117527.82,131478.25,71200.8,128546.82,104220.88,95025.6,120748.09,74454.19,122696.56,101582.2,83381.06,927483.93,12740.01,12458.55,96421.53,257428.68,151.93,914319.11,3116052.33,28671.28,489818.13,618131.28,31188.16,37642.73
Scenario 2,1765,6,Negative Shock,265,TRADING,104508.74,927843.1,117726.5,204282.26,724993.28,691753.75,141558.81,380144.44,474922.06,656550.2,362233.26,238086.6,2134491.08,30191.09,302474.33,46303.99,227419.23,371603.53,290983.0,35998.08,80586.43,361599.09,238967.53,291294.58,61968.44,101663.6,117531.3,131574.74,71200.8,128698.13,104366.85,94969.05,120813.54,74464.7,122659.64,101494.69,83275.32,926472.77,12730.8,12453.6,96396.07,257121.07,152.06,915615.98,3114876.31,28704.95,491203.71,618889.6,31185.34,37743.1
Scenario 2,1766,6,Negative Shock,266,TRADING,104508.74,928504.01,117830.88,204260.44,725527.53,693079.41,142100.94,380135.85,475113.0,655480.13,362468.1,238696.04,2134491.08,30258.82,302408.51,46308.86,227637.06,371363.63,291094.59,36024.5,80685.53,362502.8,239123.26,292009.73,62079.49,101663.6,117747.7,131807.5,71200.8,128671.78,104441.83,94934.07,120987.01,74395.28,123048.69,101792.63,83303.25,925480.95,12723.41,12445.88,96652.16,257302.87,152.13,916218.47,3116267.16,28754.4,492422.67,619919.89,31262.86,37707.75
Scenario 2,1767,6,Negative Shock,267,TRADING,104566.75,928862.42,117975.33,204271.96,725457.81,693638.52,142141.11,380166.59,476035.03,654836.58,362673.68,238929.03,2134491.08,30235.27,302595.27,46313.73,227552.37,370823.97,291510.53,36070.61,80751.97,363276.92,239236.45,292800.94,62208.31,101663.6,117761.5,131655.37,71200.8,128638.01,104367.08,94923.48,121164.26,74376.94,123316.46,101961.42,83221.67,926879.58,12726.52,12449.01,96650.97,257695.48,152.05,915706.8,3114134.72,28788.95,494230.2,621811.92,31265.93,37662.58
Scenario 2,1768,6,Negative Shock,268,TRADING,104963.02,929192.5,118335.6,204544.1,724742.93,694144.66,142128.75,380567.1,476052.92,655801.31,363440.62,238733.21,2134491.08,30295.23,302995.74,46318.6,227512.6,370859.71,291594.2,36071.93,80833.09,364021.17,239906.91,293201.67,62161.99,101663.6,117770.19,131748.73,71200.8,128631.48,104466.84,95060.03,121549.02,74441.03,123567.84,102248.79,83365.2,928339.64,12719.12,12470.67,96632.72,258014.06,152.15,916841.79,3115999.65,28840.09,494371.77,622381.68,31300.99,37610.45
Scenario 2,1769,6,Negative Shock,269,TRADING,104987.74,930820.17,118336.64,204485.46,723933.61,694229.07,142380.5,380398.78,476785.4,656919.77,364154.28,239230.15,2134491.08,30294.95,303104.79,46323.47,227625.21,370706.7,291984.71,36171.48,80817.22,364081.38,239664.45,293384.08,62318.11,101663.6,117872.14,131878.63,71200.8,128611.29,104662.36,95197.7,121350.21,74443.13,123550.71,102276.66,83495.97,929074.55,12700.57,12465.06,96583.56,258408.77,152.18,917089.06,3115803.0,28879.36,495145.89,623958.95,31308.92,37570.11
Scenario 2,1770,6,Negative Shock,270,TRADING,105334.99,931834.01,118520.53,204492.31,723862.89,693999.55,142318.69,380366.95,477362.94,656386.45,364409.72,239715.89,2134491.08,30311.32,303755.49,46328.34,227436.48,370369.04,292508.15,36153.28,80862.64,364125.36,239958.35,294036.95,62428.07,101663.6,117852.17,131994.11,71200.8,128757.7,104698.21,95140.17,121200.28,74550.61,123601.43,102315.13,83617.16,929236.59,12679.78,12465.73,96594.6,258862.03,152.29,917234.77,3123024.16,28944.84,496059.61,624858.28,31439.03,37574.92
Scenario 2,1771,6,Negative Shock,271,TRADING,105174.03,933022.23,118828.2,204483.49,723393.31,694515.89,142460.92,380864.58,477093.22,654663.24,365106.79,240140.28,2134491.08,30378.46,303837.59,46333.22,227805.41,370199.69,292472.45,36196.82,80978.09,364057.32,239771.97,293994.88,62472.55,101663.6,117950.35,132359.67,71200.8,128688.57,104705.16,95120.16,121571.65,74343.95,124139.8,102280.28,83609.78,925743.1,12663.33,12465.06,96677.26,258913.16,152.41,917860.24,3127396.07,29019.23,496832.41,624964.29,31498.41,37588.03
Scenario 2,1772,6,Negative Shock,272,TRADING,105345.53,933671.84,119027.75,204472.94,722714.98,696602.1,142721.19,380911.12,476261.9,654401.49,365956.74,240340.1,2134491.08,30387.41,303998.4,46338.09,228126.1,370241.61,292599.7,36145.6,81031.24,364759.08,239921.23,293833.08,62511.26,101720.74,118095.28,132575.94,71200.8,128944.75,104854.02,95152.78,121660.43,74237.78,124275.27,102416.56,83475.51,926390.79,12663.33,12470.25,96686.62,259248.83,152.43,918348.59,3131504.39,29081.35,498324.55,624530.58,31478.87,37499.86
Scenario 2,1773,6,Negative Shock,273,TRADING,105392.11,934322.62,118964.26,204560.95,722355.28,698258.98,143027.59,381411.36,477377.41,654194.69,366229.92,240529.98,2134491.08,30410.81,304456.18,46342.96,228239.74,369954.9,293381.25,36129.07,81097.53,364978.25,239127.83,294129.11,62527.73,101821.19,118328.83,132615.09,71200.8,128765.71,104860.75,95087.36,121660.73,74145.16,124626.26,102621.52,83541.66,926826.9,12668.52,12469.21,97147.21,259360.76,152.33,918649.05,3130950.1,29179.21,499692.65,625015.93,31563.55,37478.18
Scenario 2,1774,6,Negative Shock,274,TRADING,105350.39,935463.9,119175.97,204725.84,722039.39,697483.61,143158.27,381559.63,477907.76,654816.95,367352.54,241123.93,2134491.08,30374.25,305397.02,46347.83,228207.44,370062.45,293907.9,36105.91,81119.07,365269.79,239284.44,294640.98,62577.73,101883.53,118352.32,132661.83,71200.8,128620.11,104875.64,95088.79,121400.96,73915.12,124627.45,102803.35,83434.9,926356.89,12680.72,12479.37,97063.96,259853.44,152.41,918669.88,3131173.35,29193.72,500328.96,625254.0,31662.34,37411.45
Scenario 2,1775,6,Negative Shock,275,TRADING,105193.31,935222.13,119411.8,204623.49,722039.39,697724.14,143346.36,381986.57,478903.7,655717.52,367888.04,241372.38,2134491.08,30409.64,305267.06,46352.7,228513.51,370737.36,294316.95,36115.03,81045.64,366325.69,239946.79,294848.7,62688.33,101890.12,118520.46,132805.97,71200.8,128611.42,104709.36,94995.56,121391.28,73876.62,124578.34,103041.94,83341.73,925586.16,12679.63,12491.13,97186.32,259689.95,152.55,918953.93,3132366.49,29171.24,501963.7,626436.75,31695.32,37354.57
Scenario 2,1776,6,Negative Shock,276,TRADING,105099.86,936069.92,119499.74,204639.6,722039.39,698803.71,143893.48,382448.31,478809.66,655960.3,368628.26,241642.53,2134491.08,30454.9,305212.87,46357.57,228610.39,370845.44,294785.6,36053.67,81013.06,366866.62,240104.92,295957.24,62585.52,101822.72,118630.37,132755.76,71200.8,128697.21,104630.01,94949.88,121361.33,73930.32,124675.43,103061.45,83482.34,922560.4,12666.09,12495.25,97019.1,259830.63,152.54,921341.34,3136023.47,29211.19,502817.29,626193.09,31740.6,37395.11
Scenario 2,1777,6,Negative Shock,277,TRADING,105412.18,937751.4,119527.54,204360.98,722039.39,700257.47,143912.06,382720.45,480379.9,655459.52,367927.39,242344.49,2134491.08,30471.38,305807.62,46362.44,228719.99,370250.65,294522.68,36081.59,81041.86,368167.25,240973.05,296279.56,62720.43,101779.17,118766.72,132928.42,71200.8,128686.33,104651.95,94937.02,121377.31,73793.62,124677.93,103341.23,83457.56,920613.37,12675.32,12504.18,96839.27,260107.82,152.67,919981.94,3135789.81,29254.28,502018.59,626903.27,31751.73,37330.01
Scenario 2,1778,6,Negative Shock,278,TRADING,105331.38,938235.31,119562.89,204117.44,722416.49,702768.38,143999.51,383810.57,481105.65,655319.23,368123.84,242185.42,2134491.08,30530.11,305952.56,46367.31,228301.54,370194.76,295196.02,36106.68,81067.58,368335.08,240639.62,296842.96,62683.91,101828.46,118774.24,133251.16,71200.8,128729.37,104685.34,94910.91,121185.11,73620.22,124943.71,103330.38,83479.68,920539.1,12682.88,12493.73,96585.56,260625.98,152.8,919786.99,3135676.31,29344.23,502760.03,628742.73,31820.05,37340.77
Scenario 2,1779,6,Negative Shock,279,TRADING,105346.15,937959.45,119482.64,204063.98,722351.06,701514.44,144239.2,383853.53,482388.33,654787.45,368567.64,242453.82,2134491.08,30546.1,306107.08,46372.18,228614.61,370308.99,295609.78,36089.18,81170.56,367777.13,240757.63,297296.59,62715.81,101717.0,118861.51,133467.04,71200.8,128713.29,104713.41,94958.22,121249.99,73611.04,125054.48,103638.15,83383.0,918295.43,12709.6,12489.75,96561.02,260375.93,152.82,919918.08,3135671.68,29309.05,502712.76,629356.41,31868.58,37334.35
Scenario 2,1780,6,Negative Shock,280,TRADING,105362.34,938428.09,119373.14,203675.56,722849.02,702437.74,144172.75,383610.19,484137.23,653551.18,369090.4,242403.62,2134491.08,30583.32,306156.71,46377.05,229190.08,370165.98,295708.32,36064.61,81275.67,368576.03,240645.76,297669.08,62738.1,101663.6,118925.63,133410.1,71200.8,128761.22,104635.59,95161.12,121072.3,73486.34,125410.98,103807.08,83376.72,918219.3,12710.89,12481.88,96585.46,260370.14,152.95,919281.03,3137073.98,29365.43,502513.25,628073.78,31914.14,37268.43
Scenario 2,1781,6,Negative Shock,281,TRADING,105360.01,938759.68,119560.14,204004.77,723536.67,703643.31,144425.12,383462.86,483494.74,653874.36,369499.64,242506.11,2136001.45,30603.4,305929.45,46381.93,229446.96,370342.14,296348.6,36033.24,81298.13,368176.06,240171.27,298034.39,62855.29,101663.6,118989.39,133738.73,71200.8,128836.35,104630.42,95215.82,121151.92,73581.09,125886.08,103740.94,83226.08,918522.73,12709.12,12476.55,96641.99,260203.03,153.04,920107.13,3133860.82,29424.92,503120.31,628788.84,31939.2,37212.38
Scenario 2,1782,6,Negative Shock,282,TRADING,105256.39,939512.05,119636.9,203992.0,723688.53,705354.09,144371.94,382884.76,483709.2,655350.04,369925.22,242793.95,2134622.33,30613.6,306174.47,46386.8,229943.24,370237.04,296761.23,36088.68,81400.41,368050.58,240452.33,298251.34,62872.43,101663.6,119160.29,134144.05,71200.8,128757.39,104833.53,95317.6,121068.46,73459.99,125987.03,103722.04,83344.52,916798.63,12727.69,12485.52,96669.08,260249.21,153.14,919411.76,3130151.13,29396.1,503909.3,629889.31,31916.64,37183.6
Scenario 2,1783,6,Negative Shock,283,TRADING,105230.37,940960.3,119789.24,203968.0,723660.24,708236.43,144120.84,382785.34,483781.22,656802.66,369794.95,243376.18,2134491.08,30607.29,306732.07,46391.67,230175.56,370027.62,297285.39,36080.29,81371.7,368726.83,240571.33,298261.51,62911.75,101663.6,119301.65,134138.4,71200.8,128780.6,104747.84,95245.62,121183.54,73477.77,126137.92,103577.51,83304.96,914838.32,12712.25,12487.81,96703.64,260271.61,153.15,918356.48,3134938.6,29424.82,503860.72,630085.29,31907.6,37133.78
Scenario 2,1784,6,Negative Shock,284,TRADING,105259.24,942123.47,119923.27,204159.37,723395.27,708867.43,144564.0,382102.89,484676.77,657451.87,369895.36,243617.96,2134491.08,30623.63,307364.89,46396.54,230278.61,369934.89,297569.82,36048.29,81421.54,368733.97,240274.08,298028.04,62787.74,101663.6,119545.27,134031.47,71200.8,128962.71,104747.32,95279.28,121293.19,73352.61,126368.76,103556.6,83443.5,915038.53,12716.54,12489.41,96757.55,260352.68,153.3,918139.42,3130889.27,29456.22,504825.26,631180.46,31923.17,37181.25
Scenario 2,1785,6,Negative Shock,285,TRADING,105100.95,942032.28,120025.01,204114.35,722959.17,709970.87,144943.26,381341.1,486572.41,658047.7,370507.35,243438.83,2134491.08,30636.67,307491.26,46401.41,230164.17,369843.32,297511.04,36085.08,81450.68,368793.34,239755.11,297914.79,62794.32,101663.6,119601.84,134006.34,71200.8,128837.25,104747.25,95230.9,121364.92,73568.35,126820.49,103487.42,83520.66,915621.9,12692.92,12508.2,96722.1,260554.24,153.3,919826.99,3129627.73,29485.03,504876.05,631241.77,31935.14,37186.98
Scenario 2,1786,6,Negative Shock,286,TRADING,105211.19,944750.74,120040.84,204187.0,722771.07,712695.75,144913.8,381427.68,487962.33,658587.99,371460.82,243572.06,2134491.08,30698.28,308176.37,46406.28,230655.01,369967.88,297780.22,36132.81,81655.08,368722.34,239375.11,299159.67,62857.95,101663.6,119904.1,134012.97,71200.8,128785.82,104597.47,95225.94,121145.28,73578.07,126897.34,103253.42,83455.12,914566.74,12737.6,12505.58,96988.64,260640.96,153.47,919406.41,3132318.12,29542.66,505369.67,632694.95,31994.08,37176.23
Scenario 2,1787,6,Negative Shock,287,TRADING,105113.9,945119.33,120233.82,204054.5,722976.44,714394.03,144930.87,380195.37,489652.16,658819.22,372132.26,243905.26,2134491.08,30750.77,308557.31,46411.15,230914.76,370099.99,297222.9,36114.65,81675.77,369010.64,239898.72,299550.81,62926.51,101663.6,120089.27,134165.8,71200.8,128651.63,104590.63,95274.39,121108.34,73418.03,126812.27,103340.04,83492.09,914384.0,12716.61,12517.44,97072.49,260432.35,153.5,918556.82,3134016.86,29518.94,506503.11,633590.7,31986.19,37230.37
Scenario 2,1788,6,Negative Shock,288,TRADING,105113.13,945326.2,120365.17,203775.1,723538.22,715963.63,145180.9,380266.24,491034.13,659203.17,372212.72,244001.88,2134909.41,30776.95,308986.36,46416.02,230771.4,370398.85,297631.74,36101.69,81827.13,368996.66,240295.2,299687.74,62887.57,101663.6,120210.69,134270.24,71263.22,128931.7,104650.17,95273.41,121194.85,73432.22,126856.55,103830.72,83484.24,914644.62,12730.07,12516.74,97184.84,260943.23,153.69,919223.25,3137783.19,29560.53,506702.54,634957.82,31988.18,37253.37
Scenario 2,1789,6,Negative Shock,289,TRADING,105011.76,945680.38,120324.38,203854.06,722039.39,717800.21,145334.63,379848.75,492335.06,659455.41,372567.82,244264.25,2140567.71,30756.7,309345.93,46420.89,231068.2,370946.66,297342.87,36035.67,81974.54,369690.16,240059.23,300589.46,62811.2,101663.6,120294.58,134375.71,71200.8,128865.17,104710.17,95414.68,121074.76,73237.92,127012.33,104138.05,83569.62,914028.15,12731.45,12516.03,97302.78,261235.65,153.8,919587.73,3139451.32,29557.53,507706.29,635121.89,31958.11,37259.82
Scenario 2,1790,6,Negative Shock,290,TRADING,104987.48,946230.72,120492.46,204005.49,722039.39,718770.35,145866.32,380341.8,494425.5,660205.5,372440.56,244472.35,2143471.21,30808.26,309492.94,46425.76,231122.98,370896.84,297786.6,36045.77,82130.04,370086.26,239713.87,301085.29,62927.13,101663.6,120656.5,134642.87,71336.66,128681.76,104977.27,95574.9,120992.44,73238.85,127169.6,103996.82,83544.25,912781.86,12732.8,12525.26,97531.9,261453.54,153.83,921538.11,3143015.36,29592.24,509153.66,636092.23,32039.74,37227.47
Scenario 2,1791,6,Negative Shock,291,TRADING,105180.73,946799.07,120583.3,203895.99,722343.83,719567.47,146472.76,380254.06,494941.17,661137.36,372750.74,244822.67,2142954.32,30825.34,310328.17,46430.64,231465.04,370626.95,297783.83,35982.31,82223.27,369831.49,240010.2,302054.59,62960.71,101663.6,120721.35,134590.62,71422.94,128617.17,104985.68,95584.81,120960.34,73452.44,127182.39,103928.08,83524.47,912491.0,12706.03,12517.99,97697.85,261279.38,153.82,921875.25,3141862.44,29611.93,510418.17,637786.8,32096.39,37165.75
Scenario 2,1792,6,Negative Shock,292,TRADING,105186.73,945264.99,120919.71,203831.67,723814.05,720644.3,146213.4,380517.04,495941.95,658924.81,372878.49,245061.68,2139610.1,30851.91,310470.36,46435.51,231209.91,370036.73,298483.93,35936.02,82349.26,370614.81,240050.22,302218.14,62936.68,101663.6,120872.46,134716.77,71372.87,128501.56,104992.63,95589.29,121146.21,73654.94,127298.99,103857.84,83623.67,914853.82,12715.51,12530.51,97909.56,261162.8,153.84,921480.75,3137236.46,29678.98,510618.41,637725.3,32191.44,37083.05
Scenario 2,1793,6,Negative Shock,293,TRADING,105334.46,946745.44,121180.97,203863.78,724240.24,723786.71,146300.9,380791.83,497747.77,659105.32,373667.5,245127.43,2142970.16,30921.8,310892.37,46440.38,231303.6,369648.26,298314.64,35866.29,82359.29,370939.28,240359.78,302433.89,62993.3,101663.6,121014.37,134761.54,71371.79,128507.81,104817.25,95612.46,121068.02,73636.16,127425.05,104080.09,83581.68,915258.26,12720.13,12524.31,97669.18,261262.72,153.9,922356.9,3138336.26,29710.44,512085.54,638002.22,32226.02,37109.93
Scenario 2,1794,6,Negative Shock,294,TRADING,105508.26,947052.15,121338.19,203937.81,722848.01,724201.9,146433.4,380574.45,497643.52,659144.19,373573.88,245682.08,2141879.36,30983.89,311684.63,46445.25,231375.16,369842.49,298525.89,35910.81,82429.47,371936.27,240217.97,303112.14,63121.96,101663.6,121259.86,134775.94,71345.08,128582.0,104902.66,95734.79,121119.37,73645.99,127583.23,104133.01,83694.97,914055.98,12709.23,12535.68,97657.23,261965.66,153.91,922989.69,3137628.24,29773.14,512769.95,637974.81,32333.81,37125.91
Scenario 2,1795,6,Negative Shock,295,TRADING,105430.76,946994.74,121524.06,204106.84,722039.39,725165.65,147117.71,380428.91,497460.03,658862.42,374752.06,245432.34,2145021.88,30968.53,311831.43,46450.12,231576.7,369501.41,298715.23,35870.79,82592.0,372524.53,241130.41,303140.36,63173.22,101663.6,121326.96,134873.85,71329.82,128533.82,104968.33,95803.92,120992.9,73375.46,127718.38,104292.04,83750.13,912361.64,12721.97,12542.67,97519.39,262225.74,153.82,923068.57,3136449.78,29781.11,512911.86,639334.47,32363.49,37031.46
Scenario 2,1796,6,Negative Shock,296,TRADING,105431.86,947853.75,121821.9,204174.2,723132.29,728364.1,147276.6,380343.96,499765.28,658304.55,375015.67,245455.27,2148377.86,31012.85,312050.05,46454.99,231797.95,369742.36,299041.86,35852.78,82707.93,373077.17,242270.2,303092.97,63238.43,101663.6,121510.48,135183.08,71406.21,128653.08,104787.49,95806.65,121017.17,73511.03,127497.57,104388.68,83697.83,912409.11,12711.65,12553.08,97631.72,262837.73,153.82,924084.02,3136197.73,29804.74,513672.18,640627.38,32372.13,37029.51
Scenario 2,1797,6,Negative Shock,297,TRADING,105052.77,948258.62,121851.49,204200.95,724056.55,729474.63,147256.31,380507.55,500121.36,660057.2,376164.66,245274.97,2148675.21,31002.39,312255.71,46459.86,232526.73,370127.85,299241.62,35836.38,82829.93,374167.89,242148.75,303480.83,63296.68,101663.6,121534.29,135126.16,71567.14,128602.58,104896.51,95839.54,120924.47,73449.31,127662.16,104537.79,83928.29,911561.68,12714.74,12560.51,97858.92,263002.4,153.81,925799.64,3138001.81,29810.84,514436.93,641583.12,32424.38,37067.5
Scenario 2,1798,6,Negative Shock,298,TRADING,105181.92,948886.14,122097.71,204190.25,723296.41,731409.49,147216.09,380799.96,500934.2,659929.89,375564.47,245082.46,2147573.33,31052.31,312110.47,46464.73,232806.4,370802.86,300357.43,35777.2,82727.2,374908.02,242608.81,304488.4,63333.07,101663.6,121673.96,135306.69,71553.96,128528.38,104911.41,95877.39,120868.32,73378.9,128015.03,104501.05,83885.79,911672.89,12699.38,12548.86,97996.67,263344.08,154.05,926782.28,3134899.53,29852.15,514583.73,641751.79,32470.23,37050.31
Scenario 2,1799,6,Negative Shock,299,TRADING,105294.79,948651.06,122379.91,204386.19,723390.37,732121.05,147693.66,379929.73,501225.55,659031.51,376511.98,245639.46,2148499.3,31072.02,312071.19,46469.6,233260.84,371088.04,300634.41,35761.54,82884.41,374509.38,242293.93,304557.83,63379.98,101713.87,121745.37,135778.0,71551.04,128419.63,104901.68,95932.34,120944.48,73417.97,127891.95,104703.07,83858.94,911901.41,12701.21,12552.69,98468.07,263609.65,154.13,928490.77,3137936.48,29868.2,515776.35,643658.53,32436.02,37120.32
Scenario 2,1800,6,Negative Shock,300,TRADING,105427.66,950017.87,122711.74,204498.34,722967.74,732222.57,147883.51,379544.62,500417.97,660222.19,376790.93,245923.88,2151400.96,31114.47,312537.24,46474.47,233619.39,371688.24,301229.57,35665.79,83011.15,375150.8,242344.71,304989.42,63561.12,101778.22,122056.68,135907.06,71768.94,128538.51,104795.8,96001.07,121068.31,73331.37,127921.63,104949.9,84058.21,910736.6,12702.18,12556.39,98498.96,264002.77,154.17,929248.77,3142247.45,29885.01,516255.25,643319.43,32357.14,37043.21
