Scenario,Global_Second,Phase,Phase_Name,Phase_Second,Market_State,Kia,Vintrumite,DB HiTek,POSCO Future M,Hyundai Motor,POSCO Holdings,Samsung Electronics,LS,Samsung SDI,Samsung Electro-Mechanics,HD Korea Shipbuilding,LS ELECTRIC,Korea Zinc,HMM,Hyundai Mobis,Korea Electric Power,Samsung C&T,SK Inc.,NAVER,Kakao,JUSUNG Engineering,EO Technics,Hanmi Semiconductor,LG Chem,Shinhan Financial,LEENO Industrial,LG Electronics,Celltrion,KODEX 200,EcoPro,Hana Financial,KODEX Semiconductor,SK Innovation,TIGER 200,KB Financial,KODEX Leverage,Meritz Financial,Samsung Biologics,KODEX KOSDAQ150,KODEX KOSDAQ150 Leverage,Wonik IPS,EcoPro BM,KODEX 200 Futures Inverse 2X,HD Hyundai Electric,Hyosung Heavy Industries,Woori Financial,HD Hyundai Heavy Industries,LG Energy Solution,TIGER Semiconductor TOP10,HPSP
Scenario 1,1,1,Fake Positive News,1,TRADING,153993.80,1447000.00,161713.93,267009.49,539016.31,501961.42,232500.00,509042.52,705058.93,918054.70,469466.72,294029.69,1628995.53,21147.56,436706.93,44495.51,319975.92,475469.14,209016.54,47103.44,126587.70,475017.66,377999.60,428972.60,98006.44,120788.55,143210.60,188381.34,105293.63,155792.78,126607.42,130460.00,145712.78,105769.86,157787.81,127790.00,113754.64,1484828.75,20175.32,17085.03,122501.70,215515.37,151.98,1298914.80,4227657.35,33583.59,680032.46,471950.69,42175.00,54400.90
Scenario 1,2,1,Fake Positive News,2,TRADING,154021.33,1444709.43,161517.79,267627.10,539546.24,501398.36,232570.84,508487.47,705522.81,917562.80,469267.88,294198.97,1630162.28,21140.11,436943.21,44514.74,319264.89,475408.84,208937.15,47133.18,126739.52,475813.81,377420.48,428525.03,97984.64,120657.66,143389.97,188371.17,105080.76,156217.49,126610.26,130315.24,145711.06,105771.98,157911.16,127933.15,113723.78,1484985.29,20178.24,17035.92,122452.15,215400.36,151.43,1297695.46,4226294.49,33553.00,680461.22,472921.58,42141.14,54314.33
Scenario 1,3,1,Fake Positive News,3,TRADING,154238.70,1444062.60,161823.24,267877.84,540041.92,501122.63,232135.45,508953.54,704830.76,919186.82,468958.93,293633.05,1628416.14,21157.62,437788.60,44482.69,318023.49,476232.51,208559.52,47203.21,127165.76,476917.35,376096.83,428399.34,97876.73,120252.06,142710.25,188500.70,104712.28,156642.18,126909.94,130410.02,145811.50,105726.94,157818.32,128041.63,113719.20,1485391.69,20172.34,17089.94,122635.59,215730.38,150.81,1299481.07,4212774.47,33600.61,680490.60,471962.86,42126.99,54509.66
Scenario 1,4,1,Fake Positive News,4,TRADING,154275.16,1442648.19,162190.93,267892.04,541262.56,500858.24,231888.45,508599.86,704722.31,922598.24,468581.63,293127.36,1630070.77,21160.13,438791.01,44485.34,318060.94,475908.91,208338.97,47221.91,126845.23,479336.90,375670.47,428080.74,97864.70,120152.17,142756.81,188429.51,104851.24,156819.99,126774.98,130465.22,145835.90,105950.67,157890.96,127860.95,113874.47,1483935.77,20166.36,17120.37,122748.41,216304.76,150.75,1303319.42,4219776.15,33634.76,679562.78,472896.33,42007.47,54333.27
Scenario 1,5,1,Fake Positive News,5,TRADING,154466.98,1443165.66,162122.92,267837.90,540007.64,500713.55,231474.07,510103.62,703846.78,922649.07,467800.15,293927.76,1627415.81,21150.68,440196.10,44467.86,318627.87,475451.44,207961.42,47184.58,126696.30,478165.82,374747.67,427397.26,97812.75,120337.09,143004.47,188181.94,105393.28,156501.78,126667.98,130348.62,145948.93,106026.93,157936.19,127449.25,114111.84,1484629.78,20157.26,17128.31,122234.92,216562.74,151.23,1301286.00,4213998.67,33667.70,679395.48,473354.07,41863.20,54238.00
Scenario 1,6,1,Fake Positive News,6,TRADING,154461.13,1444023.88,162295.26,267082.66,539342.30,500788.03,231918.38,510756.79,703718.68,921137.60,467305.75,294186.92,1628152.85,21118.49,440821.71,44431.58,318815.84,475448.39,207964.37,47184.98,126663.44,478422.24,374481.14,427356.38,97786.91,120600.30,143332.70,188317.91,105171.20,156338.26,126722.67,130297.35,146125.13,106114.67,157898.33,127829.80,114200.77,1483960.18,20153.61,17152.68,122008.16,216455.60,151.25,1302524.28,4209844.89,33728.65,680158.23,472803.02,42014.58,54125.87
Scenario 1,7,1,Fake Positive News,7,TRADING,154543.12,1446715.31,162347.87,267209.93,538978.49,499723.05,231808.01,510397.22,705478.68,917140.48,466964.88,294431.42,1627836.79,21113.84,442982.76,44429.01,318463.46,476512.50,207993.89,47157.36,126405.56,477923.74,374168.81,427627.53,97663.02,120401.98,143492.55,188304.80,105304.35,156607.66,126909.57,130294.11,145883.88,106215.22,157705.77,127387.86,114358.48,1484191.04,20154.39,17141.28,122172.83,216811.37,151.24,1302784.78,4215905.86,33761.18,680596.52,472482.19,42025.35,54127.97
Scenario 1,8,1,Fake Positive News,8,TRADING,154403.48,1444826.29,162365.25,267387.41,539078.13,499345.96,232213.42,511027.32,706290.29,916835.64,467428.60,294930.10,1627746.82,21099.41,443515.61,44452.34,318222.48,477434.63,208345.65,47154.34,126558.32,478024.73,374505.98,428503.78,97736.43,120401.93,142878.92,188540.28,105359.85,156372.39,126850.60,130449.88,146053.50,106460.17,157736.43,127316.90,114398.51,1486049.94,20147.88,17193.95,122855.46,216564.26,151.22,1303957.46,4216268.44,33817.95,679670.75,472035.86,42049.67,54216.73
Scenario 1,9,1,Fake Positive News,9,TRADING,154468.12,1441968.12,162576.95,267615.42,538592.74,499277.89,232020.90,509787.50,705840.37,916505.35,467397.45,295360.79,1626841.97,21127.24,444181.21,44464.54,319318.05,477001.52,208170.14,47082.17,126441.03,478702.40,373197.99,427612.89,97851.87,120322.02,142119.05,188593.80,105483.57,156252.26,126925.74,130137.67,146078.28,106591.20,157783.42,127502.57,114568.37,1485729.80,20105.84,17158.13,123026.65,216540.52,151.52,1301203.49,4215072.72,33855.55,680314.14,472497.26,42073.45,54078.60
Scenario 1,10,1,Fake Positive News,10,TRADING,154487.69,1440056.50,163047.61,267173.78,538455.24,498675.96,231842.27,510100.61,705628.56,917885.51,466642.87,294922.94,1624422.34,21137.02,444783.49,44360.59,319156.93,477337.28,207802.69,47101.35,126604.12,479138.38,372529.49,427727.54,97811.66,120371.96,142456.28,188675.55,105520.63,156118.09,127092.54,129997.51,146235.55,106802.16,157879.67,127234.17,114661.03,1485120.28,20094.67,17174.33,122392.00,216919.76,151.67,1301283.10,4210416.17,33906.52,681037.67,472291.26,41992.06,53876.37
Scenario 1,11,1,Fake Positive News,11,TRADING,154546.52,1441422.49,162760.89,267258.67,539338.62,498524.73,232286.98,509792.16,705208.96,920956.05,466417.08,295483.75,1626689.80,21127.49,444699.60,44318.47,318654.36,477369.06,207903.45,47055.24,127316.42,479299.55,372116.17,428017.96,97854.29,120347.19,142084.32,188844.22,105633.35,156233.82,127163.71,129768.46,146300.18,107017.77,158098.72,127787.33,115045.70,1484204.58,20131.01,17182.57,122125.44,216919.72,151.24,1300586.89,4213640.87,33952.28,681448.42,471205.66,41905.60,54024.08
Scenario 1,12,1,Fake Positive News,12,TRADING,154375.35,1440252.86,162382.46,267588.61,539381.52,497870.01,233116.71,509155.55,705056.26,923282.68,465847.23,295813.25,1626408.63,21097.30,446452.30,44311.25,318491.65,476109.61,207977.33,47051.19,127468.78,477397.75,372246.42,428229.05,97994.61,120560.49,142076.87,188820.29,105712.61,156532.63,127391.01,129738.99,146091.24,107335.43,158056.37,127946.52,115217.49,1481218.04,20085.63,17222.45,122468.36,216944.88,151.27,1300847.38,4208760.30,34019.38,681877.99,471172.93,41839.66,54026.69
Scenario 1,13,1,Fake Positive News,13,TRADING,154619.41,1441532.87,162652.47,267464.87,539013.45,498472.06,233188.32,510017.14,706087.10,921017.51,466039.65,294912.12,1625193.09,21093.03,446519.43,44330.31,318506.75,476140.60,207886.55,47026.13,127453.37,479225.94,373066.34,428129.13,98051.91,120686.52,142162.24,188859.20,105651.81,156752.28,127520.76,129482.17,146314.88,107452.86,158038.79,127972.17,115312.39,1479523.61,20092.50,17260.53,122688.75,216933.51,151.70,1300980.01,4214916.54,34056.11,682120.50,470596.17,41787.90,54303.23
Scenario 1,14,1,Fake Positive News,14,TRADING,154827.31,1447152.81,162553.86,267290.05,539175.98,498739.53,232899.18,510443.16,705959.85,917120.08,465798.72,294564.49,1625105.36,21084.41,447767.94,44425.21,318067.94,475192.52,207886.81,47065.72,127348.89,477209.70,373071.58,427202.11,98130.43,120523.46,142264.55,188811.37,105359.08,157023.95,127495.89,129560.43,146326.03,107618.37,158158.82,127617.40,115532.61,1479423.28,20056.81,17214.88,122449.97,217204.17,151.39,1299159.11,4222714.82,34091.05,681977.92,470359.68,41777.83,54388.45
Scenario 1,15,1,Fake Positive News,15,TRADING,154838.82,1448454.44,162232.30,267442.42,539185.15,497806.22,233005.63,510186.46,706100.76,918556.45,465464.91,294229.43,1624763.81,21077.56,448756.99,44407.84,318996.73,476641.03,208335.07,47114.18,126842.13,477261.68,372482.90,426610.01,98183.64,120486.12,141725.85,188863.51,105325.67,157117.46,127474.71,129691.50,146098.56,107870.54,158042.16,127702.32,115743.92,1477297.10,20040.37,17174.19,122533.42,217086.46,151.50,1295835.09,4226861.46,34139.63,680942.74,471038.06,41758.59,54114.77
Scenario 1,16,1,Fake Positive News,16,TRADING,154802.53,1447766.53,162151.51,267578.10,539024.95,497980.66,233389.36,510031.12,706427.91,920067.99,465181.45,293950.85,1623760.47,21079.31,448847.68,44408.09,318412.12,477196.05,208722.58,47118.22,126741.71,478652.19,373970.24,426519.85,98279.46,120430.62,142046.88,188777.46,105415.62,157153.00,127503.49,129615.85,146327.84,107904.06,157989.02,127729.46,115983.75,1478150.98,20067.40,17132.09,122634.59,217000.60,151.29,1295729.52,4238679.04,34218.77,680072.25,471023.37,41727.16,54142.08
Scenario 1,17,1,Fake Positive News,17,TRADING,154881.74,1450843.89,162303.36,267447.78,539295.58,497896.68,233659.20,509272.03,706247.14,917283.01,464209.85,294573.37,1624966.24,21070.01,451191.79,44436.49,319222.07,477665.47,208527.53,47112.51,126426.18,479019.17,374993.19,427032.38,98219.41,120616.70,142178.37,188832.05,105400.34,157292.84,127408.44,129573.02,146568.99,108142.58,157769.67,127994.60,116309.51,1478293.01,20063.51,17086.82,122625.26,217602.03,151.40,1294997.70,4222790.08,34277.69,680942.16,470578.49,41713.34,54137.55
Scenario 1,18,1,Fake Positive News,18,TRADING,154965.64,1451116.84,162361.26,267625.32,539114.54,498262.68,233682.49,510873.45,706083.18,918418.89,463506.76,294608.56,1625512.18,21051.81,451432.50,44440.03,318376.85,477412.47,208353.67,47079.04,126149.57,478422.72,375055.71,426811.43,98224.84,120678.92,142068.76,188838.92,105309.70,157537.83,127298.07,129732.77,146695.74,108294.44,157899.36,127578.42,116555.10,1476865.00,20052.61,17076.78,122345.09,218023.30,151.14,1291957.08,4229221.37,34323.72,679996.74,469935.28,41739.46,54142.28
Scenario 1,19,1,Fake Positive News,19,TRADING,155154.08,1448597.70,162587.79,267294.84,537892.15,498226.73,233882.89,513223.47,706938.80,915196.16,463196.74,294402.48,1625621.12,21047.15,453619.75,44507.97,318223.46,478963.90,208743.04,47073.93,126228.72,479145.13,375551.24,426909.82,98262.74,120592.05,141615.51,188553.01,105207.13,157323.47,127301.05,129447.37,146493.35,108263.24,157843.70,128233.25,116742.32,1476061.57,20030.96,17073.49,122517.98,218020.40,150.33,1293127.28,4221565.23,34398.62,678943.52,469760.13,41763.78,54249.37
Scenario 1,20,1,Fake Positive News,20,TRADING,154924.87,1452371.68,162565.98,267080.41,538043.56,497624.90,233573.51,515828.84,707348.81,917231.13,463632.20,295570.78,1626797.15,21052.85,455001.90,44547.11,318097.08,479355.14,208776.26,47076.22,125680.74,479440.66,375973.31,426895.05,98303.46,120303.70,141542.56,188534.91,105454.49,157714.46,127355.57,129544.82,146618.48,108526.23,157724.45,128333.66,117045.21,1476453.18,19985.23,17058.92,122303.54,217297.50,150.60,1292094.11,4221663.79,34468.27,679849.26,470736.91,41787.46,54035.18
Scenario 1,21,1,Fake Positive News,21,TRADING,154999.54,1449658.94,162922.23,266673.83,538248.00,497113.23,233605.33,517257.97,709157.39,916485.04,462854.18,296192.99,1625870.77,21042.59,455054.93,44511.68,318103.14,479337.23,208613.24,47157.92,125172.76,481634.70,376113.94,426616.26,98269.22,120278.81,141565.05,188567.44,105649.11,157694.80,127304.88,129331.92,146741.01,108952.65,157788.85,128333.42,117296.01,1474244.90,20002.50,17076.26,122187.20,217508.57,150.70,1292300.73,4227719.68,34564.29,680696.18,471598.76,41729.04,54091.63
Scenario 1,22,1,Fake Positive News,22,TRADING,155221.56,1448427.05,163213.47,266619.83,538194.73,496697.91,233658.28,520559.10,708624.71,917253.68,463480.65,295727.86,1626052.90,21031.76,455364.26,44510.62,319285.37,479579.55,208267.85,47114.18,125331.74,482213.23,376193.36,427148.33,98271.83,120481.63,141422.42,188588.36,105615.36,157419.90,127294.23,129187.90,146472.80,109392.14,157682.10,128222.75,117554.56,1474983.56,20025.41,16983.07,122185.35,217371.63,149.66,1293941.05,4223286.91,34630.91,681548.05,472995.87,41800.63,54035.27
Scenario 1,23,1,Fake Positive News,23,TRADING,154914.90,1445546.56,162860.28,266421.03,538307.18,496676.85,233951.83,524611.46,708264.42,916209.26,463128.82,296835.52,1624137.22,21016.59,457327.46,44493.37,318830.18,479798.20,208367.34,47115.39,125192.00,483236.63,376749.00,426675.52,98176.85,120808.80,141314.66,188289.06,105510.52,157648.91,127175.45,129492.99,146408.38,109362.05,157826.87,128116.99,117709.91,1473835.80,20042.18,16954.71,121654.50,217624.44,149.80,1292533.49,4219346.31,34733.74,682012.36,474233.24,41645.72,53983.54
Scenario 1,24,1,Fake Positive News,24,TRADING,154975.04,1445133.92,162850.83,266693.20,538958.33,497288.35,233833.23,528580.82,707400.99,917811.02,463116.44,297349.12,1625554.95,21015.07,458267.94,44497.88,318016.18,480079.85,208238.11,47082.43,125075.60,483417.32,376007.23,426266.67,98311.52,120907.92,141129.27,188301.01,105491.01,157432.86,127158.34,129602.41,146387.36,109970.14,157743.23,127911.12,118106.09,1475646.67,20063.25,16953.11,121711.44,217599.24,149.57,1294389.35,4208829.50,34786.97,682390.18,474800.12,41645.49,53949.51
Scenario 1,25,1,Fake Positive News,25,TRADING,155014.56,1446089.79,163135.38,266347.72,538717.91,497486.87,233886.31,532085.97,708293.03,918509.14,463003.11,297493.44,1624511.43,21023.79,459287.33,44475.75,318370.40,479321.21,208205.41,47051.69,124939.16,484271.26,376032.43,426444.85,98217.68,121293.64,140814.23,188445.85,105535.64,156880.53,127278.95,129492.66,146489.01,110115.38,157866.75,127173.18,118425.83,1476530.65,20060.38,16926.52,121724.27,217367.48,150.13,1293386.04,4200746.01,34871.93,682357.92,475006.32,41585.24,53949.40
Scenario 1,26,1,Fake Positive News,26,TRADING,154843.36,1444795.96,162721.79,266152.65,538849.80,497554.27,233458.64,536123.18,706955.38,918225.22,462537.05,297296.39,1626477.85,21011.52,459710.91,44436.39,319177.56,479265.19,208033.24,47053.27,125022.89,483671.10,376673.43,426514.36,98272.54,121336.19,141330.19,188401.77,105785.07,156419.13,127293.99,129561.46,146375.32,110514.52,157851.41,127033.80,118694.65,1478407.68,20044.42,16885.91,121212.67,217235.56,150.40,1291089.76,4196976.36,34936.77,681574.79,474209.33,41479.27,53998.90
Scenario 1,27,1,Fake Positive News,27,TRADING,154906.74,1442336.12,162203.82,266149.43,538855.43,497567.92,233792.40,540217.66,706403.55,920250.26,462627.82,296585.86,1626889.45,21003.52,461470.05,44489.35,318786.06,479020.58,207995.47,47121.81,125527.09,484996.66,375668.58,426414.62,98313.26,121138.61,141545.31,188490.31,105804.04,156769.02,127337.48,129212.71,146403.35,110792.44,157982.39,126409.49,119113.42,1475958.59,20034.82,16866.89,121538.05,217638.18,150.52,1293734.87,4195017.49,34997.38,681472.04,474832.84,41488.86,54248.77
Scenario 1,28,1,Fake Positive News,28,TRADING,154938.79,1442777.91,162277.34,266103.48,537708.14,496623.02,234505.54,543932.27,706025.50,921188.66,461994.16,296592.72,1627394.52,21016.70,462433.85,44483.66,319820.25,478441.81,208278.01,47122.58,126003.31,485747.50,375988.43,426678.86,98387.59,121210.88,142230.54,188673.58,105979.03,156751.91,127351.92,129162.05,145989.92,111549.68,157843.58,126705.43,119477.22,1476895.65,20055.04,16902.26,121674.34,217652.10,150.77,1291364.41,4195377.18,35067.13,680523.28,475746.38,41457.44,54512.01
Scenario 1,29,1,Fake Positive News,29,TRADING,154938.64,1444573.84,162023.93,265775.34,539388.50,496820.69,234102.50,546828.24,706110.47,923162.14,462214.47,296461.63,1627701.14,21020.24,463563.97,44485.81,319236.35,477928.02,208406.26,47098.42,125767.33,486576.31,376532.96,426666.78,98381.92,121354.06,142148.48,188893.79,106044.00,157051.68,127352.26,128914.62,145907.28,111732.58,157643.96,126624.03,119852.19,1477138.01,20037.08,16875.64,121695.04,217546.84,150.35,1290085.50,4191141.65,35111.53,681417.17,476736.15,41353.61,54573.30
Scenario 1,30,1,Fake Positive News,30,TRADING,155126.17,1446263.32,162153.64,265805.87,539235.47,496540.29,234046.82,549499.52,706772.20,923575.93,462406.21,296285.25,1625858.09,21053.36,465322.40,44488.92,319480.71,477899.07,208111.91,47123.50,125614.41,485833.58,377552.79,425822.12,98269.61,121283.16,141984.14,188980.58,105793.53,157128.75,127224.44,129212.81,145777.80,111993.42,157638.77,126616.97,120223.02,1476296.50,20023.75,16931.03,121908.50,217719.57,150.87,1293672.65,4180938.75,35143.26,681133.28,477616.59,41442.81,54585.37
Scenario 1,31,1,Fake Positive News,31,TRADING,155034.34,1446831.65,162552.28,265817.88,539361.27,496045.02,234253.81,552154.98,705716.88,924424.11,463028.45,296010.87,1625006.16,21049.20,465459.31,44486.97,319465.42,479371.42,208177.52,47131.85,125920.84,486491.21,378285.55,425351.14,98224.51,121456.41,142191.30,189180.88,105778.67,157370.71,127072.62,129275.24,145493.85,112449.07,157500.64,126549.01,120615.70,1476096.33,20033.85,16942.32,121651.11,218365.72,150.79,1296824.26,4169276.79,35182.89,680441.44,478709.58,41479.84,54649.19
Scenario 1,32,1,Fake Positive News,32,TRADING,155113.52,1449044.65,162623.97,265826.90,539215.57,495451.91,234292.31,552670.92,705947.85,925259.07,462325.97,296207.33,1622621.59,21046.66,466929.27,44480.54,319921.76,478296.30,208253.78,47118.34,126303.72,487258.18,377781.57,425414.33,98198.60,121371.13,142799.87,189102.88,105700.80,157040.09,127074.38,129336.56,145481.70,112691.48,157656.58,126234.99,120915.43,1474322.41,20047.50,16938.36,121732.32,218347.99,150.75,1297645.00,4157202.55,35214.83,680545.34,478871.47,41409.72,54894.19
Scenario 1,33,1,Fake Positive News,33,TRADING,154949.36,1449871.72,162177.90,265416.26,538468.59,495976.07,234694.24,552027.80,705472.65,929735.40,462176.87,296606.39,1622561.98,21035.01,467871.60,44435.49,320453.18,478943.54,208020.37,47096.89,126935.71,487168.58,375530.03,424328.06,98252.08,120934.62,143128.04,188960.55,105707.35,156899.45,127167.92,129190.79,145399.58,113221.56,157804.93,126212.70,121314.46,1476142.81,20050.72,16967.51,121656.46,217997.22,150.65,1296128.93,4149293.15,35241.80,681147.92,479383.41,41333.81,54891.64
Scenario 1,34,1,Fake Positive News,34,TRADING,155239.23,1450859.50,162037.77,264794.16,538930.80,495581.14,234090.93,550810.23,706917.17,928968.41,462966.74,297009.43,1622859.15,21021.05,468224.65,44448.52,320815.48,478951.12,208301.93,47090.16,127119.96,487564.94,376180.43,424010.90,98373.76,120627.19,143233.82,188860.82,105240.74,157098.92,127173.54,129072.91,145522.98,113526.36,157623.86,126535.61,121493.71,1477582.11,20030.21,16991.24,122001.72,217350.87,151.13,1294286.83,4145679.19,35269.44,681446.80,480457.97,41237.40,54891.53
Scenario 1,35,1,Fake Positive News,35,TRADING,154851.18,1450515.61,161533.54,264487.21,538308.24,496159.17,233549.01,548465.86,705905.39,930928.21,462870.75,296368.13,1627817.94,21023.60,469534.97,44407.37,320025.18,479493.75,208640.50,47140.32,127098.91,488703.90,374456.30,422502.53,98308.49,120314.56,143023.21,188681.13,105226.36,157097.62,127172.89,129032.80,145237.79,113607.37,157796.17,126733.38,121776.51,1478006.21,20059.02,16959.22,121948.10,218319.26,151.51,1296775.59,4142551.94,35303.86,681959.97,481774.40,41193.10,55000.12
Scenario 1,36,1,Fake Positive News,36,TRADING,154698.80,1453871.99,161537.22,263567.83,538834.29,495577.61,234192.15,544826.64,706267.18,929358.96,462897.70,296872.74,1625593.98,21030.80,470789.10,44311.96,319673.09,479255.55,208439.14,47231.65,127339.21,488574.14,375701.73,422150.91,98257.33,120425.82,143261.10,188742.91,105270.96,157003.91,127099.86,128885.98,144982.55,114024.82,157755.89,126853.38,121972.21,1477438.11,20033.03,16973.48,122668.21,218204.87,151.84,1294353.86,4131760.65,35305.90,681640.50,482334.46,41197.93,54948.22
Scenario 1,37,1,Fake Positive News,37,TRADING,154657.99,1454509.62,161960.01,263910.11,539197.01,495641.76,234337.48,541866.03,706439.92,927118.98,462478.88,297512.47,1622329.99,21012.74,472009.11,44299.77,319535.50,478873.72,208746.51,47220.39,127080.12,489597.26,375931.36,421120.15,98172.90,120356.19,143112.60,188919.90,105274.25,156625.23,127070.91,128801.02,145044.80,113991.92,157906.51,126784.30,122310.16,1476009.95,20011.76,16974.52,123168.45,218142.81,151.68,1294137.26,4134170.54,35313.43,680390.39,483317.86,41222.33,55094.75
Scenario 1,38,1,Fake Positive News,38,TRADING,154425.73,1449461.47,162188.05,263140.02,540204.52,495430.78,234908.40,537413.14,708890.20,929031.04,461854.19,297974.81,1620701.15,21009.66,472837.00,44336.71,319868.56,477996.53,208665.69,47212.84,127660.73,491361.59,374758.50,420331.70,98150.81,120351.11,142666.68,189109.63,105314.12,157129.25,127151.57,128682.97,144779.09,114596.28,157611.14,126907.03,122494.56,1478035.41,20032.72,17016.03,123120.98,218431.87,151.71,1293934.25,4138662.38,35341.24,681229.35,483164.72,41183.85,55269.74
Scenario 1,39,1,Fake Positive News,39,TRADING,154372.23,1450051.86,162460.22,263330.74,540207.05,495892.76,234598.73,533976.96,710032.23,925309.86,461888.75,297162.74,1620521.32,21014.86,473366.46,44369.74,319693.53,478921.04,209150.18,47215.62,127207.34,492884.08,376945.51,420455.58,98141.55,120565.63,142769.87,189284.36,105567.44,157321.87,127184.30,128588.73,144875.91,115111.36,157637.74,126718.44,122533.13,1479110.57,20052.63,17013.64,123302.48,218027.98,151.49,1291703.18,4145199.84,35320.41,681409.17,483155.77,41104.72,55189.24
Scenario 1,40,1,Fake Positive News,40,TRADING,154224.27,1451377.22,162214.51,263080.25,539833.09,495270.07,235094.57,530323.24,710715.07,922237.01,461936.64,296964.66,1619849.70,21042.78,473575.01,44334.03,319021.25,478150.98,209425.79,47287.34,126893.19,491113.60,376491.57,420136.47,98228.75,120500.93,142856.44,189455.49,105689.27,157140.55,127165.54,128253.92,144891.48,115310.85,157701.76,126949.87,122650.39,1480411.80,20026.59,17060.88,123650.24,218202.44,151.52,1293493.58,4142170.24,35309.22,682295.31,483585.91,41139.12,55218.93
Scenario 1,41,1,Fake Positive News,41,TRADING,154055.09,1447362.30,162383.67,263090.39,539676.22,495369.63,234999.73,527032.20,710698.28,921092.48,462385.67,296038.96,1620035.13,21037.44,474548.51,44375.52,319484.47,479221.66,208953.87,47350.04,127144.98,492878.99,375572.50,419313.08,98270.20,120646.22,142852.33,189543.62,105367.08,157176.20,127287.30,128278.45,144870.14,115100.82,157500.90,127400.19,122858.71,1480928.94,19977.89,17054.67,123408.33,218208.83,150.58,1290781.26,4153947.36,35346.02,682393.19,483165.17,41133.43,55186.69
Scenario 1,42,1,Fake Positive News,42,TRADING,153735.28,1444691.87,162596.56,262842.13,540185.34,495318.91,235065.26,522677.92,710188.81,920777.16,461981.72,294684.66,1618211.92,21061.57,475336.78,44375.61,320206.18,480365.77,208853.21,47392.12,126861.46,493199.08,376468.98,418393.95,98339.26,120439.02,142500.33,189909.05,105230.79,156737.85,127083.41,128034.90,145187.56,115320.42,157421.26,127229.43,123118.53,1480886.16,19958.65,17038.14,124303.58,218032.04,150.03,1289799.11,4147768.59,35370.54,681565.90,482898.12,41114.93,55021.80
Scenario 1,43,1,Fake Positive News,43,TRADING,153991.68,1445830.37,161989.12,263179.76,539580.93,495311.31,234901.77,519614.48,710954.49,916852.91,461920.75,293547.02,1616006.10,21069.61,474278.46,44313.65,319778.46,481155.15,209053.88,47415.46,126779.49,494121.93,376724.28,417838.01,98343.86,120619.37,142182.31,190052.50,105257.33,157053.94,127152.08,127864.79,145468.35,115535.52,157368.76,127241.01,123259.15,1480963.43,19911.12,17053.31,124128.53,217545.59,148.83,1292465.99,4157399.27,35373.97,681253.32,483209.45,41195.16,55086.41
Scenario 1,44,1,Fake Positive News,44,TRADING,154058.89,1442471.07,162258.96,263224.71,539643.70,495036.07,234327.65,517478.74,711687.34,920808.11,461725.04,292148.67,1616006.03,21063.74,473686.43,44311.36,319524.81,480376.46,208900.15,47402.17,126797.07,493419.05,376139.85,416740.29,98507.29,120344.38,142139.20,190003.47,105166.32,157188.90,127133.05,127773.46,145596.53,115634.51,157502.33,127454.05,123286.98,1481130.35,19835.27,17056.24,123512.98,217504.80,148.56,1291102.99,4168236.35,35341.97,679726.87,483083.92,41122.19,54971.49
Scenario 1,45,1,Fake Positive News,45,TRADING,154023.68,1443254.91,162174.70,263312.14,540475.73,494340.00,234124.36,516643.32,710093.78,919298.89,461930.53,292218.45,1616712.79,21060.16,474108.22,44356.32,319647.75,479741.87,208591.67,47434.40,126623.46,493784.23,375100.79,415142.02,98704.55,120171.26,141988.85,190239.74,105498.37,157189.13,127310.12,127714.00,145808.45,115641.18,157677.34,127795.47,123305.75,1480022.31,19726.73,17048.05,123301.48,217567.71,148.67,1292187.84,4163427.18,35336.79,679283.63,481491.38,41077.92,55013.79
Scenario 1,46,1,Fake Positive News,46,TRADING,153899.03,1442230.91,161836.58,262802.48,539216.07,494238.06,233983.45,516229.01,711112.32,917780.01,461813.58,290299.33,1619097.94,21043.89,474197.85,44359.51,319172.90,479986.01,208494.75,47442.80,126264.39,494213.94,374960.78,414408.02,98955.06,120000.54,141708.57,190527.78,105365.46,156767.28,127103.63,127777.77,146200.24,115757.68,157616.23,128164.59,123443.93,1478951.27,19680.35,17006.10,123176.80,217346.44,147.96,1293579.99,4171974.71,35352.14,679584.27,481562.41,41010.88,55065.79
Scenario 1,47,1,Fake Positive News,47,TRADING,154004.03,1443109.25,161927.67,262917.14,539203.83,494120.37,233714.98,514161.60,711298.53,915821.49,461603.21,289424.72,1622796.02,21067.71,474753.02,44458.34,319665.95,480527.12,208334.34,47470.55,126339.19,496290.88,375087.93,414234.03,99297.61,119832.39,141957.06,190754.14,105349.57,156910.64,127094.98,127518.73,146168.57,115942.88,157662.37,128470.01,123395.47,1478714.78,19620.35,17021.76,123175.44,217371.85,148.20,1291841.01,4183216.46,35356.76,681211.28,480182.64,41015.31,55099.27
Scenario 1,48,1,Fake Positive News,48,TRADING,154253.92,1447199.08,161735.53,262537.68,538625.44,494630.86,233749.85,512482.36,708793.32,916182.23,461420.80,288486.91,1623876.58,21084.26,474068.19,44486.72,319420.23,480791.92,208591.54,47501.86,125944.56,497094.76,375607.90,414274.77,99651.73,119891.09,142298.69,190959.56,105370.55,157023.92,127103.03,127754.66,146453.01,116101.82,157732.33,128288.41,123327.50,1478950.49,19565.84,17031.92,122962.73,216906.11,148.03,1294311.44,4195748.33,35341.53,679895.13,479698.71,41035.87,55521.35
Scenario 1,49,1,Fake Positive News,49,TRADING,154123.74,1443475.40,161861.96,262257.30,538702.56,495339.92,234015.32,513222.94,710356.99,917234.58,460676.81,288233.35,1622983.41,21122.24,473742.97,44563.69,319638.28,480491.84,208387.09,47575.49,126610.87,498361.89,375109.71,414012.27,100019.37,119873.49,142088.63,191579.69,105350.97,157035.79,127056.07,127727.24,146586.08,116154.37,157596.48,128361.49,123414.81,1478576.82,19471.81,17003.96,122483.00,216923.96,148.66,1293423.73,4203166.20,35325.38,680740.25,478714.22,41068.90,55254.25
Scenario 1,50,1,Fake Positive News,50,TRADING,154381.43,1448278.84,161635.17,262212.95,539369.13,495929.67,234163.01,513752.29,708109.36,916274.01,459856.13,287635.80,1623151.87,21123.13,474193.57,44622.20,320174.21,481197.20,208176.88,47567.58,126591.75,499110.79,375714.74,413787.53,100541.64,119680.39,142607.37,191863.11,105600.97,156784.73,127124.71,127891.87,146938.12,116197.79,157709.76,127983.42,123256.57,1478425.21,19429.30,16963.94,122437.26,216805.73,148.78,1292076.30,4201999.72,35297.53,680853.74,477153.68,40976.01,55371.97
Scenario 1,51,1,Fake Positive News,51,TRADING,154251.32,1450276.75,161891.25,261921.25,539590.00,495755.77,234776.36,512504.96,706780.08,913877.90,459752.35,287851.03,1624135.79,21130.32,472791.98,44700.14,319946.41,480353.78,207860.86,47568.96,126783.26,501871.16,375446.65,413463.35,100930.73,119628.78,142344.30,192167.34,105752.33,156735.02,127114.98,127923.12,146919.10,116352.75,157796.81,128245.73,123161.08,1478820.17,19427.27,17001.15,122139.22,216565.60,149.36,1291081.03,4202562.86,35279.17,681724.50,476359.72,40960.44,55538.52
Scenario 1,52,1,Fake Positive News,52,TRADING,154443.92,1451042.51,162393.89,261992.28,539501.83,496289.40,234872.86,512990.53,705657.61,913090.96,459919.61,288900.55,1623053.95,21132.26,472011.64,44763.32,319487.22,481538.18,207613.38,47572.53,127217.57,504335.34,374477.59,413558.27,101519.17,119380.21,142811.80,192637.92,105424.49,156899.29,127022.49,128036.90,146944.15,116382.94,157900.32,128068.30,123008.56,1477512.71,19434.36,16964.35,122209.61,216634.19,148.87,1290890.96,4206477.49,35254.18,682532.74,475166.18,40932.38,55473.48
Scenario 1,53,1,Fake Positive News,53,TRADING,154702.48,1447633.68,163133.46,261788.13,539510.63,495487.14,234935.94,513797.98,706494.51,914243.27,459544.20,289016.04,1625705.59,21145.20,471533.78,44867.88,319779.23,481086.42,207600.60,47559.23,127474.30,505243.11,375563.12,413918.49,102006.27,119400.63,142710.60,193351.16,105369.63,156824.39,127117.08,128158.28,146988.11,116325.33,157801.01,127661.83,122843.84,1475924.73,19444.00,17020.14,122058.54,216570.36,149.28,1292583.21,4210735.80,35246.17,682528.81,474882.54,41023.84,55388.18
Scenario 1,54,1,Fake Positive News,54,TRADING,154756.64,1450543.09,163003.93,261866.14,539818.33,495289.62,235031.96,513839.25,707030.20,916085.06,459692.83,289422.43,1625088.16,21141.26,470866.80,44936.53,319981.16,482299.46,207678.69,47585.45,127165.85,505480.93,375709.01,413812.10,102393.14,119527.51,142617.18,193563.54,105345.04,157090.64,127272.20,128292.61,147160.34,115857.77,157630.46,128048.90,122652.92,1476021.14,19508.53,16950.43,122330.30,216774.81,149.30,1293157.69,4204415.04,35225.25,683508.29,473792.07,41078.59,55325.97
Scenario 1,55,1,Fake Positive News,55,TRADING,154678.50,1450034.38,163060.19,262195.70,540293.24,495134.78,235213.90,513212.38,707965.04,918927.13,459633.65,290431.51,1624231.26,21141.44,470412.67,44877.93,320181.85,481388.21,207708.50,47627.28,127391.20,505279.64,375883.55,414301.07,102718.02,119251.71,142707.72,194020.62,105276.23,156854.64,127356.84,128295.96,146824.24,115988.38,157707.41,127956.25,122341.28,1476132.11,19568.68,16863.44,122154.03,216774.62,149.12,1292742.84,4194949.78,35209.57,684038.02,473791.31,40988.56,55429.21
Scenario 1,56,1,Fake Positive News,56,TRADING,154515.82,1453568.36,162595.01,261893.64,540292.99,495082.49,234764.86,513463.18,708538.02,919502.72,459622.07,291333.37,1622166.66,21141.53,469122.20,44845.90,319808.21,481247.02,207568.74,47584.18,127815.14,505166.24,375860.57,415389.88,102668.24,119352.87,142838.97,194758.62,105109.12,156779.52,127437.92,128164.11,147086.41,115794.94,157668.84,128064.22,122181.16,1474829.93,19670.73,16922.59,121698.78,216967.74,148.71,1290354.87,4184153.88,35143.01,684669.17,472867.51,40996.57,55315.29
Scenario 1,57,1,Fake Positive News,57,TRADING,154497.52,1453539.55,162659.24,262586.61,539316.85,494524.94,234639.38,512533.66,707105.35,918863.42,459847.75,291746.17,1624289.41,21148.83,467485.59,44831.45,319249.28,480636.34,206950.72,47556.53,127384.64,505935.17,375803.51,416153.29,102671.16,119282.70,142573.61,195120.87,105203.19,156240.67,127303.48,128220.63,147065.39,115690.68,157673.15,128970.97,121837.96,1473931.86,19740.26,16922.71,120952.59,216572.17,149.47,1289589.11,4188205.42,35092.29,685626.47,472458.44,41000.96,55283.36
Scenario 1,58,1,Fake Positive News,58,TRADING,154354.70,1451099.61,162252.89,262421.79,539324.00,494677.49,234401.78,514141.30,707408.97,916030.59,460396.19,293135.04,1626125.58,21161.02,466597.30,44700.88,318275.78,480795.46,207084.79,47563.73,127303.47,507239.45,375425.26,418055.58,102368.96,119262.45,142542.81,195582.37,105052.83,156315.76,127282.90,128069.35,147135.58,115411.47,157576.31,129323.42,121604.12,1474124.11,19821.44,16914.38,120901.67,216224.34,149.10,1285855.03,4183572.38,35035.16,685321.12,470979.63,40948.23,55109.36
Scenario 1,59,1,Fake Positive News,59,TRADING,154149.73,1449595.01,162458.71,262118.89,540072.72,494921.00,234285.79,512878.18,708422.25,918158.24,460390.77,293658.19,1629267.23,21159.51,464743.97,44582.50,317478.88,480235.60,207057.04,47485.66,127266.98,506075.73,375900.17,418382.91,101852.92,119151.30,142750.29,195735.45,105015.32,156247.56,127398.80,128149.16,147264.89,115303.18,157629.80,129132.17,121347.25,1472683.54,19884.03,16889.49,120279.94,216637.99,148.57,1281437.77,4183562.74,34982.49,685744.95,469985.85,41041.28,55007.28
Scenario 1,60,1,Fake Positive News,60,TRADING,154151.84,1448415.42,162237.20,262302.01,540388.53,494541.38,234058.92,512735.89,708896.35,921623.43,460605.30,294601.34,1631221.04,21161.43,464201.16,44480.46,317276.24,479722.41,206777.34,47467.70,127319.88,506688.75,376796.23,419416.04,101455.75,119401.39,142770.13,196220.90,105187.75,156625.40,127515.43,128138.12,147201.86,115140.73,157324.68,129201.56,121107.15,1472835.31,19917.41,16885.71,120211.10,216820.77,148.68,1281149.12,4190857.85,34927.32,686175.97,470185.75,40960.04,55074.85
Scenario 1,61,1,Fake Positive News,61,TRADING,154342.15,1449844.10,162556.00,262783.90,539751.35,493724.82,233651.78,513348.52,709233.67,922796.35,460983.74,294417.21,1633991.32,21161.25,463525.30,44361.40,317711.41,481088.01,207419.74,47393.85,127497.96,506521.29,377438.59,420354.76,100889.37,119104.33,143190.52,196413.17,104991.95,156589.88,127562.66,127934.20,146995.93,115053.50,157176.33,129334.11,120818.63,1472412.42,19945.90,16877.58,119808.03,217081.13,148.73,1276412.62,4181650.84,34881.45,685454.59,469747.90,41002.09,55060.39
Scenario 1,62,1,Fake Positive News,62,TRADING,154118.99,1451101.01,162042.15,262558.68,538968.76,493490.54,234021.92,513273.51,709121.67,926110.47,460992.02,294979.29,1638759.32,21168.12,462128.80,44229.92,317615.98,480070.17,207546.66,47345.56,127465.55,504960.76,376691.21,421044.60,100312.00,119279.88,143166.63,196441.95,105117.79,156789.19,127736.57,128049.81,146940.25,114786.01,157267.29,129743.33,120495.73,1473071.73,19988.67,16917.60,119759.97,217328.38,148.16,1270793.55,4186970.56,34827.66,684344.03,468757.54,40904.96,55257.58
Scenario 1,63,1,Fake Positive News,63,TRADING,153865.82,1450891.53,161429.21,262804.13,538717.59,493361.07,234331.05,513524.09,709168.49,925313.56,461303.98,295761.60,1642645.40,21156.92,460582.62,44207.06,316593.30,480085.85,208249.81,47302.19,127257.21,504017.06,374622.40,421878.84,99866.31,119467.80,143007.37,196562.36,105381.26,156864.37,127821.11,128176.12,146848.98,114557.12,157145.52,129275.79,120212.50,1472335.64,19997.36,16884.49,119616.85,217857.28,148.06,1270517.40,4183471.52,34807.87,685954.05,468228.46,40968.14,55199.44
Scenario 1,64,1,Fake Positive News,64,TRADING,154172.81,1450811.51,160978.83,263088.76,538805.01,492301.74,234349.00,513326.65,708510.70,925177.32,460920.95,296185.80,1649160.49,21165.28,459514.45,44118.12,316590.14,481107.60,208481.34,47256.29,127647.04,503525.90,374349.12,422139.33,99569.60,119392.12,143381.41,196392.37,105474.67,157054.46,127754.42,128404.72,146972.76,114129.71,156948.23,129077.38,119868.01,1472324.16,20012.44,16922.63,119372.96,218254.78,148.53,1269162.22,4175125.36,34788.09,686399.81,467843.00,41034.92,55323.10
Scenario 1,65,1,Fake Positive News,65,TRADING,153979.56,1448783.14,160778.04,263152.39,538904.64,492182.69,233938.27,511702.64,708373.34,924155.20,460055.61,295693.84,1656176.29,21159.38,457763.06,44132.02,316882.65,482233.76,208948.77,47231.00,127526.19,501303.09,372720.71,421875.11,99202.63,118948.24,143877.67,196788.34,105345.57,156790.81,127729.44,128514.49,146783.90,113838.68,156833.42,129469.43,119551.65,1471708.65,20028.29,16830.29,119014.98,218350.53,148.19,1268360.15,4161398.40,34725.32,686357.74,467649.72,41045.65,55380.62
Scenario 1,66,1,Fake Positive News,66,TRADING,154059.75,1446391.14,160842.98,263243.05,538572.12,492289.83,233907.19,511679.21,705856.95,926028.17,460237.61,295872.29,1661237.63,21115.76,455566.35,44106.21,317064.40,482846.60,209198.36,47162.54,127464.44,500948.14,372623.51,422574.67,98880.87,118414.20,143710.72,196496.77,105312.25,156845.90,127766.79,128966.21,146728.59,113330.28,156830.06,129389.56,119200.18,1471123.02,19996.87,16766.97,119044.28,219122.32,148.68,1267335.46,4165495.45,34684.94,687210.64,466768.49,40943.49,55417.27
Scenario 1,67,1,Fake Positive News,67,TRADING,154130.13,1444565.73,161018.04,263643.49,538979.65,491471.38,233830.12,513355.62,706472.41,927337.35,460258.06,296504.39,1664617.27,21126.10,453805.57,44114.40,316774.46,483088.87,209398.85,47134.26,126843.09,497815.74,372022.39,422704.80,98662.19,118475.90,144069.50,196378.74,105502.89,156594.26,127730.75,129491.66,146495.82,113058.88,156898.59,129474.81,118853.91,1470779.68,20036.13,16711.02,119135.96,218730.58,148.25,1265547.95,4179188.13,34608.75,687263.94,467026.53,40959.84,55426.20
Scenario 1,68,1,Fake Positive News,68,TRADING,154102.84,1445709.81,161109.82,263805.04,538265.67,490713.87,233590.67,513842.95,705483.96,930464.74,460785.06,296701.23,1660411.12,21096.31,452239.69,44121.50,316803.49,483318.82,209358.48,47109.94,126507.69,496945.00,372932.53,422869.78,98559.16,118321.55,143980.49,196063.70,105516.98,156678.71,127777.81,129323.17,146227.01,112482.82,156968.22,130184.58,118477.57,1472025.05,20018.06,16735.98,119576.42,219489.98,148.40,1264642.63,4178741.08,34562.92,688275.24,466017.86,40910.79,55371.63
Scenario 1,69,1,Fake Positive News,69,TRADING,153898.27,1444031.69,161200.96,264095.95,538243.37,490133.49,233876.88,515432.74,704255.22,930690.19,460516.41,296807.09,1657820.65,21111.09,449815.98,44132.02,316211.78,484172.08,209181.96,47125.46,126397.17,495310.41,371184.19,422772.74,98536.48,118454.16,144055.97,195712.60,105380.89,156855.70,127847.40,129556.14,146309.74,112258.81,156846.21,130531.06,118082.85,1472829.49,19998.86,16732.42,120037.00,219134.12,148.12,1266653.14,4176600.16,34499.41,687974.39,465859.48,40900.87,55246.29
Scenario 1,70,1,Fake Positive News,70,TRADING,153884.33,1442938.41,161114.06,263759.85,537667.39,489875.60,233661.13,513484.61,704073.83,933130.91,460022.93,296775.68,1649995.95,21093.26,447471.93,44099.87,315636.22,483833.31,209397.59,47062.66,127033.85,494548.24,372252.06,423244.24,98465.55,118192.66,143960.53,195468.48,105388.85,157293.77,127815.37,129912.83,146393.09,112210.35,156683.19,130791.08,117844.19,1474032.89,20001.09,16721.75,119854.19,219405.35,147.53,1266121.93,4187395.01,34431.73,687806.23,466344.60,40881.35,55258.99
Scenario 1,71,1,Fake Positive News,71,TRADING,153921.02,1440664.56,161544.08,263642.72,538144.16,489762.22,233589.02,513457.82,703416.95,932075.72,460543.58,296431.23,1642340.22,21111.86,444617.71,44142.63,315875.24,484759.98,209407.08,46987.86,127358.18,493069.28,373674.34,422923.09,98423.48,118033.78,143547.73,195127.63,105143.47,157127.01,127814.98,130234.10,146563.66,111850.93,156644.77,130955.48,117613.59,1472237.23,20004.31,16704.45,120294.43,220080.95,147.97,1266649.76,4183465.98,34381.77,687113.78,466543.28,40863.97,55152.25
Scenario 1,72,1,Fake Positive News,72,TRADING,153804.03,1443136.11,161728.61,263923.38,538401.19,489508.80,233238.32,512721.08,703194.09,936526.96,460222.91,297061.45,1636114.00,21113.87,443247.71,44074.16,315445.05,484133.86,209126.54,46954.90,127316.89,492585.94,374616.77,422756.05,98413.04,118197.47,144132.95,194701.32,105256.44,157119.30,127923.27,130618.19,146914.68,111217.36,156789.03,131083.45,117374.63,1470014.95,19991.95,16669.23,120617.40,220124.16,147.89,1267432.08,4175967.53,34288.00,685590.21,465927.57,40849.58,55145.82
Scenario 1,73,1,Fake Positive News,73,TRADING,154053.84,1442417.69,161790.84,264119.97,539079.18,488955.19,233159.36,512355.30,702494.24,934879.10,459817.87,296979.27,1629951.55,21129.13,442690.80,44033.39,314821.68,483941.09,208955.24,46935.18,126824.93,493751.86,374806.62,422780.24,98520.81,118242.94,144206.84,194419.31,105364.27,157171.86,127896.59,130781.26,146945.20,110822.86,156697.28,131337.72,117170.41,1469341.96,20001.11,16627.99,120710.97,220207.30,147.39,1267575.32,4178122.32,34239.82,685224.18,465794.06,40905.00,55052.72
Scenario 1,74,1,Fake Positive News,74,TRADING,154074.72,1439586.54,161707.59,263940.30,538987.14,488211.48,233199.36,512449.04,702703.38,933984.05,460275.05,296671.29,1624338.40,21136.03,441622.09,44055.46,313986.02,484505.32,208733.39,46916.45,126967.41,492971.39,375507.74,422248.45,98642.86,118286.44,144670.55,193901.39,105356.45,157094.86,127760.04,130970.14,146975.43,110726.40,156901.50,131288.89,117041.39,1469274.92,20070.65,16676.11,121106.93,220676.16,147.17,1268531.21,4179809.26,34213.83,683843.72,465504.51,40961.30,55012.70
Scenario 1,75,1,Fake Positive News,75,TRADING,154114.08,1439436.40,161460.25,265011.18,540639.95,488833.30,233032.74,512280.48,704103.63,934068.95,459277.14,297204.60,1620248.88,21132.80,440740.36,44060.25,313357.93,484513.13,208406.42,46888.93,126836.75,491982.51,375711.22,422077.57,98649.54,118369.40,144337.95,193436.03,105003.56,157051.64,127691.44,131159.97,146924.33,110302.37,156988.43,131588.42,116830.96,1468525.06,20056.38,16723.66,121333.49,221130.62,146.90,1271366.74,4192659.95,34183.83,683941.56,465643.59,41034.52,54865.15
Scenario 1,76,1,Fake Positive News,76,TRADING,154230.82,1441067.75,161417.57,265061.82,540492.36,488729.30,232668.73,513010.17,704496.80,934376.00,458655.83,296897.92,1616821.08,21130.35,439077.74,44020.31,313671.97,483513.58,207901.77,46908.57,126588.36,492438.85,375535.68,421835.15,98641.90,118102.84,144166.82,193126.30,104865.31,157275.87,127786.59,131142.46,146923.57,110029.91,156989.15,131735.11,116602.22,1467667.86,20056.28,16653.21,121541.26,221874.85,147.02,1273842.57,4187166.05,34162.43,684733.07,466078.06,40982.25,54809.04
Scenario 1,77,1,Fake Positive News,77,TRADING,154257.77,1442220.78,161205.23,265212.47,540120.40,487950.18,232230.26,513576.56,704880.87,932775.10,458318.68,297293.74,1618219.89,21126.90,438175.76,44007.16,313432.37,483719.48,207815.97,46899.47,125956.84,493355.68,374229.74,421615.22,98722.56,118099.24,144479.91,192750.98,104764.70,157318.93,127824.60,131204.81,146807.28,109727.88,157346.27,131662.87,116424.39,1468558.85,20079.32,16688.27,121456.23,222513.00,146.69,1278590.90,4189711.33,34145.13,685661.30,466208.18,40992.10,54946.49
Scenario 1,78,1,Fake Positive News,78,TRADING,154320.77,1443568.72,161451.02,264581.02,540095.63,488687.41,232189.39,512840.79,704197.58,936668.98,458019.72,297249.53,1615120.44,21135.99,437377.21,44014.00,312868.05,483879.16,207818.92,46874.22,126364.38,491934.31,374564.44,420894.13,98784.06,118016.84,144054.03,192517.01,105077.05,157411.15,127753.30,131454.57,146737.77,109328.73,157834.96,131412.34,116213.77,1468624.48,20025.90,16738.66,121467.91,222370.51,147.02,1280317.45,4196528.73,34154.88,686919.86,465402.92,41048.59,55034.37
Scenario 1,79,1,Fake Positive News,79,TRADING,154289.88,1446977.08,161129.93,264162.19,539973.35,488286.75,232138.45,514648.08,704233.65,933766.44,457957.90,297648.66,1615473.78,21130.55,436994.07,43940.69,313795.51,484597.12,207672.00,46859.89,127374.52,491489.55,373927.81,420316.92,98738.08,118159.19,144239.03,192026.01,105375.50,157332.10,127820.73,131809.49,146703.38,108926.92,158518.83,131165.43,116112.82,1468737.79,20050.51,16807.64,121000.12,222430.68,146.59,1284197.55,4209444.39,34170.57,686443.04,465856.25,41077.45,54837.07
Scenario 1,80,1,Fake Positive News,80,TRADING,154640.21,1448129.26,160523.78,264573.88,540213.53,487453.38,232016.37,514702.18,704044.18,935815.51,457392.72,296878.90,1616391.10,21120.96,437213.15,43973.01,313682.45,484423.43,207498.64,46874.44,127336.91,490619.01,373011.60,420750.44,98740.33,118252.17,144478.05,191735.45,105650.19,157559.21,127807.76,131861.02,147071.51,108401.95,159216.69,131356.31,116035.05,1468696.90,20032.75,16854.64,121381.58,222677.72,146.58,1285760.23,4204944.82,34186.25,686931.44,465556.49,41112.99,54744.25
Scenario 1,81,1,Fake Positive News,81,TRADING,154681.60,1448803.72,160492.83,264874.94,540643.86,487767.02,232121.80,514172.48,704897.08,935674.93,458120.47,296635.87,1615099.56,21143.41,436051.47,43941.09,313237.20,483213.04,207406.01,46920.48,127286.55,492119.70,373257.06,420592.25,98710.64,118496.15,144239.90,191557.46,105729.17,157479.35,127831.44,131717.56,147020.12,107850.11,160120.24,130925.29,115917.80,1466734.35,20051.58,16909.29,121824.93,223139.67,147.04,1287663.71,4210963.65,34224.45,687130.89,466832.98,41162.50,54489.89
Scenario 1,82,1,Fake Positive News,82,TRADING,154408.12,1453190.24,160443.57,264786.54,540655.01,486889.12,232192.73,512989.68,704682.09,938053.19,458855.14,296710.24,1614834.39,21156.76,433901.45,43963.02,313200.60,483325.15,207379.70,46908.05,127406.67,492047.09,372868.69,420272.57,98577.97,118478.66,143799.68,191553.57,105688.54,157474.63,127710.48,131978.59,147020.35,107606.54,161127.64,130403.01,115799.44,1468370.73,20011.16,16916.54,121719.07,224005.44,146.79,1287766.26,4209851.58,34265.63,687078.79,465514.23,41182.82,54252.34
Scenario 1,83,1,Fake Positive News,83,TRADING,154220.71,1456398.82,160422.28,264905.75,541373.86,485739.76,232700.89,512553.90,705866.54,943643.81,458406.76,296345.40,1615961.55,21164.84,433319.76,43949.29,313178.06,482378.43,207166.52,46904.31,127060.53,491464.69,372359.62,420115.37,98562.38,118731.60,143772.71,191390.28,105992.51,157269.88,127892.09,131939.41,146601.89,107343.42,161943.75,130334.08,115838.36,1470622.71,20006.55,16965.77,121352.69,223783.92,147.04,1286000.87,4205311.42,34339.11,686596.34,465781.58,41197.42,54075.69
Scenario 1,84,1,Fake Positive News,84,TRADING,154120.17,1457295.71,160545.13,264217.92,540980.91,485635.30,232767.64,511844.93,705227.57,945452.29,458299.18,296846.88,1614871.91,21148.39,432256.27,43909.40,313253.21,483256.93,206955.31,46828.74,127340.69,490685.86,372325.23,419910.92,98512.09,119008.02,143971.12,191196.77,106323.72,157627.13,127843.31,132119.68,146723.33,107017.36,162729.17,130115.10,116063.48,1467819.32,20022.88,17054.17,121532.47,224263.37,146.79,1288335.21,4201540.89,34424.59,686423.90,464949.08,41171.35,54020.09
Scenario 1,85,1,Fake Positive News,85,TRADING,154099.67,1455984.60,160024.55,264012.02,541971.79,485190.52,233007.77,512255.14,704001.50,947249.70,458124.61,296504.20,1614182.38,21144.00,431676.13,43968.72,313243.87,483045.21,206679.57,46837.27,127184.60,490812.70,373129.28,420407.60,98449.53,119177.03,144331.86,191151.60,106739.75,157513.90,127790.24,131934.24,146769.77,106748.53,162959.00,130245.06,116204.39,1468323.71,20055.60,17122.52,121780.09,224830.85,147.20,1288643.73,4195445.39,34505.12,685923.99,465139.30,41147.61,53984.84
Scenario 1,86,1,Fake Positive News,86,TRADING,154313.82,1459898.29,160256.84,264567.97,541234.67,485550.40,232808.47,512712.17,703200.58,950346.69,458054.24,297285.49,1615651.34,21151.10,431059.42,43957.45,312925.99,482620.87,206653.65,46822.29,127054.82,489552.80,374265.89,420038.64,98438.80,119367.54,143914.00,190723.31,107349.50,157332.30,127799.00,131765.04,146839.02,106258.30,162696.78,130093.47,116487.71,1467967.14,20060.68,17223.13,122141.37,225283.17,147.34,1290364.37,4194543.41,34608.66,685432.65,465497.43,41101.21,53989.78
Scenario 1,87,1,Fake Positive News,87,TRADING,154465.73,1464703.67,160235.48,263925.95,542074.62,485929.28,232568.19,513870.91,701999.33,951528.43,458214.60,296609.86,1614944.92,21142.30,430993.40,44017.80,313242.09,481933.45,207034.76,46853.33,127167.09,489373.14,373613.93,420102.04,98283.03,119327.24,143586.52,190700.15,107926.00,157612.62,127667.97,131659.23,146958.54,106422.97,162281.22,130361.07,116793.99,1468101.09,20059.35,17325.89,121871.27,225275.65,147.26,1293314.45,4176560.76,34674.24,684684.16,466358.22,41086.75,53964.85
Scenario 1,88,1,Fake Positive News,88,TRADING,154458.76,1469149.11,160637.04,263766.49,541787.49,485308.00,232074.77,514957.21,701728.32,951663.08,457920.07,297493.75,1611498.28,21146.88,430601.50,43995.96,313576.43,481419.90,206965.04,46933.37,127137.67,490682.12,372842.17,419781.40,98373.74,119226.08,143447.94,190621.95,108853.66,157254.10,127775.96,131537.91,147230.00,106004.95,161609.09,130249.62,117053.91,1469085.13,20056.23,17380.18,121379.58,225542.43,146.81,1291861.82,4177047.89,34694.14,684295.77,465668.72,41087.92,54058.21
Scenario 1,89,1,Fake Positive News,89,TRADING,154515.93,1468701.99,160318.66,263552.32,541664.61,484463.73,232144.49,515418.96,700490.00,953853.20,458108.67,297191.46,1612628.09,21126.71,430326.83,43967.55,314137.50,480636.34,206931.76,46897.83,126828.79,489914.08,374256.55,420104.33,98360.20,119205.26,143251.74,190424.56,109236.44,156930.58,127819.68,131535.44,147192.30,105969.31,160633.99,130549.17,117421.05,1469623.06,20076.18,17416.32,121323.99,225689.13,146.42,1293706.36,4179497.17,34710.53,685504.71,464755.01,41106.93,54096.52
Scenario 1,90,1,Fake Positive News,90,TRADING,154460.08,1472681.26,160172.51,263972.98,541443.99,484305.14,232482.62,516806.48,701273.16,952333.58,458546.06,297863.77,1614051.83,21135.57,430487.78,43983.26,313765.30,480950.17,206713.79,46914.64,126927.31,490910.32,373959.77,419235.72,98329.23,119007.71,143251.96,190490.29,109512.03,156917.86,127813.88,131215.96,147354.65,105779.35,159732.88,131239.33,117905.11,1470234.20,20079.10,17476.97,121677.82,225810.16,146.11,1293167.33,4195822.11,34717.37,685505.91,464892.44,41070.13,54181.93
Scenario 1,91,1,Fake Positive News,91,TRADING,153970.66,1471379.28,159898.88,263640.59,542305.60,484608.72,232855.08,516122.49,698824.32,952956.61,457487.25,298014.08,1613638.83,21158.34,430162.85,44007.81,314107.96,480043.97,206466.52,46962.81,126962.82,490047.76,373832.10,418533.26,98281.98,118969.76,143204.75,190606.30,109623.51,156920.35,127905.20,130829.00,147583.34,105463.70,158895.99,131290.51,118340.70,1469619.87,20064.97,17559.21,122196.77,226654.14,145.40,1290787.02,4194868.43,34719.26,686398.40,464526.77,41051.00,54339.49
Scenario 1,92,1,Fake Positive News,92,TRADING,153702.22,1471531.84,159922.01,263388.15,543260.62,485127.39,232496.70,515881.48,697512.58,951231.64,458953.87,297889.74,1613995.10,21157.31,429699.49,43913.22,313845.82,478902.19,206496.14,46968.76,127134.38,489265.93,373766.77,418777.45,98213.49,118967.49,143086.11,190336.14,109350.37,156891.37,127854.32,130395.93,147926.18,104960.77,158193.97,130936.30,118774.28,1470835.16,20061.20,17587.56,122541.39,227100.90,144.49,1289183.73,4189727.82,34701.57,686596.04,464729.42,41052.16,54807.38
Scenario 1,93,1,Fake Positive News,93,TRADING,153122.32,1469847.65,160060.22,264299.54,543792.40,484884.98,232888.14,516432.71,697311.57,946665.44,459026.19,297330.03,1611752.16,21174.81,429510.56,43892.10,313777.54,479633.94,206559.36,46955.46,126940.83,489262.57,373848.04,418940.28,98230.34,118848.30,142591.03,190295.33,108935.75,156856.68,127896.03,130445.72,148006.23,104723.69,157445.98,131033.68,119316.97,1471431.80,20064.74,17665.84,122457.74,227810.02,144.39,1290110.68,4186735.33,34661.56,684866.47,465374.99,41027.80,55080.68
Scenario 1,94,1,Fake Positive News,94,TRADING,152468.60,1470237.42,159777.39,264201.96,544731.94,484488.65,232868.12,516529.87,696528.08,945569.07,459307.29,297231.27,1607920.70,21177.64,430508.84,43939.11,312981.12,478346.68,206899.37,46963.66,126898.37,489952.38,373804.91,420006.79,98273.23,118795.41,142625.96,190213.11,108515.76,156738.53,128011.37,130330.82,148097.42,104440.75,157174.72,131234.04,119822.73,1470995.17,20057.02,17774.07,122314.33,227793.74,144.53,1290915.88,4170733.85,34606.81,684198.15,465153.73,40963.23,55587.02
Scenario 1,95,1,Fake Positive News,95,TRADING,152262.29,1472751.32,159562.43,263707.32,546236.76,484805.94,232573.62,515546.42,697719.34,942726.16,459261.73,296558.75,1609094.02,21197.75,431294.90,43913.88,313587.33,480055.24,207165.86,46938.89,127413.13,489498.75,373221.62,419749.57,98315.86,118775.78,142983.12,190226.42,107687.14,156997.31,127969.92,129899.22,147985.16,104315.87,156970.18,130946.79,120411.21,1470177.84,20077.33,17882.31,122540.08,228329.47,144.26,1289791.87,4167814.48,34515.13,684422.95,464940.41,40931.27,55962.79
Scenario 1,96,1,Fake Positive News,96,TRADING,151940.82,1476630.97,159424.38,263542.22,547530.54,484925.70,233225.94,515438.48,698294.49,943836.55,459104.11,295876.54,1609831.05,21185.24,431106.43,43863.91,314303.53,479701.67,207461.15,46959.36,127094.19,490492.87,372872.00,419781.96,98386.29,118749.09,143484.69,190058.27,107101.49,157019.26,128133.96,129655.58,148124.46,103843.18,156827.22,130851.97,120976.39,1470535.61,20056.23,18001.87,122022.23,228817.89,144.02,1288326.87,4166852.23,34383.41,684516.04,464019.63,41025.24,56464.29
Scenario 1,97,1,Fake Positive News,97,TRADING,151267.07,1476669.05,159640.01,263468.43,548336.77,484599.41,233644.23,515852.07,698661.28,944228.18,459562.55,296204.66,1607570.80,21173.58,431760.09,43862.73,314056.31,478983.87,207059.79,47038.28,126973.51,491312.01,372938.17,419950.53,98324.73,118699.74,143612.45,189966.38,106516.94,156691.35,128184.74,129455.61,147967.29,103631.03,157059.90,130805.90,121371.82,1468606.76,20084.97,18066.85,122295.42,229016.21,144.10,1288830.20,4152747.42,34239.57,684178.32,464545.10,41038.04,56645.78
Scenario 1,98,1,Fake Positive News,98,TRADING,151040.56,1470865.79,159476.88,263808.97,548941.37,484052.23,233974.63,516892.87,697832.88,942897.58,460391.64,295818.16,1608275.42,21141.54,432053.06,43918.18,313580.79,478921.26,207160.78,47046.94,126851.81,490085.68,372865.69,419872.80,98320.62,118813.38,143185.78,189934.28,106124.57,156351.66,128303.68,129135.42,148224.91,103334.66,157051.91,130848.75,121839.36,1467215.51,20135.81,18201.03,121882.10,229334.32,144.54,1289123.26,4146708.41,34099.96,682876.52,464488.60,41176.32,56911.77
Scenario 1,99,1,Fake Positive News,99,TRADING,151116.55,1469505.56,159200.54,264172.48,550429.59,483929.26,234221.30,516211.76,697509.65,938942.75,459535.60,296016.29,1610814.21,21149.83,431735.06,43895.78,314003.06,479298.17,207307.72,47101.42,126337.94,487874.53,373766.09,420003.86,98307.41,118542.90,143370.29,189936.27,105633.61,156366.03,128187.54,129318.82,148289.19,103272.68,157352.45,130898.38,122267.45,1467135.20,20108.58,18251.37,122174.03,229221.30,144.61,1288067.51,4134405.70,34010.16,682598.20,464696.17,41218.83,57099.22
Scenario 1,100,1,Fake Positive News,100,TRADING,150734.48,1468095.69,159909.64,264372.58,551529.39,484222.76,234021.39,513817.76,696354.05,936089.63,459405.79,296430.64,1610351.98,21138.26,431571.93,43936.43,314589.39,479877.96,207322.00,47017.22,126971.01,487021.57,374007.97,419749.26,98348.82,118390.02,143200.95,189857.12,105501.16,156599.59,128202.04,129414.22,147925.97,103127.44,157495.73,131285.64,122621.80,1465534.88,20089.55,18386.70,122242.13,229980.43,144.65,1289317.99,4123764.48,33850.52,682826.77,464113.32,41216.73,57252.79
Scenario 1,101,1,Fake Positive News,101,TRADING,150711.13,1467651.26,159922.01,264396.08,553966.44,484457.16,233757.12,514661.87,696224.60,935966.52,460062.12,296660.73,1611455.01,21119.53,431277.88,43970.67,314613.12,480092.52,207521.59,46975.08,126593.87,488620.72,373616.94,419658.23,98371.36,118384.71,142679.50,189881.83,105129.68,156816.18,128264.59,129546.93,148032.95,102969.51,157909.02,131411.45,122998.73,1467539.13,20035.13,18457.04,122207.34,229859.18,145.29,1287932.87,4119004.67,33739.83,683070.73,463822.32,41218.52,57701.22
Scenario 1,102,1,Fake Positive News,102,TRADING,151014.60,1465535.14,160257.08,264155.72,556271.25,484349.73,233530.17,514073.63,695255.37,935498.79,460556.51,296493.06,1610078.55,21127.55,431580.27,43971.84,314116.57,479971.66,207483.18,46984.89,127510.11,489742.54,373591.68,419637.69,98316.22,118276.22,142495.27,189827.30,105160.98,156896.72,128223.96,129850.76,148062.52,102870.70,158218.62,131561.07,123382.21,1467071.58,20081.48,18565.32,122268.45,229712.17,144.40,1287386.28,4117933.08,33633.50,684124.91,463373.74,41324.18,57864.72
Scenario 1,103,1,Fake Positive News,103,TRADING,151467.22,1467231.59,159591.76,264331.04,557323.17,485031.79,233995.91,512011.83,694121.97,930901.95,459984.57,296297.84,1609839.52,21176.13,431392.02,43954.53,313748.14,479717.18,207840.48,46962.72,128272.43,489224.30,373527.45,419445.63,98460.26,117816.56,142785.14,189848.71,105084.02,156967.75,128023.44,130077.75,148035.13,102729.34,158660.62,131985.19,123605.48,1466843.70,20116.43,18654.28,122930.88,229250.82,143.72,1286756.70,4112530.28,33607.23,684540.81,463268.21,41283.67,57923.20
Scenario 1,104,1,Fake Positive News,104,TRADING,151723.65,1464888.67,159238.23,264183.71,557872.94,484805.55,234390.64,510803.75,694098.78,929154.03,459602.12,295680.72,1608880.40,21169.46,433028.67,43956.15,313915.97,479216.99,207712.52,46913.04,127757.33,490029.36,374086.95,419480.26,98411.71,117669.56,142680.30,189757.64,105065.28,156548.45,128162.33,130048.14,147744.40,102522.65,158985.31,131980.68,123709.73,1467448.30,20138.34,18757.07,123078.14,229512.24,144.25,1287439.30,4114757.57,33531.14,683669.60,462595.46,41331.36,57739.29
Scenario 1,105,1,Fake Positive News,105,TRADING,152099.42,1464144.67,159234.02,263851.50,559574.54,484146.81,234180.40,512346.56,694031.64,927843.51,460087.11,295446.58,1609596.07,21162.56,432371.83,43887.84,314704.32,479842.64,208035.64,46946.82,127885.01,489856.29,373425.85,419112.26,98517.96,117644.46,142127.48,190021.03,105160.85,156639.91,128157.39,130045.55,147905.59,102320.28,159388.61,132097.89,123754.29,1466753.03,20165.76,18909.40,123015.41,229430.81,143.87,1289541.55,4115329.81,33470.22,684557.74,461807.15,41437.52,57537.50
Scenario 1,106,1,Fake Positive News,106,TRADING,152323.76,1462348.90,159384.13,263974.97,559987.54,483982.53,234012.44,513218.61,694889.85,928345.51,459546.33,294963.70,1611517.09,21187.89,432272.77,43876.80,314196.77,480600.46,208268.15,46967.34,127624.55,490026.06,373193.15,419466.58,98645.91,117650.26,141965.98,189937.50,105256.74,156903.10,128311.29,129883.87,147920.62,102211.60,159819.61,132256.23,123687.86,1467291.80,20147.85,18993.28,122856.20,229527.49,143.60,1288575.22,4118589.67,33439.54,684511.53,461521.55,41470.76,57257.75
Scenario 1,107,1,Fake Positive News,107,TRADING,152635.07,1464514.45,159813.70,263907.32,560290.17,483545.77,233876.31,514366.90,694924.95,924555.44,460427.48,295091.44,1610586.16,21201.86,431911.46,43952.98,313771.99,481965.97,208730.09,46869.64,127825.41,490651.60,373489.20,420387.15,98575.43,117774.86,141356.26,189555.97,105433.43,157121.04,128266.33,130192.16,148143.92,102307.94,160169.52,132179.06,123537.74,1466546.98,20099.28,19102.59,123783.84,229897.53,143.73,1289198.43,4128016.78,33432.69,683464.42,461426.39,41416.39,57237.78
Scenario 1,108,1,Fake Positive News,108,TRADING,152905.70,1462390.66,160834.49,263961.43,560417.68,483735.87,234083.71,514660.61,694676.50,925417.36,461370.33,295155.27,1612639.52,21214.22,431821.40,43982.44,314954.03,482762.21,209200.54,46887.91,127781.40,490922.62,373690.77,420525.59,98476.82,117904.09,141689.30,189419.70,105377.85,157566.38,128171.33,130329.51,148236.98,102315.22,160478.92,131990.36,123247.69,1467330.81,20100.10,19200.06,124226.99,230198.75,143.62,1288156.30,4133962.47,33381.57,683662.98,461135.21,41469.44,57176.66
Scenario 1,109,1,Fake Positive News,109,TRADING,153118.72,1465534.70,160785.47,264137.65,559941.47,483408.98,234062.83,516543.78,695726.53,925388.21,461543.39,295565.35,1612984.37,21216.84,432135.36,43989.77,313511.37,482219.39,209785.63,46952.90,128009.88,490285.80,372588.98,420259.12,98511.40,117790.61,141736.05,189520.62,105339.78,157534.58,128219.18,129842.51,148072.01,102113.82,160815.76,132128.02,122841.96,1466995.21,20098.35,19236.70,124076.40,230223.64,143.34,1288149.50,4145444.91,33359.53,684134.93,460992.20,41443.34,57195.34
Scenario 1,110,1,Fake Positive News,110,TRADING,153494.56,1466301.19,161127.96,264215.54,560113.68,483033.31,234029.88,518026.73,694733.11,924890.43,462005.62,296087.74,1613679.35,21244.55,432348.57,44018.17,313422.54,482991.34,210014.19,46952.27,128437.67,489294.07,371329.08,420010.96,98491.69,117664.98,141955.60,189319.28,105341.19,158086.97,128337.83,129867.62,148099.71,102167.10,161192.44,132341.16,122435.74,1466161.04,20129.65,19327.22,124107.78,230059.38,143.58,1284150.05,4152069.52,33380.17,683533.69,461304.81,41498.20,57030.44
Scenario 1,111,1,Fake Positive News,111,TRADING,153501.87,1466775.32,161079.06,264503.32,559870.24,482180.60,234587.29,518089.35,695504.62,924924.89,462336.50,296582.06,1610932.96,21276.78,432831.40,44080.34,313820.79,484850.94,210255.23,46936.04,129354.95,489951.96,371198.34,419708.01,98512.01,117549.12,141605.10,189405.06,105441.68,158219.59,128285.82,129795.54,148110.13,101896.30,161347.20,132551.16,121957.17,1467472.44,20132.52,19301.31,124210.06,230230.81,144.13,1284401.53,4156186.68,33406.72,683458.25,461703.88,41487.32,57096.99
Scenario 1,112,1,Fake Positive News,112,TRADING,153537.25,1463705.40,160835.30,264314.48,560020.36,481705.32,234506.28,519144.40,696059.84,925348.17,462059.38,296030.21,1606643.96,21268.05,434302.19,44078.27,313756.42,484752.59,211051.55,46974.79,130312.55,488445.74,371219.97,419954.37,98479.81,117468.16,141850.44,189630.57,105398.79,158699.00,128329.44,129860.56,148142.99,101893.45,161370.70,132893.56,121423.30,1467834.08,20136.10,19393.31,124604.08,229897.04,144.02,1284015.57,4163283.26,33388.59,683504.45,462078.07,41417.89,57189.39
Scenario 1,113,1,Fake Positive News,113,TRADING,153792.80,1460490.66,161371.09,264745.97,561010.14,481119.12,234412.68,521359.94,697037.64,922570.88,462778.77,295439.94,1605719.29,21280.98,434639.96,44032.23,313996.87,483872.54,211397.71,46972.68,131153.68,490109.53,370402.78,420902.95,98481.63,117193.41,142464.29,189416.36,105176.61,159407.66,128324.66,129878.26,148098.15,101706.87,161267.67,133316.57,120862.73,1467801.77,20139.78,19340.79,124462.38,229532.86,144.51,1282346.97,4171626.63,33384.26,682799.00,460591.09,41381.11,57290.67
Scenario 1,114,1,Fake Positive News,114,TRADING,153855.35,1455750.31,161443.25,264906.02,560026.97,480699.54,234604.42,523100.68,697415.51,922414.75,463331.19,295822.72,1609134.52,21304.74,434285.15,43991.01,314345.64,483094.80,211880.67,46964.46,131856.88,488425.12,369840.54,421163.72,98410.33,117332.28,142888.74,189563.13,105035.81,159948.86,128126.67,130117.69,147958.62,101623.20,161191.11,133391.51,120321.02,1468742.11,20160.51,19356.71,124441.77,229295.11,144.84,1280261.77,4168547.58,33347.68,681609.99,460614.51,41384.17,57268.48
Scenario 1,115,1,Fake Positive News,115,TRADING,154018.81,1456631.66,161605.71,264542.32,558499.43,481486.75,234488.03,525643.45,697670.63,924432.41,463622.06,295576.61,1608587.89,21338.73,434879.12,44006.54,313595.41,483478.62,211762.96,46969.85,132774.46,490409.18,369384.59,421379.28,98447.01,117295.33,143098.26,189587.10,105179.71,160346.91,128206.49,130113.22,147763.21,101584.97,160901.41,133169.26,119711.05,1467194.86,20191.53,19352.99,124826.96,229146.64,144.28,1280670.72,4167448.54,33326.08,682171.70,461248.57,41343.27,57260.01
Scenario 1,116,1,Fake Positive News,116,TRADING,154310.05,1453352.18,161887.33,265008.75,557322.65,481384.10,234224.96,526545.82,699203.81,921477.22,464316.44,296059.99,1614005.28,21386.17,436054.67,43995.70,313943.15,483319.12,211762.68,47019.44,133417.38,491279.48,369793.80,421738.18,98504.95,117297.22,143278.05,189530.51,105042.55,160949.73,128166.37,130357.23,147873.60,101432.10,160499.57,133034.49,119004.84,1467146.24,20186.79,19383.84,125085.33,229451.12,144.71,1279635.03,4171318.18,33331.79,682095.52,461311.21,41350.32,56919.32
Scenario 1,117,1,Fake Positive News,117,TRADING,154323.20,1452907.07,162367.78,264762.61,556454.69,481633.22,234536.93,528486.09,698668.42,922299.81,463708.79,296298.04,1614682.00,21437.19,435608.11,43966.14,313674.86,482242.07,211889.28,46991.07,133624.47,492516.73,369936.31,420668.99,98472.78,117252.75,142580.05,189470.20,104982.68,161070.11,128100.88,130311.72,147806.67,101395.50,160038.99,133240.91,118375.97,1467159.36,20188.62,19328.98,124972.21,228915.00,144.71,1281143.85,4188367.24,33324.87,682614.24,461719.56,41368.96,56556.91
Scenario 1,118,1,Fake Positive News,118,TRADING,154520.58,1451773.47,162378.03,264984.52,555097.25,481673.58,234881.13,529494.74,699928.82,922724.61,464088.62,295769.15,1615705.38,21479.46,435187.14,44004.17,314161.95,482054.36,212099.52,47049.62,133903.03,492134.30,368828.00,420728.18,98502.12,117077.22,142689.77,189465.12,105025.04,161597.65,128093.03,130205.98,147916.67,101329.83,159478.93,133148.02,117741.14,1466289.91,20171.03,19237.16,125331.35,228385.84,144.86,1279978.56,4178115.99,33305.04,682674.13,461772.74,41320.68,56400.80
Scenario 1,119,1,Fake Positive News,119,TRADING,154764.91,1452412.42,162917.06,265062.40,554173.59,481151.49,235302.45,531877.83,699350.61,925970.32,464849.02,295960.16,1613492.58,21514.80,435745.23,43992.86,314403.84,482776.31,212166.93,47090.30,134445.45,492401.09,369659.31,420082.52,98545.44,117174.30,142349.54,189222.78,105004.20,162304.24,128038.45,130347.37,148029.44,101324.52,158985.87,132783.70,117169.67,1465036.79,20170.03,19155.31,125618.94,228143.06,145.75,1277536.39,4182254.20,33292.68,683045.07,461197.00,41347.03,56353.52
Scenario 1,120,1,Fake Positive News,120,TRADING,154896.77,1450815.27,162782.92,264997.46,552807.72,481796.89,235484.36,533465.63,699703.61,925382.92,465327.64,296716.11,1615490.80,21543.89,436123.10,43905.86,315627.41,483323.99,212058.87,47066.52,134352.45,491244.45,371815.33,419855.47,98501.24,117077.17,142499.55,189116.37,105261.57,162526.36,127947.19,130119.81,147662.09,101216.03,158448.59,132298.05,116718.91,1464638.93,20176.90,19063.17,125914.76,227888.77,146.01,1276239.20,4175821.52,33297.94,682804.32,461436.20,41326.47,56168.38
Scenario 1,121,1,Fake Positive News,121,TRADING,155092.32,1448019.18,162891.38,265078.61,550103.35,482100.30,235548.95,535649.13,698777.08,925108.54,465821.77,297053.57,1613209.80,21572.00,436152.65,43874.49,314724.80,483790.77,212082.46,47073.41,134379.17,490393.80,372799.87,419416.51,98476.29,117131.25,142193.00,189335.77,105153.81,162407.84,127865.01,130020.05,147627.32,101020.14,158053.85,132297.26,116113.92,1463181.76,20206.92,18964.41,126025.50,227727.69,146.17,1276176.57,4195123.22,33280.63,683219.65,461159.24,41315.91,56288.55
Scenario 1,122,1,Fake Positive News,122,TRADING,155078.45,1447503.55,162881.75,265458.26,548609.78,481665.66,235179.50,536437.28,698557.43,922523.76,466178.83,296518.22,1614316.80,21618.94,437564.75,43867.97,314486.53,483049.86,212397.34,47043.47,134096.48,489973.23,370157.94,420014.01,98467.99,116705.83,142102.95,189425.76,105191.91,162312.38,127880.92,130031.36,147763.08,100881.64,157385.11,132759.44,115803.98,1461287.25,20153.47,18872.05,126200.51,227809.62,146.61,1276659.01,4202150.82,33240.82,682874.58,460239.30,41284.50,56176.10
Scenario 1,123,1,Fake Positive News,123,TRADING,155252.70,1449399.12,163122.40,265665.62,547942.28,481603.88,234850.29,537394.38,697418.15,925304.97,466442.04,296303.08,1615251.41,21664.08,438356.46,43833.48,315682.35,484187.51,212872.09,47056.15,133986.53,491952.91,370534.88,420671.41,98417.64,116544.96,142389.07,189531.09,105293.93,162096.78,127699.69,130016.31,147962.91,100838.93,156998.07,132467.67,115356.10,1462147.48,20152.23,18731.91,126331.26,227166.60,146.96,1276685.52,4199373.24,33244.54,681561.48,459802.29,41294.06,56148.63
Scenario 1,124,1,Fake Positive News,124,TRADING,155264.33,1447644.58,163412.29,265145.03,546497.18,481510.35,234522.96,539806.25,697377.07,925572.14,465706.31,296053.64,1612666.36,21702.78,438833.51,43818.19,315479.60,483993.92,212779.55,47097.89,133717.39,491415.92,370893.74,420205.98,98419.38,116683.12,141981.12,189244.54,105465.89,161902.76,127488.82,129986.06,148004.28,101135.64,156490.27,132019.54,115022.58,1462568.36,20169.49,18644.35,126144.45,226786.37,147.29,1274407.34,4186270.47,33262.15,680841.18,460327.85,41367.69,56260.33
Scenario 1,125,1,Fake Positive News,125,TRADING,155233.05,1448308.72,163639.57,265151.66,545454.02,480737.57,233898.87,539184.25,697601.18,927805.54,465796.65,294872.56,1611282.58,21768.93,440704.18,43856.42,315986.70,484395.57,212253.23,47057.17,133105.52,490082.94,371478.31,420490.34,98447.05,116606.51,142034.04,189306.46,105567.27,161010.29,127025.96,129747.18,147632.23,100730.65,156143.82,131713.52,114853.37,1460439.53,20127.40,18534.92,126340.90,226542.02,147.55,1275253.04,4194488.78,33254.79,681641.80,460073.21,41472.39,56445.15
Scenario 1,126,1,Fake Positive News,126,TRADING,155301.23,1450382.71,163799.46,264709.20,544757.90,480937.55,233743.18,540648.77,698048.98,926921.15,465504.17,294862.07,1612499.51,21812.63,441945.00,43818.36,316508.18,484404.14,212344.34,47121.90,132867.28,489743.96,370442.68,420539.74,98494.34,116784.80,141679.71,189503.55,105304.97,160117.06,126532.62,129696.48,147548.11,101019.37,155969.48,131581.32,114553.33,1461324.01,20117.96,18376.83,126606.17,226069.39,148.39,1278083.78,4200674.34,33230.10,680341.51,459250.04,41511.89,56380.85
Scenario 1,127,1,Fake Positive News,127,TRADING,155370.99,1449013.67,163753.59,264866.69,543922.82,480166.81,233361.35,542170.24,698383.17,924909.69,465724.97,294569.37,1609581.36,21854.85,442393.32,43802.03,315879.53,484945.41,212526.28,47146.71,132961.78,488415.33,371719.07,421020.88,98493.01,116851.06,141519.01,189470.58,105232.03,159519.15,126049.36,129824.12,147792.21,101121.05,155718.09,131276.86,114283.36,1463333.78,20098.96,18239.61,126810.00,225713.56,149.22,1277749.98,4199524.11,33252.26,680769.67,458417.80,41487.52,56315.79
Scenario 1,128,1,Fake Positive News,128,TRADING,155450.39,1451794.13,163653.22,265014.54,543703.06,479868.12,233832.21,543067.97,698711.34,925344.56,465901.71,294522.33,1609166.94,21899.49,443301.61,43802.66,315530.28,484295.39,212249.26,47147.39,132360.22,489872.95,372605.17,421010.30,98517.88,117056.96,141261.74,189462.83,105417.83,159295.26,125411.20,129748.03,148066.19,101157.33,155401.32,130846.95,114149.36,1461174.74,20077.93,18070.57,126872.55,225011.29,149.42,1281409.71,4202858.39,33255.93,681499.75,458006.21,41432.30,56431.34
Scenario 1,129,1,Fake Positive News,129,TRADING,155262.98,1452264.13,163571.46,264844.44,542751.45,479254.13,234203.22,543921.29,698130.16,924684.59,465839.10,294635.13,1611120.49,21916.98,444632.02,43754.90,315145.68,483645.51,212057.66,47220.28,132189.26,488888.85,372262.11,421317.14,98686.77,117294.10,141528.67,189329.42,105417.82,158875.29,124633.93,130058.44,148228.62,100781.20,155493.22,130732.80,113970.86,1460227.48,20084.71,17992.18,126911.59,224574.17,148.91,1279041.52,4192834.70,33233.65,682094.84,458036.53,41423.96,56327.39
Scenario 1,130,1,Fake Positive News,130,TRADING,155491.50,1454992.80,163576.20,265192.69,542351.26,478977.04,234136.64,545177.47,698582.52,924172.89,465899.07,294597.58,1611856.61,21946.97,444987.15,43706.85,314876.48,481987.19,211910.38,47252.73,131612.35,489419.76,372993.37,421584.25,98718.00,117312.77,141374.93,189135.22,105351.31,158856.96,124198.69,130119.42,148276.92,100710.26,155163.58,130663.92,113875.59,1460159.94,20067.34,17908.76,127154.43,224030.76,149.31,1276872.00,4195927.84,33261.07,681457.51,458045.85,41407.64,56281.57
Scenario 1,131,1,Fake Positive News,131,TRADING,155333.33,1458226.47,163838.84,265193.26,541520.81,478673.70,234258.49,545459.44,699196.59,926362.73,467228.23,294489.24,1609335.70,21975.27,446131.19,43694.08,314357.27,482248.86,211162.24,47274.94,131186.88,489581.08,373026.16,422383.64,98718.84,117284.82,141604.65,189102.81,105054.79,158454.40,123895.26,130174.36,148256.10,100771.48,155126.38,130321.22,113820.01,1459374.34,20075.52,17819.65,126565.36,222586.55,148.79,1276624.18,4194549.19,33287.86,682343.59,459241.30,41432.33,56351.77
Scenario 1,132,1,Fake Positive News,132,TRADING,155607.75,1460144.87,163397.74,265541.24,540874.06,478639.63,233867.31,545971.31,701237.07,925114.44,467064.73,294876.18,1610514.99,22007.22,446866.31,43786.17,313062.16,481432.98,211495.80,47357.00,130968.95,489266.84,371963.33,421784.05,98778.61,117263.28,141521.38,189282.08,105186.08,158435.30,123924.29,130345.48,148498.90,100844.12,154743.98,130497.34,113926.53,1459538.60,20051.63,17771.67,126594.67,222134.99,149.60,1277261.56,4197132.54,33304.45,681869.15,459627.62,41575.00,56296.82
Scenario 1,133,1,Fake Positive News,133,TRADING,155677.16,1459926.38,162830.87,265541.77,541247.20,478827.97,234233.39,545116.30,701011.20,923743.99,467044.07,294823.89,1610358.26,22015.82,447942.51,43827.98,312905.55,480373.95,211565.46,47337.97,130645.71,490177.98,371696.63,421361.78,98809.00,117276.87,141457.42,189171.20,105047.83,158764.13,124089.54,130334.36,148504.95,100714.00,154671.56,130734.41,113792.59,1460059.66,20001.86,17634.07,126653.32,221640.15,149.57,1276868.97,4191709.84,33310.09,682854.91,458251.73,41574.15,56442.43
Scenario 1,134,1,Fake Positive News,134,TRADING,155738.38,1461480.85,162368.96,265757.64,541443.25,478515.58,234486.35,545776.50,701325.00,923596.87,466749.69,295187.22,1607907.33,22036.55,449536.04,43805.69,313603.07,478814.79,211745.46,47359.18,129823.74,490875.45,370393.11,421299.21,98815.70,117456.69,141738.77,189063.04,105149.20,158816.43,124425.26,130281.75,147999.29,100864.41,154733.07,130522.78,113650.78,1460070.33,19996.02,17562.46,126901.94,221100.56,148.83,1276122.55,4195952.68,33360.51,684262.62,458521.91,41581.89,56582.92
Scenario 1,135,1,Fake Positive News,135,TRADING,155427.25,1461326.96,161773.39,266226.81,541120.10,478060.24,234614.23,543809.46,702021.09,925230.20,467525.98,295431.81,1605732.37,22026.68,451385.96,43810.27,314040.05,478439.74,211718.98,47341.65,129850.65,491585.04,369658.50,420854.02,98674.12,117357.75,142389.59,189007.11,104976.80,158530.94,124960.90,130385.63,147906.45,100836.97,154709.43,130041.17,113512.74,1458693.19,19989.98,17525.39,126584.63,220373.63,148.48,1277217.35,4197333.43,33354.05,684450.83,458485.27,41551.26,56820.32
Scenario 1,136,1,Fake Positive News,136,TRADING,155196.57,1461916.96,161256.73,266420.40,541109.97,477841.34,234198.26,542997.65,701738.22,922402.93,467095.44,295829.06,1607882.86,22027.18,452702.36,43738.05,314257.33,478482.69,211404.00,47403.48,129702.06,491447.96,368929.27,420183.51,98554.50,117531.54,142670.21,189011.32,105149.77,158952.68,125544.75,130317.95,147659.91,100605.61,154674.09,130069.20,113457.03,1457560.72,19980.80,17452.35,126992.57,219726.01,148.82,1280520.42,4213965.71,33341.77,684068.16,458828.88,41680.85,56817.20
Scenario 1,137,1,Fake Positive News,137,TRADING,155240.31,1460295.37,160983.20,265580.21,541551.91,477182.21,234613.95,540785.87,701825.55,922220.00,466327.29,295795.20,1607727.41,22022.84,453359.30,43766.21,314184.98,478355.95,211234.76,47426.29,129352.11,491151.60,368330.55,420542.02,98549.41,117191.18,142797.95,189035.70,105177.12,158589.07,126236.00,130493.74,147708.26,100336.37,154644.78,130104.25,113424.22,1458862.92,19948.80,17330.30,126625.26,219025.66,148.41,1282808.47,4215686.64,33345.23,685301.61,457930.24,41622.28,56759.19
Scenario 1,138,1,Fake Positive News,138,TRADING,155004.52,1461385.81,161045.79,265689.91,541017.27,477705.94,234746.61,537776.71,702455.38,920595.01,466490.91,295762.26,1607293.64,22026.36,455160.19,43751.69,313617.94,477450.42,211075.85,47402.92,129125.72,489419.96,368681.05,420836.28,98505.66,117429.21,142763.22,188951.07,105070.53,158266.11,126979.06,130298.28,147978.89,100224.16,154850.31,130198.90,113484.12,1459051.10,19932.85,17250.08,126692.70,218787.34,148.82,1284874.76,4217719.35,33350.29,684775.01,458481.91,41633.16,56873.01
Scenario 1,139,1,Fake Positive News,139,TRADING,155009.83,1459021.92,160792.76,265698.24,540263.83,478024.33,235019.80,536003.30,703890.68,916135.11,466545.67,295855.01,1605292.70,22013.13,455928.02,43713.08,313953.69,476358.79,211582.33,47400.73,129162.61,489800.21,368399.01,420437.19,98432.43,117396.41,142636.48,188989.27,105006.00,158693.82,127505.53,130292.88,147951.48,100319.21,155046.97,130214.75,113498.65,1458852.32,19977.45,17112.89,126398.14,217989.99,149.07,1283837.33,4224440.67,33347.93,683528.53,458008.67,41596.51,57264.96
Scenario 1,140,1,Fake Positive News,140,TRADING,155144.68,1458328.34,160363.76,265285.29,540090.24,477839.13,234300.38,535399.11,701885.07,915953.24,467041.10,295826.62,1605460.76,21993.39,457759.37,43738.92,313317.68,476746.34,211538.46,47375.56,128577.94,488652.24,367703.01,420474.95,98474.27,117305.74,142431.06,188756.80,105020.82,158840.29,127739.26,130621.36,148226.90,100545.44,154980.04,130336.97,113474.30,1456953.06,20017.77,17066.41,126318.67,217006.59,148.59,1282504.96,4231108.17,33354.80,684338.69,458140.16,41602.07,57766.18
Scenario 1,141,1,Fake Positive News,141,TRADING,155035.36,1454730.92,159822.99,264568.25,540364.98,478002.54,234380.52,534480.29,702384.31,921081.12,467535.97,296640.71,1605945.63,21934.03,457987.92,43702.57,313869.68,476395.90,211597.60,47386.79,128541.19,489264.67,368753.22,420182.10,98574.78,117250.33,142485.08,188567.45,105118.24,158939.06,127879.54,130723.58,148366.78,100562.44,154919.08,130728.78,113446.62,1454694.09,20015.02,16977.47,126318.07,216532.99,148.29,1285913.79,4234834.47,33371.62,683453.85,457958.11,41571.87,57973.18
Scenario 1,142,1,Fake Positive News,142,TRADING,154851.57,1459895.55,159759.64,264347.58,539895.56,477778.04,234784.30,531041.58,703130.43,921425.84,467478.52,296454.96,1606573.68,21889.83,458191.88,43718.73,313735.32,476498.85,211378.64,47372.44,128254.35,491252.73,367844.48,419996.80,98542.48,117384.74,142303.75,188439.49,105217.99,158308.54,128248.38,130883.86,148451.53,100539.11,154817.21,130931.04,113507.73,1454401.36,20011.09,16875.21,126224.83,216516.53,148.60,1287954.37,4227190.56,33361.45,684503.07,457026.84,41574.86,57794.05
Scenario 1,143,1,Fake Positive News,143,TRADING,154879.97,1458124.73,159606.35,264352.13,540771.59,477248.83,235096.70,527634.56,703489.52,917849.89,467303.81,296575.31,1607153.57,21845.76,458804.19,43655.85,313961.86,475437.03,210906.70,47297.58,128209.38,491129.40,367781.02,420375.42,98763.94,117507.39,142392.96,188309.48,105197.47,158678.04,128472.23,131120.86,148661.23,100321.43,154780.97,131195.82,113637.38,1453966.04,20003.21,16831.90,126059.34,216283.53,148.64,1290352.39,4227673.45,33359.05,684881.41,456849.14,41608.37,57906.86
Scenario 1,144,1,Fake Positive News,144,TRADING,154974.21,1461733.53,159545.65,263852.35,541418.11,477221.01,235349.60,523689.71,702744.05,921356.55,467581.90,296912.10,1607199.43,21796.51,460278.98,43643.30,312961.50,475020.28,210750.07,47317.91,127878.48,489772.32,368084.02,421075.43,98747.88,117755.39,142412.76,188195.76,105004.71,158698.25,128487.62,130956.85,148804.04,100244.32,154880.37,130420.45,113594.34,1454429.21,19998.85,16773.33,125819.96,216040.88,147.76,1292387.80,4230014.25,33395.01,684819.67,456304.80,41640.81,58042.42
Scenario 1,145,1,Fake Positive News,145,TRADING,154663.17,1469149.45,159666.65,263680.62,542408.19,476418.93,235709.75,520333.31,702939.56,919250.35,468117.98,297021.02,1608380.78,21757.21,461626.07,43656.48,313387.11,475606.56,210578.14,47352.51,128187.45,487892.86,367470.40,420085.84,98766.70,117708.17,142243.53,188054.55,104969.82,158235.93,128553.66,131105.77,149062.59,100003.87,154828.76,130814.06,113599.55,1453528.54,20007.81,16756.99,125448.63,215657.83,148.04,1292621.35,4228614.87,33369.44,684323.01,457263.24,41623.30,57977.43
Scenario 1,146,1,Fake Positive News,146,TRADING,154651.72,1466695.10,159509.23,264008.92,541775.60,476365.85,236116.06,515137.67,701455.24,918697.92,467447.33,297467.41,1607463.47,21725.37,463015.30,43612.29,313066.00,476008.23,210450.41,47419.71,128162.54,488781.61,367052.39,420732.93,98866.04,117793.25,142287.29,188156.69,105039.05,158146.44,128599.23,131113.16,148976.82,99779.05,154860.39,131142.96,113604.11,1452037.09,20007.31,16723.95,125477.95,215839.55,147.95,1293460.73,4226047.57,33384.36,684720.49,456715.14,41647.30,58225.50
Scenario 1,147,1,Fake Positive News,147,TRADING,154497.97,1466262.51,158987.21,264969.86,541463.15,476121.29,235840.00,512360.08,700885.95,922933.05,467268.71,297736.92,1607760.97,21691.29,463765.31,43613.86,313349.06,475193.52,209862.19,47473.50,128070.12,488015.76,367936.73,420004.52,98859.85,117954.13,142256.90,188081.59,104945.10,158589.81,128702.83,131264.47,148952.09,99658.80,154659.87,131011.13,113599.76,1451753.76,20003.76,16647.05,125488.19,215089.77,148.04,1293379.98,4212332.51,33371.26,684431.97,456820.24,41661.65,58557.02
Scenario 1,148,1,Fake Positive News,148,TRADING,154444.78,1468041.16,158956.92,264952.33,541145.64,475851.83,235998.74,509992.72,700808.52,924989.74,467234.92,297324.38,1608307.16,21627.59,466570.42,43552.14,314290.90,475989.45,210114.88,47475.26,128195.03,487291.66,366433.38,420835.62,98910.12,117801.72,142287.14,188021.55,104769.10,158679.17,128719.55,131244.71,149184.35,99754.57,154989.92,130955.37,113459.61,1452343.33,19988.42,16556.93,124924.56,215340.06,148.81,1291635.24,4206920.00,33415.07,684292.15,456711.74,41665.31,58881.96
Scenario 1,149,1,Fake Positive News,149,TRADING,154053.06,1465827.85,158768.38,265150.95,542284.05,475257.08,236041.48,508089.12,701589.57,924012.83,467385.39,297842.29,1609389.07,21590.74,467900.48,43615.19,314211.32,477167.30,210603.69,47374.77,127860.05,488616.63,366110.88,421645.39,98953.83,117622.73,142344.78,187852.20,104902.11,158394.29,128740.39,131272.40,148891.19,99790.21,154967.83,131432.53,113529.36,1453522.33,19974.06,16510.53,125221.55,215027.10,149.20,1291849.24,4201097.51,33417.01,683718.00,455524.62,41560.70,59188.40
Scenario 1,150,1,Fake Positive News,150,TRADING,154227.60,1464324.23,158465.07,265644.93,542159.93,474759.49,236172.28,505310.92,702300.66,922888.90,467400.44,297590.59,1608117.09,21542.41,470183.92,43587.20,314107.89,477949.93,210629.33,47350.56,127171.35,487912.99,366986.28,420908.16,98899.35,117922.11,142525.57,187796.68,104875.16,157942.35,128725.23,131435.25,148818.48,99723.85,154978.50,131348.71,113576.74,1455143.03,19979.48,16424.90,124968.32,215659.04,148.71,1291197.04,4199004.74,33391.93,683945.79,454720.62,41600.22,59387.91
Scenario 1,151,1,Fake Positive News,151,TRADING,154227.60,1464324.23,158465.07,265644.93,542159.93,474759.49,236172.28,505310.92,702300.66,922888.90,467400.44,297590.59,1608117.09,21542.41,470183.92,43587.20,314107.89,477949.93,210629.33,47350.56,127171.35,487912.99,366986.28,420908.16,98899.35,117922.11,142525.57,187796.68,104875.16,157942.35,128725.23,131435.25,148818.48,99723.85,154978.50,131348.71,113576.74,1455143.03,19979.48,16424.90,124968.32,215659.04,148.71,1291197.04,4199004.74,33391.93,683945.79,454720.62,41600.22,59387.91
Scenario 1,152,1,Fake Positive News,152,TRADING,154057.04,1465670.54,158575.50,265591.83,542816.37,474562.81,237031.89,507984.83,702223.29,919842.61,467735.50,296618.20,1609184.56,21442.96,474595.53,43589.34,314522.06,478019.70,210963.35,47333.39,125753.32,487735.71,367017.16,420627.33,98770.49,117786.26,142012.90,186983.69,105098.15,157267.25,128796.31,131451.66,148750.97,99940.05,155019.57,130881.52,113761.15,1454568.52,19966.48,16290.99,124931.00,216318.79,147.68,1288543.33,4190610.42,33358.98,684748.62,455098.68,41593.51,59579.64
Scenario 1,153,1,Fake Positive News,153,TRADING,153891.25,1466789.84,158683.74,265384.94,543411.80,474873.61,237141.23,509727.24,703388.91,918471.96,468520.75,296015.33,1606431.71,21377.71,476892.93,43546.09,315152.29,478251.91,210642.75,47332.83,125044.64,487684.06,368873.84,420864.61,98886.69,117576.98,141959.36,186690.64,105309.38,157307.44,128795.38,131738.58,148836.35,100053.06,155063.87,131300.05,113664.48,1456964.15,19924.22,16299.17,124933.57,216406.58,147.94,1286318.09,4210398.34,33363.20,685813.38,454266.30,41496.27,59637.26
Scenario 1,154,1,Fake Positive News,154,TRADING,154008.02,1463015.36,158947.47,265669.73,542663.58,474521.33,237879.66,510495.13,703849.40,919284.69,468906.83,296028.89,1606052.38,21343.37,479967.40,43584.47,314942.44,478614.91,210427.50,47330.94,124557.44,484875.22,368719.52,421273.68,98889.87,117588.93,141947.79,186639.37,105067.85,156970.59,128757.62,131878.02,149023.93,100191.91,154853.08,131548.35,113698.64,1456904.27,19944.74,16217.31,124838.27,216165.29,147.09,1283977.70,4206782.84,33372.57,685307.64,454937.16,41562.81,59885.08
Scenario 1,155,1,Fake Positive News,155,TRADING,153897.03,1466465.60,158599.78,265810.24,542677.56,474024.40,238498.68,511478.22,703759.07,922187.99,467588.01,295838.35,1608121.97,21301.97,482315.72,43594.30,315464.72,479418.93,209860.30,47351.36,124144.27,484682.65,368252.04,421464.32,98952.63,117624.08,141983.89,186406.09,105368.75,156839.01,128658.16,131843.58,149188.19,100250.09,154675.64,131810.65,113740.24,1457295.19,19956.34,16196.85,125425.53,215932.53,147.47,1282022.79,4198818.15,33355.67,685543.09,454650.71,41437.96,60287.46
Scenario 1,156,1,Fake Positive News,156,TRADING,153795.26,1469476.87,158279.43,265192.41,542204.04,473900.11,238554.62,510897.29,704105.16,922350.03,466912.40,296601.45,1611129.35,21273.44,483182.47,43628.83,315605.31,480097.12,209915.22,47374.26,124495.41,484428.07,367859.75,421246.55,98875.64,117595.48,141406.09,186186.25,105331.39,157028.72,128817.17,132112.16,149654.86,100351.91,154456.43,132083.74,113734.52,1456861.68,19929.95,16120.50,124872.61,215679.34,148.60,1283152.46,4203568.94,33346.62,685107.73,454357.93,41508.18,60625.12
Scenario 1,157,1,Fake Positive News,157,TRADING,153813.53,1469754.59,158791.41,265165.93,542260.45,473897.16,238918.68,511675.19,703527.07,921024.76,467897.12,296714.08,1609830.31,21251.20,483035.82,43598.56,316443.08,480474.09,210028.14,47357.94,123887.67,484736.77,367018.58,420156.76,99005.90,117770.74,140880.10,186170.62,105446.50,157027.61,128943.53,132107.04,149928.24,100599.22,154190.68,132138.65,113802.91,1456620.98,19896.72,16108.03,125285.15,215418.04,147.67,1282260.27,4204723.32,33364.65,685856.02,455567.84,41574.50,60898.47
Scenario 1,158,1,Fake Positive News,158,TRADING,153728.23,1467414.68,158627.13,265548.62,542996.25,474273.02,239167.60,514512.51,701405.44,923396.28,467601.41,296608.94,1608214.65,21227.15,482768.80,43612.12,317324.36,480393.27,210270.34,47362.51,123135.89,483830.77,369319.49,420290.40,99074.77,117897.19,141348.70,185954.64,105492.95,156550.04,128960.11,132305.54,150000.48,100714.36,154016.39,132090.80,113815.78,1457107.55,19908.61,16118.94,125353.27,215344.94,147.82,1283370.26,4196134.14,33370.23,685599.35,456202.57,41595.47,61108.43
Scenario 1,159,1,Fake Positive News,159,TRADING,153914.73,1465089.50,158831.54,265715.53,543621.21,474970.65,239235.35,514858.98,701112.51,923977.62,467592.50,296740.74,1608938.73,21183.73,480879.38,43633.23,317351.26,479977.61,210127.28,47365.55,123456.11,483320.37,369337.68,420629.63,99035.40,117784.71,141605.83,185801.67,105425.60,156515.90,128969.48,132402.01,149941.53,100989.40,153867.59,132263.94,114000.94,1455912.75,19908.32,16138.09,125550.21,215247.91,147.61,1283909.74,4200147.91,33384.37,685867.56,456386.70,41581.78,61186.07
Scenario 1,160,1,Fake Positive News,160,TRADING,153932.07,1467084.59,158627.43,266160.85,543796.37,475211.60,239362.75,515688.73,704071.64,924311.12,467527.59,297528.86,1608573.66,21164.12,479880.40,43624.18,318514.30,479837.09,209903.74,47367.11,123049.26,483813.74,370676.02,421499.53,99084.99,117651.18,141674.29,185570.21,105470.88,156225.13,128952.51,132425.48,150106.13,101179.78,153587.83,132229.51,114160.00,1455756.69,19915.59,16112.82,125574.12,215525.46,147.44,1282686.61,4204612.40,33401.27,685724.84,456613.17,41623.77,61375.84
Scenario 1,161,1,Fake Positive News,161,TRADING,154106.99,1466523.23,159577.19,266388.31,544022.55,475111.23,239301.65,515404.10,703407.66,925334.00,468007.26,297355.92,1605976.15,21128.30,478080.73,43649.95,319001.76,480134.19,210376.03,47414.07,122674.53,484533.27,370289.19,420669.65,99217.52,117680.14,142432.97,185510.73,105630.95,156074.31,128857.57,132347.99,150207.14,101606.44,153210.24,132011.63,114322.58,1456835.14,19939.09,16111.96,125576.35,215317.69,147.42,1282647.81,4213252.51,33363.77,685813.97,456018.14,41588.30,61510.21
Scenario 1,162,1,Fake Positive News,162,TRADING,154124.34,1464127.08,159717.72,266227.71,544128.09,474868.86,239597.00,516371.60,703740.41,925318.68,467842.70,297992.31,1607898.15,21111.36,475773.87,43616.26,320088.38,480496.06,210256.66,47419.02,123080.84,485256.34,371406.42,421329.25,99215.56,117474.00,142418.66,185633.73,105466.75,156069.46,128993.50,132431.72,149960.94,101708.03,152903.65,132321.70,114621.62,1456193.18,19920.87,16090.17,124956.58,215469.37,147.22,1283554.17,4209453.34,33386.38,685490.83,455957.63,41607.90,61730.77
Scenario 1,163,1,Fake Positive News,163,TRADING,154114.57,1461499.43,159662.34,266600.01,543702.81,474614.44,239444.75,516308.33,704608.47,926491.15,468128.63,298795.67,1606002.40,21094.16,472681.12,43587.49,320866.44,479853.19,210486.61,47422.82,122327.24,485826.23,372362.21,421732.52,99234.07,117451.84,142009.09,185580.68,105733.73,156358.88,129176.52,132794.34,149916.97,102144.10,152477.25,132530.64,114736.14,1454696.54,19940.60,16110.45,124893.91,215977.41,147.60,1282218.66,4214811.45,33345.77,686400.01,455787.36,41677.00,61743.93
Scenario 1,164,1,Fake Positive News,164,TRADING,153958.97,1458542.05,159685.87,267043.29,543182.77,474837.34,239426.51,516960.60,704514.47,930231.15,468336.81,298730.68,1603920.72,21069.80,468166.49,43535.57,320649.85,480033.94,210777.73,47478.88,122101.60,484775.39,372213.74,421855.01,99217.26,117481.93,142436.56,185678.59,105718.70,156034.78,129449.84,132554.88,149684.57,102199.31,152096.13,132703.57,115013.55,1456449.63,19955.96,16055.64,124812.08,215945.51,148.07,1281681.53,4222816.61,33365.62,686066.24,455091.04,41664.68,61683.40
Scenario 1,165,1,Fake Positive News,165,TRADING,153806.92,1456893.86,159363.24,266433.76,542355.27,475110.47,239533.88,515612.14,703774.26,929561.02,468484.52,299370.44,1605646.71,21050.27,464095.66,43459.17,321943.60,480927.80,210980.66,47448.56,122063.35,483485.04,372238.17,420978.32,99276.91,117590.98,142082.88,185869.31,105572.69,156263.08,130015.15,132245.94,149838.43,102361.98,151787.91,132796.35,115395.57,1454482.82,19982.97,16016.85,124861.47,215867.42,147.95,1279071.57,4226764.08,33361.88,686307.79,453369.82,41740.27,61609.22
Scenario 1,166,1,Fake Positive News,166,TRADING,153778.93,1456622.41,159453.16,266652.46,543184.38,474649.20,239313.53,514597.73,704319.09,930661.77,468539.96,298324.78,1603112.82,21039.71,460516.51,43515.73,322824.44,480804.55,211151.12,47451.22,122541.95,482907.24,372909.37,420634.02,99182.55,117390.33,142051.95,185907.07,105121.13,155925.29,130491.61,132323.04,149714.63,102507.50,151402.44,133083.15,115781.32,1454377.38,20014.10,15986.95,124323.70,216307.54,148.21,1280319.91,4226289.65,33369.68,686070.19,453510.50,41810.34,61649.30
Scenario 1,167,1,Fake Positive News,167,TRADING,153802.14,1458884.43,159585.85,266404.11,542928.62,474691.12,239228.46,515465.36,704363.78,931181.91,468345.85,297223.71,1601768.51,21029.23,456394.10,43470.86,324790.49,480425.32,211011.97,47420.28,122762.47,482307.57,373668.34,420030.35,99203.35,117377.40,142057.43,186207.18,105114.92,155805.02,131146.38,132364.39,149856.41,102528.06,150985.73,133279.37,116195.63,1455628.49,20009.44,15991.78,123979.94,216941.60,148.12,1281269.19,4216104.93,33349.21,686771.99,453699.03,41833.11,61428.34
Scenario 1,168,1,Fake Positive News,168,TRADING,153904.96,1467974.77,159649.53,266364.04,542894.02,474758.47,239040.14,514892.40,704946.52,930354.20,468652.67,296732.91,1601710.55,21014.78,452563.36,43547.98,325419.13,480593.13,211427.13,47495.14,122789.19,484912.32,374044.46,419517.08,99176.52,117540.01,142685.08,186327.42,104839.23,156363.35,131920.34,132263.33,150041.72,102738.99,150685.38,133155.82,116705.04,1456734.53,20014.67,15939.57,123889.95,216648.78,148.23,1283589.51,4204633.78,33358.54,685383.82,454087.10,41911.40,61315.83
Scenario 1,169,1,Fake Positive News,169,TRADING,154230.17,1469928.32,159128.31,266419.76,543347.26,474576.31,239064.09,515678.57,704414.62,928589.56,468605.58,296884.87,1599109.13,21012.13,449719.99,43546.70,325355.17,480633.42,211668.83,47562.52,122864.25,483936.23,374584.81,419781.38,99134.09,117482.22,142636.06,186445.40,104850.49,155979.14,132638.81,132439.12,149811.51,103374.97,150502.05,133469.33,117250.54,1457489.65,20036.36,15906.05,123743.09,216423.14,147.70,1284197.35,4212644.73,33342.92,684683.09,453348.06,41910.68,61191.71
Scenario 1,170,1,Fake Positive News,170,TRADING,154171.93,1469609.23,159211.10,266802.82,542900.05,474239.63,238949.16,516424.48,705460.00,930831.99,468010.88,298028.75,1598114.49,21024.13,446798.90,43572.69,327072.05,479357.23,211805.96,47545.97,122971.63,482844.74,375053.82,419483.49,99096.42,117381.53,142309.10,186549.29,104833.05,155900.88,133375.48,132535.08,149965.58,103858.72,150254.52,133878.20,117807.23,1458475.37,20044.03,15820.55,123727.52,216828.90,148.34,1283087.59,4213006.00,33354.81,684441.40,452473.42,41916.74,60849.06
Scenario 1,171,1,Fake Positive News,171,TRADING,154222.85,1471066.27,159235.23,266373.00,543775.59,474186.01,238766.47,516811.24,705741.11,930595.96,468139.21,298289.85,1593781.30,21020.70,443968.79,43613.18,327495.58,479571.55,211583.33,47574.73,122975.52,482731.06,374517.12,419437.05,99048.48,117229.23,142026.18,186881.07,104969.88,155963.50,134091.46,132714.26,150200.86,104267.03,150154.44,133390.08,118392.38,1456479.78,20057.87,15780.17,123593.53,217039.53,147.92,1283364.28,4219101.81,33381.68,683588.40,452168.80,41917.33,60551.37
Scenario 1,172,1,Fake Positive News,172,TRADING,153966.30,1468921.61,159484.94,266441.43,544256.19,473546.62,238709.24,518653.95,706309.96,929432.82,468664.73,297964.66,1592630.69,21027.68,439832.71,43552.27,327904.96,479813.68,211752.25,47594.32,123737.25,481631.23,374825.95,419274.34,99019.50,117345.28,142035.06,187279.92,104943.06,156128.14,134524.46,132481.39,150272.35,104519.70,150156.40,133500.70,119102.50,1456618.30,20071.14,15754.38,123423.33,217497.12,148.03,1280694.87,4212293.67,33419.81,684046.41,452061.06,41890.02,60366.66
Scenario 1,173,1,Fake Positive News,173,TRADING,154036.66,1469164.22,159279.22,266769.41,544238.01,473404.12,238896.97,518850.27,705084.21,928021.19,468080.99,297460.13,1590141.66,21029.49,437840.12,43545.03,328718.06,479813.32,211716.96,47661.56,124106.06,482809.59,375061.96,420377.52,99030.71,117081.83,142121.81,187712.50,104932.59,156212.43,134641.81,132570.94,150614.21,104501.57,150082.64,133830.35,119863.78,1456132.57,20047.41,15794.29,123951.67,218449.19,147.25,1281433.71,4209436.94,33435.62,683906.56,451606.69,42072.24,60313.13
Scenario 1,174,1,Fake Positive News,174,TRADING,154089.26,1467192.95,159305.99,266190.06,543862.64,473377.11,239027.92,518711.14,705574.89,928982.97,467459.02,297413.46,1586933.57,21007.12,435904.14,43546.55,329310.29,478985.04,212227.64,47635.81,124304.04,481927.03,376480.61,421041.09,99019.45,117159.47,141584.74,187911.32,104899.18,155994.66,134617.54,132588.89,150565.52,104754.27,150161.51,133927.88,120337.19,1455617.79,20085.74,15711.09,123680.30,218518.78,147.49,1280415.53,4210319.88,33456.39,683763.42,451111.56,42135.55,60072.52
Scenario 1,175,1,Fake Positive News,175,TRADING,153680.39,1470720.35,158868.04,266518.88,544672.93,472459.35,239163.74,517933.56,704759.02,930410.56,467351.85,296872.35,1582796.39,20966.46,434544.85,43525.31,329505.93,478252.40,212200.87,47667.61,124663.03,480493.92,376461.85,421553.97,98933.47,116852.78,141354.45,188264.25,105067.82,156600.53,134190.24,132583.09,150701.33,104885.78,150274.71,134151.88,120929.49,1454459.02,20109.21,15700.21,123942.29,219196.51,147.51,1276653.80,4215923.13,33503.43,683669.41,450048.63,42159.93,59887.81
Scenario 1,176,1,Fake Positive News,176,TRADING,153680.08,1470245.57,158693.77,266284.53,544716.98,472079.56,239438.89,518691.41,705171.07,932443.86,467466.76,296294.50,1581940.79,20970.57,432908.05,43510.29,329921.64,477610.07,211925.00,47623.77,124873.10,480597.13,375182.43,421125.07,98911.66,116979.79,141924.89,188494.23,105004.98,156370.97,133601.69,132633.80,150512.30,104829.53,150294.71,134811.14,121576.40,1453974.42,20095.78,15683.38,123798.06,219961.88,147.78,1277459.41,4210639.47,33570.81,682113.59,449862.48,42154.67,59743.43
Scenario 1,177,1,Fake Positive News,177,TRADING,153488.15,1471986.30,158506.55,266710.85,545339.34,471321.97,239996.89,517613.71,704957.47,932185.37,467488.85,295629.84,1582756.98,20961.26,431393.20,43469.15,329832.81,477968.38,212088.81,47620.04,124926.55,481132.10,374026.10,420750.51,98904.69,116979.22,141553.51,188661.44,105150.56,155585.41,132809.46,132737.45,150445.51,105067.05,150268.63,135016.78,121871.47,1453118.52,20089.80,15636.49,124027.08,220638.34,147.99,1277312.60,4200021.76,33603.93,683860.11,449026.03,42267.05,59565.88
Scenario 1,178,1,Fake Positive News,178,TRADING,153514.66,1472237.69,159272.63,266570.32,545265.34,471391.89,240193.78,517499.05,703703.43,931045.60,466764.50,295515.38,1587324.35,20951.87,429679.85,43471.02,330618.18,476582.93,212165.14,47626.45,125688.11,482508.29,373027.68,421200.37,98902.10,117096.45,142098.85,188924.17,105105.52,155838.68,131967.04,132661.77,150621.49,105309.27,150198.01,134969.76,122255.08,1453159.39,20133.60,15579.97,123910.36,221300.98,148.30,1275521.87,4201249.44,33658.88,683486.33,448173.06,42215.97,59206.12
Scenario 1,179,1,Fake Positive News,179,TRADING,153338.52,1469947.08,159351.36,266399.78,544662.28,470833.81,240041.69,518175.75,702047.96,929939.93,466586.06,295515.06,1589770.16,20943.66,428408.76,43511.92,330366.46,476696.44,212162.84,47587.87,125714.90,482101.61,373118.37,421393.43,98918.81,116891.47,142371.31,189415.00,105010.77,156005.97,131254.59,132650.72,150477.19,105236.86,150243.41,134990.40,122449.14,1452944.89,20173.72,15533.68,123347.38,222038.93,148.61,1276430.06,4199053.90,33723.11,683126.48,446652.01,42194.23,58867.33
Scenario 1,180,1,Fake Positive News,180,TRADING,153263.27,1472854.88,159514.25,266259.61,545527.77,471094.05,240328.16,517343.63,700692.21,928412.71,467645.70,295630.83,1592359.20,20937.20,428900.87,43588.78,329598.06,477738.59,212449.91,47617.44,126088.80,482157.38,372418.50,421389.96,98944.59,117070.90,142483.89,189621.07,105056.66,156615.30,130502.44,132725.47,150456.36,105479.37,150245.43,134646.50,122449.84,1454478.40,20154.09,15437.00,123603.21,223445.63,148.67,1277154.67,4196407.72,33755.61,683287.91,446068.52,42283.73,58566.69
Scenario 1,181,1,Fake Positive News,181,TRADING,153153.79,1473285.08,159911.39,265861.38,545706.48,471453.95,239645.16,517757.08,700661.38,928186.87,468122.00,295578.45,1596298.58,20917.85,427855.41,43573.30,328993.89,477521.56,212520.11,47615.22,126409.53,482011.43,372848.75,420946.15,98901.23,116955.72,141972.11,189702.54,105074.90,157071.35,129979.83,132839.87,150196.28,105428.46,150561.42,134870.24,122380.44,1454250.57,20113.50,15431.57,123731.55,224752.87,148.77,1277935.60,4193607.69,33825.01,683662.97,445642.90,42297.85,58323.26
Scenario 1,182,1,Fake Positive News,182,TRADING,152895.44,1474966.78,159694.25,266182.07,545120.31,471244.33,240131.04,518397.08,699794.68,926887.43,467801.92,295541.77,1598404.14,20924.46,427509.46,43593.12,328375.31,477130.48,212643.63,47611.10,126391.70,481996.82,371908.46,420875.26,98900.22,116725.24,142470.41,189805.59,105086.66,156742.53,129717.84,132795.69,150241.52,105503.62,150866.33,134916.89,122095.46,1453778.53,20103.57,15378.73,124374.22,225825.73,149.19,1279827.31,4193219.49,33912.98,683604.65,444947.87,42283.75,58225.20
Scenario 1,183,1,Fake Positive News,183,TRADING,153005.20,1478284.40,159851.95,266733.36,544999.93,471196.82,239951.29,518443.36,700474.75,927489.28,467604.42,295622.74,1602386.11,20900.20,428459.00,43598.78,327784.35,476551.51,212121.10,47542.77,125318.06,480378.01,371323.85,420861.20,98943.56,116819.02,142771.36,189815.93,105188.84,156845.17,129583.05,133185.31,150338.26,105312.55,151011.46,134969.73,121880.82,1451752.39,20106.79,15274.49,124622.09,226661.22,149.41,1281576.21,4188566.21,34039.63,682692.55,444394.23,42333.67,57943.38
Scenario 1,184,1,Fake Positive News,184,TRADING,152924.19,1473778.13,160088.79,266692.64,545767.49,471213.59,239966.03,518615.37,700341.26,929942.86,467574.01,294682.39,1605648.25,20890.73,427446.30,43570.55,328158.46,476631.98,212455.50,47504.10,125055.38,480429.24,371262.03,421141.48,98940.51,116967.41,142764.07,189837.05,105283.69,157017.67,129508.11,133465.42,150557.65,105135.82,151073.40,134893.28,121440.20,1451812.93,20133.95,15224.02,124825.18,228214.17,149.18,1280314.14,4195177.36,34181.10,682849.68,445081.03,42329.42,57649.55
Scenario 1,185,1,Fake Positive News,185,TRADING,152674.05,1474790.86,160498.71,266499.79,545975.10,470585.14,240411.43,520089.14,699580.21,927797.94,468007.63,294896.88,1604850.13,20884.14,428402.00,43523.27,326704.15,476030.33,213175.24,47516.86,125214.28,480133.64,371826.41,421359.45,98854.91,116934.39,143135.14,189891.13,105318.83,156996.04,129366.19,133600.68,150399.18,104975.37,151177.81,134466.05,120964.85,1452114.62,20148.73,15161.90,124519.83,229537.91,149.47,1278791.66,4193221.34,34357.28,682607.64,445470.02,42392.09,57541.83
Scenario 1,186,1,Fake Positive News,186,TRADING,152582.24,1475773.63,160441.39,266578.71,546977.76,470911.98,240489.06,521707.41,700900.47,927357.05,467804.58,295083.59,1606706.13,20911.79,426435.60,43527.21,325836.44,477557.87,213529.69,47560.53,125697.01,480797.65,372630.43,421241.09,98844.84,117014.06,143238.77,189833.38,105508.29,156762.46,129336.94,133880.55,150504.04,104958.34,151638.06,134174.45,120408.72,1448496.03,20120.89,15155.35,124420.53,231161.83,149.54,1279573.77,4209984.57,34515.15,681624.10,445027.96,42447.00,57246.84
Scenario 1,187,1,Fake Positive News,187,TRADING,152370.06,1476771.34,160741.64,267123.49,547557.92,470332.26,240431.44,522336.04,700669.89,929613.14,467491.88,295517.58,1604928.95,20909.24,426367.01,43547.72,325258.62,477072.20,213498.65,47573.18,125723.59,480297.24,371960.71,420794.98,98721.67,117071.20,143396.52,189837.30,105424.36,156576.21,129265.83,134202.61,150557.76,104703.54,151830.00,134124.83,119681.32,1448082.29,20154.22,15127.37,124614.78,233114.53,149.10,1282170.91,4215430.83,34706.02,681722.46,445382.41,42389.81,56835.39
Scenario 1,188,1,Fake Positive News,188,TRADING,152022.94,1479662.70,160764.94,267004.52,546702.66,470114.32,240989.08,523310.08,702259.72,931095.56,467637.17,295188.68,1607416.26,20901.30,426902.43,43487.57,323798.08,478391.59,213501.52,47600.63,125123.77,481110.75,372456.84,420798.65,98821.79,117167.19,143500.81,189976.09,105431.70,157274.31,129314.19,134404.83,150553.08,104829.53,152006.52,134135.67,118996.50,1449975.97,20151.03,15135.01,124943.17,234053.57,148.62,1278221.50,4216364.39,34894.66,682662.60,444736.78,42390.50,56658.91
Scenario 1,189,1,Fake Positive News,189,TRADING,152075.17,1480512.91,161108.27,267144.05,547628.12,471436.76,241358.57,523410.98,705401.72,931897.67,466860.36,295455.32,1606558.21,20915.59,426233.80,43504.57,323588.99,478485.87,213309.43,47617.10,125434.74,479891.24,373350.02,420660.84,98884.62,117363.85,143736.56,189866.45,105454.22,157682.94,129303.69,134522.99,150528.81,104509.91,152431.76,133755.56,118306.73,1448511.32,20141.99,15158.24,124713.70,235681.64,148.97,1279454.39,4226619.36,35083.55,681702.11,445463.55,42374.89,56457.52
Scenario 1,190,1,Fake Positive News,190,TRADING,151882.32,1483841.85,160876.31,267727.68,546549.89,472035.40,241510.33,523729.33,705576.79,932913.07,466211.13,295500.83,1606381.85,20914.56,426779.61,43441.26,322882.19,476826.88,213474.03,47613.46,125149.65,479539.88,374011.42,420899.30,98869.76,117251.15,143838.26,189959.34,105312.60,157681.59,129356.16,134753.27,150384.68,104235.26,152690.08,133728.25,117653.73,1449862.50,20144.56,15147.77,124654.97,236962.90,149.49,1278691.83,4223744.68,35353.85,682942.77,445785.90,42374.83,56339.89
Scenario 1,191,1,Fake Positive News,191,TRADING,151554.72,1488383.70,161507.96,267374.35,545859.80,472676.27,241728.86,523534.01,705744.79,931686.57,465783.89,295065.50,1607421.79,20913.30,425999.17,43464.26,323326.58,477260.45,213513.90,47624.10,125990.82,479358.07,374090.92,420593.32,98929.86,117209.04,143679.99,190152.91,105318.65,158176.87,129290.68,134707.72,150555.91,104089.55,153038.33,133195.52,117175.24,1450386.10,20178.34,15078.74,124862.51,238257.10,149.48,1276765.47,4221544.35,35596.66,683606.79,447429.86,42334.88,56307.15
Scenario 1,192,1,Fake Positive News,192,TRADING,151514.81,1489668.46,161021.81,267118.26,546195.17,472837.49,242282.51,525351.48,706604.44,931338.39,465522.58,295962.95,1608220.53,20901.72,426058.27,43359.71,322640.17,478567.22,213363.80,47570.17,125983.59,479961.23,374636.21,419972.07,98913.76,117131.28,143701.06,190148.75,105140.02,158850.91,129272.73,134499.97,150566.51,103950.88,153269.54,132567.96,116566.31,1449269.29,20109.48,15045.68,125095.50,239428.40,150.24,1273888.35,4218016.49,35872.67,682918.60,447689.42,42327.19,56078.32
Scenario 1,193,1,Fake Positive News,193,TRADING,151118.20,1491232.37,161173.11,267453.30,546526.62,472160.86,242198.02,526772.07,706258.86,930387.09,465697.26,295858.47,1608179.14,20904.52,425749.76,43295.60,321509.37,478383.04,213509.02,47568.13,125270.38,480139.09,375252.77,419664.35,99032.97,117320.03,143880.49,189946.67,105195.55,158832.46,129227.77,134386.30,150310.47,103705.64,153455.48,132427.73,116131.49,1450188.24,20138.32,15029.27,124578.91,240675.20,150.05,1275820.56,4208054.30,36122.50,682916.27,447948.44,42363.81,55852.14
Scenario 1,194,1,Fake Positive News,194,TRADING,150788.55,1493094.63,160895.48,267283.02,546067.33,473379.04,241646.97,528112.52,706689.70,932884.45,464920.52,296413.07,1607797.75,20903.50,425602.27,43238.70,320645.21,478170.05,213764.67,47665.69,125106.87,480982.03,375354.47,418988.48,98974.88,117215.31,144151.33,190028.82,105138.68,159255.19,129187.07,134379.45,150144.53,103881.04,153852.17,132325.15,115656.63,1450064.79,20181.00,14988.98,124312.62,242016.25,150.28,1274157.98,4214032.19,36386.67,682022.77,448028.07,42230.55,55681.07
Scenario 1,195,1,Fake Positive News,195,TRADING,150760.34,1497447.83,160936.81,267230.23,545320.49,474013.45,241182.48,529762.79,706961.38,934780.82,464686.25,296603.32,1607175.70,20904.19,426156.95,43207.69,320387.95,477048.05,213773.58,47637.43,124921.36,480500.35,375436.33,419853.24,98866.41,117307.47,144425.34,190070.45,104999.68,160180.64,129299.83,134382.04,150263.91,103815.66,154099.89,132236.89,115122.50,1449816.46,20150.37,14969.53,124271.12,242936.28,150.31,1274875.16,4209658.47,36662.35,682162.05,448738.53,42271.76,55418.44
Scenario 1,196,1,Fake Positive News,196,TRADING,150597.09,1500850.99,160788.13,267306.08,545009.80,475550.24,240587.99,529524.57,707408.07,938853.44,464838.17,296563.28,1604050.43,20905.08,425990.97,43137.27,320716.84,476180.90,213474.94,47559.05,124891.63,481242.36,376840.69,419593.96,98916.29,117121.89,144364.68,189912.59,104919.39,160653.93,129385.29,134498.94,150385.28,103537.06,154504.05,132623.92,114894.62,1450841.70,20143.75,14931.50,124275.02,243722.54,149.89,1274008.43,4205309.83,36921.47,682461.66,450254.54,42289.95,55089.14
Scenario 1,197,1,Fake Positive News,197,TRADING,150330.61,1500286.23,160658.94,267359.06,543809.85,476461.39,240290.85,528480.44,707531.97,938313.94,464930.13,296995.50,1601453.89,20904.11,425095.26,42975.24,320717.26,475247.82,213097.58,47568.29,124325.41,481158.96,377850.15,418629.00,99019.38,117058.46,143847.61,190111.66,104953.63,161197.88,129632.33,134386.19,150401.70,103488.51,154821.71,132931.14,114545.46,1449983.99,20142.45,14919.16,124420.57,244370.63,149.25,1275651.37,4208675.16,37170.68,681956.17,450968.56,42271.54,54908.49
Scenario 1,198,1,Fake Positive News,198,TRADING,150124.21,1499386.15,160347.82,267800.72,543965.51,477270.27,240923.30,527699.30,708095.11,943622.59,465481.60,297959.02,1599470.40,20896.95,425582.22,42878.48,319579.07,475266.08,213365.77,47531.15,124110.65,480656.29,378838.20,417653.14,99016.84,117242.28,143829.51,190096.57,105261.25,161689.77,129616.70,133940.44,150068.23,103291.66,155043.16,132508.59,114311.58,1448098.12,20174.50,14986.70,125128.53,244700.26,149.96,1274873.66,4195550.40,37395.31,682921.40,450931.66,42311.43,54785.39
Scenario 1,199,1,Fake Positive News,199,TRADING,149661.07,1501698.29,160341.57,267457.29,543840.34,478620.91,240815.84,528968.78,710753.78,943366.90,465019.12,298613.37,1597944.93,20901.07,425361.26,42750.09,319418.68,475354.93,213124.85,47506.65,123974.40,480347.81,379150.94,418371.26,99095.22,117085.37,143931.56,189864.11,105056.15,161660.32,129699.40,133967.59,150074.81,103019.09,155330.29,132340.49,114178.48,1449649.64,20197.74,14975.96,125435.12,245337.19,150.18,1275029.63,4199173.29,37606.96,683221.54,451107.73,42243.42,54863.88
Scenario 1,200,1,Fake Positive News,200,TRADING,149571.69,1501647.01,160814.02,267220.05,544452.69,480426.93,241085.92,529159.82,710480.00,938374.93,465039.21,298064.82,1597163.99,20892.83,425030.67,42649.29,319544.96,473886.84,212876.39,47475.36,124254.05,481361.51,380582.19,419334.66,99134.32,117131.63,143473.67,189572.36,105042.05,162181.04,129678.64,133967.45,150159.26,102768.54,155438.22,132398.57,113974.71,1448756.34,20195.25,14964.51,125036.05,246010.65,149.94,1272969.11,4207181.70,37832.18,682820.20,451390.87,42247.39,54579.34
Scenario 1,201,1,Fake Positive News,201,TRADING,149239.87,1502220.55,160821.33,267400.62,543460.55,482130.98,241300.18,528903.73,709260.81,939492.22,465236.91,298947.27,1593619.18,20890.62,424967.28,42536.59,318948.37,473706.13,212765.56,47525.23,124294.96,479997.73,381971.08,419497.72,99207.34,117211.98,143250.84,189932.26,104672.21,162430.27,129682.79,133794.42,150389.26,102343.89,155615.00,131816.47,113920.57,1447906.62,20193.28,14947.33,125381.00,246467.92,150.12,1271178.22,4218655.48,38030.51,683227.06,451301.69,42189.25,54509.80
Scenario 1,202,1,Fake Positive News,202,TRADING,148918.68,1499740.59,160473.77,267435.93,542636.96,483987.52,241887.24,528688.98,710069.55,938704.44,464468.98,298343.85,1588048.34,20875.72,424875.19,42463.69,319126.99,471914.12,212672.87,47540.75,124134.34,480385.79,381076.10,419843.70,99332.65,117203.92,143270.59,189886.62,104798.46,162512.84,129821.73,133874.53,150483.97,102130.02,155861.84,131683.17,113840.15,1446616.30,20230.11,14993.30,125229.85,246945.00,150.68,1267887.05,4226638.45,38224.80,683837.27,451917.53,42122.58,54525.88
Scenario 1,203,1,Fake Positive News,203,TRADING,148662.90,1499549.08,160536.59,268114.50,541282.13,485990.25,241971.58,529422.44,711389.92,939544.22,463816.44,298615.30,1586992.87,20864.68,425466.88,42445.60,318915.08,471313.05,212800.07,47566.01,124479.15,479447.18,381699.39,420238.47,99336.12,117152.86,143562.96,189772.82,104814.44,162887.89,129805.88,133869.20,150486.41,101943.14,156108.91,131751.99,113704.87,1448122.19,20212.25,14996.59,124822.81,246827.65,151.56,1270116.84,4221360.88,38392.98,683341.64,451312.54,42160.09,54380.60
Scenario 1,204,1,Fake Positive News,204,TRADING,148265.30,1496966.77,160641.91,267765.45,542325.14,488356.41,241489.71,530944.02,709962.75,937227.57,463757.38,299286.32,1588971.85,20850.49,425654.61,42330.29,319620.40,472213.93,212956.38,47566.12,124298.18,478817.75,382297.27,420737.56,99376.38,117046.72,143339.78,189807.92,104961.71,162506.07,130057.15,133923.64,150406.36,101737.82,156345.51,131620.31,113747.00,1446796.70,20203.35,14996.33,125199.94,246401.36,151.51,1269853.11,4229856.67,38475.77,683348.45,451141.13,42077.87,54242.89
Scenario 1,205,1,Fake Positive News,205,TRADING,148013.08,1499606.99,161041.66,267561.04,543340.26,490465.27,241106.26,531646.68,710503.16,939813.11,463644.82,299612.87,1586973.89,20840.65,426580.32,42302.70,320405.45,471852.52,213369.82,47631.15,124739.83,479988.19,381566.17,420532.44,99322.35,117404.17,143475.27,189840.64,104875.72,162782.77,129875.21,133950.14,150619.13,101771.60,156292.65,131555.87,113768.41,1447023.61,20223.70,15012.67,124943.84,245738.81,152.07,1267732.91,4233933.92,38568.67,683077.57,451139.82,41974.52,54195.29
Scenario 1,206,1,Fake Positive News,206,TRADING,147687.11,1500361.19,161058.02,267985.57,543159.14,493285.63,241564.83,531601.42,710005.55,938499.75,463203.47,298990.02,1585736.83,20838.49,426871.79,42241.74,320403.83,471990.01,213287.68,47628.38,125042.29,480723.38,382192.92,421464.39,99374.10,117624.30,143681.23,189813.79,104982.37,162918.69,129652.97,133976.38,150739.91,101657.23,156559.57,131515.89,113669.00,1447363.54,20236.98,15024.59,125050.35,245351.28,152.50,1267890.89,4220851.99,38611.04,682707.49,451938.94,41983.73,54164.65
Scenario 1,207,1,Fake Positive News,207,TRADING,147696.51,1505162.16,161060.94,268422.49,544563.36,497345.11,241409.63,532210.07,709285.94,936733.08,463171.05,298438.41,1585786.06,20829.06,428315.52,42167.36,320642.57,471734.49,213700.64,47682.04,125033.04,480671.40,382210.48,421238.05,99359.87,117701.91,143623.64,189780.51,105002.84,162873.25,129576.38,134259.21,150764.93,101561.39,156649.52,131303.96,113670.21,1445727.90,20258.94,15076.48,125120.70,244935.13,152.98,1266017.09,4218435.61,38647.81,682538.50,452725.03,41926.89,54139.60
Scenario 1,208,1,Fake Positive News,208,TRADING,147486.31,1507320.74,161608.15,268395.98,545591.98,500572.54,241516.94,533117.60,711631.14,932993.33,462914.58,298104.95,1588064.85,20824.80,428290.95,42154.03,321158.81,470834.98,213840.96,47706.67,124807.08,480671.27,382789.87,421553.73,99221.72,117803.13,143847.95,190009.43,104885.84,163078.32,129609.20,134452.78,150775.31,101302.27,156668.72,131107.31,113691.61,1445866.62,20263.21,15088.97,124792.25,244055.29,152.31,1264862.19,4210780.46,38643.24,681527.04,452131.27,41997.91,54249.18
Scenario 1,209,1,Fake Positive News,209,TRADING,147150.63,1507616.30,161605.52,268855.10,545670.89,504310.39,241580.13,534573.43,711319.49,933320.47,462387.19,298027.36,1587960.70,20813.10,428582.55,42156.98,321837.57,472096.90,213671.06,47690.71,124878.39,480480.53,382059.56,422026.15,99176.72,118046.17,144153.38,190069.36,104541.26,163050.07,129626.03,134428.70,150722.49,101229.93,156758.99,131000.93,113637.48,1445561.39,20266.55,15160.30,124846.63,243044.40,152.19,1262046.49,4211236.68,38588.47,681581.69,451885.11,41921.00,54254.92
Scenario 1,210,1,Fake Positive News,210,TRADING,147124.45,1506783.19,161642.08,268750.94,545401.70,507811.73,241874.95,536189.68,711367.53,933668.75,463050.07,298065.59,1583243.42,20826.97,429378.66,42129.91,322530.67,470848.10,214121.65,47656.62,124333.14,480523.54,381513.91,422427.77,99219.75,118089.44,144300.43,189996.27,104755.10,163005.45,129629.68,134680.21,150734.82,101374.77,157036.97,130947.20,113516.23,1446493.03,20285.47,15192.69,125082.24,241980.78,153.06,1260381.22,4209763.43,38502.28,681487.44,451693.26,41920.34,54313.59
Scenario 1,211,1,Fake Positive News,211,TRADING,147029.97,1508670.39,160562.01,268553.01,545813.61,511647.00,241888.03,537848.70,712658.46,937177.55,462869.01,298172.78,1585976.99,20822.15,428723.76,42116.03,322842.37,471032.00,214168.59,47698.34,124212.55,480415.48,382926.80,422494.66,99240.99,117868.25,144777.59,189769.68,104830.96,162361.17,129870.75,134747.60,150614.39,101467.91,157094.22,130739.47,113552.59,1447610.71,20315.49,15247.02,125464.46,240927.46,153.20,1259355.35,4212765.04,38395.59,681287.13,452196.32,41938.22,54119.01
Scenario 1,212,1,Fake Positive News,212,TRADING,146896.00,1509992.26,161002.85,268312.19,546185.63,515010.30,241319.40,539691.08,713321.25,930735.21,462835.59,298932.48,1589165.37,20834.73,428784.28,42148.32,323189.18,471211.25,214545.16,47683.72,123994.59,480067.48,382935.90,422382.38,99160.48,117670.37,144485.30,189764.23,104802.85,162404.27,129822.37,135011.26,150576.18,101697.42,157293.51,130476.47,113675.30,1447894.57,20329.46,15180.34,126077.83,239913.93,153.17,1259943.54,4214375.86,38234.68,682204.27,451915.27,41931.93,54468.68
Scenario 1,213,1,Fake Positive News,213,TRADING,146923.23,1509943.41,161601.97,268460.94,546862.59,518573.33,241117.40,541015.11,711951.09,927117.46,462389.93,300061.97,1589601.80,20841.68,429139.90,42165.43,323610.20,471138.58,214256.88,47686.88,124352.65,479461.46,381848.63,422266.81,99172.02,118000.27,144310.85,189894.42,104826.40,162466.68,129978.10,135440.47,150100.19,101733.54,157595.08,130491.72,113689.36,1447483.50,20333.79,15214.91,125856.05,238284.41,153.49,1258430.12,4214778.22,38099.04,684077.70,451648.24,41927.70,54449.60
Scenario 1,214,1,Fake Positive News,214,TRADING,147166.13,1508041.21,161705.61,267901.57,547210.40,521224.26,240772.71,542363.01,712756.93,926340.75,462775.46,299898.75,1592602.39,20840.71,429166.99,42269.89,324523.97,471037.06,213907.12,47682.03,124141.50,480164.71,381112.06,422414.71,99345.94,117938.45,144709.61,190064.09,104710.28,161622.64,130040.50,135721.00,150065.20,101660.22,157588.74,130596.68,113650.85,1447016.98,20308.35,15237.40,125536.26,237143.62,152.95,1257402.25,4205955.48,37936.21,684998.60,452549.64,41932.28,54567.95
Scenario 1,215,1,Fake Positive News,215,TRADING,147339.68,1509754.56,161981.56,268202.28,547395.68,523090.19,240486.87,543865.20,712824.59,927981.03,463319.75,300312.34,1594023.05,20841.35,428970.70,42304.43,324835.24,470693.06,213939.93,47661.53,124518.21,480690.25,380866.83,421419.12,99445.17,118182.10,145180.10,190014.68,104643.16,161403.71,129945.18,135753.02,149783.13,101740.40,157633.29,130372.34,113642.25,1450656.51,20317.50,15231.68,125574.54,235903.05,153.03,1259037.87,4206754.13,37751.99,686157.86,451884.78,41937.46,54738.03
Scenario 1,216,1,Fake Positive News,216,TRADING,147287.27,1510363.59,162108.25,268186.64,547378.78,525268.17,239903.72,545456.74,712348.13,929434.51,463167.97,300623.27,1600220.23,20856.61,429722.93,42460.12,325775.87,470540.70,214268.22,47647.25,123780.18,478888.15,379769.74,421691.26,99379.25,118328.83,145710.90,189971.07,104758.12,161370.98,130022.72,135910.87,149620.21,101836.13,157839.76,130192.41,113666.57,1452065.58,20300.16,15263.08,125486.86,234765.99,152.87,1260873.67,4203708.21,37521.53,685114.32,453420.21,41917.71,54714.78
Scenario 1,217,1,Fake Positive News,217,TRADING,147609.09,1508139.79,162270.47,267946.77,547285.31,526084.57,239964.61,546102.50,712248.39,931066.53,464020.45,300974.97,1601328.92,20838.51,429360.89,42557.03,327292.67,470721.79,213957.35,47628.29,124011.93,481021.03,379907.92,421367.74,99285.33,118194.64,145993.89,190211.62,104558.94,160815.36,130055.47,135996.18,149995.81,101810.32,157919.70,130290.67,113760.21,1450882.67,20295.00,15343.76,125307.10,233309.36,152.14,1259374.85,4195254.12,37305.13,684010.47,452752.95,42035.35,55079.80
Scenario 1,218,1,Fake Positive News,218,TRADING,148126.36,1505239.06,163071.47,267694.56,548353.05,526579.58,240045.46,549003.86,712783.87,932564.08,464302.46,300806.00,1604295.14,20834.44,431018.26,42679.74,328111.10,471768.40,213982.57,47586.91,123875.11,481191.67,379622.37,421243.69,99195.91,118061.44,146345.70,190345.45,104275.21,160621.34,129964.70,136223.01,149708.84,101905.73,157958.01,130124.90,113795.61,1451356.04,20297.89,15358.31,124766.80,232369.36,152.47,1260597.82,4195880.16,37072.86,685943.92,452412.60,42046.66,55199.01
Scenario 1,219,1,Fake Positive News,219,TRADING,148265.39,1503539.64,163214.71,268145.08,548221.99,526914.81,239706.88,549365.87,712198.12,932495.63,464180.28,299964.76,1605270.63,20828.57,431409.34,42766.00,328225.92,472850.20,213985.88,47601.02,123938.95,481345.13,379814.67,421296.65,99232.58,117910.69,146443.95,190373.78,104027.24,160526.79,129903.16,136422.81,149638.60,101744.13,158207.20,130408.87,113809.84,1452117.76,20281.56,15422.62,124567.15,230689.95,151.84,1259878.29,4190335.76,36843.10,686350.75,452505.11,42125.33,55227.10
Scenario 1,220,1,Fake Positive News,220,TRADING,148599.33,1505451.59,163005.19,267872.71,548784.40,526112.83,240278.31,552383.71,711234.66,930652.51,464493.18,300287.28,1608807.77,20829.27,432719.49,42845.16,328132.76,472923.64,214306.52,47571.44,123746.21,479775.52,381585.14,421438.52,99288.30,118225.80,146086.88,190037.91,103848.73,159709.53,129984.35,136550.49,149582.85,101914.92,158264.50,130778.14,113744.97,1454563.31,20308.69,15452.67,124971.65,229206.18,151.49,1264292.49,4190826.31,36576.59,686563.98,452068.00,42097.23,55233.59
Scenario 1,221,1,Fake Positive News,221,TRADING,148858.91,1509277.11,163457.83,267991.86,550177.33,525302.41,240274.51,554017.06,712426.49,930175.94,464214.74,300396.18,1610956.75,20806.27,432856.53,42967.57,329234.33,474012.00,214430.66,47530.30,123987.29,479854.37,380045.66,421292.45,99193.87,118281.74,145927.94,189856.02,103679.08,159341.17,129929.68,136663.62,149756.87,102356.51,158357.04,130623.14,113850.47,1453511.55,20352.32,15488.51,124883.33,227974.60,151.94,1266264.95,4198347.03,36388.94,687879.11,450969.98,42229.26,55326.35
Scenario 1,222,1,Fake Positive News,222,TRADING,149237.91,1509373.29,163946.97,267772.57,550042.87,523501.14,240752.48,555224.05,712666.85,929875.75,463973.69,300895.92,1614217.86,20835.85,432867.24,43040.63,329394.18,474336.02,214376.60,47545.25,123340.68,480800.59,380073.15,420042.83,99257.67,118320.76,146061.97,189951.79,103810.58,159400.13,129914.81,136992.00,149538.31,102619.58,158394.52,130316.44,113917.22,1451132.10,20320.89,15561.48,124800.53,226411.74,152.04,1265602.84,4200660.98,36201.77,688852.90,450970.62,42330.48,55646.96
Scenario 1,223,1,Fake Positive News,223,TRADING,149630.29,1505542.27,163914.17,267732.44,550016.42,522153.65,240658.37,554910.56,711325.56,927917.32,464428.65,301340.29,1614624.15,20833.03,432517.62,43079.83,329175.19,475724.13,214256.07,47589.94,123281.33,481482.72,378940.31,419446.28,99271.19,118096.70,146234.99,190003.89,103912.31,159282.91,129824.45,137213.23,149281.23,102694.09,158574.02,130522.02,113938.57,1450340.06,20320.81,15574.20,124503.15,225609.55,152.67,1268588.33,4206226.42,35990.68,689614.04,451514.05,42301.80,55502.58
Scenario 1,224,1,Fake Positive News,224,TRADING,149811.09,1507417.33,163973.39,268057.77,550110.27,520213.78,240597.63,554828.33,710537.38,929390.68,464634.73,302173.36,1615151.29,20842.50,431227.25,43103.16,329379.20,475865.38,214311.95,47575.46,123107.40,483762.74,379503.62,419645.67,99305.57,118123.06,146604.27,189682.59,103911.68,158861.29,129809.47,137214.95,149424.04,102687.52,158800.20,130652.00,113897.10,1451448.81,20319.94,15616.63,123888.56,224620.13,152.08,1269004.06,4208344.40,35769.00,691358.20,452002.66,42183.25,55376.48
Scenario 1,225,1,Fake Positive News,225,TRADING,150103.62,1510391.37,163646.50,268510.59,550957.61,518132.60,240893.32,554210.04,711009.41,930939.43,464541.78,302692.20,1617439.91,20824.38,431949.68,43175.16,328873.26,475448.63,214357.91,47590.33,122902.53,484152.48,379125.49,421027.79,99204.78,117924.11,146831.10,189932.04,104010.86,158466.03,129808.66,137295.21,149140.24,102974.48,159047.03,130292.04,113849.72,1451112.97,20326.77,15651.72,123795.85,223366.82,151.86,1269165.39,4203454.47,35609.90,691268.46,452043.53,42236.67,55480.57
Scenario 1,226,1,Fake Positive News,226,TRADING,150250.70,1507769.87,163782.82,268052.60,549811.94,515665.90,241221.41,553495.24,710956.28,933231.92,464417.53,302611.31,1621614.86,20809.63,432024.83,43226.82,327913.61,477372.11,214389.56,47567.89,123023.62,483574.24,379118.03,421239.89,99216.55,117600.43,146707.77,189910.78,104149.07,158153.24,129814.47,137503.60,149137.35,102991.40,159382.94,129941.47,113834.49,1449683.36,20344.76,15632.96,123614.60,222462.12,151.84,1269810.31,4199480.86,35420.51,693724.24,452770.12,42260.93,55616.01
Scenario 1,227,1,Fake Positive News,227,TRADING,150322.30,1508775.17,163935.54,268385.77,550028.68,512651.51,240978.97,551243.49,710743.17,932631.89,464627.08,302087.50,1620392.92,20813.08,432862.89,43231.79,327841.91,477649.57,214408.53,47579.56,122182.56,483454.78,378861.27,420507.89,99252.93,117352.68,147286.63,190087.24,104048.03,157745.94,129853.59,137648.71,149252.80,103277.03,159641.69,130220.50,113723.05,1449296.03,20347.10,15666.99,124111.19,221992.35,151.80,1270381.20,4194326.29,35239.04,695899.17,452320.62,42343.98,55662.10
Scenario 1,228,1,Fake Positive News,228,TRADING,150393.12,1513501.17,163709.64,268497.97,551124.82,509897.16,241240.10,550299.00,711686.38,930631.29,464646.26,301655.36,1622720.05,20797.35,431830.08,43236.37,326950.53,478687.34,214755.49,47569.75,122250.42,482801.76,377695.74,420780.65,99340.53,117282.33,147229.95,190075.05,104040.57,157770.08,129694.11,137578.89,149423.28,103020.29,159955.41,130298.69,113835.58,1448448.73,20354.52,15717.42,124234.90,221250.92,151.76,1270334.62,4194007.61,35116.55,698286.95,452456.87,42485.49,55488.96
Scenario 1,229,1,Fake Positive News,229,TRADING,150391.44,1516654.56,163656.31,268770.47,550526.51,507220.40,241294.77,548507.44,712807.37,931260.82,465192.54,302180.44,1622895.93,20820.15,431680.99,43250.74,325604.14,479695.28,214962.81,47594.16,122326.30,482219.39,375743.75,421326.44,99512.52,117451.13,146560.59,189914.56,104062.03,157391.51,129643.81,138056.80,149423.15,103325.77,160092.96,130014.17,113880.82,1448889.11,20386.32,15767.36,124320.57,220427.21,151.06,1270126.97,4178930.10,34974.77,700713.07,452950.80,42468.72,55589.49
Scenario 1,230,1,Fake Positive News,230,TRADING,150533.98,1517444.03,163054.61,268341.74,549377.70,504068.25,241295.60,545625.03,712366.30,934831.17,465656.26,302206.14,1624378.46,20818.07,431721.96,43326.74,324987.80,479461.81,215191.89,47614.44,122229.53,481332.84,376357.87,421327.40,99705.61,117609.91,146512.78,189806.12,103947.55,156794.03,129670.09,138316.32,149457.01,103249.51,160524.52,130066.54,113787.32,1449034.79,20409.22,15818.27,124494.76,219604.53,150.22,1269268.98,4174058.39,34897.68,703442.13,453158.77,42382.18,55751.77
Scenario 1,231,1,Fake Positive News,231,TRADING,150553.67,1518376.29,163151.62,268307.69,549304.24,500891.18,241401.07,541873.61,713133.36,934803.45,465199.04,301691.34,1629393.65,20822.68,432478.03,43322.88,323974.12,480567.53,214972.67,47684.64,121963.64,480064.75,376477.32,420548.88,99803.00,117411.10,146644.41,189981.65,103943.53,156818.20,129578.78,138490.73,149699.43,103412.76,160840.65,130141.68,113723.78,1447445.77,20438.58,15903.55,124511.46,218812.56,150.30,1269360.78,4169837.12,34824.23,708305.88,452596.18,42399.95,55796.37
Scenario 1,232,1,Fake Positive News,232,TRADING,150601.79,1517736.14,163160.53,268139.21,549311.33,497391.87,241152.33,539597.00,711772.70,936998.72,465615.85,302279.76,1634170.46,20818.65,431629.72,43368.79,323603.46,480120.69,214762.68,47688.81,122304.72,479650.64,375933.12,420912.57,99992.46,117452.97,146829.91,189971.35,104161.48,156883.84,129459.34,138816.49,149578.20,103494.91,161009.91,130046.47,113809.27,1447127.55,20463.10,15857.90,124191.07,218454.96,150.08,1269872.79,4169771.73,34799.63,712422.15,453310.43,42472.66,55524.32
Scenario 1,233,1,Fake Positive News,233,TRADING,150870.76,1516815.37,163470.40,268025.64,549703.87,494542.56,240976.79,537410.87,712562.64,935062.76,464928.72,301436.24,1635414.13,20823.28,430752.84,43326.17,322497.65,481228.48,215251.18,47695.00,122817.44,479180.76,376062.59,420565.64,100355.07,117522.16,146318.50,190100.14,104224.39,156774.72,129523.84,138937.88,149776.21,103576.38,161496.79,129819.35,113924.73,1445359.54,20445.04,15852.56,124186.26,217861.11,150.40,1269197.18,4158003.25,34801.94,714659.88,454206.21,42517.69,55592.36
Scenario 1,234,1,Fake Positive News,234,TRADING,150876.93,1514724.65,163830.31,268154.58,549770.70,490978.08,240586.89,534132.32,712462.07,936405.49,465003.96,302322.29,1636381.78,20808.31,430341.28,43358.36,322455.33,482279.94,214968.95,47645.54,122662.36,478054.83,376146.23,420656.00,100558.86,117445.36,146175.42,190264.70,104362.30,156312.49,129431.49,138664.15,149715.71,103916.60,161798.91,129455.36,114016.76,1443980.50,20441.26,15803.07,123934.56,217230.58,149.97,1269046.11,4173885.32,34782.35,719916.19,454514.57,42456.89,55714.96
Scenario 1,235,1,Fake Positive News,235,TRADING,150973.71,1516090.23,164022.13,267954.42,550205.42,487137.31,240833.28,531893.99,712405.09,939724.32,466061.44,303380.31,1637519.75,20820.96,430725.82,43350.10,322618.40,481298.15,214906.29,47700.48,122520.17,476420.01,376929.40,420632.23,100834.74,117301.90,146244.13,190260.53,104173.74,156766.65,129495.34,138586.19,149499.94,104120.65,162135.03,130077.53,114232.34,1442029.45,20431.42,15770.58,124393.09,216401.31,149.20,1269544.42,4176082.45,34773.11,724907.63,454196.24,42513.04,55785.61
Scenario 1,236,1,Fake Positive News,236,TRADING,151079.10,1519783.75,164001.54,268232.01,550666.18,484062.39,240652.76,528537.91,712350.00,938116.97,466106.74,303250.44,1639268.45,20814.18,429705.94,43361.52,322536.46,480513.30,215372.48,47706.13,122676.59,474282.90,376413.01,420691.69,101012.47,117195.87,146420.80,190420.51,104248.38,156184.51,129587.39,138778.76,149368.56,104204.27,162346.30,130243.56,114398.19,1441213.14,20393.70,15768.53,125139.39,216127.52,149.72,1271285.40,4178272.52,34797.20,729832.29,453765.94,42554.36,55817.10
Scenario 1,237,1,Fake Positive News,237,TRADING,150855.77,1520007.56,164484.95,268492.36,551398.77,481216.28,240364.62,526051.53,713345.88,937069.23,465754.50,303826.30,1640210.68,20818.52,430332.76,43382.87,321369.06,479522.24,215155.32,47723.42,122943.55,473012.44,376721.77,419803.84,101185.58,117659.18,146358.95,190749.16,104133.82,156081.59,129575.82,138632.51,149233.19,104471.04,162749.93,130400.64,114601.90,1440048.65,20414.26,15727.40,125092.56,215497.68,149.71,1272571.53,4186031.87,34760.04,735260.65,454139.24,42570.51,56101.49
Scenario 1,238,1,Fake Positive News,238,TRADING,151017.91,1519007.82,164425.62,268120.28,551017.32,478652.30,240873.49,523944.84,713907.90,938120.86,465451.96,303720.41,1642607.73,20801.23,430760.50,43385.29,320904.83,477969.06,215526.48,47749.65,122678.63,472568.05,377667.00,419310.37,101468.09,117566.78,146520.65,191032.02,103991.17,156137.13,129500.23,138630.30,149256.93,104325.95,163180.49,130665.54,114849.82,1440458.07,20403.82,15686.33,125320.51,215642.50,149.78,1272747.13,4174685.08,34788.53,739305.31,454702.44,42563.16,56080.15
Scenario 1,239,1,Fake Positive News,239,TRADING,151125.47,1521859.76,164686.76,267709.50,550643.96,475327.73,240948.47,521724.11,714423.31,937077.62,464961.56,303769.88,1644451.74,20810.79,430813.60,43391.76,319997.00,477214.32,215439.15,47792.94,122692.16,471325.63,378022.05,419319.78,101668.10,117416.64,146883.14,190781.11,103752.24,156015.42,129537.66,138542.18,149679.67,104422.20,163637.95,130699.75,115146.72,1440523.00,20374.75,15721.24,125259.01,215534.54,148.93,1272108.30,4180658.57,34846.01,741581.15,454688.50,42611.10,56104.85
Scenario 1,240,1,Fake Positive News,240,TRADING,151065.14,1522656.24,164934.21,267779.62,550938.92,472254.89,241038.72,520591.14,714800.86,933774.96,464914.45,303772.69,1645328.08,20807.73,430149.71,43417.53,319968.23,476797.79,215283.45,47784.28,122042.76,469692.37,378054.02,419117.65,101617.11,117424.09,146973.25,190650.10,103818.03,156334.23,129752.87,138400.92,149646.35,104484.12,163527.89,130711.14,115481.61,1440574.30,20363.96,15745.65,125331.48,214938.22,148.86,1270158.31,4183253.32,34860.66,741384.31,455028.28,42600.81,56052.28
Scenario 1,241,1,Fake Positive News,241,TRADING,151112.24,1521046.39,165188.55,267404.52,550253.66,469034.43,241189.79,519533.99,715295.22,934079.05,464886.77,304643.39,1645187.80,20803.86,431021.91,43431.95,319967.08,476596.58,215193.86,47772.97,122389.44,471129.92,378558.34,418777.77,101553.05,117359.77,146581.74,190755.46,103746.00,156095.03,129827.64,138056.38,149473.54,104271.01,163821.00,130835.27,115889.12,1441135.40,20324.03,15707.52,124905.28,214699.71,149.30,1267597.17,4192370.58,34922.42,741020.74,455652.54,42532.64,55899.47
Scenario 1,242,1,Fake Positive News,242,TRADING,150943.69,1519084.66,165056.39,267237.02,550252.89,466626.81,241196.38,518085.98,714906.88,935891.39,463205.62,304489.29,1643267.81,20815.50,430847.96,43419.27,320631.86,475659.68,215221.28,47786.40,123055.10,469788.07,379916.88,418871.41,101641.29,117287.76,146730.06,190664.89,103617.74,156314.22,129711.40,137856.74,149683.17,104494.59,164165.04,130821.58,116411.66,1440732.08,20285.91,15696.10,125216.54,214494.64,149.37,1269807.46,4179615.79,34999.45,739742.03,454897.71,42596.11,55718.69
Scenario 1,243,1,Fake Positive News,243,TRADING,151129.37,1518650.41,164706.79,267185.12,550413.05,464746.22,241421.20,515721.32,717074.15,937812.07,462500.41,304945.73,1642829.33,20801.52,430902.03,43375.68,320164.89,473340.03,214930.71,47875.24,122923.92,470153.43,379892.79,420062.67,101442.69,117336.37,146992.01,190701.31,103579.28,156243.90,129670.16,137564.72,149600.42,104669.53,164341.06,131004.31,116849.09,1441043.05,20334.34,15685.91,125234.52,214160.99,148.82,1267845.04,4179479.61,35088.20,734999.39,454754.66,42615.08,55568.53
Scenario 1,244,1,Fake Positive News,244,TRADING,151245.87,1521598.93,165063.53,267384.09,548938.71,462721.55,241330.47,515019.03,718423.58,937085.75,461719.54,305624.57,1643794.65,20801.29,430459.19,43402.72,320105.25,472257.19,214824.04,47857.05,122753.81,470154.50,380516.93,419452.19,101110.13,117482.04,147491.23,190821.37,103576.04,155926.42,129799.28,137548.35,149633.63,104722.07,164728.87,131069.87,117421.70,1442634.21,20318.73,15669.32,125698.22,214308.86,147.71,1269219.75,4183795.26,35178.61,729880.73,454238.95,42705.76,55469.98
Scenario 1,245,1,Fake Positive News,245,TRADING,151296.54,1522727.17,164603.00,267687.97,548944.06,460955.28,241328.50,512572.70,717119.41,931050.72,460404.78,305513.36,1642936.93,20805.38,432144.76,43424.71,318725.81,470293.45,214848.52,47840.77,123058.20,470561.85,379610.65,419758.97,100829.26,117605.73,146557.49,190638.50,103625.26,155641.87,129616.13,137113.14,149858.66,105019.25,164991.85,130997.63,118138.70,1443496.11,20317.07,15708.25,125240.79,214289.50,147.33,1270794.07,4174481.44,35237.47,725616.35,454200.16,42729.14,55447.62
Scenario 1,246,1,Fake Positive News,246,TRADING,151668.50,1520424.08,165017.88,267475.18,548944.46,459950.11,241386.37,511837.60,716330.92,929554.52,460166.65,305090.90,1640455.95,20795.39,433092.15,43435.34,318759.82,467869.02,214862.98,47870.80,122551.85,471496.15,379643.79,419613.43,100689.31,117659.88,146474.01,190577.40,103537.65,155503.12,129706.83,136824.92,149633.09,105180.62,165438.62,131076.92,118833.55,1446341.35,20303.17,15671.25,124847.12,213792.21,147.32,1271214.86,4187786.65,35335.81,718961.98,453701.71,42645.23,55685.67
Scenario 1,247,1,Fake Positive News,247,TRADING,151734.73,1521345.59,165253.70,267570.09,548962.08,459251.35,241440.23,511931.45,716831.50,929301.92,459251.51,304928.38,1640591.93,20805.45,433453.68,43432.84,318750.10,467134.93,214739.66,47824.24,122229.54,471239.61,378237.91,419451.91,100437.85,117767.63,146606.05,190617.53,103680.61,155516.50,129723.98,136932.91,149425.15,105304.87,165958.98,131107.65,119604.81,1445241.82,20288.88,15687.90,124438.58,213909.90,147.53,1271652.70,4196147.20,35463.12,712193.74,453837.04,42613.15,55580.80
Scenario 1,248,1,Fake Positive News,248,TRADING,151670.24,1522150.01,165824.83,267694.51,549507.86,458377.09,241957.65,512190.42,717203.24,929704.79,457855.00,303740.42,1640781.87,20788.57,433210.27,43442.60,318405.64,465507.29,214645.55,47814.56,122382.94,472039.76,379436.73,420143.81,100259.77,118123.31,146561.71,190622.40,103872.46,155203.49,129667.78,136976.37,149476.63,105430.17,166209.14,131443.51,120243.81,1446673.51,20267.41,15692.30,124362.05,213604.43,147.23,1273183.88,4193731.60,35569.11,706704.88,453307.64,42619.22,55456.06
Scenario 1,249,1,Fake Positive News,249,TRADING,151864.57,1521529.87,165785.81,267446.87,549542.20,457448.62,241969.21,512580.21,715868.66,927712.62,457305.33,303808.91,1640029.69,20777.09,433833.46,43477.45,318918.08,463584.06,214547.67,47832.02,122152.31,471967.16,379515.34,420049.99,100129.64,118300.98,146776.31,190371.17,103600.39,155367.80,129673.06,137012.90,149449.11,105280.47,166489.82,132298.01,120697.91,1447386.03,20306.61,15645.43,124883.22,213834.55,146.66,1272372.51,4186932.58,35633.93,701500.80,453197.06,42600.40,55640.23
Scenario 1,250,1,Fake Positive News,250,TRADING,151673.52,1517967.58,165488.99,267146.66,548476.01,456582.78,242543.59,513022.09,716541.25,926785.33,456608.43,304239.41,1641763.51,20760.77,435417.69,43496.01,319247.55,462369.92,214862.17,47816.75,121486.29,472443.20,380602.91,419673.56,100077.62,118641.00,147646.64,190243.16,103743.92,155348.59,129770.74,136991.45,149375.03,105207.84,166546.89,132318.38,120799.74,1445115.07,20307.83,15610.09,125386.53,213504.46,145.94,1272845.36,4186186.84,35743.47,698821.75,453570.31,42640.61,55456.29
Scenario 1,251,1,Fake Positive News,251,TRADING,151742.26,1518529.47,165661.34,267240.54,548322.04,455851.68,242448.45,511301.25,716105.59,927327.68,456347.30,303689.94,1640208.22,20764.47,436508.79,43649.86,318537.75,460495.67,214882.89,47783.93,121795.50,472157.31,381531.73,419181.34,99974.23,118703.65,147591.40,190264.66,103968.31,155066.84,129823.60,137066.09,149463.90,105375.90,166948.57,132139.04,120623.87,1446183.65,20298.53,15653.75,125801.69,213189.17,146.06,1275219.60,4193162.69,35824.73,695170.34,453967.34,42631.64,55443.81
Scenario 1,252,1,Fake Positive News,252,TRADING,151848.42,1518933.54,165601.72,267143.68,547453.01,455300.89,242242.68,512101.60,715475.79,927322.20,455862.20,303680.99,1643040.04,20762.42,437591.29,43669.60,318090.50,459176.98,215121.78,47841.42,122179.76,472464.21,380234.14,419662.11,99946.34,118931.35,147139.76,190485.02,103891.50,155188.88,129622.96,136884.46,149333.20,105196.05,167214.86,131941.73,120142.58,1446411.18,20345.74,15705.68,125768.54,212964.57,146.37,1276157.41,4195298.04,35889.11,691362.01,455282.04,42616.55,55472.22
Scenario 1,253,1,Fake Positive News,253,TRADING,151800.41,1515970.86,165380.84,267656.05,546906.49,454488.82,242597.79,511654.30,716436.72,929690.69,455173.42,304199.68,1641669.18,20744.01,440178.44,43652.86,318687.85,457616.12,214974.69,47827.80,122276.38,472184.48,380019.34,420351.04,99984.89,119122.29,147172.21,190443.84,103954.12,155268.37,129668.55,137152.93,149471.39,105074.59,167362.30,132037.93,119505.25,1447031.24,20332.48,15686.23,125158.39,212858.23,146.25,1276185.78,4210847.11,35962.94,688679.90,455276.29,42701.55,55430.33
Scenario 1,254,1,Fake Positive News,254,TRADING,151657.54,1515249.25,165221.52,267712.92,546776.23,454322.46,241769.30,511920.55,716947.47,927551.75,454974.29,304712.61,1641564.47,20741.41,442583.76,43574.76,318262.90,456410.84,214877.33,47792.98,122045.09,472076.18,379198.25,419743.49,100049.82,119201.56,146462.68,190559.03,103869.88,155412.45,129689.69,136886.11,149241.61,105033.31,167794.63,132565.93,118636.34,1446980.06,20313.29,15783.95,124471.28,213335.89,146.48,1273983.31,4210445.48,36021.46,688622.57,454740.87,42645.24,55354.82
Scenario 1,255,1,Fake Positive News,255,TRADING,151375.20,1512740.57,164668.53,268593.59,546937.29,454238.60,242050.96,512107.17,715743.58,927403.53,454377.99,304790.25,1643081.60,20750.19,445550.96,43680.54,318409.24,456569.21,215011.69,47804.39,122185.33,472697.72,379331.27,419783.61,100122.71,119227.61,146530.81,190613.83,103708.60,155360.96,129630.96,136678.02,149083.14,104945.50,167718.12,132745.91,117508.08,1444923.09,20298.26,15775.60,124322.58,213001.18,146.87,1275659.79,4220574.55,36111.47,688031.22,454098.89,42538.35,55298.66
Scenario 1,256,1,Fake Positive News,256,TRADING,151408.70,1515018.88,164721.09,268844.96,546447.26,453493.38,241800.13,511286.69,716510.53,929015.71,453875.26,304649.59,1641943.04,20738.06,447620.61,43618.62,317812.82,457097.82,214891.06,47788.14,122078.24,471409.64,379037.50,419584.87,100294.03,119305.96,146215.08,190531.75,103762.12,155149.40,129523.07,136529.30,149252.09,105062.93,167696.35,132446.66,116599.62,1443211.68,20307.91,15756.38,124098.43,212859.44,146.64,1274133.91,4215257.40,36146.78,688278.79,455122.41,42453.98,55244.37
Scenario 1,257,1,Fake Positive News,257,TRADING,151078.77,1515189.53,164402.23,268623.61,547239.50,453302.31,241821.54,511980.21,717167.67,929637.39,453578.68,305113.70,1643551.81,20734.18,451175.44,43594.18,318248.87,456153.72,214483.68,47795.21,122282.44,470870.10,379339.84,420834.72,100296.29,119536.63,146407.15,190542.75,103789.48,154829.51,129709.00,136342.98,149160.24,104862.04,167737.14,132473.19,115671.18,1444084.59,20296.30,15790.72,124012.07,213326.61,146.67,1272284.47,4217409.41,36173.23,688094.21,454713.36,42484.09,55114.47
Scenario 1,258,1,Fake Positive News,258,TRADING,150871.60,1514135.01,165053.14,268292.94,546046.01,452916.19,241735.14,511980.79,717130.89,931558.07,454348.40,304870.39,1642219.37,20716.68,455593.78,43631.38,318430.57,455090.09,214385.50,47820.05,122610.53,471197.23,378240.96,421295.62,100220.84,119687.29,146672.02,190524.03,103808.20,155363.68,129714.29,136301.33,149212.08,104927.40,167704.34,132817.07,115051.25,1444637.87,20285.66,15746.22,123213.21,213584.25,146.90,1271069.04,4208026.45,36237.94,687809.01,455630.44,42495.74,55037.12
Scenario 1,259,1,Fake Positive News,259,TRADING,150913.88,1511904.76,164934.54,268213.99,546227.59,452243.49,242016.11,511385.55,717396.89,927040.50,453871.50,305326.27,1639750.27,20712.31,459059.04,43625.18,318529.38,454820.87,214904.25,47866.14,122412.50,470958.48,378609.63,422398.76,100296.41,120124.62,146848.68,190685.77,103917.92,155573.38,129727.73,136314.84,149104.95,104968.57,167509.19,133338.89,114621.13,1445029.94,20308.70,15762.67,122849.19,213666.09,146.43,1271928.63,4209729.75,36257.42,688116.21,455385.93,42621.16,54999.19
Scenario 1,260,1,Fake Positive News,260,TRADING,150931.04,1511571.46,165139.32,267907.08,546092.89,452690.86,242222.38,511060.70,717641.65,927518.79,454247.11,304773.62,1641324.98,20703.48,464760.69,43590.04,318373.85,453752.35,214962.29,47840.10,123053.15,470943.54,379450.84,422439.10,100358.18,120386.69,146795.05,190593.91,103812.55,155897.47,129671.85,136430.74,148904.07,104845.24,167574.19,133430.36,114331.50,1445522.58,20322.15,15712.99,122698.78,214172.19,146.66,1271304.20,4207786.42,36309.87,687384.68,456437.71,42676.12,54850.76
Scenario 1,261,1,Fake Positive News,261,TRADING,151223.86,1515265.94,165432.24,268224.64,546525.66,452137.40,241974.75,510559.20,718098.90,928165.57,453813.97,305452.97,1640635.23,20696.52,469243.32,43569.97,317447.37,454193.64,215061.08,47889.52,122507.05,471539.40,379370.48,422105.78,100307.10,120631.63,146958.36,190388.83,103831.87,156350.38,129616.22,136149.04,148740.04,104820.41,167289.58,133446.70,114104.89,1446306.44,20360.66,15679.51,122662.10,214340.01,146.58,1269929.91,4207212.90,36355.81,687259.89,456183.97,42731.07,55127.85
Scenario 1,262,1,Fake Positive News,262,TRADING,151488.86,1510655.39,165636.78,268153.86,546210.48,452206.79,242169.46,511841.64,716887.57,927504.13,453805.64,306688.41,1639391.98,20691.38,474390.74,43596.98,317567.24,454524.61,215005.76,47900.23,122218.64,468992.35,379351.24,422808.58,100308.24,120785.49,147028.73,190552.35,103882.17,156435.59,129498.73,135980.66,148608.99,104948.15,167045.30,133770.53,113918.68,1445750.08,20346.41,15658.19,122560.05,214765.16,146.76,1268319.11,4201562.33,36438.30,685770.28,456594.71,42735.00,54996.17
Scenario 1,263,1,Fake Positive News,263,TRADING,151625.13,1514426.39,165273.55,268702.32,546065.49,451791.57,242120.76,512503.14,717397.37,927426.55,453378.98,307228.97,1639580.70,20702.93,477752.33,43567.04,317662.82,454258.64,214912.81,47922.72,122334.33,469249.21,380064.87,422274.06,100317.40,120842.37,146831.36,190635.27,103960.80,156319.13,129451.95,135965.79,148792.61,105074.11,166978.49,134159.17,113748.04,1443810.45,20318.10,15701.78,122690.15,214539.47,147.49,1270906.02,4195374.36,36485.05,686820.52,457755.36,42596.08,55045.06
Scenario 1,264,1,Fake Positive News,264,TRADING,151558.39,1515129.04,165363.79,270035.62,546007.85,451809.28,242157.47,512520.96,715802.76,928940.08,453982.85,306526.72,1640161.44,20670.90,480341.91,43433.53,317270.03,454706.65,215434.74,47876.29,122536.11,467787.57,380287.76,421216.06,100254.92,120761.10,146365.79,190533.64,104070.67,156308.77,129551.21,136001.36,148560.08,104835.99,166789.04,134249.86,113744.52,1444048.22,20308.85,15698.88,122558.49,214461.38,146.58,1269508.77,4190670.03,36535.64,687883.62,457040.15,42617.08,54818.28
Scenario 1,265,1,Fake Positive News,265,TRADING,151329.20,1513628.96,165697.31,270944.65,545437.80,451522.85,242017.65,514194.87,715848.06,929314.01,453582.80,306405.83,1638571.19,20669.70,481822.31,43393.35,317700.27,454946.19,215265.24,47928.68,121955.95,469935.87,380276.53,420944.99,100204.70,120783.65,146572.09,190452.38,103810.37,156339.26,129640.48,136163.16,148557.12,104694.67,166615.04,134317.25,113719.93,1442852.93,20328.10,15654.47,122573.07,213961.55,145.45,1269867.31,4194218.16,36576.39,687039.15,456808.55,42779.75,54856.54
Scenario 1,266,1,Fake Positive News,266,TRADING,151629.63,1514973.91,166076.90,271329.72,545361.31,450980.88,241840.88,513003.13,715427.50,928876.21,453520.91,306289.45,1640488.10,20664.74,483612.72,43333.49,317992.03,454235.79,215145.73,47943.55,122052.67,470702.91,380362.13,420780.80,100237.58,120510.37,146603.22,190452.84,103726.47,156392.20,129537.44,136396.28,148596.74,104505.50,166281.03,134240.84,113797.77,1444130.06,20328.01,15573.58,122211.01,214676.63,145.90,1271286.62,4202668.28,36632.73,686448.81,456571.14,42853.90,54738.87
Scenario 1,267,1,Fake Positive News,267,TRADING,151523.75,1516563.32,165662.76,271108.61,546675.33,451099.70,241490.39,515416.89,715450.28,930149.82,452974.79,306708.70,1639992.43,20675.92,483248.16,43350.50,318036.82,454483.30,215198.35,47927.92,122458.15,471130.43,380137.34,420398.53,100183.51,120308.29,146623.04,190383.63,103778.35,156685.79,129611.47,136287.98,148444.11,104574.85,166051.21,134213.00,113947.85,1443500.33,20322.95,15626.93,122667.56,214893.73,145.89,1268359.91,4200195.91,36638.36,685522.87,457114.19,42860.43,54788.83
Scenario 1,268,1,Fake Positive News,268,TRADING,151543.19,1519914.90,166318.10,271383.27,546334.81,451322.84,241596.48,514512.61,715025.17,933520.04,453591.37,306819.33,1641712.54,20677.01,483379.66,43325.29,317277.24,455150.45,214907.84,47966.96,122468.81,472348.32,379910.45,421054.15,100226.16,120543.89,146554.55,190244.12,104110.73,156590.55,129740.63,136393.45,148521.13,104434.12,165869.67,134236.82,113855.17,1440961.27,20307.80,15540.64,122764.61,214847.57,145.65,1267601.27,4192472.97,36656.31,685149.60,456652.24,42841.30,54716.28
Scenario 1,269,1,Fake Positive News,269,TRADING,151755.40,1521774.46,166215.17,271692.69,545798.61,451054.54,241426.63,515416.58,716106.59,933315.44,454652.54,306733.04,1641379.79,20693.57,480155.24,43280.09,316848.34,454610.46,214367.06,47919.12,122397.90,473121.61,381153.77,420327.73,100284.84,120544.49,146110.84,190239.14,104062.38,156331.98,129870.42,136533.78,148991.53,104259.43,165596.72,134698.32,113800.91,1442000.69,20294.74,15557.76,122679.71,215441.33,145.69,1270372.36,4185649.42,36657.25,686349.65,457728.01,42878.55,54707.44
Scenario 1,270,1,Fake Positive News,270,TRADING,151979.59,1518247.83,166237.30,271869.78,545677.61,450263.28,241331.15,515373.94,717393.15,933008.07,455797.71,306231.76,1640907.22,20661.17,476923.47,43215.77,317322.73,454959.30,214329.39,47945.12,122510.84,472913.54,378437.02,419909.74,100296.75,120849.18,145941.93,190293.42,104094.54,156325.48,129831.76,136333.09,148732.13,103764.73,165363.20,133675.14,113709.32,1441565.21,20252.50,15597.91,123536.61,214965.76,146.09,1268531.96,4200154.40,36644.89,686063.18,458829.91,42882.97,54896.70
Scenario 1,271,1,Fake Positive News,271,TRADING,151715.69,1519687.40,166047.93,272020.84,544928.20,450411.56,241059.34,515514.34,718466.79,938654.46,456177.90,306446.80,1643474.86,20640.33,472941.81,43244.35,317465.58,456280.99,214488.55,47951.12,123220.22,473367.69,377891.61,419430.01,100206.68,120508.52,146018.85,190096.11,104306.55,156114.66,129798.25,136183.53,148634.31,103448.42,164952.92,133970.09,113786.92,1442895.56,20290.55,15568.99,123368.22,214893.51,145.98,1269263.40,4205013.60,36628.86,685949.10,458199.86,42888.28,54825.79
Scenario 1,272,1,Fake Positive News,272,TRADING,151518.59,1521424.03,165732.98,271905.74,544448.45,449884.61,241436.33,516845.13,718396.17,936473.62,456432.85,306129.65,1642757.86,20629.50,469562.63,43217.34,316761.27,455928.59,214573.32,48011.55,122732.64,474072.58,377051.52,419803.50,100280.85,120265.01,146140.08,190294.21,104410.61,156037.64,129602.51,136368.47,148644.83,103103.66,164777.32,134196.43,113905.04,1444127.99,20289.78,15575.92,123143.25,215018.00,145.12,1268840.38,4208584.17,36595.46,685638.98,457978.54,42894.42,54742.29
Scenario 1,273,1,Fake Positive News,273,TRADING,151316.80,1519917.82,166110.22,271599.18,543804.45,449359.09,241752.88,515641.77,718783.02,932684.21,456964.12,306930.31,1641568.51,20640.49,466016.12,43186.16,317413.62,456206.92,214574.60,48037.40,122245.81,473958.04,376393.70,419821.56,100204.23,120024.57,146224.30,190176.70,104487.79,156446.20,129579.67,136337.84,148623.40,103123.84,164366.74,134066.62,113887.88,1443412.38,20296.86,15608.30,123237.29,214638.36,144.56,1272224.24,4206099.92,36559.74,685821.36,458485.99,43006.43,54611.27
Scenario 1,274,1,Fake Positive News,274,TRADING,151255.68,1518973.06,166202.21,271702.63,542950.42,449145.87,241384.22,514807.43,719788.34,937185.90,457782.36,306330.74,1641459.70,20648.73,462229.79,43102.75,317442.47,457424.52,214022.91,48009.68,122334.33,474800.24,376010.87,420449.93,100230.39,119759.65,146730.95,190035.38,104648.98,156177.52,129481.35,136599.14,148417.27,102537.94,163929.66,134070.75,113802.17,1441969.99,20282.59,15594.94,123082.95,214818.23,144.88,1272050.96,4211858.09,36513.35,685539.02,458710.57,43110.02,54529.59
Scenario 1,275,1,Fake Positive News,275,TRADING,151265.54,1520823.78,166075.83,270596.10,543102.77,449469.96,241992.71,514845.42,720867.77,935569.85,458294.55,306323.94,1641131.76,20663.27,458019.34,43058.45,318149.25,456686.27,213631.36,48028.01,122676.22,475312.05,374876.02,420966.24,100062.03,119579.37,146984.03,190082.72,104872.59,156091.71,129483.44,136510.85,148198.41,102183.16,163694.86,133920.97,113770.63,1442345.43,20275.22,15654.45,122925.16,215220.15,145.16,1271889.82,4209944.31,36458.11,685934.42,457247.16,43179.01,54602.96
Scenario 1,276,1,Fake Positive News,276,TRADING,151303.38,1520548.19,165573.45,270476.28,543701.80,449504.33,242210.55,514514.47,720845.51,935196.90,458278.68,306005.28,1641072.61,20657.05,454377.96,43052.02,318157.24,457098.27,213650.19,48071.87,122835.81,475001.67,375081.63,421246.20,100119.50,119394.05,146223.91,190321.67,104792.41,155767.35,129335.40,136500.65,148024.27,101966.20,163343.54,134355.58,113797.79,1441339.22,20258.33,15610.06,122986.70,214731.59,146.25,1273874.23,4198622.17,36410.45,685656.28,458182.11,43256.39,54616.53
Scenario 1,277,1,Fake Positive News,277,TRADING,151607.58,1520816.73,166140.94,270203.80,543480.61,449204.69,242696.10,514263.98,721340.29,936418.82,459035.99,305705.22,1639835.05,20628.85,451537.46,43081.32,317940.78,458830.03,213583.35,48091.05,122551.08,476169.56,374544.51,421365.55,100168.52,119141.34,146469.44,190471.58,104648.79,155771.16,129353.42,136074.47,148126.59,101848.79,163111.11,134663.46,113736.35,1441448.72,20275.95,15608.25,122482.86,214671.76,146.26,1277444.16,4194649.45,36325.49,685591.35,457615.78,43340.25,54500.93
Scenario 1,278,1,Fake Positive News,278,TRADING,151880.77,1521358.02,166207.14,269582.81,542963.43,448993.37,243267.92,513568.06,721421.55,937156.76,458704.90,304566.96,1636619.36,20614.77,449180.64,43057.05,317709.86,458772.65,214056.97,48073.40,122790.61,476560.74,375048.00,420820.41,100065.75,119075.35,146770.84,190379.82,104904.73,155529.73,129093.16,136052.60,148177.96,101814.62,162550.99,134470.45,113627.18,1444226.02,20262.45,15621.99,122073.89,215082.51,146.47,1275341.26,4181348.66,36243.35,687120.25,458516.81,43406.15,54407.52
Scenario 1,279,1,Fake Positive News,279,TRADING,152080.07,1522054.98,166208.99,270095.77,542872.51,448007.71,243398.43,513007.35,721825.14,938040.40,458841.53,305159.02,1635177.37,20602.00,447126.40,43044.42,317396.92,460297.56,214302.04,48095.58,122499.36,477616.54,375577.89,420523.40,100105.03,119185.67,147431.44,190313.86,105131.65,155226.72,129068.40,135928.53,147969.19,101858.19,162392.51,134280.30,113596.17,1444699.92,20255.32,15624.67,122135.74,215297.68,146.68,1273043.67,4181597.89,36178.71,686564.56,458884.14,43582.21,54603.09
Scenario 1,280,1,Fake Positive News,280,TRADING,152220.82,1523083.95,166119.39,270147.89,544893.43,447446.88,242880.50,513453.99,722562.90,937164.70,459352.11,305101.73,1635265.06,20612.09,447334.22,43027.87,317135.76,460425.11,214506.27,48091.83,122149.73,479132.60,375756.88,420405.37,100089.62,118862.91,147346.80,190169.72,104952.54,155136.49,129023.72,135851.99,147873.41,101456.07,162023.45,134242.03,113590.34,1443564.79,20274.88,15617.77,122338.48,215446.41,146.38,1276619.11,4167858.26,36147.27,687454.46,458275.79,43600.01,54506.79
Scenario 1,281,1,Fake Positive News,281,TRADING,151915.07,1524233.99,165852.80,269550.23,544966.62,447485.88,243324.69,514320.93,721949.42,935336.45,458575.62,304101.48,1635516.26,20607.32,445745.36,43001.45,317434.41,461172.80,214176.42,48069.07,122484.92,479377.92,375854.91,420292.18,100164.14,119165.86,147254.50,189963.64,104873.87,154772.91,129067.75,135762.09,147823.22,101240.57,161595.73,134106.52,113675.15,1443963.17,20295.93,15676.07,122841.89,215710.99,146.22,1274122.96,4165923.43,36072.64,687166.39,458245.98,43617.61,54547.53
Scenario 1,282,1,Fake Positive News,282,TRADING,152033.31,1524244.54,165472.01,269359.05,545265.03,446436.80,243283.91,513564.32,722477.81,934044.27,458929.53,304153.43,1633965.24,20605.53,445215.40,43000.89,317314.81,461860.38,213889.86,48056.11,122252.57,478983.26,375988.03,420584.56,100220.93,118676.30,147160.85,189802.08,104928.16,154579.16,129226.42,135981.09,147939.74,100920.58,161388.68,133888.27,113727.66,1445289.13,20300.70,15661.27,123253.55,216149.85,146.46,1272689.03,4163667.07,36028.20,687424.61,457899.84,43677.24,54357.38
Scenario 1,283,1,Fake Positive News,283,TRADING,151794.30,1522661.98,165199.47,269097.02,545468.58,445785.13,243524.41,513606.40,723223.43,933333.89,460028.84,304930.82,1634159.13,20562.89,444067.78,43036.26,317765.10,462449.72,213934.82,48019.07,122281.27,479963.00,375262.36,421012.77,100166.73,118545.77,147315.14,189697.17,105098.96,154454.77,129122.67,135891.11,148480.81,100458.26,161301.13,133870.22,113728.00,1445534.49,20294.68,15686.32,122748.34,216426.25,146.57,1272168.36,4156232.44,35980.94,687210.41,457442.48,43713.30,54363.64
Scenario 1,284,1,Fake Positive News,284,TRADING,151727.79,1523264.27,164908.98,269438.81,544204.04,445531.23,243383.06,514880.28,721773.17,930113.53,460111.40,304138.45,1635894.61,20572.27,444264.40,43045.10,317226.14,463748.99,213978.21,48006.03,121714.70,479231.83,374716.98,420879.83,100107.86,118360.70,147378.73,189915.87,105038.73,154447.05,129090.02,135969.86,148461.72,100619.75,161027.47,134038.49,113721.45,1446950.92,20307.17,15690.79,122766.10,216589.61,146.21,1273247.53,4151351.15,35892.87,686030.95,456809.68,43688.17,54354.94
Scenario 1,285,1,Fake Positive News,285,TRADING,151824.88,1525047.56,165137.49,269150.38,543350.58,445262.80,243281.18,515613.02,722669.01,930816.28,460353.34,304469.59,1636350.38,20565.55,443202.67,43020.28,315739.56,464672.57,213769.55,47955.98,122291.39,478462.08,373928.23,421105.50,100077.16,118415.36,147182.57,189791.51,104976.31,154384.46,129087.94,136129.36,148422.49,100695.41,160934.26,134010.81,113745.43,1444317.47,20305.00,15682.87,122822.98,216921.68,146.29,1270547.40,4141922.04,35806.71,686858.25,457164.28,43735.93,54377.51
Scenario 1,286,1,Fake Positive News,286,TRADING,151734.88,1526168.56,164780.67,268963.97,542900.84,445879.41,243396.56,516546.71,724616.26,932578.32,460369.48,304210.95,1635968.56,20544.93,441956.19,43100.18,316003.98,463700.76,213324.68,48009.42,122203.70,478411.15,374739.15,421346.73,100109.82,118594.29,147051.97,189602.45,105226.49,154666.78,128992.64,136157.49,148583.69,100530.03,160575.58,133468.38,113725.40,1445512.96,20299.62,15746.28,122942.96,216986.07,146.07,1269305.21,4136371.44,35749.20,686822.40,457239.56,43694.75,54336.42
Scenario 1,287,1,Fake Positive News,287,TRADING,152047.96,1524009.71,164811.56,269279.27,543001.82,445935.70,242979.61,517015.58,725959.59,934617.98,459672.73,303283.36,1635799.16,20529.84,440775.73,43045.93,316237.77,463416.76,213500.64,48005.75,121934.93,478430.40,374233.03,420961.68,100074.66,118558.37,146904.53,189692.35,105195.11,154423.32,129081.44,135900.68,148659.27,100203.48,160234.18,133508.58,113442.10,1444041.24,20292.61,15742.90,123010.52,217637.11,146.14,1270240.74,4134693.89,35646.25,687435.00,457322.05,43759.60,54169.60
Scenario 1,288,1,Fake Positive News,288,TRADING,152057.87,1519812.20,164900.68,269692.73,543073.03,445622.65,242779.71,516665.82,726310.77,933048.59,460242.87,303236.87,1637696.19,20509.93,439085.23,43094.58,314977.28,463709.20,213614.91,47995.03,122306.92,479904.88,375073.13,420890.79,100067.23,118271.02,146843.82,189724.89,105005.59,154385.10,129099.12,136126.59,148932.20,100081.86,160065.96,133809.04,113411.78,1441728.45,20299.82,15757.47,123521.16,217346.02,146.13,1270306.53,4124343.58,35594.89,687156.59,457632.02,43701.80,54038.37
Scenario 1,289,1,Fake Positive News,289,TRADING,152169.77,1516196.69,164851.84,269892.95,542803.46,446445.65,243003.74,516392.68,726365.85,934052.43,461061.34,302547.95,1634867.30,20490.77,439408.49,43083.13,314402.35,464907.65,213685.06,47998.18,122219.79,479391.37,374789.25,420985.01,99893.61,117913.82,146685.79,189575.38,105072.31,154163.15,129054.87,136169.00,149114.86,99686.26,159742.26,133401.63,113381.69,1440260.58,20321.25,15761.83,124010.46,217720.58,145.82,1270014.48,4128649.92,35484.43,688127.04,457318.12,43824.82,54113.45
Scenario 1,290,1,Fake Positive News,290,TRADING,152304.31,1517255.86,165100.56,270348.82,543272.68,445329.45,242767.62,516278.22,724003.71,933887.97,460398.82,302276.62,1632227.46,20491.45,439029.10,43127.74,314019.11,465328.52,214103.79,47985.25,122176.33,479408.12,375817.87,420709.21,99924.19,117803.77,146686.99,189535.77,105248.90,154265.00,128915.87,136325.69,149111.65,99699.74,159331.02,133766.28,113306.39,1441413.73,20309.73,15721.43,123607.44,217800.24,146.00,1272379.51,4114519.97,35394.61,688102.18,457312.87,43853.14,54233.67
Scenario 1,291,1,Fake Positive News,291,TRADING,152147.33,1516444.00,165316.58,270299.17,543575.07,444848.19,243248.64,515296.83,723837.55,934127.63,460991.66,302251.23,1633242.16,20478.54,438802.52,43101.55,314109.21,464918.47,214143.45,48024.12,122841.19,479884.84,376176.71,421371.29,99879.73,117847.34,146107.11,189264.62,105400.10,154074.93,128806.31,136165.41,149152.92,99338.75,159152.40,134608.36,113292.80,1438727.18,20335.10,15674.97,123485.35,217712.87,145.97,1277067.89,4110987.38,35285.84,688695.71,457526.04,43868.38,54310.08
Scenario 1,292,1,Fake Positive News,292,TRADING,152258.18,1519211.15,165224.52,270242.81,544003.72,444800.99,243884.44,516478.25,723364.75,935758.06,460791.99,302323.78,1631142.00,20471.63,437777.43,43177.27,314432.26,465564.33,214387.12,48012.19,123295.23,479825.52,376327.14,420709.88,99948.73,117662.80,146200.64,189118.57,105258.13,153749.89,128812.39,136180.36,149164.56,98886.28,159000.18,134365.71,113236.22,1438744.43,20325.93,15714.67,123388.03,218009.93,146.68,1276226.08,4105203.81,35215.40,689370.76,457608.22,43855.62,54057.81
Scenario 1,293,1,Fake Positive News,293,TRADING,152482.74,1521484.06,165434.92,269869.58,543901.34,445000.11,244286.91,515344.60,724303.51,937929.71,461317.29,302361.92,1631011.84,20426.83,437761.94,43134.64,313792.79,464441.05,214190.80,48047.72,123372.62,480274.36,376888.74,421110.45,99912.80,117643.07,146344.06,188906.10,105177.07,153767.52,128744.30,136167.65,148953.82,98847.96,158656.99,134134.48,113201.08,1436999.17,20325.46,15727.77,123074.05,218642.20,146.64,1276762.89,4102828.90,35143.95,688862.38,457935.69,43887.70,53974.00
Scenario 1,294,1,Fake Positive News,294,TRADING,152360.86,1519717.38,165951.65,269892.73,542550.17,445122.80,244671.82,513154.11,724762.54,937857.21,461133.67,303165.31,1631376.80,20428.90,437763.44,43132.21,314054.71,465474.44,213994.94,48032.73,123148.65,480135.63,378099.99,421666.74,99900.49,117631.65,146213.35,188957.63,105207.04,153504.75,128747.24,136437.87,148926.83,98459.24,158193.25,134115.58,113144.04,1433670.80,20295.84,15747.72,123087.97,218568.11,147.14,1275316.36,4114020.54,35088.50,687850.27,456807.81,43851.71,53793.74
Scenario 1,295,1,Fake Positive News,295,TRADING,152346.16,1517368.68,166259.50,269869.93,544496.68,445117.51,244303.03,514146.57,724044.64,936815.21,460862.89,302189.04,1630637.78,20422.00,437429.48,43120.05,313925.29,465877.53,214175.71,48023.36,123534.67,479891.73,377682.56,421783.90,99866.85,117664.82,146551.90,188795.25,104806.97,153448.84,128801.17,136347.87,148815.89,98592.17,158212.67,134183.90,113161.95,1432782.09,20264.65,15745.19,123272.65,218734.97,147.33,1275215.02,4118024.86,34997.87,687963.38,456028.09,43893.76,53815.09
Scenario 1,296,1,Fake Positive News,296,TRADING,152022.66,1517484.67,166349.98,269738.32,544724.46,444764.29,244324.30,514990.00,723934.09,935200.08,459403.31,302633.18,1629393.98,20410.09,437561.71,43102.32,313490.49,466033.72,214455.21,48066.78,123462.13,479449.25,376345.87,422374.21,100014.58,117602.32,146815.16,188742.05,105040.85,153391.65,128760.62,136166.77,148862.52,98357.78,158176.63,134157.44,113073.96,1433416.79,20268.69,15770.73,122978.49,218883.47,147.30,1275047.78,4132862.45,34911.39,687377.37,456580.22,43795.23,53789.58
Scenario 1,297,1,Fake Positive News,297,TRADING,152197.81,1517486.38,165716.86,269890.15,544434.82,444155.31,244482.10,514294.13,722863.19,935463.44,459187.54,302458.50,1626551.58,20402.72,437105.28,43190.21,313486.47,465877.80,214731.05,48126.48,123326.96,478713.10,376572.66,422378.27,99958.00,117763.46,146248.37,188708.02,104998.48,153300.20,128791.54,136340.46,149020.46,98521.48,157747.66,134034.51,113015.27,1433050.34,20272.25,15773.80,122975.76,219012.03,147.27,1275402.16,4135536.97,34854.38,687807.47,456270.92,43823.82,53899.24
Scenario 1,298,1,Fake Positive News,298,TRADING,152013.47,1518694.05,165715.03,269997.62,544211.21,444389.51,243892.69,515663.39,723132.23,931988.11,459151.49,303435.68,1626326.25,20406.20,435712.21,43178.23,313894.35,464803.71,214657.34,48138.59,123447.45,480682.83,376198.82,422189.51,99944.54,117693.13,146344.04,188692.48,105021.39,153660.37,128997.47,136311.69,149089.54,98583.86,157701.94,133830.87,113127.56,1434022.74,20296.85,15764.79,122905.05,219004.95,147.22,1274986.80,4132665.21,34753.96,688107.23,456918.33,43914.81,53838.84
Scenario 1,299,1,Fake Positive News,299,TRADING,152201.55,1518880.94,165912.36,269977.42,543402.04,443665.67,243651.45,515603.58,722579.23,933819.30,459418.71,302560.76,1625139.75,20414.91,436375.27,43225.92,314057.03,464303.80,214247.92,48153.81,123134.75,480617.40,375986.73,421190.64,99904.14,117541.32,146642.98,188632.34,104936.25,153730.03,128908.30,136115.53,149418.39,98630.19,157479.62,134117.05,113193.28,1436254.32,20291.52,15825.06,122744.51,219122.29,146.91,1274020.73,4121765.56,34657.11,688565.97,456468.01,43955.12,53568.05
Scenario 1,300,1,Fake Positive News,300,TRADING,152140.40,1513383.43,165880.26,269847.34,543893.07,444091.47,243026.26,515887.03,722674.69,934411.18,459506.11,303326.35,1627659.24,20418.37,437239.23,43153.09,312775.47,466144.09,213962.20,48131.89,122910.57,480297.79,377880.27,420779.25,99933.46,117420.42,146370.36,188495.97,104884.29,153698.13,128825.61,136120.42,149535.21,97249.60,156468.46,133482.09,113068.82,1433624.47,20279.95,15721.43,123011.30,219318.25,146.73,1273452.47,4125280.32,33402.97,689738.00,457061.76,44009.72,53366.61
Scenario 1,301,2,True Positive News,1,TRADING,152140.40,1513383.43,165880.26,269847.34,543893.07,444091.47,243026.26,515887.03,722674.69,934411.18,459506.11,303326.35,1627659.24,20418.37,437239.23,43153.09,312775.47,466144.09,213962.20,48131.89,122910.57,480297.79,377880.27,420779.25,99933.46,117420.42,146370.36,188495.97,104884.29,153698.13,128825.61,136120.42,149535.21,97249.60,156468.46,133482.09,113068.82,1433624.47,20279.95,15721.43,123011.30,219318.25,146.73,1273452.47,4125280.32,33402.97,689738.00,457061.76,44009.72,53366.61
Scenario 1,302,2,True Positive News,2,TRADING,152192.32,1517498.63,165884.69,270069.53,542088.96,443717.81,243368.13,515877.90,722850.14,936768.48,459923.83,302840.03,1629143.81,20409.65,436255.84,43192.86,312391.08,466443.75,213690.28,48157.01,122861.93,482238.83,377481.05,420730.36,99956.93,117325.80,146453.17,188331.47,104651.89,153383.88,128672.81,136125.09,149480.54,97193.76,156669.75,132960.57,113124.15,1431638.38,20295.62,15708.66,122568.49,219046.82,147.09,1271175.42,4139909.14,33408.79,689496.76,456311.25,43994.40,53435.85
Scenario 1,303,2,True Positive News,3,TRADING,152409.51,1517842.27,165473.14,269532.14,543038.51,443499.79,242854.61,515347.70,722495.93,936519.48,459185.31,302199.47,1629059.78,20388.49,436177.33,43169.92,312522.62,466488.32,213608.13,48169.81,123381.75,483269.03,377666.56,420167.21,100150.47,117528.42,146696.51,187963.17,104671.63,153613.62,128852.16,136471.60,149348.38,97209.41,156618.62,132873.38,113104.80,1431196.60,20301.10,15691.56,122656.11,219459.40,147.42,1268700.39,4140285.46,33412.47,690280.66,455787.94,43962.15,53415.40
Scenario 1,304,2,True Positive News,4,TRADING,152279.36,1518971.60,165342.58,269749.03,543182.74,443279.18,242839.27,516786.48,722764.86,936111.08,458823.20,301265.14,1627153.35,20384.68,436410.31,43150.43,312879.59,465387.68,213572.23,48217.24,123939.65,481223.44,378682.27,420859.10,100248.44,117539.04,146417.84,188075.83,104594.88,153786.28,128734.16,136318.16,149154.00,97471.19,156529.63,132918.74,113104.00,1430099.50,20318.43,15767.21,122977.41,219479.85,147.94,1267414.42,4123545.81,33406.42,689749.35,456376.23,44042.91,53357.52
Scenario 1,305,2,True Positive News,5,TRADING,152181.72,1517419.72,165680.13,270094.75,542251.84,443412.00,242446.60,517258.74,723183.94,935301.37,458403.26,301806.56,1624887.63,20395.60,436869.35,43140.09,312037.37,465664.54,213642.41,48232.64,123628.20,482645.88,377659.02,421121.63,100190.25,117447.14,146891.28,188026.25,104537.58,153954.14,128988.74,136125.71,149079.79,97539.21,156665.20,132971.08,113146.36,1429707.81,20328.53,15781.15,122926.62,219439.81,147.80,1269137.06,4121994.11,33403.27,689664.91,455987.47,44195.57,53256.37
Scenario 1,306,2,True Positive News,6,TRADING,152079.99,1516251.83,165736.96,270812.15,543023.97,443421.01,242126.65,517458.31,722132.91,934688.12,457961.28,302523.09,1626985.36,20406.39,436846.59,43172.17,312438.04,466421.85,213446.50,48238.51,123456.21,482959.61,378634.59,421405.58,100144.94,117510.10,146636.87,187962.56,104576.60,153902.32,129089.05,135901.56,148911.33,97715.20,156616.54,133691.38,113034.33,1429738.42,20330.82,15720.64,123541.71,220034.66,147.68,1270121.96,4124079.04,33407.20,690415.17,455523.88,44146.27,53274.76
Scenario 1,307,2,True Positive News,7,TRADING,152002.80,1517567.94,165621.36,271116.80,543607.67,443066.15,241148.99,518039.32,722193.24,937068.33,458009.44,302445.97,1627000.51,20417.93,435315.81,43169.03,312055.39,465552.64,213055.21,48270.48,123685.48,482992.86,379115.94,421442.80,100172.60,117391.87,146483.07,188039.16,104676.59,154093.28,129178.37,135680.10,148927.88,97574.64,156659.53,133316.24,113020.97,1428575.30,20319.20,15754.80,122994.91,220058.36,146.87,1271950.69,4113843.58,33383.84,690572.56,455681.23,44184.65,53320.65
Scenario 1,308,2,True Positive News,8,TRADING,152127.41,1518849.94,166193.96,270958.91,544384.84,443291.22,241415.41,517788.39,722274.33,936470.01,457893.42,301810.54,1627230.18,20418.08,434647.56,43220.50,311810.71,465280.95,212734.02,48300.38,124036.55,484206.16,378169.29,420885.13,100249.60,117491.03,146933.34,188115.76,104800.91,153710.64,129253.33,135602.05,149195.67,97643.73,156627.38,132931.70,113145.28,1428067.28,20315.07,15752.09,122609.66,219420.22,146.36,1271041.88,4106679.46,33393.59,691444.32,456260.94,44171.10,53266.97
Scenario 1,309,2,True Positive News,9,TRADING,151935.50,1520649.36,165644.53,270696.82,544474.48,443601.83,241319.50,516141.19,721557.53,939997.31,458333.62,302332.61,1626858.34,20410.34,435012.92,43220.03,311785.63,464674.72,212725.55,48320.57,124010.83,484415.29,377469.07,420384.00,100291.79,117415.49,147118.62,187995.44,104583.63,153660.23,129437.45,135306.35,149153.97,97520.74,156666.46,132620.54,113116.81,1428655.28,20338.54,15759.72,122966.91,219573.33,145.82,1269869.68,4112824.81,33391.38,691207.69,455934.59,44197.06,53353.17
Scenario 1,310,2,True Positive News,10,TRADING,152009.07,1520056.87,165432.50,271397.76,543951.86,442717.56,241564.64,516196.16,721368.53,943410.92,458194.96,302171.83,1629887.87,20422.72,435611.23,43262.14,311826.19,464580.35,213160.36,48291.19,123925.81,484657.35,377302.01,420097.48,100273.26,117318.44,146883.81,188199.20,104422.47,153847.21,129448.83,135025.49,149365.88,97533.47,157012.28,132475.34,113110.02,1428153.63,20310.18,15765.04,123141.78,219296.27,145.64,1270226.66,4118477.01,33406.36,689531.01,456107.72,44256.31,53057.07
Scenario 1,311,2,True Positive News,11,TRADING,152171.24,1517327.02,165199.48,271252.34,544069.85,442974.61,241879.46,516792.60,721324.61,944698.60,458554.88,302305.89,1632456.82,20422.00,437130.09,43284.60,312253.13,464898.13,213571.40,48221.59,123416.15,485329.26,379366.57,420204.21,100415.32,117722.72,146925.78,188127.20,104192.57,153561.89,129371.91,134874.97,149453.06,97283.25,156962.56,133071.90,113134.53,1426944.68,20277.26,15790.40,123372.48,219032.38,146.21,1268514.88,4119537.79,33413.12,688189.32,455080.22,44195.94,53145.08
Scenario 1,312,2,True Positive News,12,TRADING,152042.56,1518955.62,165355.06,271828.07,542889.82,443270.06,241535.54,516635.85,719951.04,946530.54,458519.25,302210.36,1634075.15,20392.59,436324.39,43263.42,312665.44,465103.87,213348.49,48203.79,123380.82,486816.74,378772.70,420166.06,100315.58,117799.72,147257.51,187900.01,104017.43,153692.73,129437.82,134727.84,149495.22,97125.58,157100.66,132887.71,113104.51,1426880.42,20280.03,15813.23,123169.91,218768.18,145.80,1268750.16,4110444.76,33423.00,687741.06,455884.54,44103.48,53098.85
Scenario 1,313,2,True Positive News,13,TRADING,152225.83,1518368.10,165622.73,271913.60,542167.87,443987.05,241734.54,515883.88,721076.85,947751.59,458427.60,302421.93,1632304.59,20356.22,436432.52,43239.51,312087.38,464212.10,212910.02,48197.68,122889.86,487404.15,377594.53,420606.09,100358.80,117483.58,147923.36,187942.85,104275.55,153732.07,129549.13,134588.37,149411.91,97178.74,157083.81,132418.87,112987.15,1428256.78,20282.95,15779.02,122741.74,218455.97,145.37,1270317.50,4104431.27,33433.29,686340.62,455163.96,44132.59,53171.23
Scenario 1,314,2,True Positive News,14,TRADING,152149.10,1517019.61,165780.47,272160.92,542349.75,443877.83,242141.59,517216.85,722075.18,955171.96,458396.81,303598.00,1631239.37,20356.31,436559.64,43233.94,310895.72,463966.76,212600.96,48163.44,122915.77,486966.65,375989.06,420507.97,100389.63,117553.67,147904.76,188005.99,104063.97,153686.44,129451.30,134285.13,149150.59,97237.90,157237.54,132345.63,112949.26,1429122.43,20269.87,15796.96,122398.36,218713.60,144.77,1272640.91,4095811.42,33430.48,685841.61,455550.65,44136.32,53041.46
Scenario 1,315,2,True Positive News,15,TRADING,151843.31,1520326.24,165827.69,271828.36,541772.21,443859.37,242150.17,517477.17,722267.60,956307.72,458306.57,303979.65,1629797.91,20369.58,435703.38,43207.92,310644.39,464109.10,212628.46,48113.83,122633.10,487080.77,376831.65,420667.25,100320.56,117524.25,147538.24,188181.51,103769.84,153610.36,129393.57,134117.50,148823.71,97156.73,157335.23,132625.11,112823.03,1429424.61,20286.62,15779.76,121910.86,218479.30,144.47,1271704.29,4097128.42,33461.22,685058.24,454925.34,44106.00,53073.71
Scenario 1,316,2,True Positive News,16,TRADING,151685.75,1516670.70,165427.71,271483.10,541906.94,443625.51,242163.26,518134.33,721819.34,957658.42,459101.14,303281.46,1630526.52,20376.56,436055.59,43171.92,311090.16,464110.85,212469.03,48128.37,122618.52,486969.56,377996.00,419781.25,100253.68,117379.84,147612.26,188255.16,103872.48,153579.44,129425.06,134053.31,148654.71,97113.30,157522.75,132780.37,112870.19,1429245.39,20309.07,15786.96,121917.81,218398.10,144.63,1271155.98,4096386.68,33488.08,686043.41,454710.63,44047.93,53160.90
Scenario 1,317,2,True Positive News,17,TRADING,151681.60,1523498.64,165477.35,270478.54,542503.62,443779.65,242112.97,518587.37,722911.44,955144.61,459606.92,303290.50,1629211.78,20400.53,435233.16,43146.10,310526.37,465348.01,212379.63,48160.15,121956.84,487067.80,379531.04,419869.81,100234.59,117564.44,147329.39,188345.73,103744.05,153980.16,129398.20,133735.88,148938.35,97187.10,157619.41,132014.13,112724.00,1430366.81,20332.29,15783.08,122123.79,217991.83,144.56,1270353.06,4093318.84,33440.09,687879.81,454382.73,44077.61,53292.87
Scenario 1,318,2,True Positive News,18,TRADING,152038.00,1519666.71,165760.48,270537.08,540929.96,444131.94,242096.81,518898.91,723762.85,957912.04,460432.32,303841.95,1630121.45,20400.19,435193.88,43204.71,310491.54,465035.21,212447.15,48184.88,121573.71,487545.04,378104.12,419658.15,100398.85,117541.55,147380.61,188269.48,103857.03,153841.52,129250.95,133934.45,149052.70,96957.00,157893.17,131846.24,112752.75,1431434.12,20292.82,15857.31,122373.61,218133.33,144.20,1271156.82,4097663.53,33494.89,690097.69,453463.56,44092.59,53171.12
Scenario 1,319,2,True Positive News,19,TRADING,152341.08,1521192.00,166251.03,270932.01,540998.60,444480.17,242528.17,518710.98,725017.20,959462.91,461853.78,304062.85,1631430.96,20395.65,434951.81,43131.79,310410.22,466229.93,212303.81,48172.31,122230.03,486906.70,378333.69,418498.12,100487.93,117846.91,147275.51,188148.47,103863.83,153263.78,129366.90,133906.83,148981.58,96982.49,158154.61,131615.21,112773.91,1431641.98,20332.97,15852.85,122930.93,218259.93,144.13,1272696.31,4095879.60,33491.89,690600.14,453168.38,44074.58,53213.14
Scenario 1,320,2,True Positive News,20,TRADING,152672.60,1521226.68,166385.23,270905.93,541567.89,444671.23,242707.32,519083.47,724727.40,960607.46,463457.49,304249.20,1631550.54,20379.25,433684.16,43109.88,310485.14,465718.64,211916.65,48173.03,122684.80,487668.59,376438.43,417817.08,100472.85,117875.08,147682.75,188337.32,103840.80,152904.79,129412.70,133813.24,148990.07,97023.31,158211.15,131672.34,112675.52,1431975.06,20333.51,15850.57,123024.76,218394.62,145.07,1271426.37,4076425.18,33482.02,691320.47,454024.49,44105.59,53223.74
Scenario 1,321,2,True Positive News,21,TRADING,153105.65,1518925.74,166331.80,269967.78,540591.79,444639.70,243309.70,518046.65,726589.41,962295.54,464929.07,303411.25,1632572.87,20373.26,433167.15,43121.23,309957.01,464992.12,211881.81,48094.83,122592.30,488185.69,376534.67,417418.51,100555.40,117802.47,147778.91,188336.49,103837.94,153103.54,129452.14,133972.09,149084.64,97031.38,158529.89,131640.36,112582.72,1432901.28,20303.13,15822.78,122143.89,218726.20,144.30,1272328.94,4074643.69,33461.41,691306.38,455077.86,43969.21,53102.22
Scenario 1,322,2,True Positive News,22,TRADING,153237.02,1514729.07,166142.85,270213.17,541158.89,444119.20,242864.51,517790.68,726992.92,963824.68,465588.16,303753.98,1633987.78,20359.27,433084.08,43096.64,309632.39,465296.82,212308.48,48075.79,122746.18,488331.05,377536.48,417067.11,100515.86,117895.95,147891.45,188774.01,103852.72,152771.57,129521.24,133882.46,148992.82,97035.80,158633.33,131313.53,112592.54,1431854.60,20275.27,15868.74,122153.14,218661.11,144.20,1272922.94,4075957.55,33459.98,693453.27,455441.62,43942.18,53115.27
Scenario 1,323,2,True Positive News,23,TRADING,152989.99,1514248.61,166193.57,270351.07,541628.04,443375.61,242748.57,517668.24,727370.38,963998.19,467234.57,304240.40,1632646.65,20361.60,433632.26,43063.81,309926.02,464824.47,211758.89,48038.79,123226.69,488020.03,378366.99,416524.06,100488.28,118129.71,148452.20,188729.73,103810.77,152779.73,129521.54,133636.77,149273.32,96817.91,158863.76,130972.03,112518.41,1431441.47,20279.93,15867.03,122077.43,219423.22,144.26,1272185.57,4053949.71,33455.04,693779.51,454522.06,43988.79,53117.41
Scenario 1,324,2,True Positive News,24,TRADING,153144.17,1513561.94,165465.24,269940.34,542762.19,443167.70,242480.21,518541.16,726850.87,959965.99,468997.99,304504.98,1628890.41,20373.75,432668.45,43083.45,310325.26,463420.34,212204.38,48053.73,123609.30,488590.34,378227.35,416285.81,100570.43,118149.98,149099.72,188736.35,103974.79,153151.81,129510.28,133701.21,149386.54,96656.85,158843.55,131217.74,112487.80,1431144.54,20257.16,15824.20,121814.97,219596.93,144.31,1269744.81,4049802.01,33451.32,696131.64,454396.60,44060.17,53161.10
Scenario 1,325,2,True Positive News,25,TRADING,153017.08,1516738.17,165226.31,269876.41,542543.66,442762.54,241870.70,518844.85,725989.81,957389.28,468924.50,305204.06,1630389.90,20374.53,433255.27,43159.37,310099.06,464248.38,212606.77,48071.00,123683.00,487776.73,378076.87,416362.32,100560.00,118147.90,149012.92,188575.90,104012.08,152625.09,129419.71,134046.27,149248.41,96773.05,158732.93,131428.32,112360.59,1431176.29,20282.93,15792.01,121389.79,219321.59,144.32,1267163.43,4050510.25,33453.46,698547.55,454920.13,43952.94,53272.56
Scenario 1,326,2,True Positive News,26,TRADING,153054.10,1514133.32,165175.00,270345.90,543208.24,442820.01,241904.02,518323.70,726501.89,954019.41,470333.72,305323.30,1633534.05,20384.06,434518.48,43196.01,310874.59,463590.21,212657.64,48161.29,123860.53,487276.92,376309.99,415693.09,100623.62,118153.95,148513.44,188519.69,104199.05,152439.98,129319.93,133712.44,149206.71,96744.42,158590.73,131381.10,112518.12,1431446.52,20288.19,15747.73,121763.43,219527.87,144.70,1266017.21,4056141.03,33464.51,700274.24,454642.34,43940.39,53279.28
Scenario 1,327,2,True Positive News,27,TRADING,153086.52,1510792.90,165135.35,270565.34,542749.69,443253.45,242289.85,518791.96,728757.80,953885.52,471808.75,304958.61,1635908.57,20393.36,434013.41,43244.74,311058.27,464020.26,212643.81,48125.43,124129.98,485953.47,377201.70,414976.15,100639.64,118109.29,148677.65,188507.35,104492.28,152368.85,129437.80,133577.26,149330.22,96561.68,158503.95,131844.44,112545.64,1430470.87,20296.18,15796.41,122088.14,219608.76,144.79,1264557.91,4052746.09,33473.19,702911.35,454620.16,43810.45,53377.75
Scenario 1,328,2,True Positive News,28,TRADING,152985.32,1513982.76,164796.29,270696.08,543347.39,442757.52,242173.21,519211.43,727999.41,952679.98,472464.19,304853.86,1634791.59,20377.71,434002.70,43269.47,310726.38,462842.14,212341.13,48204.98,124156.51,483753.90,376484.81,414177.82,100588.72,118190.59,148346.99,188390.28,104485.19,152152.96,129429.75,133468.89,149459.42,96529.40,158137.84,131556.09,112600.18,1429106.59,20302.47,15849.89,122607.31,219465.81,145.01,1262548.90,4056057.53,33494.63,703872.18,455083.68,43736.19,53380.41
Scenario 1,329,2,True Positive News,29,TRADING,153267.78,1511597.95,164892.55,270919.56,542386.89,442530.27,242222.36,519895.38,728235.97,952493.47,473618.85,305086.20,1635672.55,20376.21,434092.02,43279.19,310543.30,463104.73,211826.18,48214.76,124130.04,482711.71,376035.09,413036.93,100514.19,118038.06,148217.71,188568.55,104613.14,152599.58,129508.54,133301.27,149259.88,96403.95,157996.26,131384.06,112672.10,1430304.19,20335.94,15841.68,122998.83,219031.42,144.74,1264158.96,4055513.44,33491.36,706321.28,455581.40,43658.98,53403.78
Scenario 1,330,2,True Positive News,30,TRADING,153197.63,1506461.09,164810.64,270634.95,542646.59,442568.09,242451.15,519953.97,729436.49,948579.25,474673.37,304686.90,1633813.91,20355.86,434868.02,43310.47,310339.87,464147.00,211759.75,48127.58,124291.72,484339.63,375376.83,411852.52,100467.58,117909.97,147925.03,188665.73,104677.32,152393.40,129376.37,133339.15,149360.79,96384.69,157620.53,131456.85,112780.23,1429852.80,20316.52,15871.50,122973.95,218848.22,144.50,1267540.92,4046496.32,33494.04,707999.41,455401.12,43728.58,53251.49
Scenario 1,331,2,True Positive News,31,TRADING,153104.45,1505041.18,165397.31,270915.14,543001.45,442759.63,242623.56,520234.58,730283.68,950400.50,474852.18,305458.77,1632379.76,20364.54,434695.85,43278.79,310205.48,463091.16,211405.11,48115.70,124008.90,484402.37,374110.19,412052.11,100418.41,117946.51,147491.03,188701.14,104584.74,152186.99,129170.15,133287.83,149496.92,96146.63,157383.87,131508.46,112769.85,1429687.76,20285.92,15809.04,122497.62,218930.68,144.70,1268231.08,4044803.27,33508.30,708737.98,455201.82,43645.62,53247.34
Scenario 1,332,2,True Positive News,32,TRADING,153028.20,1507922.77,166127.62,270223.46,544169.18,443099.04,242783.21,520591.77,730238.94,952214.03,473895.30,305364.28,1628472.08,20354.32,434814.12,43265.75,309811.74,463233.76,211306.94,48124.01,124213.69,484444.61,373036.27,411910.45,100262.40,117845.15,147125.34,188757.92,104590.96,151874.79,129157.66,132996.27,149439.23,96176.33,157177.08,131665.42,112758.20,1428177.24,20291.46,15787.94,122178.33,218969.57,144.79,1266271.76,4041269.76,33504.35,711319.96,454818.81,43619.81,53594.55
Scenario 1,333,2,True Positive News,33,TRADING,153095.24,1506199.56,166311.05,269869.20,544307.16,443605.18,243021.76,520049.30,730355.88,953733.94,473117.74,305524.27,1629235.70,20374.18,434537.16,43398.77,309847.07,463635.52,211645.03,48131.87,124543.27,485060.79,373034.38,412067.83,100234.75,117837.11,147366.74,188698.44,104658.41,152177.98,129171.16,133134.02,149166.93,96468.70,156937.93,131833.65,112767.80,1427980.11,20273.02,15788.45,121980.94,219198.42,145.32,1266175.99,4053736.93,33537.19,711436.25,454668.80,43671.83,53697.82
Scenario 1,334,2,True Positive News,34,TRADING,152855.15,1505454.96,166412.19,269818.10,543117.83,443649.13,243407.49,520084.57,730819.29,949511.42,472565.32,304757.85,1629718.70,20378.69,435208.71,43387.22,310604.37,463117.92,211227.26,48139.88,124267.49,485311.30,373185.55,411314.56,100277.05,117822.56,147548.92,188609.99,104481.66,152161.68,129074.65,133166.90,149323.62,96482.81,156684.81,132031.34,112807.34,1429141.59,20284.34,15797.54,121597.63,219138.01,144.94,1266742.64,4053436.12,33519.78,711936.21,453696.62,43774.70,53520.44
Scenario 1,335,2,True Positive News,35,TRADING,152750.03,1498760.83,166265.91,269505.24,542439.87,444115.57,243805.72,521071.75,729696.52,952938.34,471859.71,305710.29,1632144.98,20382.79,433745.83,43370.65,310288.06,461110.11,211002.04,48150.37,124340.72,484315.23,372685.04,410677.12,100298.96,117819.32,147635.24,188816.48,104452.65,152415.72,128989.01,133024.85,149188.92,96427.98,156449.83,132253.85,112875.42,1428853.82,20281.71,15776.00,121738.22,218763.56,144.60,1264177.59,4046245.82,33540.93,712309.24,453708.00,43792.32,53299.68
Scenario 1,336,2,True Positive News,36,TRADING,152692.43,1499862.85,165681.14,269807.37,542134.86,444039.44,243205.12,521066.64,730488.85,950887.47,470541.83,305598.64,1633527.72,20367.61,434696.52,43427.93,310478.59,461575.22,210768.28,48174.06,124582.44,484347.10,373379.77,409998.16,100342.60,117823.55,147471.63,189107.31,104282.00,152387.49,129084.29,133000.81,149492.45,96267.27,156439.55,132167.42,112904.85,1428952.48,20256.21,15768.79,122129.00,218369.84,144.50,1264349.82,4055353.08,33535.97,712084.57,453429.16,43755.72,53519.54
Scenario 1,337,2,True Positive News,37,TRADING,152739.72,1503572.63,165773.78,269383.74,541979.98,443972.05,242944.36,521291.14,730253.72,951605.11,469150.65,304812.27,1635502.80,20361.82,435264.42,43469.97,311155.51,461548.98,211227.22,48175.99,124309.24,485126.98,371756.71,410205.20,100368.85,117693.13,147699.36,189050.69,103974.39,152582.98,129219.32,132929.50,149292.85,96242.80,156027.43,132382.28,113009.80,1429819.00,20235.20,15844.81,121716.02,218695.61,145.04,1263612.92,4053424.37,33536.11,712617.73,452821.56,43875.47,53532.89
Scenario 1,338,2,True Positive News,38,TRADING,152593.82,1498326.22,166137.22,269769.81,541765.07,443251.44,243164.12,521380.97,730093.46,953194.79,467213.16,304585.18,1635438.83,20387.78,435622.98,43448.09,312092.85,461552.95,210712.29,48237.74,124509.24,486819.10,372169.44,410206.53,100470.97,117772.36,147861.71,188935.51,104000.71,152920.08,129357.08,132966.12,149127.33,96140.66,155721.82,132166.17,113014.90,1427730.58,20247.30,15875.04,121768.98,218589.97,145.02,1266936.56,4049031.28,33544.20,712043.83,453986.67,43801.65,53505.58
Scenario 1,339,2,True Positive News,39,TRADING,152679.97,1500487.14,165583.56,269172.20,541254.78,443196.99,243077.38,521559.64,730420.77,949204.08,466019.41,304912.63,1635618.81,20391.08,436819.73,43503.87,311930.51,461609.57,210634.44,48240.01,124282.22,487781.71,373160.84,410524.20,100514.53,117720.79,148479.38,189141.67,103842.79,152681.24,129310.54,132765.80,149196.48,96082.82,155368.92,132430.92,113123.22,1428231.21,20252.86,15919.43,121588.89,218468.71,145.35,1264228.21,4038540.82,33538.15,710781.07,452815.74,43974.93,53684.20
Scenario 1,340,2,True Positive News,40,TRADING,152708.02,1505350.56,165652.79,269185.11,541770.34,443595.33,242426.65,522295.87,730001.56,949521.59,464708.56,303807.49,1632522.57,20382.90,436835.60,43509.36,312404.87,461578.26,211100.07,48260.51,123802.88,488869.43,372694.03,410003.90,100479.13,117847.37,148957.52,189095.04,103921.26,153035.04,129230.28,132658.07,149262.49,96114.45,155048.98,131999.00,113170.55,1428219.21,20291.67,15918.73,121552.48,218686.51,145.87,1262374.15,4045253.70,33543.05,710209.32,452566.89,43989.73,53691.43
Scenario 1,341,2,True Positive News,41,TRADING,152258.06,1505715.61,165551.07,269360.28,541883.22,443570.15,242019.33,522548.95,730546.06,946631.00,464055.90,303873.17,1633982.44,20385.53,436763.78,43574.17,312147.60,461091.73,210728.09,48266.03,123514.33,489241.02,372813.43,409416.17,100387.36,117742.83,148766.36,189256.51,103913.78,153090.22,129150.75,132355.06,149348.27,96069.84,155157.10,131829.10,113164.73,1428697.36,20358.30,15876.31,121588.33,218920.04,146.44,1263269.35,4053514.93,33570.14,707372.10,452205.10,44012.79,53683.50
Scenario 1,342,2,True Positive News,42,TRADING,152267.98,1509617.53,165603.22,269968.13,541429.46,443681.39,241293.63,523566.80,730290.21,947271.98,462314.46,304572.12,1633686.02,20389.58,438838.95,43578.76,312623.24,461638.06,210856.07,48234.99,123275.59,488811.28,372597.48,409133.03,100388.25,117791.92,148820.42,188838.76,103811.70,153200.15,129507.51,132531.61,149134.23,96033.09,155021.05,132221.14,113106.64,1428275.93,20360.91,15851.57,121788.41,218789.02,146.71,1263780.07,4038889.87,33570.16,706950.66,452985.40,44060.76,53584.26
Scenario 1,343,2,True Positive News,43,TRADING,152028.16,1503255.71,165740.58,269719.88,541094.18,443370.70,241178.43,523698.31,731410.19,944237.54,460904.16,304832.57,1636160.81,20378.78,439125.45,43581.90,312212.23,461112.54,210817.95,48218.93,123124.82,490775.63,373003.68,409046.89,100325.57,117760.85,148222.88,189046.23,103974.66,153262.21,129545.48,132117.74,149202.26,96085.94,154767.26,132579.48,113090.43,1427736.01,20368.48,15809.57,121934.40,218962.52,146.33,1265027.69,4038912.26,33560.72,704903.35,452829.31,44021.16,53451.15
Scenario 1,344,2,True Positive News,44,TRADING,151607.13,1502130.94,165406.80,269838.99,540252.69,443794.71,241303.48,524822.55,731069.99,942310.17,460280.97,304045.62,1634477.10,20378.46,439769.42,43673.13,312283.41,461201.93,210830.06,48263.15,123564.05,492121.35,371803.57,408830.76,100184.54,117673.18,147777.02,188931.01,103768.80,152874.61,129522.07,132299.11,149209.94,95950.88,154682.01,132632.97,113119.31,1428969.60,20355.99,15822.34,121698.82,219361.93,146.91,1262549.16,4032891.89,33536.48,703685.01,453602.91,44031.11,53663.96
Scenario 1,345,2,True Positive News,45,TRADING,151593.36,1505510.99,165301.90,269731.96,541763.72,443193.23,241478.40,524920.81,732018.68,941072.92,460517.34,304532.07,1633558.17,20367.33,441230.86,43679.62,312437.01,462198.49,211178.46,48165.24,123997.42,493766.54,372680.02,408297.78,100286.75,117577.81,147799.86,188903.28,103781.60,152490.54,129463.06,132771.34,149236.71,96040.37,154377.06,132464.87,113113.79,1429806.99,20383.66,15793.15,121634.88,219371.73,146.54,1260986.83,4033314.82,33502.03,702365.37,453350.02,44119.26,53664.41
Scenario 1,346,2,True Positive News,46,TRADING,151368.85,1501654.34,165200.80,270205.15,543060.57,443127.37,242222.96,524722.05,734192.94,943565.49,460064.73,304585.29,1632100.10,20355.74,441410.63,43759.86,313318.64,461484.97,211165.60,48171.59,124045.89,493685.40,373259.80,408672.59,100221.48,117457.76,147151.91,188895.41,104117.10,152380.36,129506.35,132856.59,149564.44,96173.60,154419.41,133077.91,113080.80,1429148.96,20365.89,15820.37,121054.56,219401.94,146.36,1257760.53,4017490.49,33487.80,701076.18,452955.42,44108.22,53745.24
Scenario 1,347,2,True Positive News,47,TRADING,151576.32,1499847.94,165263.49,269526.17,544185.10,443349.04,242024.09,524145.58,733333.22,941585.92,460847.46,304565.32,1632347.15,20347.83,442318.63,43777.97,314073.73,461111.43,211398.17,48205.88,123678.26,494545.51,373169.33,408925.75,100155.69,117711.98,146989.62,188645.80,104098.05,152690.71,129536.76,132929.28,149619.52,96134.35,154483.39,133422.26,113209.03,1430727.82,20365.42,15846.20,120829.85,219565.71,147.14,1252851.26,4017215.85,33466.69,698021.94,452083.33,44130.30,53744.14
Scenario 1,348,2,True Positive News,48,TRADING,151851.29,1497199.79,164728.60,269320.21,545443.88,443361.15,242574.62,523335.07,733200.16,940349.32,460262.71,305148.85,1632566.63,20353.15,441914.51,43763.86,313470.75,461013.85,212059.55,48189.96,123545.91,495055.49,373141.08,409087.47,100230.26,117846.55,147278.63,188836.22,104236.42,152829.76,129631.40,133181.40,149672.06,96267.13,154473.14,133119.23,113066.08,1430010.15,20374.67,15880.33,121022.20,219606.05,146.19,1249696.37,4011966.60,33480.64,696377.34,453019.06,44089.11,53786.82
Scenario 1,349,2,True Positive News,49,TRADING,151455.87,1495691.53,164521.78,269262.60,545396.97,443793.42,242847.61,523821.67,734052.20,943265.05,460010.14,305709.07,1633174.76,20343.26,442875.74,43775.52,314120.44,460886.21,211797.05,48095.64,123765.32,495629.35,372845.84,409855.80,100265.10,118019.06,147139.27,188833.79,104499.78,152601.01,129493.89,133373.97,149647.41,96336.49,154342.55,133312.72,113085.24,1429387.65,20379.71,15835.32,120916.75,219538.89,145.04,1244860.27,4000889.19,33451.56,694577.25,452495.71,44044.91,53824.72
Scenario 1,350,2,True Positive News,50,TRADING,151467.35,1495516.03,164564.25,268804.70,546074.27,443256.17,243256.20,522998.31,732956.92,940978.37,458764.32,305503.86,1629842.23,20331.42,444394.33,43783.91,313329.00,460552.84,211730.79,48028.92,123777.57,495363.86,372004.21,410090.93,100218.39,118248.20,146923.84,188747.96,104569.51,152557.02,129584.84,133255.77,149278.15,96464.72,154353.35,133332.30,113184.26,1429336.93,20424.86,15868.62,121406.92,219303.40,144.96,1242792.09,4003906.60,33394.32,692932.26,452692.38,44024.12,53846.21
Scenario 1,351,2,True Positive News,51,TRADING,151159.08,1493482.71,164513.91,268537.89,546316.39,442979.08,242332.03,522820.28,732671.25,941757.99,458164.19,305558.65,1631619.26,20330.68,445490.24,43749.50,314056.34,461011.93,211064.41,47987.32,123624.65,496759.40,371901.37,410330.87,100213.81,118283.57,146640.50,188623.47,104360.19,152593.18,129548.57,133095.96,149359.75,96431.34,154444.97,132892.37,113140.50,1430017.24,20423.73,15855.32,121167.07,219487.79,145.59,1241098.60,3994328.44,33393.50,690093.27,452960.19,43971.95,54012.28
Scenario 1,352,2,True Positive News,52,TRADING,151122.57,1490559.08,164255.46,268754.71,545753.13,442973.77,241854.75,523715.33,734424.41,942242.95,458756.68,305488.88,1634206.36,20318.37,446686.81,43729.03,315144.39,461129.82,210992.85,47919.18,123088.54,496323.38,371077.11,411248.24,100255.18,118050.56,146946.25,188410.29,104336.10,152366.82,129566.68,132798.51,149283.66,96613.29,154560.43,133746.68,113050.05,1427618.78,20429.16,15833.31,121572.96,219212.78,145.23,1239355.36,3984130.47,33352.79,690087.16,453095.64,44016.76,54278.21
Scenario 1,353,2,True Positive News,53,TRADING,151206.55,1488471.08,164945.53,268767.63,546954.52,442914.25,241629.82,523824.33,733496.94,942389.54,458475.49,305738.63,1633149.16,20325.59,447200.44,43672.13,315517.37,460032.22,211019.57,47853.45,123502.53,496866.87,369809.91,412182.18,100212.32,118075.46,146960.42,188548.84,104324.08,152904.42,129509.51,132654.78,149244.88,96761.99,154699.49,133920.71,113055.15,1422214.85,20418.99,15824.34,121214.39,219198.83,145.68,1235745.63,3984740.20,33344.71,689975.22,453280.09,44036.74,54276.09
Scenario 1,354,2,True Positive News,54,TRADING,150983.74,1485236.62,164730.13,268220.99,546600.88,442766.42,241186.94,523431.47,730457.81,948270.95,458270.89,305142.84,1632154.06,20315.82,449248.38,43704.83,314394.43,460647.21,210844.20,47776.59,123565.92,496186.57,368595.43,413533.22,100090.80,118243.69,146730.31,188341.93,104237.49,153054.98,129593.78,132723.20,149212.59,96827.46,154825.74,134012.56,113110.52,1422807.40,20406.89,15794.43,121257.83,219025.36,144.73,1229592.75,3985227.64,33318.50,688393.36,454069.98,44226.18,54393.21
Scenario 1,355,2,True Positive News,55,TRADING,150873.02,1485282.51,164414.37,268477.13,546290.53,442847.70,241519.22,522190.82,730035.25,947879.75,457780.88,305217.52,1631409.62,20310.22,451072.54,43746.17,314387.16,460672.30,210691.31,47697.36,124388.60,494588.09,368302.80,414063.25,100091.40,118171.35,147422.39,188151.59,104327.10,152838.71,129498.73,132520.13,149101.69,97133.30,154844.43,134090.99,113060.97,1422211.06,20410.75,15779.08,121162.16,219483.86,144.92,1228986.46,3983295.89,33283.00,687367.85,454572.91,44229.44,54454.87
Scenario 1,356,2,True Positive News,56,TRADING,150949.17,1483298.20,164407.24,268671.20,548140.79,442692.64,240937.80,522160.80,728360.90,945613.78,457568.43,305738.39,1632928.87,20288.07,451632.69,43752.85,314479.73,460071.25,210494.89,47638.09,124501.93,495239.79,367235.76,414469.18,100126.11,117698.11,147313.18,188342.98,104325.85,152786.92,129578.65,132583.74,149109.85,97303.09,154907.42,134078.42,112982.89,1420380.56,20403.80,15821.20,121254.47,219699.45,145.05,1225570.18,3975823.64,33277.03,686680.50,455104.02,44250.02,54446.93
Scenario 1,357,2,True Positive News,57,TRADING,150932.58,1483329.88,164883.56,268341.63,547875.43,442769.43,241477.36,521770.48,727373.05,943720.86,457772.24,305756.92,1626768.01,20285.85,452344.08,43677.75,314440.82,460968.58,210559.83,47592.02,124272.25,495127.38,366578.28,414927.85,100160.92,117730.46,147346.53,188422.55,103968.13,152652.28,129458.41,132739.50,149311.92,97719.43,154936.04,133707.35,113001.66,1419174.12,20405.94,15871.80,121269.71,219405.83,144.87,1221497.00,3975515.44,33256.10,685426.40,454235.50,44146.40,54502.03
Scenario 1,358,2,True Positive News,58,TRADING,150909.51,1486608.15,165158.42,268157.45,547835.99,442592.85,241215.67,521873.50,727081.92,942688.71,458065.45,306121.13,1625638.48,20276.16,453547.50,43646.36,315096.44,461307.53,210656.73,47451.13,124088.20,495486.40,366629.78,415575.20,100122.51,117620.94,147732.05,188486.07,103888.92,152940.51,129523.40,132649.33,149384.42,98220.39,154885.88,134252.20,113076.36,1417108.92,20429.26,15921.40,121150.39,219124.75,145.11,1216705.57,3972588.78,33266.02,685311.18,454083.20,44211.52,54645.86
Scenario 1,359,2,True Positive News,59,TRADING,150730.21,1487895.28,165607.34,268288.06,548332.27,442331.65,241337.40,521603.08,725602.27,942260.72,458293.36,306108.88,1626738.94,20279.40,456651.00,43655.14,314672.12,462507.53,211003.88,47316.58,124441.73,494545.99,367331.12,415551.01,100130.78,117726.99,147352.51,188463.42,103744.78,153092.24,129521.91,132778.35,149628.70,98776.04,155008.40,133584.28,113015.12,1415472.84,20438.79,15972.59,120967.86,218860.56,145.14,1212440.90,3964773.53,33249.13,685116.70,454166.25,44136.81,54348.43
Scenario 1,360,2,True Positive News,60,TRADING,150972.26,1488961.91,165520.24,268316.89,548173.29,442462.21,240981.43,522038.99,726672.58,942265.01,459377.01,305960.49,1627592.15,20261.46,459004.59,43634.34,312719.87,461216.17,211245.47,47203.78,124427.00,493170.70,366938.90,415161.58,100066.23,117763.67,147245.15,188567.10,103972.44,153341.61,129673.68,132316.15,149820.32,99119.06,155009.45,133174.58,113197.12,1414977.24,20434.35,15991.96,120801.32,218462.11,145.10,1209341.47,3984632.02,33254.35,685706.79,454232.77,44138.17,54299.81
Scenario 1,361,2,True Positive News,61,TRADING,151335.63,1489653.36,166176.25,268833.38,548212.38,442994.88,240602.45,522843.03,728092.02,943367.00,459116.29,306812.94,1627670.55,20229.71,459728.20,43708.26,312859.58,460843.70,211302.33,47208.22,124328.03,492016.14,366631.19,415800.28,100058.15,118038.53,146829.04,188654.21,103899.64,153008.19,129862.66,132269.15,149678.46,99656.39,154964.97,132276.04,113458.59,1413566.93,20405.50,16001.60,121298.48,218271.55,144.91,1206415.64,3984276.80,33248.45,685550.82,454286.98,44167.68,54213.96
Scenario 1,362,2,True Positive News,62,TRADING,151365.95,1490672.84,165835.61,269571.41,547328.06,443570.55,240190.32,522742.45,727840.54,943851.68,459246.79,307090.36,1627535.60,20247.16,460327.68,43681.12,312953.13,462017.71,211008.12,47129.26,124553.59,491910.91,365739.83,416450.52,100040.98,118154.64,146194.75,188586.96,104042.50,152861.45,129707.19,132276.20,149346.74,100570.16,154941.48,132173.81,113782.44,1413262.96,20430.30,16014.11,121615.46,218083.95,144.72,1207599.22,3978306.73,33254.44,684221.59,453489.67,44097.79,54221.88
Scenario 1,363,2,True Positive News,63,TRADING,151425.89,1489577.60,165774.70,269419.21,546661.04,442915.07,240347.16,522732.63,728751.82,948745.88,459095.29,307862.31,1629218.55,20262.00,461542.31,43691.49,311806.18,462673.13,211115.31,47029.23,124542.76,491892.27,364196.23,417470.02,99934.99,118022.23,146216.60,188813.21,103944.50,152682.08,129705.35,132203.92,149724.31,101066.51,154914.38,132389.38,114446.23,1412972.48,20421.96,16032.17,121405.39,218333.99,144.05,1204818.54,3979847.42,33261.09,683859.66,453990.99,44150.37,54135.94
Scenario 1,364,2,True Positive News,64,TRADING,151226.21,1485739.31,165460.03,269913.95,546339.05,442984.87,240148.69,522708.68,729428.01,946862.55,459123.31,308074.58,1630216.49,20258.79,462727.17,43690.78,311946.67,461984.41,211310.29,46987.70,124480.84,492983.31,365193.07,419418.66,100013.00,117666.95,146612.03,188911.22,103851.94,152438.13,129724.29,131972.14,149690.38,101999.08,154981.05,133263.46,115043.35,1411172.70,20365.70,16061.37,121395.98,218238.05,143.81,1202626.81,3978433.37,33273.43,685668.25,454898.80,44094.47,54083.64
Scenario 1,365,2,True Positive News,65,TRADING,151178.09,1487951.39,166057.70,269688.50,545546.46,443860.87,240022.13,521460.59,731738.18,950578.47,458897.55,307626.00,1629994.55,20250.35,464016.26,43697.19,312263.95,460195.92,211108.45,46951.32,124359.39,492575.95,366582.59,419519.59,99917.54,117425.28,146559.22,188809.34,103925.43,152606.60,129639.17,132012.87,149480.05,102784.32,154864.28,133309.13,115642.27,1409992.62,20365.28,16086.65,121446.70,218005.98,143.51,1199900.55,3977432.39,33298.13,685747.97,455897.23,43945.80,53931.90
Scenario 1,366,2,True Positive News,66,TRADING,151412.93,1491117.93,166771.70,269512.71,546116.56,444261.92,239850.71,523101.72,732270.75,951768.51,458656.43,307299.21,1635293.97,20244.83,465026.87,43696.27,312102.83,460831.32,211606.35,46959.02,124738.55,493397.45,366960.49,419361.71,99804.99,117073.16,146643.05,188464.01,103819.22,152438.08,129534.32,132219.97,149744.36,103847.71,154928.26,133558.66,116256.34,1410646.65,20340.58,16076.16,122198.76,218107.42,143.87,1199372.44,3982685.31,33332.56,685360.34,455973.51,43966.02,53981.15
Scenario 1,367,2,True Positive News,67,TRADING,151544.75,1493203.75,166729.08,269413.93,545701.37,444567.59,239847.83,523706.49,732876.95,950649.40,457933.91,307231.50,1636621.58,20243.61,465681.85,43700.11,311836.98,461080.76,212174.44,46932.85,125346.50,494823.58,366416.29,419433.08,99833.77,116891.09,146457.96,188638.00,103751.44,152565.72,129817.21,132266.02,149647.65,104689.49,154868.98,133778.47,116934.94,1410275.13,20395.50,16045.77,121574.33,218240.54,143.31,1200505.22,3984476.39,33344.30,685673.26,456691.04,43992.64,53958.72
Scenario 1,368,2,True Positive News,68,TRADING,151346.97,1494150.92,166772.40,269548.84,544826.11,444643.79,239963.31,523948.29,733908.81,954292.56,457291.51,308196.99,1636757.95,20222.26,466555.36,43772.04,312267.15,461690.55,212596.53,46853.80,125550.49,496337.04,366500.33,418735.85,99852.63,117115.07,146628.60,188676.17,103688.29,152474.65,129797.67,132509.93,149181.43,105519.60,155012.07,133409.39,117380.19,1409835.71,20395.70,16087.82,121479.19,218584.07,143.26,1197845.38,3980278.26,33336.39,684440.64,456937.98,43998.98,53870.20
Scenario 1,369,2,True Positive News,69,TRADING,151438.48,1490642.34,166686.87,269443.26,544376.24,444817.34,239673.73,523373.01,733031.42,955541.93,457754.39,309314.92,1637645.67,20222.30,467804.58,43761.15,312050.61,461899.27,213012.48,46920.47,125286.67,494495.97,368109.84,419623.55,99773.43,116897.25,146575.68,188717.77,103740.63,152262.58,129719.77,132706.08,149440.85,106418.92,154956.37,133513.94,117430.21,1409765.71,20376.96,16153.55,122073.35,218731.13,142.94,1196093.67,3977690.97,33405.23,685305.96,457587.26,44008.89,53931.54
Scenario 1,370,2,True Positive News,70,TRADING,151652.29,1487810.25,166691.68,269096.85,544629.46,444640.43,240296.79,523717.67,733760.86,954871.90,457394.48,309377.82,1640638.49,20206.56,467019.21,43688.39,311574.50,462698.18,213634.55,46954.57,126180.70,494060.11,368753.55,419944.71,99862.02,116592.70,147003.97,188711.14,103835.01,152608.14,129671.37,132460.76,149507.42,107160.36,154940.09,133365.85,117208.02,1407115.11,20354.70,16145.04,122050.60,219450.86,142.72,1196492.04,3972922.36,33412.98,683756.96,458270.65,43850.72,53999.84
Scenario 1,371,2,True Positive News,71,TRADING,151855.87,1488434.18,166266.11,269216.96,544426.31,445202.19,240460.16,523758.43,734858.56,955316.33,457539.11,310472.10,1643715.82,20189.20,467662.57,43728.10,311312.37,464053.70,214367.42,46951.23,125899.82,491460.95,368257.03,421042.28,99920.24,116511.88,147428.34,188728.40,103937.66,152840.23,129735.74,132793.60,149343.35,107859.46,154914.81,132973.51,116775.91,1405469.75,20365.66,16162.98,121905.43,219595.06,142.38,1196821.39,3956668.25,33424.16,683829.29,458373.61,43769.90,53995.06
Scenario 1,372,2,True Positive News,72,TRADING,151836.74,1487974.31,166647.28,269354.92,544581.92,445503.52,239968.45,524269.19,734379.25,954506.27,457594.22,310396.53,1647983.49,20191.92,467505.31,43744.88,310542.82,463062.63,214903.84,46990.92,126148.94,492538.89,367708.27,421716.73,99895.58,116093.65,147737.59,188736.29,104149.33,152903.05,129693.64,132706.84,149222.44,108378.03,155018.55,132766.98,116030.23,1406116.92,20377.82,16210.96,122198.71,219714.99,141.98,1196145.79,3965695.74,33452.06,684795.49,457717.19,43748.91,53916.96
Scenario 1,373,2,True Positive News,73,TRADING,151756.03,1490320.52,166197.55,268735.26,545704.30,444901.67,240559.78,524953.27,735151.29,952643.28,458138.07,310863.48,1651066.47,20212.87,468741.63,43741.98,309519.75,462983.98,215239.41,47077.35,125732.18,492561.84,367375.49,422434.49,99821.15,115659.41,148267.19,188684.97,103938.59,152970.48,129708.54,132514.92,149115.71,108800.18,154982.75,133025.20,115289.35,1405589.68,20410.67,16249.62,122743.12,220096.02,142.35,1198148.05,3958290.43,33477.36,683734.06,457413.87,43644.15,53942.24
Scenario 1,374,2,True Positive News,74,TRADING,151583.05,1493630.28,166255.71,268857.87,545574.64,444917.24,240419.44,524844.01,734963.62,952042.07,458883.83,311303.51,1654504.59,20203.23,469361.79,43767.35,309343.07,462573.38,215861.49,47124.62,126109.66,491881.23,366524.89,422259.90,99847.06,115307.95,148975.84,188782.13,103881.93,152994.29,129593.10,132486.84,149094.33,108965.08,154990.04,132768.19,114644.04,1404262.64,20428.97,16247.21,122532.16,219964.52,142.00,1197584.33,3960971.52,33494.35,683753.64,457812.30,43563.21,53944.61
Scenario 1,375,2,True Positive News,75,TRADING,151442.72,1489858.14,166324.00,269147.89,545099.27,445698.84,240654.41,526508.56,734012.20,951124.16,458781.68,310667.81,1661411.41,20191.25,468857.30,43788.00,309456.35,461972.41,216580.25,47162.60,126243.75,492297.04,366673.46,422619.52,99839.53,115190.36,148507.69,188784.64,103690.43,153200.59,129515.82,132544.83,149166.79,109183.83,154980.52,132397.37,113898.09,1401742.64,20456.02,16227.38,122624.15,219744.45,141.68,1198564.20,3970889.16,33517.60,682277.28,457670.27,43525.93,53993.29
Scenario 1,376,2,True Positive News,76,TRADING,151175.24,1491771.93,166405.53,269271.73,545721.80,445822.72,241346.59,527169.32,736233.00,948650.05,458153.90,310944.79,1663617.86,20189.15,469705.07,43771.90,308760.20,462876.68,217345.13,47237.24,126365.16,493805.33,366621.73,423866.92,99855.61,114993.23,148615.11,188642.75,103628.69,153003.59,129596.76,132764.48,149448.80,109182.77,154849.47,132484.05,113414.04,1398688.91,20486.19,16173.38,122708.19,219767.52,141.65,1202198.44,3973848.91,33539.12,682371.23,457679.49,43440.32,54076.17
Scenario 1,377,2,True Positive News,77,TRADING,151261.22,1490534.60,166731.81,269024.70,545093.32,445823.67,241284.76,525904.86,738316.32,950265.52,458467.54,311991.26,1666189.36,20175.41,469829.92,43753.65,308618.79,462741.21,217856.47,47243.97,126267.66,494365.69,366538.44,423303.03,99741.70,114750.13,148809.58,188341.42,103660.90,153641.42,129464.21,132593.33,149689.90,109257.71,154900.59,132410.86,113061.90,1396992.98,20433.34,16221.11,122478.54,219709.99,141.42,1204603.25,3962992.53,33535.70,682194.15,457447.64,43478.85,53976.46
Scenario 1,378,2,True Positive News,78,TRADING,151259.99,1491594.10,167281.77,268492.33,546151.01,445507.93,241745.69,526662.25,737446.16,950626.43,459106.78,312144.47,1669745.83,20185.07,470752.83,43790.26,308487.17,462858.87,218608.13,47297.22,126166.99,494424.37,366298.74,422849.02,99695.99,114646.68,149116.15,188402.99,103609.86,153670.20,129542.76,132763.00,149903.69,108786.47,154586.64,132386.98,112810.48,1394900.19,20465.29,16170.51,122461.77,220317.71,141.03,1205216.59,3959816.18,33558.04,682759.11,457211.43,43572.01,53948.07
Scenario 1,379,2,True Positive News,79,TRADING,151123.95,1487715.90,167416.25,268068.64,544939.37,445455.56,241476.56,527389.29,737644.48,949744.87,459384.31,312568.78,1672443.25,20210.49,470990.93,43785.35,310131.82,462218.33,218535.12,47332.99,126328.29,495091.33,364990.79,423359.05,99694.06,114637.19,149345.98,188366.29,103778.41,153671.37,129482.07,132691.75,149893.25,108431.03,154581.14,132097.94,112526.31,1394684.40,20480.55,16189.92,122371.84,220349.10,142.06,1208292.27,3953261.51,33608.83,682076.83,457006.29,43643.96,54046.82
Scenario 1,380,2,True Positive News,80,TRADING,150862.46,1485116.80,167298.22,268786.58,544987.06,445355.48,241887.76,528251.04,737653.00,948934.54,459924.99,313478.73,1674387.33,20187.32,471239.96,43794.17,309120.83,463628.48,218418.45,47411.64,126292.55,493970.09,364031.14,423174.55,99624.04,114339.06,149577.27,188491.07,103721.82,153792.05,129430.21,132513.05,149854.02,107909.68,154240.34,131990.08,112458.55,1393958.36,20482.92,16224.27,122480.46,220394.13,141.81,1211012.86,3944850.31,33601.95,682419.34,457397.35,43568.35,54311.54
Scenario 1,381,2,True Positive News,81,TRADING,150876.87,1480037.24,166919.93,268376.56,544161.14,445269.83,242109.08,527548.66,737333.52,950536.26,459808.31,313461.30,1673397.88,20216.42,470519.63,43822.68,308125.85,463966.53,218306.01,47418.59,126509.51,493384.36,363925.85,423468.29,99592.80,114391.70,149358.66,188431.79,103871.53,153880.61,129396.74,132239.97,149998.17,107298.28,154063.78,131608.59,112382.60,1393934.81,20515.87,16261.22,123169.41,220692.88,141.74,1215827.34,3943258.78,33616.05,681655.67,458222.36,43477.69,54153.46
Scenario 1,382,2,True Positive News,82,TRADING,150919.88,1480924.77,166812.26,268150.09,544192.27,445395.78,242202.86,525569.82,736403.98,949897.37,460102.52,313284.65,1671259.59,20213.78,470102.02,43837.37,307790.67,464367.47,217991.83,47449.17,126051.02,492196.39,363498.63,423504.14,99657.15,114369.32,149734.53,188411.30,103877.62,153872.17,129566.25,132589.59,149821.41,106767.41,153766.76,131587.00,112276.48,1391188.34,20521.02,16326.36,123437.09,221098.74,141.71,1218686.17,3944871.61,33600.35,682559.02,458286.68,43522.18,54071.13
Scenario 1,383,2,True Positive News,83,TRADING,151122.97,1477465.10,166308.89,268398.45,544339.40,444953.02,242180.03,526158.99,734106.79,947629.26,460188.00,313048.60,1667046.66,20213.52,471021.89,43780.27,308430.56,463608.76,217939.06,47513.15,126225.61,490468.17,363373.47,423363.73,99531.53,114398.56,149788.63,188544.27,103786.77,154538.02,129627.31,132519.93,149911.88,106273.77,153264.93,131463.73,112247.99,1391136.35,20551.20,16404.43,123607.73,221297.87,141.70,1222460.70,3936446.28,33579.21,683301.52,459607.80,43444.28,53940.70
Scenario 1,384,2,True Positive News,84,TRADING,150837.92,1477072.38,166365.59,268706.59,543883.83,444942.47,241524.69,526049.76,735069.34,945800.37,459910.66,313599.55,1664730.86,20208.07,470841.89,43746.05,307602.77,462821.26,217620.35,47562.66,125896.94,490639.65,363450.44,423990.58,99516.63,114518.55,150071.16,188416.49,103923.08,154970.46,129717.43,132405.63,149950.21,105664.59,152652.48,131887.41,112407.64,1392928.25,20602.73,16460.21,123644.59,220953.11,141.00,1225107.90,3933250.61,33620.16,684523.52,459275.54,43339.94,53872.08
Scenario 1,385,2,True Positive News,85,TRADING,151008.32,1476611.51,165937.75,268518.49,542494.98,444830.85,242290.68,525922.28,735376.73,948110.00,459936.58,313593.90,1660796.91,20223.59,469557.38,43736.93,308240.41,462888.26,217315.29,47605.31,125315.01,488279.94,363764.06,423652.64,99610.33,114876.51,150192.11,188143.88,104190.78,154945.32,129625.71,132299.33,149943.26,105143.03,152039.00,132703.33,112359.51,1392656.89,20660.41,16436.88,123526.06,220951.88,140.79,1230529.14,3931635.02,33629.88,684004.60,460016.85,43427.49,53697.43
Scenario 1,386,2,True Positive News,86,TRADING,151116.83,1473543.06,165992.60,268787.57,542550.87,444460.47,242392.75,525699.21,734689.47,947820.09,459464.75,312979.69,1658385.11,20208.44,469454.00,43700.92,307890.87,463031.80,217191.60,47677.04,125002.53,488991.39,363310.09,424080.31,99620.50,115064.06,150194.04,188210.29,104308.17,155120.31,129436.06,132414.01,150003.12,104534.33,151612.65,132443.18,112505.68,1394049.03,20657.06,16452.17,123482.70,221224.32,141.06,1233705.13,3923723.43,33636.70,684753.76,458961.21,43476.16,53768.64
Scenario 1,387,2,True Positive News,87,TRADING,151275.03,1471878.90,165962.77,268843.78,540977.39,444411.45,242607.62,526363.71,735569.28,948555.94,458638.77,313505.33,1656951.15,20195.24,469292.37,43651.13,308194.32,462451.67,216536.19,47715.83,125353.16,489631.68,362499.11,423934.53,99582.12,115090.18,150676.96,188335.09,104254.15,155225.07,129384.85,132590.11,150049.56,103802.23,150975.36,132378.41,112590.01,1395373.30,20722.37,16395.43,123686.14,220972.25,140.30,1237859.37,3921809.56,33668.41,683427.06,458818.53,43453.13,53663.53
Scenario 1,388,2,True Positive News,88,TRADING,151453.84,1470686.17,166126.18,269101.65,540833.50,444155.16,242499.54,526344.95,737256.32,946293.77,458679.62,313617.98,1653300.42,20186.78,468113.00,43603.79,308389.14,463204.02,216777.36,47737.04,124758.70,489070.82,362516.72,423637.91,99674.16,115388.12,150753.86,188294.68,104233.95,155638.58,129310.93,132560.04,150325.61,103124.23,150433.61,132963.55,112585.71,1395708.63,20726.41,16404.75,123279.80,221005.96,140.85,1243357.92,3906759.04,33653.13,681966.57,459656.49,43477.38,53696.81
Scenario 1,389,2,True Positive News,89,TRADING,151240.24,1475150.39,166371.89,269410.97,540843.88,443641.55,242372.65,527799.70,736081.38,948358.29,459264.73,313731.16,1649603.67,20161.71,467855.54,43604.22,308851.46,463030.55,216644.88,47740.10,124311.05,489005.26,362030.12,424007.82,99714.20,115740.23,151244.62,188204.68,104275.38,155256.35,129345.78,132246.09,150418.22,102587.10,150220.64,132704.31,112511.37,1395333.11,20753.44,16435.80,123604.26,221108.34,140.54,1249178.72,3901720.83,33642.43,682146.38,459704.86,43569.54,53422.87
Scenario 1,390,2,True Positive News,90,TRADING,151000.28,1476813.79,166290.62,269754.91,541190.26,443295.51,242830.83,529720.45,736196.50,948984.73,459500.41,314795.55,1644929.20,20169.60,469718.18,43620.50,308167.79,462815.44,216865.64,47791.53,124139.12,489579.90,361755.86,424664.36,99651.64,116075.06,151265.85,188223.12,104396.42,155223.69,129346.63,131769.40,150313.77,102002.10,150061.83,132623.91,112560.04,1394640.46,20741.09,16420.73,123414.55,221121.29,139.91,1249368.76,3894068.12,33691.50,683476.99,459591.41,43499.90,53250.18
Scenario 1,391,2,True Positive News,91,TRADING,150877.78,1478453.85,166459.13,269589.31,541230.38,442972.81,243020.94,529580.58,737083.71,946550.96,458705.42,314834.45,1643849.67,20164.63,468517.40,43614.22,307955.83,463052.70,216989.75,47832.84,124618.73,489279.04,362212.05,425071.42,99671.89,116259.81,151252.56,188422.36,104532.70,154693.45,129375.74,132239.45,150582.64,101679.84,150157.58,131878.41,112636.94,1394982.56,20726.20,16390.98,123327.03,221196.31,140.18,1252817.18,3906490.54,33679.81,682877.95,458984.00,43512.05,53408.34
Scenario 1,392,2,True Positive News,92,TRADING,150867.07,1478699.72,166477.16,269809.46,541847.65,443112.81,243271.12,529634.90,738776.90,945158.10,459221.31,315263.61,1638095.55,20167.91,467209.18,43631.42,307519.86,463965.24,216887.58,47864.56,124652.42,490339.97,362980.17,425241.35,99666.98,116318.16,151640.50,188580.07,104565.98,154808.20,129272.58,132365.03,150672.06,101105.71,150678.36,131738.78,112623.50,1396964.79,20685.96,16384.61,123596.79,221118.55,140.22,1258680.83,3900589.87,33698.54,681304.33,458472.70,43619.52,53393.94
Scenario 1,393,2,True Positive News,93,TRADING,150728.71,1477703.42,166546.39,269804.45,542435.52,442568.53,243785.97,531217.08,738117.65,945415.36,458812.54,316071.09,1634475.89,20174.13,466443.31,43601.50,307367.36,464966.14,216585.92,47833.49,124560.67,489855.23,362442.36,425008.23,99633.91,116475.47,151983.49,188578.14,104371.38,154760.69,129132.49,132503.45,150755.00,100469.53,151071.55,131632.08,112578.11,1399306.34,20696.25,16366.48,123709.18,221032.06,141.08,1263501.93,3890046.44,33687.47,681043.05,458193.67,43641.28,53213.44
Scenario 1,394,2,True Positive News,94,TRADING,150950.15,1478294.93,166550.84,269677.18,543823.80,442313.99,243396.86,531160.53,740084.55,946118.81,458915.41,316232.27,1633786.73,20180.98,466122.36,43568.56,307120.78,465397.23,216776.68,47845.44,124296.93,488604.43,362552.29,424796.67,99565.08,116482.28,152376.34,188625.78,104266.51,154802.76,129130.75,132713.10,150720.43,100114.06,151837.36,131498.07,112547.42,1399127.04,20725.05,16416.08,123771.01,221221.30,141.81,1269429.49,3892843.73,33683.46,681100.71,457766.93,43600.55,53025.14
Scenario 1,395,2,True Positive News,95,TRADING,150862.12,1485173.90,166362.10,269651.94,543269.56,441429.44,243353.34,532016.33,741192.73,946397.85,458296.48,316822.71,1627409.92,20180.11,465617.89,43555.58,307023.89,465405.45,216577.43,47848.17,123716.80,488228.39,363316.77,425536.30,99565.07,116579.62,152483.36,188584.74,104507.05,154402.61,129082.81,132634.33,150838.95,99650.51,152534.18,131146.57,112703.71,1401344.52,20708.90,16446.45,123628.84,221498.81,141.83,1277480.07,3915825.52,33704.11,681132.05,457830.26,43543.83,52832.47
Scenario 1,396,2,True Positive News,96,TRADING,150880.47,1482384.49,166295.41,269880.96,544508.04,441281.05,243459.55,532639.73,741524.72,947814.85,458515.34,316165.12,1623605.55,20173.94,465268.92,43617.29,307831.67,465487.25,216165.11,47931.48,124080.09,488225.32,363306.95,424144.68,99466.16,116548.11,152745.54,188794.74,104542.44,154315.10,128894.97,132601.22,150592.05,99451.10,153294.04,131433.49,112706.92,1403700.02,20717.76,16463.78,123476.52,221285.93,141.52,1283008.55,3919710.57,33718.98,680066.56,456850.58,43597.29,52768.19
Scenario 1,397,2,True Positive News,97,TRADING,150793.27,1483701.21,165930.88,270206.65,544334.96,440589.27,243687.22,532752.45,741531.42,946350.41,459157.93,316453.61,1624439.29,20171.62,464149.31,43615.87,307702.07,465005.97,216532.54,48008.52,124297.52,487781.14,363753.34,424000.58,99583.35,116641.63,152920.04,188909.33,104766.18,154156.05,128932.79,132723.15,150819.78,99254.23,153785.97,131755.19,112765.55,1406113.40,20700.27,16431.55,123416.08,221145.87,141.47,1289174.06,3921051.64,33731.57,679711.10,457055.34,43461.75,52855.93
Scenario 1,398,2,True Positive News,98,TRADING,150559.51,1482016.84,166060.78,270626.28,545008.36,440785.95,244376.37,530979.76,741769.58,944795.13,459026.38,316610.96,1623380.50,20154.60,462526.48,43639.43,307763.00,465762.32,216666.29,48057.36,124097.99,489088.44,363817.64,424444.78,99433.20,116460.23,152659.11,188968.34,104835.45,154162.73,129120.39,132961.77,150940.72,99190.21,154275.90,131809.58,112838.09,1408490.03,20679.51,16391.73,123264.96,221540.83,141.91,1295322.27,3919907.62,33713.46,679125.28,456796.64,43390.53,52757.71
Scenario 1,399,2,True Positive News,99,TRADING,150656.34,1481321.29,166128.06,271346.95,545371.11,440766.86,244713.59,529909.13,742621.33,947576.87,458997.54,316477.28,1623071.52,20160.91,462377.57,43631.98,307672.46,465140.42,216806.58,48079.60,123956.45,490078.50,362387.50,424705.28,99480.96,116445.88,152689.96,188929.60,104660.49,153959.33,129152.12,133228.12,150960.67,98986.81,154295.83,132035.70,112777.11,1409103.64,20684.89,16367.88,123867.97,222428.82,141.92,1302413.32,3928278.54,33733.57,679305.45,457079.46,43234.23,52852.46
Scenario 1,400,2,True Positive News,100,TRADING,150788.87,1477523.32,166024.76,272150.00,544781.54,441089.45,244964.31,530652.38,739123.34,945166.41,458738.30,316801.84,1622839.04,20156.58,461841.73,43593.59,307391.49,464843.15,217041.30,48156.08,123454.14,491997.35,362379.30,424498.02,99518.05,116272.05,152994.65,189049.38,104500.78,154160.73,129192.69,133617.44,151230.72,99018.42,154571.43,132383.00,112682.40,1410177.89,20687.78,16333.79,123538.99,222083.17,141.49,1306266.42,3926920.02,33734.34,679097.32,457250.44,43323.60,53036.55
Scenario 1,401,2,True Positive News,101,TRADING,150801.44,1477327.32,166654.65,272925.33,545392.63,440593.28,244929.18,530634.70,738739.93,947174.12,458104.41,317552.75,1621916.10,20150.13,461297.21,43595.48,306962.65,464243.67,216740.79,48175.31,123112.14,490974.89,362141.84,423727.12,99408.94,116018.91,153464.61,189202.17,104504.77,154402.15,129125.78,133510.83,151286.95,99006.87,154714.26,131805.05,112618.75,1411767.21,20672.27,16346.49,123316.39,221468.12,142.04,1310694.81,3922753.94,33785.91,678460.32,457110.14,43249.13,53018.26
Scenario 1,402,2,True Positive News,102,TRADING,150998.05,1478654.99,166313.38,274085.69,545611.10,441096.34,245068.43,530920.87,738328.87,949865.73,457922.81,316506.61,1622537.22,20125.43,460888.61,43589.96,307438.14,463984.23,217103.07,48224.41,123706.53,491740.58,362193.88,422983.22,99431.69,115822.05,153275.75,189300.93,104453.81,154695.78,129083.66,133751.85,151141.42,99144.24,154747.33,131834.32,112753.07,1412734.69,20631.75,16346.74,123541.43,221660.37,141.95,1315909.50,3919219.47,33818.58,676411.71,456140.65,43258.24,52935.07
Scenario 1,403,2,True Positive News,103,TRADING,151135.68,1479284.95,166499.66,274917.13,546572.51,440892.67,245127.40,531452.46,738483.31,948179.61,457595.45,316677.02,1622463.69,20118.81,460721.71,43582.16,307345.38,465746.52,217119.50,48338.24,123594.15,490785.04,361676.06,423019.51,99408.34,115696.20,152593.49,189496.96,104658.95,154992.36,129141.84,133760.70,151654.48,98861.66,154597.48,131945.84,112767.16,1412279.37,20628.83,16320.65,123661.87,222394.45,141.78,1325244.58,3913498.43,33857.96,676130.80,457353.66,43268.48,52817.74
Scenario 1,404,2,True Positive News,104,TRADING,150903.53,1481669.96,165973.79,275404.07,546787.63,441720.33,245416.37,531576.62,737156.39,947790.84,457656.96,315642.72,1622004.35,20120.84,459674.39,43585.00,307113.82,467543.89,217025.28,48355.54,123592.04,490980.33,361372.62,423950.14,99378.71,115483.99,153025.66,189553.83,104445.72,155066.15,129367.97,133876.77,151560.06,98947.80,154693.34,131672.64,112811.16,1413064.08,20536.99,16260.50,123647.93,222536.43,141.74,1330918.24,3909992.62,33843.07,675462.50,457851.22,43386.02,52726.88
Scenario 1,405,2,True Positive News,105,TRADING,151057.63,1480364.57,165504.05,276638.51,547082.18,441215.27,245368.33,531815.65,737940.94,951950.10,457494.54,314711.34,1625632.04,20145.00,460092.77,43573.41,307045.93,467983.06,216926.07,48428.67,123941.82,488886.22,360235.17,423855.50,99476.48,115433.10,153434.57,189624.74,104652.34,155036.74,129266.73,134148.69,151664.38,99000.68,154760.39,131875.36,112803.49,1412415.80,20510.10,16208.92,123637.23,222682.46,141.90,1336805.56,3918137.79,33862.04,675581.80,457307.83,43401.21,52816.20
Scenario 1,406,2,True Positive News,106,TRADING,150975.60,1479196.63,165070.88,277495.40,546146.79,441319.81,245183.61,531509.50,737279.92,948467.18,457585.10,313802.67,1626224.32,20150.40,458768.17,43573.84,307195.58,468567.99,217349.10,48451.77,123877.02,488479.62,360810.05,423917.91,99394.04,115645.57,153892.38,189728.24,104736.21,154680.11,129205.02,134299.86,151992.76,99102.23,154838.00,132048.05,112745.93,1413984.42,20435.21,16132.95,123716.45,222762.97,142.23,1339982.21,3932372.25,33853.81,675667.60,458269.03,43531.24,52717.59
Scenario 1,407,2,True Positive News,107,TRADING,150928.08,1482245.62,164210.73,278086.83,546157.76,440610.51,244374.98,531991.93,736848.82,946742.19,458186.93,314084.00,1627238.00,20146.10,458355.33,43549.52,308287.40,468052.13,216956.10,48495.23,123178.94,488156.69,360020.71,423601.24,99364.03,115463.04,154529.14,189886.26,104610.95,154663.19,129217.00,134444.43,152305.57,99546.20,154677.20,132005.66,112790.15,1416054.27,20375.27,16089.29,124193.24,222934.17,142.70,1343689.07,3931742.84,33881.47,676428.44,457939.42,43561.18,52768.10
Scenario 1,408,2,True Positive News,108,TRADING,150597.81,1484491.80,163948.87,279423.05,545832.83,439944.40,244889.49,532588.66,736989.99,940276.01,457579.76,312922.76,1624265.80,20127.40,456392.88,43566.04,308209.20,467299.68,217419.88,48559.66,122997.15,488718.12,359187.50,424064.60,99367.50,115333.63,154750.41,190004.32,104593.28,154562.25,129222.35,134269.99,152307.76,99602.27,154537.57,132221.12,112814.75,1416844.61,20328.24,16009.06,124347.45,223268.41,142.74,1347583.11,3922897.49,33864.30,675673.14,458386.48,43439.34,52829.58
Scenario 1,409,2,True Positive News,109,TRADING,150546.20,1484466.12,164199.53,280676.42,545018.97,440309.02,244981.43,533105.43,736523.03,936783.55,457666.69,311820.65,1627745.75,20122.65,453800.73,43584.39,308304.40,468605.28,217106.68,48588.61,122943.80,488662.72,360337.75,424297.66,99305.24,115192.35,154330.71,190074.26,104861.15,154479.85,129331.38,134231.13,152267.00,99875.02,154435.14,132370.35,112747.78,1417523.27,20263.77,16001.50,124198.52,223571.62,142.16,1350336.60,3931224.94,33855.88,674448.63,458763.93,43363.59,52825.85
Scenario 1,410,2,True Positive News,110,TRADING,150760.78,1485304.25,164283.58,281894.61,545547.09,440518.99,244585.26,533502.66,735879.45,937854.65,457752.81,310392.08,1625824.15,20111.03,452615.17,43561.56,308096.09,468499.71,217405.05,48654.26,123156.10,489567.21,361208.41,424500.21,99336.56,115051.36,153973.06,190229.67,104894.39,154563.48,129352.84,134044.48,152339.13,99893.94,154350.35,132932.34,112795.99,1419552.76,20188.13,16032.43,124794.53,223761.59,142.72,1352640.79,3916664.51,33867.51,673601.62,457984.48,43339.95,52969.41
Scenario 1,411,2,True Positive News,111,TRADING,150594.82,1488640.01,164540.70,282920.96,545268.71,440919.51,244133.88,533109.32,736793.71,940039.96,457557.47,308348.57,1624734.73,20107.57,451310.98,43516.46,307708.78,469447.86,217473.06,48698.24,122953.46,491073.48,361143.51,425370.23,99339.92,115146.84,153679.86,190817.95,104869.97,154526.01,129583.56,133564.68,152169.91,99934.40,154164.67,133055.39,112807.51,1421501.45,20113.92,15974.71,125099.36,224027.23,142.67,1355753.85,3905310.90,33866.90,674377.92,457351.54,43331.14,53078.41
Scenario 1,412,2,True Positive News,112,TRADING,150504.16,1485397.75,164901.01,283267.91,544895.07,440656.01,243463.60,533123.35,735855.47,942218.94,458029.93,306941.01,1623075.86,20129.47,450870.50,43485.07,307096.08,470276.11,217370.01,48667.06,122294.41,491183.97,361185.19,426473.86,99276.86,115205.64,153326.74,190977.28,105123.20,154289.57,129527.14,133819.97,151943.49,100008.41,154361.90,133427.50,112710.17,1421717.46,20080.47,15905.43,125032.83,223497.71,143.12,1356800.42,3907887.55,33875.54,673700.09,458015.44,43373.10,53233.19
Scenario 1,413,2,True Positive News,113,TRADING,150294.54,1488486.02,165356.53,283873.91,544486.62,439918.00,243536.65,533980.49,736713.01,941576.69,457947.19,306074.88,1624406.30,20131.85,449797.85,43505.33,307119.80,470838.83,217664.55,48658.67,122248.41,491055.55,361228.10,427984.44,99226.06,115090.09,153418.23,191152.10,104900.41,153996.71,129525.87,133673.22,151731.64,100071.89,154505.49,133596.82,112774.01,1422428.25,20009.43,15924.44,124545.85,223486.51,143.69,1354773.23,3909139.48,33892.48,674224.59,457313.24,43290.74,53242.14
Scenario 1,414,2,True Positive News,114,TRADING,150333.38,1489557.86,165074.30,284720.10,543746.65,439478.56,243220.72,533690.85,738953.14,943747.13,458186.36,306204.02,1619112.10,20131.96,448501.13,43504.35,306246.79,470319.62,217751.81,48644.54,121388.11,491696.43,361070.86,429383.83,99240.79,114968.85,153426.23,191514.18,105126.94,153859.06,129559.44,134096.28,151847.31,100197.08,154337.80,133615.60,112830.03,1423871.52,19999.19,15884.66,124288.72,223613.93,143.72,1351736.18,3914234.90,33915.11,673566.60,458060.42,43331.31,53330.48
Scenario 1,415,2,True Positive News,115,TRADING,150547.68,1486905.91,164363.45,285667.05,544084.65,440077.31,243669.99,532875.61,738991.95,942872.28,458612.05,305791.48,1623294.12,20129.82,446842.38,43522.30,306228.38,469974.99,217928.26,48620.44,120898.59,490022.99,360433.23,430680.16,99247.10,114966.57,152732.57,191556.39,105078.97,153191.84,129646.63,134079.71,152050.16,100489.90,154324.46,133512.66,112840.23,1426032.07,19992.56,15798.79,123577.33,223372.40,144.30,1350287.09,3916503.28,33925.12,674413.67,458023.58,43385.78,53299.67
Scenario 1,416,2,True Positive News,116,TRADING,150491.58,1486133.89,164749.90,286599.52,543290.43,439760.29,243849.08,532753.34,740553.73,942784.80,458288.71,303581.56,1623250.04,20113.12,445793.39,43513.87,305901.05,469563.21,218300.94,48631.38,120515.74,490045.11,360917.25,431795.60,99114.37,114921.04,152566.51,191853.15,104775.45,153414.37,129583.77,134234.44,152086.20,100739.53,154442.05,134260.20,112855.90,1427996.55,19990.27,15770.64,123520.58,222798.08,144.57,1346882.74,3917572.07,33924.54,675297.13,458634.00,43475.80,53429.09
Scenario 1,417,2,True Positive News,117,TRADING,150529.18,1483080.18,164251.67,288015.86,543504.58,439763.03,243678.46,532347.57,742183.30,946048.83,458727.14,302071.82,1620891.74,20114.24,444342.39,43585.43,306476.46,469304.75,218043.49,48677.10,120599.73,490587.98,360605.64,433297.14,98964.67,115082.53,152428.94,192215.13,104915.03,153510.50,129588.26,134412.91,152134.11,101169.61,154331.78,134168.52,112956.67,1429888.71,20012.76,15741.45,123456.43,223202.87,144.59,1341691.85,3920725.59,33937.55,675737.39,458880.48,43428.48,53395.83
Scenario 1,418,2,True Positive News,118,TRADING,150459.63,1479582.57,163571.78,289285.84,543597.08,440356.05,244321.11,532645.41,742252.59,948865.61,459147.76,301285.63,1621919.82,20090.02,443138.20,43583.47,306599.83,468873.25,218571.34,48720.24,120697.63,491493.34,360280.30,433947.90,98926.47,114833.38,152511.18,192538.48,104806.58,153263.93,129520.25,134406.82,152216.94,101217.65,154358.11,134353.92,113002.53,1430514.17,20077.53,15745.47,123942.25,223050.72,144.65,1337095.73,3903427.93,33928.56,676963.99,458335.23,43457.80,53286.65
Scenario 1,419,2,True Positive News,119,TRADING,150319.16,1478921.78,163526.70,289796.12,543489.01,440244.88,243630.73,531737.61,742976.88,948185.37,459826.40,300215.35,1620216.46,20084.55,440869.26,43555.36,306265.32,468197.65,218476.27,48797.10,120910.29,490225.98,360548.49,434508.16,99016.68,114948.54,152776.60,192788.26,104757.12,153461.56,129483.10,134602.19,152246.40,101519.44,154463.87,134809.78,113077.13,1431648.22,20105.27,15797.66,123768.32,222506.81,144.96,1331743.12,3906980.89,33943.59,678666.83,458514.00,43507.27,53297.83
Scenario 1,420,2,True Positive News,120,TRADING,150484.60,1482640.87,163397.67,291321.01,542383.84,439995.28,244056.63,531219.66,744169.85,949898.02,459428.30,298325.59,1619545.66,20104.47,439604.14,43531.86,307507.98,468495.77,218067.04,48795.93,120408.21,489824.89,360017.29,435222.30,99024.06,114876.82,152863.24,192899.19,104573.07,153574.06,129510.74,134541.65,152378.00,102108.46,154450.01,135261.88,112969.83,1434530.55,20159.97,15776.69,123669.11,222416.20,145.51,1327477.28,3910207.36,33956.30,680528.57,458631.46,43457.04,53355.21
Scenario 1,421,2,True Positive News,121,TRADING,150595.99,1487466.80,163580.93,292444.99,542694.39,439056.04,244651.87,532830.65,743577.63,949070.05,459598.70,296593.94,1616826.00,20104.10,437441.24,43567.68,306878.69,468879.05,218291.06,48835.42,120522.57,488333.35,360117.94,436668.43,98986.42,114902.45,152888.39,193253.42,104622.72,153971.01,129314.00,134630.53,152415.81,102498.93,154519.46,135342.44,112885.24,1436165.17,20222.13,15817.26,123934.83,222421.55,145.53,1322359.73,3908037.65,33915.07,682963.58,458416.35,43547.54,53351.46
Scenario 1,422,2,True Positive News,122,TRADING,150650.67,1487271.95,163627.46,293638.78,543252.28,439193.75,244677.36,532792.23,741283.62,948034.95,459998.70,295545.56,1616765.52,20121.36,436059.91,43539.65,307413.79,468106.04,218336.67,48833.34,120600.63,487930.60,359235.98,438326.40,98944.35,114885.69,152936.09,193469.81,104547.00,153923.16,129245.43,134576.91,152478.71,102566.19,154356.70,135892.43,112978.71,1436584.03,20257.21,15885.04,123874.63,221999.56,145.37,1312998.02,3905935.16,33916.77,684590.56,459289.87,43547.61,53245.13
Scenario 1,423,2,True Positive News,123,TRADING,150649.46,1493996.95,164231.43,295077.83,543294.20,438774.08,245216.66,533402.91,740943.78,948521.64,459816.07,295325.17,1614765.10,20113.60,435351.49,43492.57,307498.21,468211.65,218292.26,48825.01,120068.50,488322.45,357828.49,438601.47,98771.12,114940.60,153181.33,193873.06,104749.49,153790.51,129352.57,134430.36,152256.43,102857.71,154365.40,136066.83,112954.50,1437145.68,20308.72,15839.95,123675.86,221584.88,145.00,1302872.99,3911111.89,33938.63,686849.22,459499.27,43607.52,53138.57
Scenario 1,424,2,True Positive News,124,TRADING,150941.17,1495017.67,164077.10,295654.47,543192.91,438668.31,245334.19,532789.32,739580.98,948598.35,460311.22,294590.00,1614845.90,20110.05,434737.13,43517.36,307220.58,468504.38,217994.45,48796.73,119790.32,488188.78,357831.86,438816.24,98904.64,115030.07,152753.92,194115.36,104611.55,153543.53,129305.14,134713.97,152162.74,103393.39,154305.16,136071.57,112971.71,1438350.72,20378.12,15824.69,123846.73,221340.33,144.74,1294359.52,3910664.20,33957.79,687856.57,459401.83,43597.72,53031.10
Scenario 1,425,2,True Positive News,125,TRADING,151238.91,1496452.71,164212.11,296212.20,543528.42,438969.14,244825.86,533111.11,739716.65,949211.29,459882.32,293899.43,1612196.98,20104.26,435230.89,43499.43,307466.15,470010.27,217792.22,48809.96,119370.31,490967.46,355778.87,439253.62,98944.41,115387.04,153018.32,194378.70,104586.59,153393.66,129332.06,134903.96,152232.02,103505.05,154403.27,136447.23,113109.16,1440056.74,20395.22,15832.33,123821.58,221029.66,144.82,1288227.37,3914416.40,33984.73,691464.47,459677.05,43582.11,52971.92
Scenario 1,426,2,True Positive News,126,TRADING,151345.36,1497285.23,163843.35,297367.39,543280.98,438753.27,245350.21,532671.46,739760.89,950492.75,458877.87,293769.82,1612525.56,20114.16,434856.54,43481.88,307772.15,470978.90,217910.84,48856.90,119664.31,489545.72,356468.46,441144.17,98855.15,115222.24,152447.33,194219.97,104629.55,153721.07,129480.98,134898.06,152437.05,103513.63,154334.77,136193.57,113130.19,1438677.31,20441.69,15839.19,123560.59,221579.94,144.27,1283019.88,3918016.06,33983.88,692611.13,459395.72,43656.50,53188.00
Scenario 1,427,2,True Positive News,127,TRADING,151489.05,1496543.85,163734.15,297558.35,542703.37,439045.00,244800.37,530979.66,739659.33,949794.00,457410.97,293164.09,1614502.45,20133.45,433798.36,43470.03,306919.77,470689.13,217864.96,48873.32,119552.60,489326.16,355888.03,441181.70,98839.20,115361.41,153148.11,194508.61,104526.71,154099.75,129521.79,135004.30,152512.59,103456.79,154333.44,135998.16,113144.77,1438775.78,20491.47,15830.52,123798.86,221406.84,143.79,1275139.79,3918212.03,33982.70,694571.78,459876.71,43598.39,53256.30
Scenario 1,428,2,True Positive News,128,TRADING,151638.25,1493971.99,164103.28,297132.18,543002.77,437917.44,244558.04,532359.93,739044.01,954085.33,457164.72,293342.56,1610740.24,20112.31,433664.66,43496.39,306217.58,471488.97,217545.90,48864.63,119609.79,491691.56,356378.27,441780.63,98757.11,115145.03,152807.84,194560.47,104177.96,154097.11,129222.46,135323.44,152619.91,103445.54,154393.78,135564.45,113060.86,1439574.04,20514.10,15851.05,123934.13,221132.99,143.28,1270565.76,3917312.66,33975.50,696258.58,458931.16,43789.64,53419.27
Scenario 1,429,2,True Positive News,129,TRADING,151943.92,1489713.79,164349.81,296380.14,542415.27,438270.41,244543.01,533289.88,739496.76,954070.78,456638.50,292772.95,1611109.87,20113.47,432010.90,43452.28,306726.85,471906.24,217709.05,48915.65,119480.15,491142.64,356660.76,442930.74,98601.26,115163.91,153251.64,194445.91,104123.67,154314.10,129123.06,135127.33,152787.13,103527.11,154330.79,135627.48,112985.95,1440073.03,20570.22,15871.20,123373.67,221632.88,143.87,1266207.93,3915862.91,34014.92,697388.75,458835.70,43804.04,53420.50
Scenario 1,430,2,True Positive News,130,TRADING,152357.96,1492782.19,164601.31,296705.39,542943.09,438307.15,244845.54,533680.55,740085.34,956510.50,457113.15,292761.48,1607871.15,20112.75,430757.75,43499.69,306807.80,471936.52,217338.29,48905.99,118947.97,491102.03,354151.32,444420.54,98529.48,115182.72,153030.97,194335.75,103904.66,154858.46,128957.23,135947.20,152858.99,103574.17,154319.87,135776.45,112953.77,1439184.27,20622.09,15918.82,123017.28,221173.85,143.94,1259936.02,3924166.26,34011.90,699627.81,459773.58,43734.51,53481.94
Scenario 1,431,2,True Positive News,131,TRADING,152992.39,1497255.70,164357.73,296765.45,542647.09,438421.38,244645.47,533633.96,738871.70,954355.15,457188.04,294451.71,1605855.53,20124.70,429040.09,43488.12,306492.87,471709.63,217587.33,48932.56,119525.02,491730.79,352565.10,446082.67,98628.91,114876.22,153388.44,194438.86,103859.44,155021.72,128814.99,136166.21,153018.54,103702.89,154563.12,135660.37,112999.20,1439139.84,20668.65,15916.48,122750.37,220923.42,143.90,1256028.24,3921094.61,34078.02,701322.09,459173.31,43746.88,53440.31
Scenario 1,432,2,True Positive News,132,TRADING,153399.95,1500738.61,164983.97,297022.40,542231.22,438924.43,245559.03,533224.67,738256.05,948805.17,457066.95,295634.05,1603852.75,20130.59,428400.33,43547.71,306510.60,471316.37,217248.05,48911.80,119410.19,492069.55,352047.01,447663.33,98612.56,114801.97,153068.84,194347.84,103560.45,155276.65,128631.86,135981.89,153092.05,103929.66,154594.27,135611.09,113049.93,1437338.07,20703.02,15949.74,122922.23,220763.00,144.05,1252464.58,3917800.64,34117.27,702425.79,459377.99,43741.81,53282.16
Scenario 1,433,2,True Positive News,133,TRADING,154248.14,1503737.29,164753.66,296588.68,542465.27,438954.24,245759.26,532898.35,738255.97,943730.01,457829.66,295945.47,1603399.87,20133.40,426605.43,43538.94,306356.28,472642.90,217145.96,48899.67,119337.92,492666.20,352124.54,449507.65,98448.97,115128.98,153352.54,194278.51,103642.00,155600.69,128531.31,136020.46,153082.76,104045.63,154597.07,135470.68,112995.61,1434429.56,20724.98,15930.85,122863.88,220861.50,144.39,1251257.89,3918640.53,34117.53,703486.11,459535.31,43692.94,53412.26
Scenario 1,434,2,True Positive News,134,TRADING,154582.66,1504836.67,164818.09,295836.57,542482.56,438820.28,245882.16,533863.52,738379.91,944941.73,458071.32,296958.72,1601967.11,20128.67,425097.18,43534.75,306108.60,473356.02,217152.17,48903.04,119118.93,494354.38,352645.16,450400.20,98420.17,115195.69,153605.58,194128.80,103609.30,155885.57,128417.97,135782.10,153042.66,104257.26,154650.13,135216.91,112957.57,1433782.30,20742.73,15921.47,122443.59,220777.64,144.10,1250008.63,3921688.07,34136.07,704624.69,460766.70,43673.79,53319.38
Scenario 1,435,2,True Positive News,135,TRADING,155333.35,1500846.17,164949.27,295206.46,543234.20,438405.26,246053.79,533933.79,740354.00,948201.29,457359.85,298384.60,1604321.17,20091.76,423649.77,43551.17,304947.99,473510.29,216814.39,48903.42,118692.53,494038.68,352099.88,452128.05,98371.27,115154.97,153773.80,193924.47,103490.31,155792.32,128300.94,135879.98,153183.23,104217.40,154632.27,134826.11,112838.95,1431082.62,20767.20,15938.30,121620.11,220885.07,144.25,1250450.57,3922794.13,34156.92,706405.64,461054.18,43725.92,53426.79
Scenario 1,436,2,True Positive News,136,TRADING,155546.74,1503614.02,164783.69,294526.31,543478.98,438549.52,245575.35,535314.39,739478.72,946243.22,457032.67,298696.30,1604096.30,20079.83,423769.04,43563.56,304290.72,474117.82,216491.13,48888.91,118982.08,494162.80,351755.68,453069.78,98277.54,114937.55,153792.64,193825.71,103459.52,155700.91,128278.47,135735.30,153249.80,104071.02,154529.98,134911.77,112843.06,1429575.38,20787.43,15926.04,120973.86,220937.80,144.66,1249141.36,3921399.95,34194.24,709649.07,462261.83,43717.61,53390.76
Scenario 1,437,2,True Positive News,137,TRADING,155893.66,1506406.07,164753.01,294022.79,542863.92,438290.93,244980.19,534174.55,740357.10,950668.22,457111.83,299337.26,1605140.33,20078.64,423174.55,43563.21,304023.34,474406.41,216343.92,48883.36,118992.75,493783.99,352147.00,454611.00,98273.90,115214.18,153823.74,193557.17,103120.57,156003.45,128274.88,136218.38,152947.42,104315.41,154335.14,134468.80,112880.36,1426479.26,20764.97,15932.15,121058.92,221294.32,143.92,1246345.52,3921688.76,34201.24,712008.68,462130.98,43740.97,53517.00
Scenario 1,438,2,True Positive News,138,TRADING,156369.66,1506037.41,164616.79,293438.67,542296.81,437792.72,245201.83,534231.68,739183.59,946816.01,457934.12,300647.97,1603972.68,20064.91,422679.84,43616.91,303465.36,473872.24,216118.34,48953.66,118628.59,495453.44,351309.92,455840.01,98395.12,115397.37,153675.48,193600.96,102800.18,156067.48,128174.75,136520.29,152762.59,104158.40,154248.98,134349.35,112887.55,1424506.97,20772.83,15914.16,120435.36,221498.87,143.67,1245298.76,3916156.38,34166.32,712562.91,462583.22,43781.62,53285.04
Scenario 1,439,2,True Positive News,139,TRADING,156270.23,1503963.20,164349.30,292482.23,542495.19,437992.61,244893.21,532851.11,738632.13,943598.05,458517.26,300677.01,1606219.76,20062.47,422401.08,43592.80,302915.72,474238.03,215788.12,48953.35,118747.14,496353.23,350752.81,456997.77,98497.51,115534.90,153311.37,193493.99,102770.28,155973.07,128041.32,136315.38,152813.68,104276.67,154337.98,134118.41,112800.94,1421751.59,20808.65,15932.99,120283.72,221880.23,143.86,1243347.53,3930270.83,34216.81,713518.44,462676.39,43819.90,53230.28
Scenario 1,440,2,True Positive News,140,TRADING,156267.40,1507473.98,164599.62,292176.17,541608.66,437808.59,244564.38,532343.40,738482.82,941956.90,457875.79,302967.40,1603248.81,20067.40,421727.84,43599.28,302384.56,474962.79,216056.24,48978.15,119148.75,498296.14,351136.48,458667.46,98515.24,115657.59,153649.70,193178.20,102855.86,155861.78,128064.45,136579.98,152791.37,104152.31,154352.50,134313.57,112757.00,1420498.14,20795.34,15960.17,120096.37,221530.82,143.13,1240557.95,3925300.71,34155.34,713899.07,462793.55,43812.88,53108.53
Scenario 1,441,2,True Positive News,141,TRADING,156523.04,1512130.43,164249.17,291419.53,541395.12,437608.94,245207.10,532324.74,737652.49,940889.69,457993.57,304438.75,1602100.81,20063.07,422365.99,43661.14,301583.50,473666.82,216242.50,48948.93,119089.17,497851.81,351598.18,459467.11,98524.89,115708.47,153959.16,192628.03,102907.96,155876.53,128241.26,136659.12,152634.63,104014.37,154433.56,133877.92,112738.73,1420067.76,20802.79,16008.98,119984.83,221682.34,143.54,1240784.93,3934248.18,34171.41,713931.42,462507.93,43815.58,53068.30
Scenario 1,442,2,True Positive News,142,TRADING,156269.71,1507195.68,163981.73,290333.89,540475.98,437396.02,244687.43,534063.80,737547.37,940024.12,458296.21,306034.27,1601226.81,20073.71,423586.38,43712.38,300215.62,474379.16,215883.26,48921.98,119542.03,497194.04,351789.03,460022.06,98603.10,115894.73,154286.68,192220.91,102929.42,155912.64,128347.40,136804.63,152678.31,103881.88,154493.56,134382.76,112766.98,1420079.50,20779.90,16038.79,120383.25,222150.43,143.34,1241773.48,3922568.31,34162.94,715331.71,463526.50,43888.99,53059.03
Scenario 1,443,2,True Positive News,143,TRADING,156097.31,1513955.37,163963.17,289440.23,540787.76,436804.80,244672.24,535130.98,736479.23,941665.08,458196.22,307778.66,1600911.84,20072.38,425419.56,43742.51,299417.71,474446.34,215688.55,48978.18,120093.33,496404.17,352438.25,460591.14,98606.83,115768.18,153884.15,191999.45,103179.43,155831.22,128424.71,136901.92,152521.59,103612.88,154529.80,134394.43,112750.87,1419367.04,20760.99,16015.81,120370.11,221929.44,143.80,1246310.23,3920795.85,34174.06,716795.45,463000.73,43843.55,53014.58
Scenario 1,444,2,True Positive News,144,TRADING,155817.06,1514184.12,163631.54,288428.02,540925.27,436563.93,244666.86,534811.00,737443.69,939195.29,458567.63,308410.01,1604440.47,20098.92,426128.86,43779.11,298804.83,475069.90,215194.15,48981.02,120025.05,497985.15,353869.19,460531.78,98614.84,115695.68,153154.14,191620.57,103288.55,155448.03,128683.05,136985.00,152343.69,103607.92,154514.86,134789.82,112732.94,1419769.98,20732.10,15959.48,120827.37,222182.44,143.20,1245828.04,3935187.75,34182.42,717070.96,462890.40,43809.53,53085.34
Scenario 1,445,2,True Positive News,145,TRADING,155566.81,1518019.73,163225.06,287794.51,540235.95,436490.99,244441.07,535530.43,736913.74,940676.95,458477.48,309748.39,1602441.04,20102.91,426336.89,43760.91,298852.00,474737.44,214808.72,49022.88,120103.87,497287.08,354268.65,461465.47,98677.25,115697.16,152942.63,191196.40,103661.79,155987.61,128794.98,136881.68,151928.01,103412.99,154506.34,134569.71,112746.20,1419195.56,20693.67,15984.36,121071.04,221912.19,143.46,1245683.50,3931122.66,34216.83,717737.51,461896.50,43844.32,53034.45
Scenario 1,446,2,True Positive News,146,TRADING,155195.12,1515535.16,163505.57,285979.12,540332.10,436251.00,245308.45,536015.08,735938.77,941444.95,458995.89,311911.52,1599397.69,20079.22,426685.73,43782.00,298056.88,475537.53,214512.71,49078.18,119746.38,496681.42,355478.39,462371.54,98774.49,115793.21,153190.18,190926.10,103619.81,155819.77,128948.39,137207.82,151919.21,103153.16,154201.38,134591.12,112733.87,1418362.56,20694.34,16037.50,121179.56,222392.61,143.34,1246944.27,3932446.32,34226.35,718185.25,461866.49,43785.65,52920.33
Scenario 1,447,2,True Positive News,147,TRADING,154514.50,1513036.40,163682.68,284238.47,540368.34,435886.74,245573.52,536270.22,736578.83,938563.38,459551.98,312475.04,1601348.58,20095.52,426343.51,43827.62,298205.39,475190.35,213899.69,49078.89,119567.99,496992.92,353614.22,462415.93,98718.42,115787.61,152738.13,190636.08,103645.20,156026.11,129085.33,137366.72,151859.59,102816.41,154393.24,134264.28,112727.74,1418317.59,20661.63,16051.29,121710.84,221747.01,143.42,1246859.77,3938263.64,34220.64,717746.27,461101.72,43799.86,52850.55
Scenario 1,448,2,True Positive News,148,TRADING,153902.71,1515439.92,163365.57,283052.45,540967.90,436005.76,245539.00,536373.71,737781.60,940078.79,459850.48,313552.51,1600532.71,20104.33,428671.65,43812.35,298873.72,475395.88,213580.74,49093.46,119660.77,496235.19,353970.99,463280.28,98659.32,115323.89,152922.83,190492.16,103601.45,155884.54,129161.28,137644.55,151610.63,102643.23,154172.21,134134.03,112502.50,1418942.60,20657.27,16085.16,122237.65,222150.20,143.38,1245885.43,3925270.03,34237.46,718061.41,461756.45,43808.62,52735.61
Scenario 1,449,2,True Positive News,149,TRADING,153517.42,1513959.04,163785.00,281889.84,539998.24,436660.85,246383.41,536497.12,737580.27,941195.84,459551.94,314505.40,1598253.40,20084.16,429169.25,43840.92,298974.14,475707.38,213326.35,49080.40,119200.68,496021.56,354723.37,463730.82,98645.96,115148.36,153015.54,190333.68,103606.26,155660.05,129196.88,137620.60,151777.57,102527.63,154157.63,134506.69,112315.69,1417914.47,20626.97,16110.38,122207.50,221935.18,143.38,1246330.13,3933025.71,34191.25,718793.39,461641.30,43879.20,52598.35
Scenario 1,450,2,True Positive News,150,TRADING,153171.68,1517936.95,163871.15,280611.03,539229.87,436264.33,245986.02,536130.60,736899.46,940270.58,460495.73,315001.40,1598131.25,20096.27,429578.58,43902.75,298224.77,475899.33,212862.37,49123.44,119438.17,495867.21,355055.92,463317.34,98626.25,115125.77,152478.03,190235.39,103821.14,155914.44,129352.85,137423.83,151787.20,102250.27,154103.73,134219.77,112121.95,1418068.01,20553.98,16081.12,122065.11,222191.65,143.57,1246829.65,3935680.56,34195.48,717359.23,462155.76,43858.14,52694.68
Scenario 1,451,2,True Positive News,151,TRADING,152140.40,1513383.43,165880.26,269847.34,543893.07,444091.47,243026.26,515887.03,722674.69,934411.18,459506.11,303326.35,1627659.24,20418.37,437239.23,43153.09,312775.47,466144.09,213962.20,48131.89,122910.57,480297.79,377880.27,420779.25,99933.46,117420.42,146370.36,188495.97,104884.29,153698.13,128825.61,136120.42,149535.21,97249.60,156468.46,133482.09,113068.82,1433624.47,20279.95,15721.43,123011.30,219318.25,146.73,1273452.47,4125280.32,33402.97,689738.00,457061.76,44009.72,53366.61
Scenario 1,452,2,True Positive News,152,TRADING,151208.33,1518023.17,165599.40,268028.87,545068.78,443967.21,242750.20,515037.97,722535.71,934792.15,459639.00,305802.78,1628593.33,20395.28,440308.84,43070.00,312484.97,465222.19,213269.04,48148.02,122899.29,479171.98,380731.06,421370.41,99899.14,117440.12,146296.98,188227.59,105073.17,153466.85,128947.32,135953.20,149559.66,96635.39,156664.07,133097.26,112496.61,1430926.43,20246.87,15662.53,123129.17,218839.67,145.82,1270280.05,4098172.75,33396.35,689492.50,456835.75,44057.85,53600.28
Scenario 1,453,2,True Positive News,153,TRADING,150840.69,1518089.51,164952.48,267148.66,545141.73,444305.39,243079.37,514289.71,722064.68,935493.24,459359.71,307159.61,1629758.87,20385.08,441821.44,43131.66,313193.91,465706.58,212913.85,48192.49,122900.71,478404.52,381035.69,421105.05,99915.22,117517.35,146044.86,188139.01,105063.15,153507.12,128860.24,135866.64,149482.70,96556.86,156732.08,132180.13,112341.57,1428523.24,20230.08,15632.14,122836.53,218831.61,145.71,1272284.13,4102590.41,33400.38,690666.34,457057.10,44064.96,53551.35
Scenario 1,454,2,True Positive News,154,TRADING,150508.25,1517093.33,164857.32,266368.10,544908.83,443998.38,243135.02,513018.57,721868.56,936005.26,460224.49,309271.45,1628873.96,20363.90,443959.81,43167.85,312555.20,465654.49,213027.16,48263.05,123410.19,478353.64,382611.11,420437.32,99960.55,117780.15,145934.55,187930.39,105150.16,153467.93,128936.35,135851.96,149598.14,96206.17,156769.42,132379.75,112231.25,1424393.69,20243.89,15669.65,123059.79,218454.46,146.02,1269487.83,4109790.41,33417.29,690801.99,456939.75,44070.47,53114.83
Scenario 1,455,2,True Positive News,155,TRADING,149964.28,1516645.00,164749.25,265129.86,545445.53,444294.75,244247.84,513424.71,721343.99,935403.68,460008.41,310470.23,1631451.20,20357.91,443362.17,43113.45,312759.71,465747.29,212991.95,48278.33,123877.67,477195.15,386013.82,419552.62,100033.82,117897.54,145994.45,187719.83,104992.10,153296.10,128829.37,135925.96,149784.69,96007.19,156866.31,132118.54,112352.84,1424328.79,20247.64,15637.25,124390.21,218429.73,145.69,1272586.36,4106094.48,33439.73,690136.33,456283.53,44225.31,53073.48
Scenario 1,456,2,True Positive News,156,TRADING,149546.62,1516220.25,164888.00,264292.56,544870.52,443996.34,244579.22,513574.29,721390.86,934109.39,460479.48,311618.96,1632664.37,20354.23,443302.13,43110.72,313286.34,466058.30,212197.30,48332.28,124055.08,478548.95,388006.95,419461.48,100145.20,118018.27,145680.22,187693.29,104990.15,153477.88,128625.04,136079.14,149493.95,95728.03,156933.68,131900.54,112424.16,1426372.33,20267.77,15624.20,124964.00,217813.07,145.63,1270338.71,4107163.57,33412.91,690742.17,456334.47,44260.59,53163.45
Scenario 1,457,2,True Positive News,157,TRADING,149474.11,1518112.79,165237.84,263966.88,543882.77,444511.15,245392.29,513750.20,722096.63,933176.69,461435.09,312532.59,1632509.28,20340.27,443997.54,43106.88,314426.09,467620.03,211458.80,48269.80,124360.63,480177.04,388489.91,418686.03,100178.83,118089.69,146074.43,187416.37,105059.93,153526.91,128675.19,136268.76,149599.09,95950.14,156911.13,131499.37,112557.84,1426237.73,20302.36,15608.09,125946.55,218143.38,145.60,1273151.32,4097335.40,33428.11,691013.36,456707.66,44345.52,53245.00
Scenario 1,458,2,True Positive News,158,TRADING,149510.19,1514849.89,164924.08,263939.68,544569.00,444189.27,245238.69,514953.27,722587.19,936764.68,460907.97,312710.42,1629284.78,20318.71,444987.67,43123.29,316974.57,467926.19,211307.91,48227.54,124278.10,481344.65,390261.88,418031.49,100084.48,118046.48,146037.05,187168.79,105205.02,153622.06,128553.95,136425.42,149610.48,95610.66,157012.05,131127.02,112866.91,1425529.50,20295.44,15624.74,125545.34,217635.75,146.26,1269788.89,4104912.13,33402.64,690113.22,457446.75,44405.82,53288.55
Scenario 1,459,2,True Positive News,159,TRADING,149298.44,1521588.44,165209.71,263486.34,544499.98,444795.44,245059.92,515803.62,722260.58,937785.04,461137.20,313767.37,1630037.37,20325.74,445149.92,43134.75,318299.37,466128.24,210943.49,48179.40,123674.07,481780.38,391194.78,417519.37,100279.81,118212.64,145934.33,187317.60,105136.26,153187.67,128529.07,136624.05,149476.64,95454.75,156950.24,131424.96,113046.15,1425629.62,20301.17,15611.57,125562.24,217657.08,146.27,1271220.03,4103677.25,33432.61,688751.04,456808.63,44361.95,53108.71
Scenario 1,460,2,True Positive News,160,TRADING,149280.71,1520460.29,164986.38,263132.00,543528.24,444678.97,244850.78,516076.44,721713.65,936965.61,461046.36,314260.33,1628045.92,20313.29,444571.44,43136.31,319041.02,466561.61,210640.80,48186.19,123833.89,480900.51,392150.48,416764.59,100242.49,118462.56,145934.64,187038.25,105072.46,152942.48,128563.32,136777.62,149455.93,95148.30,157089.78,131574.60,113293.85,1425779.37,20270.84,15646.07,126013.65,218025.66,145.94,1271255.82,4113877.63,33422.78,688241.18,456234.60,44371.52,52848.78
Scenario 1,461,2,True Positive News,161,TRADING,149159.38,1517853.95,165219.73,262629.95,543931.05,444425.69,245324.36,516662.40,721767.51,933847.86,461530.06,314205.63,1627985.70,20322.12,444808.84,43119.03,319807.77,466545.14,210136.29,48194.13,124194.98,481653.40,391228.54,416080.81,100313.93,118446.36,146260.96,187047.78,105067.36,153082.01,128632.34,136569.75,149356.45,94884.52,157023.33,131820.70,113370.22,1425955.04,20278.25,15577.54,126089.06,217869.42,146.22,1269960.30,4114408.41,33415.88,685744.71,455610.73,44343.94,52815.41
Scenario 1,462,2,True Positive News,162,TRADING,149303.50,1516969.48,164862.69,262829.56,543758.25,444626.32,245820.61,517274.21,721005.15,936963.54,461866.52,315365.29,1628322.21,20321.26,444990.76,43129.22,320604.80,466779.20,209940.19,48106.94,124109.66,480938.73,392590.83,414202.77,100231.29,118167.25,146504.30,186891.95,105036.68,152909.26,128533.62,136677.34,149489.66,94866.25,157168.74,131926.79,113398.20,1425542.17,20283.59,15501.74,126617.58,217602.94,146.31,1267949.97,4122034.30,33408.65,684461.74,455611.97,44303.17,52690.39
Scenario 1,463,2,True Positive News,163,TRADING,149134.12,1518881.68,164696.14,262260.91,544168.15,445159.10,246187.46,517417.20,720323.15,935961.00,461249.78,316312.23,1628012.35,20322.52,443833.90,43157.63,320697.63,465975.71,209645.90,48102.08,124254.46,480176.99,393692.48,413658.85,100365.35,118266.05,147141.51,186831.08,105075.86,152987.21,128667.50,137033.32,149497.54,94887.62,157339.26,131934.44,113475.89,1426494.28,20253.08,15519.42,126740.75,217762.69,146.29,1263814.78,4116387.93,33413.33,682546.17,455973.52,44327.87,52656.59
Scenario 1,464,2,True Positive News,164,TRADING,148955.79,1516884.07,164869.29,261229.36,543973.53,445641.78,246667.95,517362.51,721284.12,937116.32,460606.32,315809.99,1627439.18,20309.50,444221.29,43103.42,322145.04,465366.99,209635.69,48030.96,124274.46,480426.30,394717.32,413122.26,100420.04,118498.12,147050.05,186939.52,104917.98,152536.15,128736.64,137230.33,149440.43,94720.03,157221.65,132121.04,113507.72,1426730.85,20252.45,15467.89,127118.83,218299.69,146.25,1262786.22,4126590.60,33417.37,681582.51,455947.72,44347.38,52669.60
Scenario 1,465,2,True Positive News,165,TRADING,148931.85,1520719.42,164174.07,260556.02,544099.35,446233.72,246535.76,516760.83,721169.03,936962.50,460208.36,315923.36,1624835.72,20326.26,444842.99,43080.54,322203.30,464409.71,208859.53,48050.77,124861.72,478537.61,395575.24,412368.86,100524.99,118478.93,147517.45,186944.08,104975.66,152511.15,128724.98,137273.18,149671.48,94695.70,157141.67,132174.50,113597.93,1430331.43,20211.86,15482.17,127766.56,218215.19,145.54,1264084.09,4125845.34,33446.57,680613.43,455347.76,44406.38,52573.75
Scenario 1,466,2,True Positive News,166,TRADING,149057.86,1522070.73,163935.15,260385.32,544340.32,446293.08,246283.48,515560.83,721518.99,939387.08,460172.74,315949.60,1623590.83,20322.48,445675.16,43097.29,323063.24,464553.56,209380.69,47991.94,125001.24,477643.25,395860.92,412160.56,100553.11,118340.78,147528.03,186785.35,104896.00,152446.26,128710.51,137082.71,149552.75,94384.85,157234.37,131973.45,113629.07,1428905.13,20250.30,15432.93,127775.97,218289.55,145.47,1265907.59,4136221.61,33471.43,679602.36,455003.75,44550.31,52782.12
Scenario 1,467,2,True Positive News,167,TRADING,148975.99,1526857.23,163796.81,260025.25,544160.44,445874.09,246169.44,515692.17,721648.66,937297.46,459575.41,315958.35,1622428.62,20343.05,446261.79,43101.96,323708.35,465188.27,208901.49,48028.04,124548.76,478182.85,395666.49,410652.54,100453.14,118500.29,147683.96,186892.51,105000.50,152602.28,128578.13,137721.23,149673.01,94324.43,157387.58,132133.81,113779.22,1426743.66,20279.72,15430.73,127412.51,218489.70,145.55,1263893.65,4129845.16,33484.10,678857.94,455340.74,44457.80,53096.11
Scenario 1,468,2,True Positive News,168,TRADING,148988.11,1527821.46,164133.11,259321.50,544582.67,446122.20,245879.34,515509.48,722048.94,935571.65,459914.05,316396.75,1622596.07,20342.95,446629.72,43150.62,323143.10,466238.19,208511.59,47947.63,123920.60,476808.83,396508.01,408971.50,100455.32,118629.81,147606.10,186928.64,104760.46,152799.14,128568.62,137673.80,149546.04,94196.22,157514.83,131999.01,113692.27,1424436.77,20320.94,15408.29,127139.44,218124.90,145.55,1264300.61,4121348.96,33474.78,677953.26,456145.83,44533.23,53086.67
Scenario 1,469,2,True Positive News,169,TRADING,148969.32,1525007.21,164330.28,259144.10,542873.34,445808.69,245932.02,513645.04,723275.56,936258.00,459782.25,315741.42,1621340.73,20361.69,446706.08,43140.42,322229.51,466452.19,208417.39,47944.60,123408.09,477371.31,396709.79,407711.17,100564.51,118700.22,147406.53,187281.05,104774.00,152858.88,128469.14,137513.52,149440.53,94418.15,157275.90,132120.08,113703.44,1424077.18,20333.92,15387.72,126721.84,218016.57,145.80,1263235.72,4142551.36,33472.15,676425.66,456022.91,44588.56,53198.32
Scenario 1,470,2,True Positive News,170,TRADING,149093.44,1523554.52,164150.56,258788.71,542445.33,445947.38,245914.74,513230.40,723502.30,936791.43,459278.24,316012.65,1619970.77,20353.50,446400.03,43156.09,322622.48,465808.86,208208.78,47864.37,123196.04,477592.59,395246.68,406435.37,100553.28,118781.47,147051.80,187430.99,104892.82,153052.99,128475.39,137419.43,149469.50,94312.51,157156.81,132172.57,113735.93,1424202.99,20325.52,15398.58,127012.09,216933.84,145.52,1260902.75,4152819.96,33463.38,674555.63,455314.35,44623.81,53110.15
Scenario 1,471,2,True Positive News,171,TRADING,148480.97,1526432.95,163975.46,258827.04,542267.22,446080.38,246146.91,514150.28,724124.34,938621.33,458988.62,316030.67,1617899.28,20347.37,446311.14,43119.16,322790.82,464319.18,208199.69,47753.33,122930.39,478722.71,394069.89,405200.28,100651.13,118760.60,147140.38,187615.96,104781.91,152814.62,128415.75,137473.99,149757.14,94123.74,157147.72,132053.45,113821.10,1425810.94,20305.32,15410.08,127034.15,217040.94,145.07,1257952.87,4146774.32,33465.08,673242.96,455356.38,44644.68,53166.29
Scenario 1,472,2,True Positive News,172,TRADING,148495.05,1524248.61,163706.50,258640.33,541620.26,445805.85,245843.52,513442.97,723243.62,938622.84,459312.74,314730.59,1621530.13,20338.03,445969.86,43062.55,323328.24,465925.55,208781.73,47681.50,122538.43,478631.17,393053.81,403264.03,100605.31,118783.44,146952.64,187588.42,104662.77,152281.99,128362.38,137140.40,150009.85,93931.40,157037.86,132310.19,113869.82,1425897.94,20288.43,15407.12,127281.77,216611.40,145.30,1256667.66,4145767.56,33466.57,671374.34,454852.47,44737.19,53187.28
Scenario 1,473,2,True Positive News,173,TRADING,148501.63,1523104.77,163512.67,258404.04,541548.79,445541.11,245745.55,513605.08,722733.68,937509.34,458473.45,315118.19,1623089.08,20359.77,446681.09,43057.28,323386.09,466662.61,208485.67,47555.95,122915.82,479410.48,391077.61,402705.10,100556.72,118801.30,146368.30,187678.15,104419.31,151782.46,128241.49,137080.87,150331.10,93888.70,157022.77,132465.43,113939.09,1426777.96,20287.08,15407.18,126772.34,216715.43,145.89,1254859.24,4145220.57,33461.95,670153.24,454670.48,44833.23,53201.85
Scenario 1,474,2,True Positive News,174,TRADING,148559.89,1524951.35,163453.43,258454.70,541350.60,445660.02,244906.13,512528.08,722686.92,941167.12,458100.47,315074.72,1623746.72,20358.14,445397.01,43096.78,324304.31,467892.95,208433.88,47415.14,124071.73,478588.36,391731.93,401234.33,100456.97,118689.78,146364.41,187587.76,104485.46,151836.00,128023.90,137610.74,150214.82,93774.00,157028.70,131858.81,113869.43,1427555.59,20298.03,15421.81,127009.87,216374.51,146.00,1254816.87,4135029.16,33444.67,667408.33,456033.42,44899.40,53210.97
Scenario 1,475,2,True Positive News,175,TRADING,148433.03,1523267.05,163545.30,258278.83,541028.31,445573.71,244550.56,512194.81,722191.89,938230.68,457991.74,315054.16,1623098.55,20351.19,444241.49,43102.14,324369.07,468398.72,208064.14,47282.47,123791.27,479456.60,389626.98,401083.92,100458.66,118590.81,146347.11,187613.03,104731.73,152110.25,128010.02,137529.24,150365.22,93604.97,156805.97,131574.32,113903.65,1429047.41,20246.18,15468.35,126607.87,216351.35,146.44,1255132.50,4141284.26,33430.28,666096.75,456148.48,44938.74,53223.32
Scenario 1,476,2,True Positive News,176,TRADING,148103.78,1515254.33,163821.37,258843.18,541843.42,445025.75,244674.87,512170.50,722138.50,938392.71,458223.81,315242.69,1621396.96,20344.76,445014.38,43063.37,324727.99,467951.77,208293.31,47067.35,123725.07,479315.03,388071.78,399595.11,100505.13,118488.74,146764.01,187494.61,104533.62,151947.76,128019.76,138124.43,150448.88,93473.98,156739.15,131480.95,113800.97,1429050.05,20244.59,15392.74,126068.10,215991.72,146.80,1254208.04,4141024.01,33412.27,664680.17,455118.91,44912.66,53389.97
Scenario 1,477,2,True Positive News,177,TRADING,148096.76,1514601.40,164015.26,258569.23,541973.06,445415.79,244879.45,512958.31,721461.99,942310.37,458424.19,315345.94,1619636.08,20353.84,445641.58,43077.64,324979.65,468860.20,208388.54,47002.18,123869.20,480430.18,386921.60,398295.90,100550.58,118508.18,146708.35,187403.00,104664.44,151626.79,127979.57,137958.96,150533.27,93458.17,156922.06,131572.12,113837.52,1427944.27,20276.49,15392.93,126031.51,216265.60,146.24,1253578.22,4141954.05,33381.91,664103.60,455189.12,44876.68,53537.97
Scenario 1,478,2,True Positive News,178,TRADING,147762.42,1514822.17,164276.28,258600.14,541927.65,446104.50,245125.09,513308.04,722151.26,941254.86,458157.45,315744.08,1619486.28,20337.25,446911.75,43037.09,324480.59,468587.14,208365.01,46883.34,123850.71,480516.46,386772.63,397188.63,100466.23,118627.41,146742.57,187356.63,104540.81,151743.36,127782.59,137911.91,150556.50,93239.69,156985.45,131959.13,113857.70,1426999.77,20256.19,15376.94,126146.70,216098.57,146.45,1252992.14,4153559.50,33380.93,663440.75,455829.08,44811.17,53365.48
Scenario 1,479,2,True Positive News,179,TRADING,147800.10,1513832.70,164522.89,258842.42,543152.66,446218.88,244717.08,513687.01,721898.25,940352.85,457697.89,314548.00,1619357.01,20332.25,446787.42,43012.20,323769.98,468884.36,208478.30,46753.91,123874.37,480353.94,384806.91,396555.34,100576.94,118849.03,147178.78,187486.38,104493.61,152024.33,127845.21,137723.66,150400.14,93197.96,156997.31,132849.45,113840.15,1426733.98,20230.37,15361.15,125842.13,216223.02,146.77,1249221.64,4142004.56,33354.35,663341.12,455288.84,44770.18,53413.81
Scenario 1,480,2,True Positive News,180,TRADING,147589.57,1513122.14,163917.09,258695.83,543273.93,446023.69,244690.20,513458.48,721023.74,942430.07,457289.56,314430.48,1617823.04,20328.58,446734.17,43019.04,322693.10,469352.82,208405.58,46698.29,124468.05,481915.70,383401.77,396267.49,100652.07,118584.80,147153.36,187586.87,104864.43,152476.40,127946.36,137596.23,150708.13,93031.92,156867.12,132585.82,113806.05,1427811.38,20253.11,15374.15,125674.70,216731.38,146.63,1248416.98,4138897.96,33347.20,662770.02,454527.50,44723.40,53478.03
Scenario 1,481,2,True Positive News,181,TRADING,147310.79,1513476.37,163718.88,259291.21,544613.67,446136.71,244504.06,514505.42,720298.77,943471.91,457143.82,314107.26,1617352.97,20337.12,448009.12,43043.13,322402.95,469304.59,208131.97,46671.02,125401.22,481312.81,382892.17,395089.23,100623.38,118444.61,147319.02,187654.59,104910.64,152738.75,128004.66,137477.02,150782.73,92983.33,156744.79,132753.82,113680.38,1429403.60,20240.61,15225.00,126159.23,217175.00,147.17,1242881.87,4137384.19,33344.01,661518.16,454259.19,44793.12,53534.82
Scenario 1,482,2,True Positive News,182,TRADING,147470.65,1513184.77,164056.07,259416.55,544796.50,447206.77,244433.12,514145.32,721121.92,943495.78,457180.66,313769.08,1618029.77,20340.61,447837.67,43041.87,322545.93,468615.11,208494.94,46619.42,125788.01,481159.34,382001.76,394201.33,100697.25,118344.67,146962.00,187650.81,105017.36,152274.82,127959.80,137382.40,150705.15,92747.43,156701.92,132910.42,113671.27,1428583.23,20247.30,15227.88,126211.18,217123.89,147.00,1243508.67,4137157.75,33360.91,659823.38,454520.92,44818.55,53375.15
Scenario 1,483,2,True Positive News,183,TRADING,147590.91,1513267.02,163887.21,259646.74,544380.45,447477.86,244765.97,510732.59,722043.54,943421.57,457662.21,313051.13,1619107.51,20364.35,448399.16,43065.96,324104.06,468797.27,208515.96,46645.71,125786.90,480179.24,380483.08,393204.20,100668.07,118204.86,146817.50,187831.40,104893.66,152161.77,127877.11,137408.70,150957.04,92802.39,156989.54,132837.49,113710.04,1427910.61,20271.46,15246.18,125910.75,217156.02,146.91,1241560.18,4137823.59,33354.72,659056.75,454011.04,44816.16,53172.50
Scenario 1,484,2,True Positive News,184,TRADING,147564.74,1512889.21,164325.76,259227.32,545039.88,447500.14,244558.63,510040.63,721414.55,942959.81,457652.19,313417.72,1618332.44,20361.76,449621.14,43028.32,323680.29,468106.60,208813.20,46661.32,125806.20,478648.66,379277.38,393482.53,100648.08,117945.25,147111.98,187588.70,104891.20,152081.37,127854.21,137484.01,151015.28,92586.89,156632.86,132723.79,113757.26,1427676.15,20298.72,15271.82,126001.92,216672.00,147.31,1238671.42,4136171.58,33330.83,658230.62,455261.29,44790.38,53072.15
Scenario 1,485,2,True Positive News,185,TRADING,147546.52,1515908.79,164400.60,259707.49,543946.63,447741.72,244387.18,508214.61,720186.75,946666.17,457428.20,313756.79,1618482.80,20353.06,450135.83,43027.90,323171.13,468172.76,208591.30,46693.80,125751.45,478109.91,380109.09,392379.05,100594.62,118169.92,146297.71,187725.57,105143.60,151576.28,127864.61,137695.96,151033.81,92458.49,156547.61,133042.09,113879.06,1426841.99,20304.16,15277.60,125922.75,216805.28,147.09,1239938.81,4145213.83,33339.64,657008.51,455573.25,44773.06,53031.28
Scenario 1,486,2,True Positive News,186,TRADING,147651.33,1508664.67,164521.61,260006.39,544726.36,447803.27,244818.21,506700.15,720829.08,943793.06,457588.08,313184.46,1618289.59,20362.10,450999.80,43013.17,323990.39,468079.80,208581.48,46812.20,125801.94,477608.92,379672.58,392424.32,100435.61,118112.25,146403.45,187713.34,104864.69,152003.29,128178.40,137470.69,150968.00,92505.25,156590.30,132884.79,113820.64,1426579.46,20320.73,15279.37,126172.15,216932.66,147.40,1236202.86,4152771.85,33319.46,655792.93,455258.75,44772.59,53199.32
Scenario 1,487,2,True Positive News,187,TRADING,147780.60,1506186.73,164528.31,260257.49,544890.81,447603.85,244493.21,506447.23,721443.11,940740.57,457372.16,313572.71,1615699.51,20373.20,451233.54,43052.91,323521.20,468057.71,208825.21,46876.53,125770.96,476439.20,379771.50,391882.61,100431.85,118261.64,146369.83,187950.69,104828.52,151895.32,128246.58,137188.98,150986.35,92401.67,156832.99,132619.05,113951.42,1426830.07,20330.11,15290.76,126109.16,216398.09,147.39,1236035.63,4157957.40,33345.40,654287.05,455759.11,44878.76,53287.82
Scenario 1,488,2,True Positive News,188,TRADING,147621.57,1516043.67,164069.84,260414.44,544518.44,447097.65,244854.71,505036.86,722764.76,937461.38,457650.53,312799.85,1615368.91,20407.33,452087.02,43095.84,323380.60,468708.77,209198.86,47017.24,125153.73,477755.65,379911.61,391131.50,100421.34,118227.94,146395.69,188003.86,104911.86,151457.57,128209.69,137455.73,150807.50,92286.40,156910.01,132923.27,113952.62,1427296.12,20290.89,15248.63,126216.07,216511.80,147.55,1236135.20,4156625.61,33359.17,653926.44,455370.77,44967.41,53360.45
Scenario 1,489,2,True Positive News,189,TRADING,147275.12,1512254.75,164128.45,260446.04,544876.97,446908.37,244750.35,504148.94,723433.51,939356.96,457867.40,311602.43,1614436.55,20402.03,452621.11,43117.64,323851.29,468296.31,209215.38,47110.34,125604.48,477712.04,380138.28,390265.61,100323.64,118374.99,146612.74,187974.70,104759.07,151540.94,128198.43,137618.24,150820.00,92202.99,157006.78,133413.41,113883.86,1426480.21,20301.12,15274.57,126325.06,216755.77,147.08,1238913.12,4173375.69,33354.67,653302.83,455915.74,44941.54,53450.97
Scenario 1,490,2,True Positive News,190,TRADING,147289.23,1517498.05,163962.37,260699.30,545095.18,447175.85,244878.99,503074.03,723569.08,937858.38,457739.61,312059.08,1614827.81,20413.22,453474.04,43085.78,324052.79,466826.59,209671.53,47246.27,125897.34,477303.99,380165.70,390459.55,100289.52,118600.18,146410.57,187995.96,104873.33,151194.86,128290.42,137747.22,151191.05,92308.71,157030.68,132917.29,113889.16,1427768.80,20332.40,15246.77,126344.22,216569.39,147.23,1239686.07,4176138.36,33335.48,652474.06,455595.74,44905.08,53467.93
Scenario 1,491,2,True Positive News,191,TRADING,147528.97,1522130.86,164074.26,261106.38,545297.72,446972.77,245295.54,502320.58,724273.68,941324.50,458694.12,312024.03,1616552.14,20419.29,454137.36,43127.81,323537.40,467288.73,209569.87,47357.87,125576.25,476571.42,380696.55,390346.38,100327.22,118574.17,146641.56,188083.55,104815.97,151015.50,128238.84,137815.36,151201.00,92229.84,157006.93,133476.11,113799.46,1425764.05,20315.86,15253.31,126540.88,216518.46,147.10,1240416.73,4186865.39,33338.77,650719.45,454630.05,44981.20,53281.88
Scenario 1,492,2,True Positive News,192,TRADING,147693.28,1519790.57,163734.74,261339.96,545176.49,446617.97,244709.39,502035.35,723573.49,941022.04,459487.67,311871.21,1616555.95,20417.44,455548.19,43138.04,323531.46,466243.38,210008.31,47456.71,125127.52,477654.50,381264.82,390034.30,100412.04,118352.95,147108.55,188007.59,104920.48,150606.16,128260.98,137787.74,150979.58,92072.35,156809.08,133398.60,113815.20,1425051.07,20282.09,15243.73,126643.20,216402.74,147.16,1239501.43,4186123.36,33343.82,649244.20,454895.08,45026.43,53168.85
Scenario 1,493,2,True Positive News,193,TRADING,147714.47,1520038.54,164005.55,261692.36,545607.54,446611.87,245279.80,501601.60,724197.27,942427.37,460546.09,312360.01,1616856.34,20418.66,456387.76,43119.17,323453.44,466376.25,210208.34,47556.55,124651.36,477972.63,382392.37,389932.22,100371.77,118457.15,147163.94,187917.19,104871.62,150288.13,128329.21,138085.73,150806.43,92132.98,156866.02,133229.99,113891.68,1425770.50,20300.26,15187.69,126521.84,216149.20,146.74,1237065.10,4196099.62,33373.18,648202.05,454157.18,45040.84,53127.26
Scenario 1,494,2,True Positive News,194,TRADING,147974.69,1522282.86,164179.43,261752.27,544862.15,446564.22,245527.89,501280.83,725707.73,944049.77,460259.94,311552.46,1616903.18,20404.93,456690.50,43157.95,324287.76,465950.77,210420.65,47621.48,124878.73,477873.20,384019.26,389748.24,100431.48,118264.59,147015.87,188139.75,104879.29,150226.33,128302.13,138305.75,150687.46,92120.13,156843.64,133699.17,113868.46,1425416.58,20303.17,15194.75,126048.10,216218.51,146.25,1241127.26,4194007.24,33383.25,648441.03,454123.50,45033.90,53131.57
Scenario 1,495,2,True Positive News,195,TRADING,147831.45,1521027.41,164322.91,261679.22,544448.66,446012.81,245526.22,501508.20,726023.50,943151.77,460049.83,311133.01,1617686.86,20398.64,457408.49,43196.09,323579.06,464910.47,210856.25,47771.53,125040.11,478245.49,385175.50,389075.20,100412.51,118259.44,146597.50,188054.55,104864.08,150766.13,128377.56,138064.43,150414.57,92233.32,156674.51,134113.51,113971.63,1425341.95,20242.89,15219.20,125666.06,216467.92,146.13,1241804.71,4204913.76,33384.01,647931.09,454348.08,45003.62,53241.18
Scenario 1,496,2,True Positive News,196,TRADING,147872.21,1519437.43,164911.58,261767.44,544225.79,446579.97,245477.16,502423.94,725089.30,940170.66,459319.77,310890.62,1615558.64,20393.67,458059.28,43166.64,324669.01,464750.02,211721.74,47840.91,123984.14,477849.00,385335.85,388864.47,100399.02,118154.83,146323.78,187903.70,104930.37,151315.53,128467.17,138236.66,150533.62,92218.83,156657.98,133841.19,113963.18,1426457.37,20289.90,15160.49,125719.59,216493.82,146.01,1244417.96,4198863.49,33397.56,646178.37,454143.37,44956.69,53127.59
Scenario 1,497,2,True Positive News,197,TRADING,148060.50,1520633.69,164634.95,262203.75,544058.24,446032.27,245458.76,503977.15,725288.45,939917.65,459034.98,309658.27,1615792.92,20414.93,457451.97,43198.68,325335.05,465291.90,212309.90,47911.90,124088.99,479016.50,387559.69,388678.16,100313.18,118318.14,146518.88,187948.84,104778.33,151558.77,128522.92,138119.72,150447.88,92431.78,156934.00,134449.79,113953.95,1425630.30,20308.45,15175.30,125544.42,216506.65,145.93,1243077.79,4199462.50,33390.99,645030.32,454593.46,44888.68,53063.41
Scenario 1,498,2,True Positive News,198,TRADING,148255.11,1522524.81,164551.86,262016.21,544214.14,446128.45,245828.84,504174.04,726223.97,941407.61,459344.79,309774.50,1617107.48,20423.48,459143.87,43200.28,325993.86,465031.34,212954.34,47894.31,123461.93,478898.15,387931.18,388397.81,100197.52,118089.68,146645.04,188215.65,104932.95,151612.97,128643.56,137832.96,150271.23,92363.89,157041.38,134880.00,113859.53,1424317.02,20300.13,15198.06,125999.85,216034.38,145.63,1242847.52,4208517.63,33366.16,645659.86,454357.48,45057.67,53139.50
Scenario 1,499,2,True Positive News,199,TRADING,148233.75,1523099.40,164354.07,262517.83,544463.20,446220.19,245802.98,505939.59,726184.49,939856.89,459854.27,309267.09,1617948.73,20416.19,460048.38,43230.87,326606.10,466147.13,212507.19,47946.60,123745.06,480111.62,390282.12,388066.64,100220.14,118065.76,146779.87,188415.76,105010.51,151786.03,128896.08,138102.75,150229.44,92612.69,157159.91,135171.62,113911.76,1424013.85,20317.87,15099.38,125302.28,217125.60,145.65,1242692.99,4206572.53,33382.41,644490.44,453503.84,45095.72,53174.75
Scenario 1,500,2,True Positive News,200,TRADING,148003.72,1526957.78,164510.96,263521.25,543333.99,446806.13,246211.65,506819.74,725070.24,939977.83,459420.96,309041.73,1621232.99,20424.40,461204.02,43250.10,327330.41,465103.79,212849.31,48019.21,123382.50,480036.10,392183.47,388081.40,100219.34,118226.29,146544.92,188265.08,105321.69,151876.91,129096.46,138249.42,150212.32,92783.01,157107.16,135631.64,113904.86,1424614.66,20340.90,15134.42,125111.08,217659.90,144.81,1240940.35,4201830.79,33368.70,644351.86,453089.36,45133.93,53370.48
Scenario 1,501,2,True Positive News,201,TRADING,148096.72,1524079.37,164087.55,264232.71,543699.83,446204.27,246104.48,508410.11,726977.64,938922.76,459091.58,307444.28,1624735.53,20406.34,461831.35,43257.01,326994.16,465286.08,213490.27,48009.97,123592.18,481091.07,393008.32,388247.98,100271.64,118361.42,146905.99,188324.39,105316.20,152238.90,129380.96,138302.14,150433.73,92838.56,156807.16,135786.75,114006.75,1424663.31,20340.37,15152.45,124251.48,218744.28,144.88,1240504.65,4201965.60,33356.30,643731.88,451867.55,45162.53,53509.51
Scenario 1,502,2,True Positive News,202,TRADING,148096.97,1523199.53,164188.21,264138.47,543253.95,445169.12,246395.52,509249.02,727513.31,935825.90,458779.72,307137.49,1624407.67,20406.86,462058.27,43252.74,327393.61,466152.85,214155.93,47962.10,124099.08,481918.31,394044.57,388355.85,100326.95,118458.36,146982.76,188276.24,105116.73,152819.19,129752.38,138059.73,150542.78,92951.30,156851.67,135733.55,113921.36,1423659.99,20343.03,15130.31,123475.70,219055.64,144.81,1240221.52,4201060.66,33355.79,644114.64,451586.85,45273.10,53786.62
Scenario 1,503,2,True Positive News,203,TRADING,148010.64,1526027.78,164400.07,264271.31,542866.19,443817.92,245434.45,508529.75,728534.48,935887.47,459430.10,306431.06,1623862.67,20394.44,463033.20,43260.43,328722.70,465989.48,214054.03,47950.57,124193.99,482078.12,396002.33,388620.22,100194.41,118523.27,147098.33,188568.45,105200.68,153152.50,130121.12,138378.69,150419.70,92821.61,156743.44,135489.57,113870.70,1423898.47,20302.35,15132.09,123579.88,219628.10,144.73,1243068.23,4198369.65,33357.22,642964.03,451327.03,45247.72,53705.60
Scenario 1,504,2,True Positive News,204,TRADING,147654.42,1530865.45,164122.28,264520.47,543508.24,443062.09,245617.76,509595.01,728352.84,936173.99,458945.47,306586.69,1626552.05,20408.52,462979.92,43252.96,329057.83,465969.09,214678.02,47946.91,124274.63,482223.62,397898.13,387955.32,99975.97,118602.88,146908.50,188473.28,105306.26,153766.45,130779.45,138042.94,150382.65,92822.57,156928.58,135733.29,113952.71,1425096.67,20298.44,15156.31,123673.97,220316.07,144.64,1243176.76,4201319.71,33370.09,643209.46,450722.93,45270.25,53826.63
Scenario 1,505,2,True Positive News,205,TRADING,147519.67,1532677.57,164090.71,264680.13,542462.44,442401.22,245615.05,509702.42,728893.22,935850.82,458534.17,306721.27,1627634.91,20391.07,463922.72,43215.28,329718.89,465749.91,215399.25,47967.94,123778.20,482381.17,400011.53,388472.96,100171.02,118964.56,146942.65,188681.54,105428.11,153102.39,131458.85,138178.77,150122.53,92802.28,156836.50,135558.42,113915.00,1425982.69,20280.45,15136.87,123815.17,220947.29,144.77,1240963.44,4212455.90,33346.87,642590.66,450093.60,45192.68,53814.06
Scenario 1,506,2,True Positive News,206,TRADING,147229.24,1533518.94,164549.87,265015.68,542572.03,441090.58,245519.96,509870.79,728177.89,935580.11,458320.09,306755.34,1627574.48,20382.54,464219.92,43252.20,329776.32,465614.07,215740.07,47992.41,123760.61,483374.52,400373.05,388513.45,100125.02,118925.38,146773.25,188775.18,105482.95,153303.72,132074.67,137894.84,150331.55,92857.09,156871.53,136169.83,113978.09,1425232.40,20280.79,15108.72,123563.83,221981.02,144.56,1242348.04,4212702.25,33362.59,643441.14,450101.30,45056.31,53876.72
Scenario 1,507,2,True Positive News,207,TRADING,147581.31,1535554.58,164498.09,265477.02,542086.11,440356.35,245599.20,510359.39,728955.25,933957.20,459246.99,305929.52,1627903.69,20392.96,466457.43,43235.04,330303.50,466562.50,216074.51,47974.67,123891.90,482995.74,402091.34,388100.99,100126.44,118693.21,147144.61,188687.08,105556.21,153796.68,132540.80,138059.77,150523.84,92868.11,157068.50,136574.61,113913.88,1425964.73,20260.27,15187.00,123484.57,222596.58,144.54,1242363.98,4227708.78,33336.67,643310.50,449891.39,45108.04,53766.69
Scenario 1,508,2,True Positive News,208,TRADING,147476.79,1538587.29,164514.62,266632.18,542773.27,440212.07,244887.98,510851.86,728334.07,935722.07,459464.27,306114.70,1625791.91,20381.40,466777.11,43190.48,331378.85,466907.23,216513.21,48011.06,124107.94,482922.24,404065.62,388403.11,100136.60,118560.75,147194.53,188543.12,105270.35,154115.50,133104.39,137554.62,150454.42,92769.97,157220.67,136716.86,113881.55,1425878.73,20321.68,15188.63,123244.71,223163.84,144.34,1237695.95,4238831.23,33334.98,643690.75,450707.37,45035.51,53880.68
Scenario 1,509,2,True Positive News,209,TRADING,147366.93,1538713.25,164319.22,267309.24,543301.87,440322.60,245140.86,510143.36,728221.35,937587.30,459837.55,305604.91,1628161.74,20377.76,466196.71,43263.75,333033.05,466785.78,216882.70,47997.00,124406.48,483039.89,405020.81,388938.90,100251.02,118605.26,147473.37,188260.00,105155.30,154308.79,133646.19,137824.08,150354.12,92738.01,157166.56,137239.06,113843.68,1425787.01,20331.72,15191.21,122733.30,223696.52,144.98,1235433.02,4243367.51,33297.74,644162.06,449538.23,45124.43,53868.30
Scenario 1,510,2,True Positive News,210,TRADING,147448.65,1543063.98,164013.82,267713.97,543643.48,439836.18,244305.66,510248.59,729125.89,934083.32,459470.88,305218.44,1628989.58,20369.43,466170.73,43188.21,333794.56,468362.21,216851.18,47960.10,124606.65,482903.69,406582.01,388749.45,100326.12,118271.41,147310.98,188191.23,105160.96,154577.13,133933.91,137636.45,150513.20,92701.18,157032.26,137000.95,113750.05,1425427.51,20301.41,15217.49,122584.95,224404.76,145.51,1232397.43,4253140.32,33306.43,645205.14,448483.49,45119.71,53877.68
Scenario 1,511,2,True Positive News,211,TRADING,147311.99,1540896.73,164009.07,267954.67,543486.37,439677.05,244190.57,510576.59,730166.94,937946.60,459599.22,304373.75,1625405.26,20366.18,466418.20,43214.59,335220.40,468170.00,217028.65,47974.40,124488.55,481419.27,407175.24,389144.68,100360.76,118266.67,147686.91,188378.90,105119.78,154514.39,133857.58,138038.36,150495.56,92560.94,156978.59,137353.46,113747.41,1423875.67,20352.94,15253.69,122407.93,224582.13,144.89,1228751.00,4255302.07,33319.66,646950.57,448553.98,45108.45,53644.47
Scenario 1,512,2,True Positive News,212,TRADING,147475.40,1539585.78,164232.91,268200.52,543487.22,440535.10,244689.09,512167.88,730419.60,935173.44,460065.01,304069.46,1622053.23,20340.11,464424.66,43234.42,334727.86,467774.72,216897.54,48004.21,124840.89,480838.62,408013.28,388693.91,100393.20,118267.15,147433.55,188245.66,105070.03,154477.03,133755.36,138453.87,150406.44,92338.34,156840.15,137639.24,113666.81,1422882.28,20334.12,15276.89,122629.98,224829.29,145.15,1223895.68,4262108.02,33312.17,647866.93,449198.96,45088.76,53515.33
Scenario 1,513,2,True Positive News,213,TRADING,147430.36,1539750.74,164299.25,268279.37,543631.33,441295.28,245283.66,511301.16,729930.72,932512.63,460198.53,303035.02,1621364.84,20337.96,464367.24,43206.87,336426.11,468218.43,217005.36,48004.15,125036.89,481497.69,409083.48,388785.36,100310.28,118072.45,147777.03,188220.69,105139.53,154279.57,133365.65,138664.27,150341.21,92177.29,156796.45,137246.07,113691.81,1424827.42,20340.93,15321.29,122735.10,224279.06,144.44,1215766.24,4261998.93,33305.94,650047.03,449961.03,45125.28,53422.92
Scenario 1,514,2,True Positive News,214,TRADING,147426.77,1536579.25,164126.60,268374.23,543134.90,441525.07,245279.15,510584.33,732371.45,931876.92,459308.12,302227.05,1619647.97,20323.61,463357.02,43165.16,337301.61,467766.19,217662.61,48012.46,125604.05,482643.81,409654.56,389457.81,100287.89,118143.39,147971.26,188193.18,104985.06,154018.89,132887.86,139210.43,150495.71,92150.57,156686.90,137574.85,113688.20,1425382.68,20345.83,15395.50,123073.53,224508.57,145.40,1209335.99,4267346.74,33315.98,650940.83,450415.58,45173.93,53518.42
Scenario 1,515,2,True Positive News,215,TRADING,147473.57,1535496.46,164493.58,267988.02,544017.73,442325.19,245670.08,511341.21,733011.56,928445.57,459070.36,301576.57,1617794.61,20305.96,462686.56,43208.55,338015.34,467189.96,218149.62,48015.33,125920.13,481679.04,411002.20,389338.76,100345.34,118186.91,147558.51,188260.79,105063.49,154311.71,132382.62,139613.42,150399.89,92254.64,156884.50,137442.15,113669.37,1426952.30,20347.42,15489.26,123329.40,223775.18,145.77,1203367.96,4250694.05,33314.22,652367.13,451113.56,45106.12,53356.40
Scenario 1,516,2,True Positive News,216,TRADING,147765.95,1535080.32,163817.32,267756.00,544919.44,443063.17,244822.64,510640.79,733163.35,930304.10,459085.73,300440.71,1619725.90,20301.22,461876.05,43229.28,337547.07,467636.11,217821.27,48018.45,126451.16,481161.20,410940.44,390124.80,100335.80,118318.79,147393.37,188272.99,104673.36,154047.43,131572.52,139648.91,150263.49,92187.85,156855.36,138045.07,113615.13,1427335.21,20348.94,15594.14,123253.57,223239.89,145.62,1195755.09,4274842.98,33310.13,652647.25,451645.53,45192.81,53354.50
Scenario 1,517,2,True Positive News,217,TRADING,147698.91,1536882.33,163563.13,267421.40,544790.85,444177.96,245210.64,509629.13,733510.03,927414.82,457843.43,300394.37,1621349.34,20283.71,461181.87,43239.60,339547.00,467334.74,217284.11,48066.27,126075.17,483870.91,409477.09,390445.86,100492.82,118599.08,147328.30,188541.60,104636.68,154247.63,130936.42,139964.18,150339.83,92161.49,156993.54,138262.80,113570.80,1428731.89,20338.46,15643.84,123736.03,222567.91,145.44,1191714.05,4272267.70,33336.85,654257.92,452481.12,45146.71,53329.29
Scenario 1,518,2,True Positive News,218,TRADING,147585.96,1538290.15,163395.00,267487.17,545045.91,445644.72,245786.65,509010.13,733168.04,927389.01,457439.74,300079.46,1625127.12,20281.25,460450.16,43184.03,339846.28,466666.96,216771.03,48104.54,126290.43,485280.43,411237.50,390089.24,100482.28,118296.63,147016.93,188522.02,104348.93,154183.33,130462.56,139841.21,150579.65,92190.35,157034.57,138090.00,113474.87,1429539.05,20359.66,15681.28,124153.83,221881.18,146.39,1188603.69,4273247.80,33330.30,654923.36,452931.87,45310.09,53260.67
Scenario 1,519,2,True Positive News,219,TRADING,147698.55,1536367.72,162908.02,266773.64,544189.90,446567.40,245148.50,508317.14,733552.01,928092.95,458013.33,299440.35,1624199.13,20268.57,458777.36,43200.94,339877.32,467592.87,216455.90,48148.35,125805.05,483912.83,412199.52,389526.97,100424.32,118405.79,146696.96,188736.24,104549.89,154218.15,129970.34,139804.68,150484.14,92338.75,156855.99,138329.36,113605.14,1430312.73,20346.47,15731.18,124133.97,221384.16,146.56,1182565.26,4297153.95,33324.55,654979.43,453430.53,45368.24,53084.33
Scenario 1,520,2,True Positive News,220,TRADING,147794.71,1535735.72,162760.93,265913.21,544619.22,447377.35,244680.12,507604.14,732720.85,925964.47,458202.26,299641.09,1620974.80,20267.53,457624.06,43237.33,340535.30,467984.21,215502.18,48127.03,125337.45,482463.85,412420.03,389557.01,100341.41,118334.87,146830.11,188934.11,104381.17,154219.17,129521.32,139615.83,150441.18,92393.72,156890.97,138297.60,113612.13,1431792.19,20346.86,15717.37,123900.64,220479.96,146.89,1179744.31,4292594.46,33311.64,656689.43,453706.33,45379.99,53221.17
Scenario 1,521,2,True Positive News,221,TRADING,147943.21,1531420.81,163009.95,265007.20,544778.90,447665.59,245292.59,507154.09,733242.38,922697.79,458218.07,299726.13,1621569.67,20265.65,456748.94,43203.77,340328.74,468679.47,214952.09,48176.16,125290.74,482103.39,412289.84,390398.75,100401.53,118182.70,147137.29,188896.04,104358.14,154603.22,129163.91,139500.77,150472.67,92472.79,156996.96,138227.97,113626.43,1432418.61,20375.05,15645.79,123825.42,220140.49,147.17,1175166.21,4297262.93,33323.28,658590.39,453809.58,45397.83,53160.92
Scenario 1,522,2,True Positive News,222,TRADING,147911.86,1529956.84,162496.73,263794.62,543212.97,448080.15,246041.24,507307.35,733113.07,921564.98,457664.25,299442.32,1619595.83,20260.29,455081.55,43225.87,339777.48,468153.35,214908.96,48165.62,125506.66,481613.87,411427.25,390509.77,100175.40,118319.17,146538.35,189010.85,104652.47,154464.90,128992.99,139596.90,150491.05,92530.08,157169.35,138494.98,113622.22,1430895.13,20347.08,15598.07,124009.11,219740.13,147.64,1175059.29,4313264.23,33306.84,659563.57,453632.32,45348.66,53188.87
Scenario 1,523,2,True Positive News,223,TRADING,147758.99,1530168.50,161956.06,261775.85,543608.18,448576.25,246200.62,507188.78,732799.19,918168.62,457539.98,299617.49,1619725.14,20259.03,454421.78,43247.49,338808.48,467780.42,214842.36,48190.99,125658.13,480965.12,410626.18,390991.33,100160.97,118349.80,146611.62,188865.47,104853.83,155045.93,128814.51,139768.20,150548.25,92453.10,156988.31,138115.72,113581.28,1429674.45,20382.10,15510.84,123595.05,218737.62,147.79,1173249.27,4320377.65,33305.01,661023.77,452860.18,45275.51,53080.55
Scenario 1,524,2,True Positive News,224,TRADING,147901.14,1530074.02,162056.79,260282.04,543874.85,449219.88,246428.01,508385.60,732501.95,917258.74,457672.63,298861.71,1617738.97,20281.24,453274.30,43249.10,338327.06,466716.94,214889.74,48186.53,125322.59,481747.57,410153.69,390975.35,100167.38,118599.47,146725.57,188866.86,104652.50,155314.66,128579.71,139899.04,150689.74,92349.43,157003.77,137690.70,113754.99,1427440.89,20370.76,15443.17,123395.11,217768.63,148.03,1171719.98,4312688.92,33290.49,660762.91,452035.94,45262.64,53134.59
Scenario 1,525,2,True Positive News,225,TRADING,147709.50,1527581.21,162358.74,258283.04,544281.58,449313.74,246441.52,508783.43,734382.18,918256.18,458018.31,298152.94,1620751.61,20272.37,449979.21,43237.95,336739.97,466938.25,214108.85,48221.29,124883.36,482351.83,411256.50,392230.08,100145.53,118491.38,146748.22,188812.00,104761.07,155644.04,128311.70,139428.75,150674.07,92389.41,156951.26,137786.11,113734.18,1426598.42,20395.04,15413.63,123269.52,217439.81,147.88,1170201.15,4314643.55,33279.40,661334.53,451659.99,45322.38,53233.67
Scenario 1,526,2,True Positive News,226,TRADING,147666.24,1531948.30,161721.99,256275.85,544118.78,449278.02,246104.33,508747.77,732859.19,916730.57,458511.00,298528.28,1618354.21,20283.89,448012.15,43261.55,336335.86,466646.14,213443.43,48175.21,125153.94,483078.71,412672.95,392471.69,100164.28,118479.63,146238.46,189038.74,104569.13,155529.18,128243.05,139458.35,150702.72,92223.62,156989.50,137263.45,113836.90,1428171.18,20411.57,15366.85,123727.73,217406.24,147.55,1169894.07,4317204.04,33237.31,660453.66,452720.91,45385.24,53289.37
Scenario 1,527,2,True Positive News,227,TRADING,147989.85,1532169.60,161793.35,254622.82,543380.73,449921.18,246337.14,507450.41,732465.35,914800.35,457997.03,298450.86,1615759.34,20266.80,446547.88,43255.60,336452.45,466163.36,212397.35,48222.86,124982.88,481922.27,412129.77,393134.34,100194.71,118533.44,145736.35,189007.39,104673.33,155524.01,128175.84,139354.14,150721.36,92296.34,157091.09,136936.12,113770.70,1428697.28,20410.75,15346.83,124204.29,217447.63,148.07,1172608.65,4314142.59,33226.77,661083.50,452439.49,45437.96,53341.23
Scenario 1,528,2,True Positive News,228,TRADING,147765.29,1530178.91,161714.93,252376.53,543353.39,450800.08,246808.13,508615.53,731533.44,916216.48,458722.59,297945.64,1617355.57,20268.95,445140.83,43235.73,334877.32,466581.32,211857.34,48276.41,124964.77,483234.86,410463.97,393329.25,100131.09,118403.92,145294.03,189174.22,104760.06,155577.17,128289.82,139321.45,150892.84,92022.78,157025.10,136741.42,113763.59,1428364.43,20423.56,15371.55,124659.89,217150.07,147.64,1173987.76,4311001.64,33206.30,660918.71,452793.78,45536.39,53551.70
Scenario 1,529,2,True Positive News,229,TRADING,147737.79,1525001.71,162128.86,250162.55,543555.15,451398.43,247094.62,509395.68,730365.56,915898.88,458336.34,297983.12,1619705.66,20271.88,443409.72,43227.15,334166.10,465278.78,211034.43,48249.08,125306.27,484039.98,408402.63,393735.82,100143.95,118241.78,145426.63,189287.10,104785.17,155815.73,128257.31,139561.24,151014.06,91700.12,157149.36,136298.32,113817.86,1429030.08,20451.00,15372.06,124773.89,216747.99,147.97,1175333.94,4311342.19,33222.95,659774.83,453017.66,45456.18,53517.86
Scenario 1,530,2,True Positive News,230,TRADING,147606.17,1529586.88,162070.52,247613.61,544194.98,451934.22,246675.41,509844.76,730191.78,918657.04,458705.71,297978.36,1622819.76,20280.25,442701.50,43235.87,332884.70,464885.08,210148.90,48265.12,125070.79,483977.21,406579.17,394651.41,100203.64,118344.06,144816.70,189088.57,104921.55,155854.81,128231.20,139348.26,151220.38,91672.20,157205.74,136705.81,113713.60,1429468.57,20444.03,15422.71,125003.20,216963.20,147.66,1178732.54,4297505.52,33240.70,658252.91,453780.25,45566.94,53440.12
Scenario 1,531,2,True Positive News,231,TRADING,147519.93,1533028.81,162272.74,245032.62,544695.64,452852.06,247251.87,509620.92,729582.04,920452.99,459211.92,298569.19,1624394.99,20320.50,441970.16,43243.71,333062.03,465453.18,209744.74,48283.14,124160.36,484564.38,405747.58,394944.70,100116.04,118673.76,145732.97,189144.46,105092.93,155925.68,128231.12,139515.97,151070.02,91662.69,157281.20,136125.27,113630.26,1431468.06,20456.05,15401.69,125103.95,217632.70,146.83,1181378.27,4296357.88,33219.11,656601.35,454006.60,45565.35,53172.05
Scenario 1,532,2,True Positive News,232,TRADING,147609.52,1535059.04,162372.71,242441.14,545710.28,452949.95,247552.32,510668.41,729041.06,920746.30,458574.97,298606.79,1627539.48,20309.54,440616.84,43279.61,333185.82,464635.99,209698.78,48289.63,124636.47,484647.75,405395.22,395029.98,100132.73,119061.56,145775.45,189047.22,105081.68,156191.43,128172.96,139569.97,150662.20,91936.65,157261.91,135834.69,113594.57,1432100.85,20478.43,15442.70,125246.63,217778.48,146.57,1183139.49,4304367.92,33231.17,653949.47,453927.93,45560.15,53081.99
Scenario 1,533,2,True Positive News,233,TRADING,147628.06,1541441.37,161868.29,240873.20,546320.09,453945.41,248394.83,510906.96,726603.19,924497.36,458705.96,300121.03,1626637.04,20297.79,438851.93,43297.97,334084.04,465302.41,208602.62,48257.16,124276.07,484711.54,404049.67,396286.13,100173.53,118903.65,146100.19,188801.49,105092.99,156288.92,128097.84,139601.67,150946.16,91734.38,157373.50,135813.89,113556.33,1433036.06,20475.31,15421.61,125446.40,217555.49,145.63,1186220.43,4306657.97,33231.74,652061.73,453138.53,45591.90,52824.22
Scenario 1,534,2,True Positive News,234,TRADING,147516.39,1546111.60,162041.35,238204.19,545791.55,454965.29,247790.97,511623.59,724995.33,925543.24,458781.52,299864.52,1629136.55,20306.70,438373.12,43392.34,333627.54,465125.94,208058.19,48255.49,124087.61,484726.73,400493.11,396809.55,100289.97,118988.47,146039.52,188931.04,104948.69,156471.04,128004.96,139767.94,150818.31,91634.50,157296.95,136169.46,113529.26,1431974.65,20493.28,15453.91,125306.64,217445.97,145.60,1187229.35,4301622.43,33253.89,648446.27,452787.43,45696.83,52815.78
Scenario 1,535,2,True Positive News,235,TRADING,147721.62,1546165.66,162059.70,235986.48,545707.60,456028.96,248489.22,510943.33,723816.12,922276.32,459587.51,299851.97,1628414.15,20301.42,438942.54,43384.18,333584.45,465077.31,207628.61,48283.95,123723.35,485069.01,397826.40,397503.60,100193.48,118994.05,145824.41,188886.32,105074.05,156251.14,128040.09,139729.49,150615.64,91554.78,157425.93,135990.74,113466.09,1432057.91,20480.96,15473.37,125382.94,217655.68,145.50,1188929.46,4296403.89,33287.15,645437.59,452078.52,45661.69,52933.93
Scenario 1,536,2,True Positive News,236,TRADING,147836.93,1547528.47,162032.61,234279.58,545820.34,456547.46,248562.48,509893.75,723031.49,924093.13,460206.14,299217.49,1631344.95,20321.47,440156.77,43378.88,332532.32,466111.14,206815.19,48284.72,123775.03,483591.09,395443.82,398537.74,100182.91,118788.64,145566.96,188956.14,105075.29,156306.64,127916.65,139601.01,150790.89,91421.09,157386.71,136262.84,113282.24,1431794.79,20485.48,15525.15,125740.14,217901.78,144.94,1190734.19,4283052.45,33294.16,642790.28,452273.38,45778.47,52913.96
Scenario 1,537,2,True Positive News,237,TRADING,147655.10,1549169.10,162073.34,232033.23,545427.54,458026.52,249216.43,509318.27,722409.24,921006.35,461070.03,298838.62,1630395.41,20314.43,441318.20,43372.47,332329.63,466270.96,206658.88,48250.15,124222.95,483829.89,392535.51,399502.36,100180.86,118749.79,145865.86,189084.27,105142.54,156647.10,127874.85,139711.47,150732.79,91606.03,157434.19,136826.22,113045.37,1433579.72,20446.30,15554.31,126217.48,217568.88,144.74,1195503.51,4284550.71,33305.18,637649.64,452459.49,45967.17,52934.00
Scenario 1,538,2,True Positive News,238,TRADING,147680.46,1553959.29,161513.90,229843.85,545997.68,459138.18,249559.01,509798.43,721774.45,922683.68,460323.52,298810.49,1630229.19,20311.10,443120.70,43420.82,331393.04,466363.00,206203.09,48239.57,124642.30,484303.58,390110.44,400621.85,100127.16,118887.21,146215.50,189117.10,105193.74,156594.86,127819.41,139698.86,150763.40,91737.61,157352.88,137264.05,112636.75,1434144.37,20471.65,15549.54,126164.74,217574.25,145.55,1198448.33,4279834.90,33329.92,632972.27,452862.33,46076.60,52857.44
Scenario 1,539,2,True Positive News,239,TRADING,147725.51,1555530.27,161767.72,227241.25,545769.91,459858.57,250052.15,509543.59,720294.26,925139.21,459891.14,298410.83,1630239.97,20316.87,445581.82,43435.02,330685.56,464666.12,205482.31,48232.65,124826.09,485081.78,387632.61,400991.98,100185.38,118898.11,146051.30,189259.14,105396.15,156629.79,127691.33,139338.65,150756.37,91889.36,157374.89,137512.22,112287.07,1435390.05,20470.34,15591.86,126142.05,217791.09,145.67,1199338.73,4281827.80,33354.78,627414.81,453204.02,46067.73,52662.39
Scenario 1,540,2,True Positive News,240,TRADING,147609.45,1557230.16,161602.70,224890.95,545923.84,460838.66,249625.87,508941.44,719018.97,924065.01,459432.62,297739.01,1632545.60,20320.99,448322.02,43484.67,330179.86,465570.92,205194.57,48272.03,124794.48,485063.49,384965.11,402061.30,100212.23,118706.40,146071.78,189061.18,105434.21,157149.79,127681.39,139301.94,151143.01,91986.32,157445.99,137599.94,111842.48,1435207.16,20453.27,15568.36,126580.34,217445.39,146.03,1200744.12,4282204.71,33356.62,621643.74,451943.38,46067.79,52533.61
Scenario 1,541,2,True Positive News,241,TRADING,147345.46,1560078.72,161974.12,222940.30,546665.45,461277.34,249283.85,509801.92,718463.51,922065.88,459525.13,298331.77,1631278.56,20331.18,450616.24,43436.95,330052.51,465316.67,204109.10,48242.50,124724.26,483107.48,383096.75,402493.57,100232.50,118921.10,145946.99,188908.64,105534.05,156902.40,127690.59,139148.14,151184.63,91947.06,157266.68,137717.83,111410.18,1435219.16,20457.25,15622.72,126561.77,217196.96,146.11,1206595.10,4287586.77,33355.58,616986.27,452415.25,46041.39,52569.91
Scenario 1,542,2,True Positive News,242,TRADING,147279.32,1560818.22,162207.97,220997.97,545578.26,462278.82,249050.49,510277.43,718291.54,924476.88,459072.49,298370.01,1631555.39,20326.46,452470.50,43356.78,329777.26,465270.31,203276.19,48208.87,124756.06,485525.72,381534.65,403065.03,100316.61,118736.08,145231.42,188876.41,105429.18,156679.13,127636.12,139027.67,151241.65,92050.37,157380.45,137327.87,110942.39,1435456.00,20446.52,15591.04,126311.08,217928.03,145.51,1210400.12,4292310.17,33325.58,612879.25,452929.64,46143.09,52458.28
Scenario 1,543,2,True Positive News,243,TRADING,147144.87,1562244.26,162053.01,219338.44,544895.85,463035.52,248566.33,511115.50,717295.74,923773.10,459058.49,297320.47,1634070.68,20347.39,454592.82,43428.59,329075.03,465440.70,202311.63,48186.32,125099.36,485602.28,380546.56,403503.41,100408.42,118504.15,145095.15,188947.89,105519.97,156968.92,127718.81,139309.12,151356.13,92382.01,157414.26,136912.89,110588.68,1435483.86,20422.33,15574.18,126110.91,217638.74,145.45,1211956.52,4297187.33,33321.11,609154.17,453591.39,46094.03,52724.97
Scenario 1,544,2,True Positive News,244,TRADING,147089.93,1566080.77,162498.72,218327.69,545583.18,463068.19,248779.81,511914.05,717970.50,923854.66,458619.58,297014.19,1634105.08,20334.52,456442.14,43422.96,329505.63,465409.85,201424.87,48181.72,125602.21,486200.14,379255.15,403986.43,100314.98,118401.44,145279.99,188651.23,105350.43,156978.67,127857.18,139632.34,151310.76,92517.25,157503.56,137396.88,110447.78,1436749.32,20425.29,15590.20,125900.53,216943.69,144.75,1217298.65,4299669.81,33306.42,604379.01,452661.55,46105.90,52622.56
Scenario 1,545,2,True Positive News,245,TRADING,146946.40,1566634.68,162350.87,217116.90,546849.87,463671.38,248804.88,511159.16,717379.79,922062.42,458385.11,296400.25,1636256.48,20317.93,458297.94,43426.38,329095.05,464715.79,201122.69,48118.93,125359.46,487153.00,377305.86,405309.86,100279.72,118451.32,145404.48,188728.74,105100.12,156727.11,127896.64,139825.81,151267.40,92674.31,157519.88,137848.61,110179.22,1435400.41,20400.36,15608.36,125671.22,216571.16,144.77,1219570.45,4304371.95,33296.43,600595.57,452860.90,46121.92,52518.93
Scenario 1,546,2,True Positive News,246,TRADING,146847.56,1565869.09,162020.50,216146.27,546301.50,463934.14,248637.69,511225.32,718527.17,922118.94,457834.09,294938.92,1636860.32,20309.42,460158.24,43433.01,328997.39,464691.96,200676.08,48107.14,126026.16,486253.68,375430.75,405004.15,100187.74,118640.11,145103.19,188915.82,105204.23,156280.50,128053.42,140150.87,151146.54,92829.96,157314.89,138272.09,110073.96,1435493.08,20408.63,15625.05,126163.96,216324.33,144.80,1225512.56,4300356.37,33292.48,597628.63,452649.72,46169.60,52554.66
Scenario 1,547,2,True Positive News,247,TRADING,146484.32,1566719.49,161916.21,215303.80,546254.15,463695.26,248449.38,512303.37,718873.31,923024.06,458091.22,294833.06,1637249.99,20295.12,461486.10,43441.90,328941.08,464524.43,200560.96,48130.41,125814.67,484731.59,374795.56,406354.28,100307.67,118503.07,144924.28,188682.39,105088.56,156366.58,128004.40,140610.25,150801.13,92860.18,157343.29,138203.90,110073.01,1435664.55,20444.16,15589.37,126140.62,215588.43,144.79,1230578.44,4291027.10,33235.70,596827.95,453453.43,46129.39,52499.45
Scenario 1,548,2,True Positive News,248,TRADING,146397.00,1571047.69,161390.06,214467.05,545089.08,463494.02,248741.83,512732.04,718235.95,923160.70,457475.33,293880.40,1638395.06,20297.92,462376.34,43456.01,328894.87,464108.59,199896.82,48235.76,125958.59,483060.80,373412.21,406454.78,100395.12,118593.72,143943.88,188886.29,105014.25,156357.37,128111.86,141243.94,150455.34,93324.37,157360.41,138413.51,110260.61,1437035.95,20409.55,15620.13,126395.72,215940.35,144.76,1237426.10,4296194.55,33236.04,595919.46,453243.09,46263.52,52591.25
Scenario 1,549,2,True Positive News,249,TRADING,146169.61,1570671.89,161050.74,214567.78,545722.72,463189.93,248389.85,513234.83,718657.41,923436.20,457233.33,292914.65,1636683.15,20298.99,462711.83,43465.05,328444.53,464826.50,199587.08,48292.24,126426.13,482578.57,371780.73,406919.46,100382.44,118380.99,143769.33,188965.55,104902.17,156500.06,128180.76,141175.14,150586.63,93443.58,157393.45,138646.65,110385.69,1437407.50,20429.68,15594.00,125955.91,215877.31,144.21,1245600.56,4273771.43,33217.92,596297.95,453132.35,46268.57,52518.12
Scenario 1,550,2,True Positive News,250,TRADING,146067.25,1573127.61,160327.69,214452.20,545932.08,462261.04,248663.66,513469.48,718553.43,923869.74,456398.35,291799.11,1639055.09,20303.40,462907.51,43497.05,328875.35,465553.81,198729.99,48284.49,126443.10,481244.92,370915.84,407792.07,100436.78,118327.55,143483.81,188918.81,105033.23,156513.75,128343.44,141598.29,151016.38,93558.23,157276.63,138645.88,110710.90,1438452.40,20444.70,15625.35,126025.87,215603.67,144.45,1253985.49,4270173.22,33193.51,596672.64,453398.35,46339.18,52347.15
Scenario 1,551,2,True Positive News,251,TRADING,145980.13,1572435.94,160225.97,214289.42,544755.22,461993.27,248975.88,512325.67,718795.17,922609.86,455703.14,290993.33,1637260.90,20309.37,463978.33,43514.32,328700.15,465716.94,198284.69,48270.97,127078.50,479641.72,368241.91,408030.40,100375.52,118357.72,143387.42,188767.30,105249.35,156559.41,128279.09,141426.82,150751.41,93707.21,157259.46,138504.67,111162.38,1438045.67,20431.54,15632.13,126276.11,215163.86,145.46,1261398.54,4269924.81,33203.32,597565.76,453122.44,46272.68,52317.58
Scenario 1,552,2,True Positive News,252,TRADING,145545.30,1569821.00,160316.34,214638.12,544273.09,460973.46,249231.81,512445.37,719957.25,925962.14,455451.72,290537.85,1636468.73,20336.08,465271.03,43529.78,330245.86,465977.90,197521.27,48276.35,126413.91,479392.42,365602.68,408231.45,100444.18,118373.92,143072.65,188654.25,105170.31,156368.56,128264.64,141333.44,150893.51,93921.69,157135.10,138811.76,111452.40,1437915.68,20432.18,15640.68,126178.79,214919.57,145.65,1271760.44,4271166.43,33176.12,599455.56,452467.96,46256.33,52295.07
Scenario 1,553,2,True Positive News,253,TRADING,145276.39,1574984.24,160077.23,215497.66,544092.97,460596.59,248968.03,512643.25,720423.69,923869.79,454988.22,289594.55,1635477.26,20372.72,464191.13,43514.76,330299.14,467085.89,197651.56,48240.65,126718.73,480130.18,364061.91,408917.90,100348.84,118418.81,143087.46,188661.01,105128.41,156396.35,128387.89,141438.04,151103.69,94045.30,157313.11,139406.87,111787.18,1437757.20,20427.83,15689.91,126013.97,215141.42,145.67,1284871.78,4272264.85,33193.14,600666.01,452446.65,46180.79,52159.45
Scenario 1,554,2,True Positive News,254,TRADING,145161.76,1572667.31,159448.24,215751.60,543641.01,459255.99,249485.61,513002.48,719693.39,926398.87,454572.29,289121.58,1635917.01,20373.30,464689.21,43529.20,329566.25,467658.57,197113.77,48277.98,127007.66,477922.45,363390.93,409834.42,100392.96,118354.61,142755.46,188986.53,105098.52,156350.03,128477.31,141615.00,151423.71,94287.44,157437.04,138809.91,112099.72,1437033.89,20407.34,15675.14,126255.65,215058.60,145.63,1296183.68,4268573.59,33208.63,602209.39,452199.43,46095.84,51986.73
Scenario 1,555,2,True Positive News,255,TRADING,144826.52,1573728.38,158645.87,216865.02,544169.60,458201.85,249840.67,512939.91,720299.32,930050.63,454247.73,288543.77,1636397.89,20390.92,464727.74,43547.98,330574.28,467693.13,196546.64,48294.78,126990.25,477662.57,363226.15,409905.29,100383.91,118408.08,142826.34,189003.74,105002.21,155596.94,128601.25,141798.59,151382.42,94587.54,157525.46,138820.53,112325.69,1438927.78,20384.88,15703.82,126399.76,215027.31,145.63,1306775.38,4268811.08,33186.85,604081.25,452375.15,46179.66,52150.98
Scenario 1,556,2,True Positive News,256,TRADING,144494.72,1577808.41,158213.41,217567.18,544253.98,457620.72,249820.54,513801.42,720601.44,925389.80,454758.17,287681.55,1638680.54,20381.94,464476.29,43589.45,331504.84,467524.89,196303.88,48248.02,127141.67,476687.76,362164.53,410572.53,100217.74,118284.00,142345.91,188768.88,104967.78,155659.48,128690.28,142307.83,151409.26,95070.92,157389.92,139284.05,112518.56,1438690.88,20371.19,15713.39,126341.05,215363.28,145.36,1315316.01,4261323.09,33179.73,609302.85,452879.38,46120.25,52046.13
Scenario 1,557,2,True Positive News,257,TRADING,144234.17,1575871.42,157993.26,218962.92,543509.86,457007.55,249283.24,513346.25,721969.35,926061.92,454978.30,287261.08,1638815.39,20365.99,464970.96,43586.00,331645.98,468310.83,196104.95,48281.65,127321.38,476021.25,361122.62,410292.42,100364.48,118239.97,142029.53,188630.56,104795.15,155685.65,128681.79,142299.57,151478.28,95494.15,157418.47,139953.04,112578.45,1436708.74,20356.85,15722.71,126219.27,215543.09,144.97,1318774.58,4257088.38,33190.52,611767.59,451695.68,46131.23,51941.19
Scenario 1,558,2,True Positive News,258,TRADING,143992.10,1581161.42,157566.88,220092.39,543463.22,456201.24,249262.01,512879.23,722375.89,927886.37,454768.45,286533.35,1641498.22,20374.30,465775.35,43578.80,331765.34,468339.93,195578.65,48268.72,127341.30,477208.66,360145.72,410613.30,100436.39,118065.02,141744.05,188820.06,104855.26,155832.81,128850.81,142389.46,151570.58,95772.23,157297.85,139936.08,112855.68,1437671.39,20330.79,15786.82,126386.81,215674.81,145.00,1317206.89,4246852.40,33196.38,615242.74,450960.44,46121.97,51881.93
Scenario 1,559,2,True Positive News,259,TRADING,144107.33,1582652.79,157610.25,221540.20,542697.07,455402.71,249426.20,513378.06,723054.13,926866.27,454422.09,286476.39,1642889.29,20364.80,466094.73,43612.79,331654.32,468624.92,195477.40,48271.09,127249.41,477483.42,359847.32,410760.74,100406.25,117921.12,142069.51,188820.32,105046.06,155791.23,129050.95,142538.16,151553.50,96274.22,157269.39,139905.35,112884.52,1437561.60,20284.91,15861.53,126259.96,215838.12,145.39,1315586.10,4247656.59,33211.91,616670.66,451250.01,46058.47,51926.81
Scenario 1,560,2,True Positive News,260,TRADING,143716.00,1580916.73,157539.42,222967.04,541656.93,454559.69,249400.07,512809.21,723918.79,926170.40,453988.27,286808.39,1642455.84,20362.10,467208.50,43636.43,331554.96,468594.32,195473.93,48315.00,126675.84,477471.73,359013.98,410998.08,100378.74,117865.11,142368.86,188882.74,105135.33,155751.88,129010.72,142545.56,151533.46,96886.23,157230.09,139853.77,112975.34,1436241.76,20274.93,15956.35,125872.20,216042.22,144.95,1310075.01,4238847.15,33214.08,618765.58,451028.48,46043.86,51843.89
Scenario 1,561,2,True Positive News,261,TRADING,143594.16,1579833.31,157620.85,224593.69,542338.99,453774.40,249477.29,513137.36,725224.62,927342.66,454620.62,286118.85,1642433.20,20351.89,467070.68,43680.19,330839.68,468310.63,195029.09,48270.68,126533.93,477314.48,358659.16,411215.56,100430.13,117666.68,141990.75,188880.11,104971.41,155332.85,129044.96,142328.51,151265.79,97312.53,157206.81,140217.35,113018.56,1435632.82,20314.01,16018.26,125398.11,216141.36,145.02,1304341.29,4233960.24,33221.08,623019.62,451307.94,46139.59,51725.59
Scenario 1,562,2,True Positive News,262,TRADING,143525.88,1579939.01,158089.05,226348.99,542095.61,453209.43,249233.52,513742.52,723974.92,930195.39,453427.03,286094.14,1644391.25,20358.44,467532.17,43647.19,330369.83,467702.07,194781.04,48276.75,127092.30,477915.96,358664.02,411014.82,100559.25,117399.06,142806.02,188949.58,105186.89,155109.62,129077.16,142523.96,151081.00,97635.63,157223.60,140233.16,113008.15,1437747.08,20332.33,16074.78,125736.08,216529.15,145.32,1296876.28,4238654.47,33227.09,626427.46,452008.54,46150.59,51632.58
Scenario 1,563,2,True Positive News,263,TRADING,143446.87,1577117.96,157936.26,227894.13,541645.91,451876.72,250162.13,512931.49,724923.19,931496.27,453023.84,286825.91,1643076.87,20364.97,467663.82,43596.32,330892.30,467170.97,194107.79,48240.78,127413.43,476115.45,358796.42,411282.54,100566.48,117308.74,142690.33,188945.12,105099.28,154811.38,129152.96,142939.58,151137.86,98109.79,157158.12,140338.65,112904.33,1438355.41,20320.76,16186.55,125779.52,216692.44,146.14,1292737.16,4230920.38,33260.11,627891.06,452645.22,46141.00,51597.75
Scenario 1,564,2,True Positive News,264,TRADING,143020.69,1576691.28,158055.64,229008.68,541415.83,450939.79,250177.70,513535.17,724826.96,930216.81,452912.21,286683.78,1641475.33,20375.61,468635.60,43651.80,331236.97,465383.16,193570.64,48258.85,127494.17,475639.98,359303.43,411303.59,100533.76,117125.44,142667.76,188763.06,105249.68,154657.87,129187.86,143010.57,151207.37,98424.94,157126.31,140483.86,112871.11,1437379.79,20342.15,16322.57,125611.56,216811.96,145.96,1286335.09,4227670.14,33271.99,628618.59,452600.75,46196.09,51453.18
Scenario 1,565,2,True Positive News,265,TRADING,143139.12,1579424.70,157928.55,229650.35,540466.37,449772.64,250808.65,513568.75,724530.05,930020.80,452914.43,287378.64,1642338.47,20370.15,467954.53,43658.99,330926.33,465456.75,193422.82,48295.24,127309.34,476294.19,358090.24,411042.39,100460.12,117061.58,142996.99,188847.59,105176.46,154826.19,129380.68,143015.88,151143.57,98835.18,157134.25,140615.65,112890.30,1439847.58,20357.26,16411.05,126118.34,216738.72,146.08,1280123.51,4234220.22,33314.78,629768.75,453533.62,46280.35,51301.28
Scenario 1,566,2,True Positive News,266,TRADING,142826.52,1582038.00,158766.48,231280.88,539963.79,449146.03,251157.41,513414.51,725030.90,931908.67,452289.18,287977.59,1641004.71,20383.89,467920.80,43609.36,329359.58,464267.88,193365.44,48237.34,127440.32,476132.79,358614.22,411578.51,100356.57,117165.63,142953.37,188925.30,105251.21,154619.02,129535.85,143326.62,151094.89,98974.37,157091.06,140711.38,112966.33,1439826.19,20343.71,16448.23,126444.67,216659.63,146.85,1277653.77,4235451.99,33308.32,630750.18,453297.03,46384.99,51271.72
Scenario 1,567,2,True Positive News,267,TRADING,142822.92,1580696.97,159911.34,233125.56,539925.63,448389.06,251818.41,512532.45,725452.43,934084.63,452210.01,287471.19,1639925.91,20398.42,466158.87,43574.26,330096.37,463722.90,193278.67,48221.76,126921.33,475270.12,358299.72,411677.29,100385.11,116922.44,142156.85,189334.69,105284.78,154158.48,129672.51,143564.65,151187.87,99452.19,157081.71,141153.62,113057.49,1440786.74,20344.92,16520.24,126743.94,216705.03,146.56,1276465.05,4232371.68,33307.07,630966.23,453337.43,46363.54,51065.37
Scenario 1,568,2,True Positive News,268,TRADING,143047.45,1580276.00,160784.04,234431.66,540413.67,447759.86,252661.61,512293.74,726755.39,930486.30,452237.32,288490.04,1639376.55,20401.70,465156.29,43518.64,330371.73,463710.03,192644.49,48214.60,127208.30,474299.59,356710.47,411656.83,100275.12,116694.14,142185.77,189391.98,105252.11,153732.31,129765.44,143727.60,150999.81,99421.56,157017.88,141636.58,113113.96,1439666.67,20373.62,16545.52,126711.95,216826.84,145.91,1274336.66,4234120.82,33327.55,632092.64,453088.48,46362.28,51107.32
Scenario 1,569,2,True Positive News,269,TRADING,142895.21,1573352.99,160999.71,235452.07,541363.70,447018.91,253285.79,513358.63,728040.24,930054.58,452364.07,288102.55,1642533.43,20416.15,464431.15,43555.30,331198.04,462766.05,192417.11,48234.66,127280.69,474343.02,356220.30,411493.85,100364.73,116855.13,141602.58,189604.20,105115.19,153297.37,129747.89,143599.90,150973.39,99435.97,156949.05,142610.08,113143.92,1439690.68,20354.38,16585.86,127059.36,217145.32,146.10,1274919.43,4220886.25,33314.71,632448.37,452947.03,46288.56,51151.32
Scenario 1,570,2,True Positive News,270,TRADING,142775.75,1571790.44,161524.73,236838.74,541323.23,447474.44,252984.48,512396.75,729237.75,930573.43,451908.05,288650.21,1644416.35,20451.86,464275.07,43606.45,330714.59,462546.45,192134.73,48257.25,127558.33,473845.67,357551.13,411111.85,100378.44,116630.71,141886.45,189692.99,105137.22,153307.44,129772.38,143889.56,151167.41,99510.11,156876.07,142871.59,113120.65,1439779.22,20408.04,16564.90,126654.69,216987.63,146.28,1276506.58,4222330.87,33291.03,632009.94,453103.54,46309.11,51009.38
Scenario 1,571,2,True Positive News,271,TRADING,142941.14,1574527.00,161803.77,237716.48,542267.89,447312.66,253288.13,511592.19,730163.50,928247.04,452352.82,289071.98,1644000.49,20471.62,463075.69,43604.29,329968.06,464281.16,191829.84,48250.53,127489.16,473173.96,358255.84,410847.57,100285.47,116484.94,141956.87,189517.95,105123.48,153478.46,129734.90,143672.23,151109.56,99760.26,157047.96,142369.33,113239.89,1440894.92,20414.32,16519.78,126552.58,216939.16,146.58,1281515.86,4215411.44,33282.32,630977.71,453078.64,46267.70,51016.36
Scenario 1,572,2,True Positive News,272,TRADING,142860.66,1572227.11,161992.27,239666.12,542781.75,446648.33,253657.98,510686.82,731765.94,927055.49,452256.60,288730.60,1644266.93,20478.07,462558.53,43617.89,329693.28,465376.68,191920.45,48282.63,127876.42,472349.17,358037.33,411036.97,100205.36,116483.42,141611.27,189708.96,105103.07,152895.83,129786.89,143480.23,151061.10,99654.06,157275.84,142382.51,113301.38,1441673.81,20395.48,16437.72,126587.60,216427.01,147.39,1282604.13,4211826.88,33218.62,630417.40,452458.54,46329.82,51159.41
Scenario 1,573,2,True Positive News,273,TRADING,142662.13,1577942.50,162069.61,240272.54,541389.51,446130.60,253513.11,510109.21,733482.58,928423.36,452760.06,288907.01,1646873.64,20475.71,461624.48,43621.19,329733.42,464539.37,192098.01,48252.15,127791.20,473825.56,357892.45,410194.35,100067.82,115964.50,141921.85,189788.62,105287.77,152779.40,129815.11,143688.28,151099.51,99467.14,157245.90,142252.34,113319.13,1441941.81,20412.26,16312.97,126704.61,216251.55,146.78,1285187.72,4218941.16,33236.40,630373.93,452621.82,46424.69,51437.40
Scenario 1,574,2,True Positive News,274,TRADING,142935.68,1580175.72,162022.51,241211.15,542225.56,445510.23,253411.78,509634.82,735483.01,929551.27,453223.75,289158.42,1642523.05,20471.09,461286.81,43604.30,330372.91,464405.03,191959.88,48280.46,127487.37,472861.19,357944.32,410507.76,99967.82,116103.54,141927.89,189680.83,105014.91,152525.83,129731.51,143658.25,151198.91,99330.22,157049.00,142558.29,113297.50,1443025.19,20404.79,16213.57,127038.34,216283.08,146.55,1286825.17,4213571.79,33215.53,630947.92,451619.93,46504.77,51316.34
Scenario 1,575,2,True Positive News,275,TRADING,143068.84,1577064.95,162660.69,242228.29,542965.92,445647.59,254040.01,509319.90,739433.86,931043.01,454233.58,288838.59,1638229.32,20460.67,460631.82,43599.99,330925.03,464888.01,191745.92,48258.48,127021.96,473097.18,357945.53,410521.05,99908.10,115920.05,141918.98,189584.48,105065.57,152724.14,129679.90,143566.11,151340.66,99307.63,156906.53,142850.12,113407.81,1444817.52,20420.09,16101.33,126783.30,216016.69,146.55,1287428.76,4205735.49,33201.98,632037.10,451582.53,46633.03,51322.71
Scenario 1,576,2,True Positive News,276,TRADING,143223.37,1579185.41,162495.05,243232.78,543503.00,445850.79,253975.38,507857.93,742315.71,931001.66,454154.49,289403.06,1636524.25,20460.44,459180.30,43570.18,329135.60,465892.29,191871.92,48275.52,126677.35,471164.49,358299.47,409469.62,99874.20,115801.80,141905.01,189525.94,105016.58,152304.91,129582.09,143260.87,151387.38,99257.26,157099.30,142701.96,113364.12,1444536.84,20451.71,16034.96,126044.19,215545.45,145.69,1289898.46,4203008.26,33222.97,631177.54,451607.07,46633.28,51593.33
Scenario 1,577,2,True Positive News,277,TRADING,143500.41,1585871.30,162162.20,243507.32,543573.72,445520.55,254583.01,506494.73,743507.76,932173.90,454890.39,289226.89,1638045.94,20473.50,458358.33,43553.89,328719.54,466053.50,191573.51,48214.56,126597.58,470153.99,358379.13,408353.13,99910.63,115757.73,141867.34,189735.38,104947.62,151790.70,129482.21,143476.17,151402.74,98939.62,157111.53,143051.87,113366.64,1445065.46,20494.66,15939.90,126166.38,215017.58,145.56,1289675.09,4208560.87,33223.41,629625.89,451555.26,46710.79,51757.03
Scenario 1,578,2,True Positive News,278,TRADING,143657.76,1589862.45,162252.17,244738.62,543838.54,444662.28,253903.27,506101.29,743822.34,931048.74,454771.13,289305.98,1638146.28,20465.70,457060.37,43587.27,329107.44,465848.15,191360.74,48216.51,126931.11,471208.55,357623.15,407863.80,99925.80,115553.84,141594.61,189737.67,104895.27,151924.98,129320.35,143805.15,151316.27,98627.20,157121.22,143285.34,113313.62,1444124.54,20489.12,15922.23,124977.03,215633.33,145.90,1290870.58,4211590.87,33244.38,631526.60,451719.07,46786.38,51967.09
Scenario 1,579,2,True Positive News,279,TRADING,143819.97,1589742.00,162165.70,245678.81,544586.47,444381.04,254025.30,506198.89,742775.44,934489.49,454580.40,288729.79,1639004.75,20463.83,457691.25,43596.66,328940.65,466633.41,191408.74,48134.96,126868.90,470398.09,357161.07,407406.63,99921.35,115417.98,141323.47,189509.09,104744.57,151780.54,129271.38,143911.16,151508.21,98391.60,157367.53,143153.80,113266.69,1442907.72,20476.13,15922.00,125628.30,215520.41,146.69,1288906.68,4205961.95,33210.30,630812.82,452112.22,46798.23,52109.09
Scenario 1,580,2,True Positive News,280,TRADING,143924.71,1596017.63,162302.67,247100.12,544721.11,444170.09,253632.14,505964.52,743210.92,934637.24,454417.84,288667.34,1641547.82,20464.72,457278.87,43589.55,327560.87,467592.44,191570.95,48144.61,126534.42,469748.57,355658.67,406109.60,99894.64,115460.77,141030.46,189462.66,104830.30,151905.75,129062.09,144013.56,151454.48,98404.95,157167.90,143484.48,113096.58,1442830.02,20485.65,15949.55,126467.17,215307.89,146.66,1287365.00,4208207.12,33247.46,630272.35,452018.37,46898.99,52078.61
Scenario 1,581,2,True Positive News,281,TRADING,144222.93,1598074.96,161761.06,247825.14,545276.35,444444.67,253622.78,505743.91,740788.17,931830.61,454525.07,288055.13,1644715.00,20465.33,456489.39,43659.04,327785.55,466849.26,191025.45,48149.94,126614.17,469984.05,355082.80,405424.48,99951.04,115650.61,141223.48,189269.29,105083.94,151746.03,129003.24,144122.09,151566.00,98256.20,157297.70,143533.37,113096.39,1442137.48,20511.04,15936.17,126863.52,215480.05,146.19,1284957.81,4207017.81,33256.74,630742.35,451801.59,46966.61,52127.28
Scenario 1,582,2,True Positive News,282,TRADING,144326.08,1603408.72,161039.74,248723.79,544978.81,444316.35,254198.81,506052.16,736425.65,933855.08,454846.04,289179.80,1642398.57,20456.60,456436.25,43723.97,327646.80,467301.34,190794.82,48198.63,126570.67,470017.21,354700.23,403371.83,99893.98,115875.38,141449.44,189072.43,105377.44,151760.07,128727.44,144366.16,151665.78,97920.41,157168.48,143939.04,113207.69,1441444.69,20482.35,15904.92,126577.06,215193.24,145.29,1284201.75,4211728.15,33281.57,630360.28,451732.69,46938.52,52225.17
Scenario 1,583,2,True Positive News,283,TRADING,144504.13,1600441.35,160861.42,249578.72,544453.66,444104.49,254918.28,506374.50,730818.09,935195.91,454076.91,288712.18,1640987.58,20455.02,454471.25,43719.04,327888.80,467022.25,190913.31,48245.47,126977.38,469980.52,355457.75,402488.84,99887.48,115970.84,141771.60,189088.64,105301.43,151833.86,128393.27,144095.00,151372.36,97535.01,157270.49,144027.89,113200.59,1441778.56,20482.45,15885.23,126350.50,215519.70,145.41,1278495.93,4209229.74,33285.56,629981.31,451958.54,46879.85,52394.56
Scenario 1,584,2,True Positive News,284,TRADING,144692.92,1598931.37,161108.43,250074.55,545287.99,443343.42,255247.36,507704.15,727097.74,940969.43,453764.70,288248.71,1638012.60,20417.71,453449.24,43716.72,327844.56,467411.04,190718.20,48269.54,126713.22,470638.69,356482.42,401769.12,99859.83,116513.20,141747.39,189127.42,105254.45,151637.85,128329.18,144181.73,151674.45,97075.20,157647.11,143833.83,113193.79,1443758.15,20430.77,15906.17,126037.88,215760.02,145.09,1273655.31,4219402.34,33284.91,629809.96,451478.49,46874.79,52413.55
Scenario 1,585,2,True Positive News,285,TRADING,144811.08,1596078.32,161321.76,251278.00,545361.74,443445.04,255269.68,507507.15,726591.92,939716.21,454058.58,288396.50,1637379.84,20405.26,452929.71,43716.18,327480.36,467009.98,190654.48,48235.96,126860.45,470856.75,354228.79,400773.56,99808.05,116604.31,142315.34,189044.07,105119.44,151240.09,128043.04,144088.92,151659.49,97011.27,157656.34,144266.49,113259.32,1442993.08,20421.18,15886.37,126235.07,215583.36,145.46,1274117.39,4217387.27,33239.27,628584.10,451644.72,46902.51,52381.86
Scenario 1,586,2,True Positive News,286,TRADING,145261.50,1596431.46,161252.90,252627.03,544668.20,444154.22,255895.60,507854.46,725078.95,938220.88,454011.94,288569.59,1639310.26,20375.60,452243.37,43716.77,327866.04,468276.46,190359.67,48218.24,126714.35,470659.20,355320.31,399972.87,99768.71,117015.55,142169.43,188955.32,104946.25,151260.65,127888.80,144156.26,151755.59,96848.82,157745.77,144629.96,113332.00,1442232.22,20442.49,15897.04,126091.44,216080.84,145.48,1274872.10,4210382.19,33177.81,628374.96,452569.09,46934.40,52146.02
Scenario 1,587,2,True Positive News,287,TRADING,145647.67,1603617.74,161571.35,253878.15,545375.85,443687.23,256091.67,507671.13,724452.57,939033.01,454192.78,288644.41,1641524.37,20383.47,451296.21,43715.03,328836.09,467697.69,190334.56,48268.01,126518.41,469490.15,356442.77,398670.36,99603.37,117104.50,141890.44,188968.58,105059.79,151447.18,127644.02,144063.24,151510.09,96412.78,157721.36,145000.54,113403.98,1441809.73,20438.70,15882.94,125670.65,215757.20,145.48,1273802.96,4211811.66,33168.32,629111.01,453079.66,47015.89,52108.87
Scenario 1,588,2,True Positive News,288,TRADING,145666.54,1605655.99,161466.05,254600.89,546222.15,443462.58,256020.35,506778.96,725005.01,937455.57,454314.62,288570.26,1639837.86,20403.06,450177.09,43761.01,329016.34,469245.84,190653.44,48279.73,127089.33,470918.16,357635.90,397870.15,99580.87,117238.23,142046.63,188903.62,104983.15,152038.23,127400.47,144489.78,151615.82,96031.54,157856.13,145051.96,113430.26,1443272.64,20468.62,15899.84,125535.60,215580.10,144.62,1274730.02,4218999.47,33157.14,628332.40,452895.86,47070.10,52121.12
Scenario 1,589,2,True Positive News,289,TRADING,145706.23,1614524.18,161108.94,255488.33,545671.53,443785.03,256080.67,507170.49,723939.74,938737.88,453983.83,289344.65,1638084.71,20404.42,451245.40,43720.50,329304.07,467866.81,190224.02,48265.29,126907.56,469360.07,357054.95,397769.48,99504.97,117473.30,141742.93,188989.04,104884.45,151750.31,127468.88,144560.51,151576.04,95838.45,157963.26,145193.85,113559.79,1440859.02,20461.43,15863.89,124977.25,214877.99,144.71,1274160.18,4216956.49,33155.01,628298.48,453136.49,47031.31,52195.68
Scenario 1,590,2,True Positive News,290,TRADING,145935.64,1620856.77,161433.34,255784.87,546689.88,443866.99,256964.49,508158.58,724011.39,937784.05,453497.01,289584.84,1636081.30,20433.14,450406.12,43722.12,328976.07,467584.37,190555.07,48228.35,126977.11,469191.15,357681.15,396956.90,99496.18,117480.00,141960.49,189053.91,104677.28,151799.54,127587.69,144994.37,151763.65,95573.12,157778.83,145104.86,113515.11,1441426.44,20464.17,15827.92,124661.17,215019.13,145.08,1272945.09,4204163.17,33154.13,628506.63,453681.99,46933.91,52497.94
Scenario 1,591,2,True Positive News,291,TRADING,146250.39,1622139.47,161164.85,256658.18,546349.07,444369.68,257554.81,508078.64,724223.08,938223.53,454191.46,290521.22,1636025.57,20446.11,449440.27,43734.50,329308.96,466882.97,190683.24,48227.88,126466.39,469586.41,356929.18,396718.08,99478.81,117435.15,141741.04,188915.71,104510.35,151777.38,127578.69,145152.42,151863.59,95430.32,157582.59,144933.93,113467.91,1443253.35,20446.99,15824.85,124942.00,215230.06,145.98,1273854.77,4204411.23,33113.04,627799.39,453656.50,47027.41,52466.66
Scenario 1,592,2,True Positive News,292,TRADING,145946.24,1619334.10,161372.07,257237.66,545991.17,444616.47,257898.34,509413.70,723998.33,941985.02,455081.97,290240.96,1637645.93,20442.36,449417.57,43736.20,329163.90,466114.94,190897.85,48192.24,126579.90,470453.15,357372.81,395926.26,99548.72,117644.26,142248.45,188981.38,104561.07,151616.57,127564.31,145103.74,151648.76,95311.52,157516.02,145066.82,113508.63,1442657.61,20463.16,15841.43,124955.48,214692.55,146.15,1273640.16,4197035.90,33108.68,627336.88,453351.32,47093.08,52557.52
Scenario 1,593,2,True Positive News,293,TRADING,146134.21,1620399.74,161728.33,257531.72,546902.86,444139.53,257292.75,508818.45,726053.24,944092.88,455385.04,289324.46,1637006.96,20452.17,449647.87,43751.53,329401.09,467318.57,190872.57,48190.46,126873.59,469231.42,357100.75,394120.73,99584.53,117516.69,141580.10,189181.85,104677.65,151772.10,127457.61,144916.79,151810.78,94914.26,157587.82,144553.01,113511.46,1442126.55,20479.09,15820.54,125132.19,214820.16,146.31,1272685.87,4191648.13,33146.80,627365.46,453053.45,47123.38,52707.83
Scenario 1,594,2,True Positive News,294,TRADING,146256.86,1625712.34,161630.58,257978.70,547208.12,443795.68,257374.67,508092.91,725516.92,945100.03,455199.76,289298.72,1636124.86,20460.84,449693.76,43732.84,329463.08,467037.38,190895.45,48218.16,126847.58,469081.61,356024.93,392980.00,99570.89,117576.70,141406.85,189206.81,104739.80,152034.10,127448.69,144998.96,151842.81,94708.23,157755.90,144336.58,113474.14,1443462.14,20497.47,15780.69,125592.01,214693.76,145.88,1273231.39,4189710.59,33136.05,626518.28,452793.80,47260.93,52589.87
Scenario 1,595,2,True Positive News,295,TRADING,146300.75,1625283.80,161386.13,258606.53,547942.76,444240.53,258031.50,507635.61,727032.74,944795.87,454388.34,289246.00,1636409.30,20456.86,449176.72,43724.60,328931.69,467450.59,190593.15,48215.96,126928.80,468214.65,356343.31,392025.89,99472.84,117640.46,141125.65,189274.50,104723.77,152176.22,127270.09,145388.74,151838.81,94370.57,157963.55,143988.11,113509.31,1442486.34,20492.45,15753.76,125751.63,214508.14,145.65,1274845.61,4191618.81,33139.15,626668.09,453977.83,47312.83,52617.61
Scenario 1,596,2,True Positive News,296,TRADING,146450.29,1628424.69,161587.18,258634.08,548909.61,443830.85,258278.30,507194.18,726206.35,947268.69,454466.06,289206.74,1632385.06,20447.54,449649.79,43721.70,327879.61,467527.02,190452.89,48212.71,126795.53,469437.03,356261.75,391688.04,99501.19,117642.38,140933.38,189380.66,104664.43,152558.43,127286.28,145670.54,151763.87,94259.21,157764.58,143623.27,113514.96,1444701.94,20540.74,15756.48,126370.72,214565.21,145.62,1275597.35,4185008.90,33141.66,625869.72,453727.74,47365.96,52862.40
Scenario 1,597,2,True Positive News,297,TRADING,146655.85,1630537.94,161922.33,259366.14,548937.05,443539.73,258713.78,507687.20,725258.10,947235.47,454611.79,288646.84,1634676.15,20470.19,450361.23,43721.99,328005.79,468242.83,190526.07,48228.53,127022.69,470929.62,355534.69,391749.90,99462.20,117654.33,140980.16,189146.54,104647.15,153225.29,127285.98,145600.54,151824.84,93885.17,157740.66,143979.56,113501.65,1445512.34,20595.12,15782.72,126426.43,214120.42,145.44,1275802.29,4194271.73,33154.79,625556.46,454706.21,47377.41,52734.27
Scenario 1,598,2,True Positive News,298,TRADING,146646.18,1631158.16,161871.67,258985.94,549176.83,443248.50,259293.53,507937.51,725845.16,948042.92,455584.01,288506.64,1636252.84,20459.59,448992.98,43720.07,327228.97,467427.75,190430.84,48259.08,126879.24,471706.75,356654.33,390941.90,99429.31,117671.69,140939.60,189063.34,104718.45,153376.97,127265.78,145527.00,151705.50,93815.60,157728.76,143874.26,113416.90,1444334.29,20574.15,15805.81,126094.40,214649.68,145.69,1274372.18,4197469.51,33159.12,624947.90,454274.41,47496.14,52786.71
Scenario 1,599,2,True Positive News,299,TRADING,146827.01,1631938.97,161804.71,259163.31,548940.23,442924.58,259723.39,507703.08,725930.83,950825.49,455026.95,288263.72,1634828.00,20464.64,447427.89,43769.10,328852.59,467605.76,190329.18,48285.98,127492.56,471128.88,356646.74,390215.84,99376.84,117568.56,140949.53,188768.45,104928.79,153938.06,127241.18,145503.01,151486.41,93635.89,157673.97,143957.16,113341.17,1442518.71,20561.43,15800.92,125786.41,214373.59,145.26,1273572.47,4199117.87,33209.77,624328.87,454876.11,47492.76,52639.10
Scenario 1,600,2,True Positive News,300,TRADING,146725.32,1633440.66,162084.36,261536.25,548676.47,443342.36,259668.91,507321.38,725098.35,952480.82,454816.70,288677.02,1634716.78,20461.25,446125.15,43780.49,328715.85,469079.42,190525.03,48261.24,126778.95,471312.93,356804.94,382775.16,99389.87,117520.63,140851.53,188645.13,105044.61,154087.87,127178.21,145066.87,151396.53,92758.89,157672.25,143096.13,113263.86,1441396.52,20531.78,15827.56,125632.55,214856.47,145.02,1276077.29,4198244.18,33175.57,624448.06,453417.09,47523.85,52829.62
Scenario 1,601,3,Bull Market,1,TRADING,146725.32,1633440.66,162084.36,261536.25,548676.47,443342.36,259668.91,507321.38,725098.35,952480.82,454816.70,288677.02,1634716.78,20461.25,446125.15,43780.49,328715.85,469079.42,190525.03,48261.24,126778.95,471312.93,356804.94,382775.16,99389.87,117520.63,140851.53,188645.13,105044.61,154087.87,127178.21,145066.87,151396.53,92758.89,157672.25,143096.13,113263.86,1441396.52,20531.78,15827.56,125632.55,214856.47,145.02,1276077.29,4198244.18,33175.57,624448.06,453417.09,47523.85,52829.62
Scenario 1,602,3,Bull Market,2,TRADING,146774.48,1632490.68,162325.20,261828.10,548256.22,443150.74,259820.79,507310.75,724914.61,951690.28,455466.92,289021.04,1636657.77,20490.96,445876.34,43763.52,328981.76,469468.91,190303.24,48233.79,126602.22,470835.10,356906.80,383157.59,99462.34,117601.58,141127.24,188813.43,104931.97,154203.12,127224.48,145915.09,151304.61,92688.31,157603.48,142936.75,113285.74,1439900.68,20481.26,15718.70,126106.32,214920.90,144.79,1275607.15,4199016.49,33135.59,624265.71,452423.48,47652.07,52876.03
Scenario 1,603,3,Bull Market,3,TRADING,146698.02,1636449.30,162154.04,262439.49,548235.36,443242.03,259650.78,506750.30,724903.58,955102.22,455990.01,289322.75,1638467.91,20488.33,446127.58,43826.54,329020.27,469130.43,190009.24,48218.71,126494.24,471714.03,356518.71,382883.56,99412.90,117731.78,141232.20,188825.69,105076.53,154107.04,127174.35,145793.79,151350.85,92642.63,157695.20,143037.92,113176.06,1439962.38,20463.86,15716.91,126130.04,214662.62,144.44,1274210.64,4202821.43,33134.03,624544.57,452091.76,47716.24,52898.54
Scenario 1,604,3,Bull Market,4,TRADING,146663.95,1638800.11,162131.37,262521.54,548242.00,442870.37,259037.66,507607.73,724682.66,956133.60,454828.75,288685.15,1637182.25,20464.51,446176.54,43841.10,329445.36,469372.61,189903.43,48175.02,126183.22,471135.52,357677.31,382032.92,99430.00,117779.64,141410.94,188907.49,105082.33,153881.43,127100.64,145690.04,151395.06,92461.36,157671.74,143066.96,113154.39,1439711.18,20414.82,15774.37,126578.79,214738.01,144.21,1275193.80,4214658.57,33127.01,625013.19,451519.04,47750.74,53076.37
Scenario 1,605,3,Bull Market,5,TRADING,146778.97,1641503.18,161959.72,262272.49,547574.76,442521.05,258245.13,509392.22,724399.76,955575.23,454310.55,288584.50,1634991.46,20467.95,446496.84,43871.00,329140.82,469652.43,189439.44,48157.99,125885.18,470770.44,358530.24,381774.78,99379.89,118000.38,141295.09,188848.66,104924.20,153844.33,127030.29,145614.93,151380.72,92319.10,157715.67,142708.35,113191.87,1438600.85,20364.77,15805.19,126119.37,214258.19,143.78,1275311.36,4204921.17,33109.73,624311.35,451080.84,47768.98,53095.21
Scenario 1,606,3,Bull Market,6,TRADING,146685.90,1642010.43,161621.83,262466.69,547835.93,442909.00,259014.37,509465.45,725324.96,955596.18,454756.17,288386.82,1636015.39,20439.24,447969.25,43888.27,330089.82,470104.38,189314.27,48147.75,125933.39,471680.09,358430.34,381177.69,99507.56,117977.38,141250.91,188733.92,105109.48,154054.43,126841.30,145527.06,151432.41,92406.33,157796.08,142738.54,113110.78,1437531.49,20339.07,15807.03,125327.96,214176.19,143.92,1275982.27,4199457.49,33113.38,623158.28,450298.58,47804.57,52858.93
Scenario 1,607,3,Bull Market,7,TRADING,146601.41,1642567.24,161463.26,262499.00,547338.01,442680.82,259000.80,508759.97,725367.74,959406.28,454746.94,288652.30,1633368.43,20431.78,447358.21,43854.20,329739.68,468389.94,189473.90,48131.36,126105.94,471253.64,358245.11,381229.73,99458.44,117888.68,140325.74,188814.45,104910.98,153764.25,127047.73,145604.83,151284.73,92399.17,157499.09,142621.65,113009.67,1436603.36,20328.42,15801.04,125562.24,214186.97,143.97,1275746.44,4194990.66,33128.13,623957.53,450027.72,47838.10,52972.20
Scenario 1,608,3,Bull Market,8,TRADING,146676.19,1636094.75,161507.78,262779.41,547254.77,443139.20,258577.27,507739.96,725942.84,959045.12,453681.56,287656.15,1631460.21,20400.13,448004.08,43818.70,328643.13,467583.48,189915.88,48163.21,126343.09,470289.16,358532.41,381348.99,99528.59,117915.32,139729.83,188858.15,104941.96,153455.59,127171.08,145412.10,151382.98,92535.61,157480.97,142349.35,112979.42,1438279.28,20313.17,15831.24,126098.58,213834.28,144.52,1277422.35,4196118.50,33169.86,623503.76,449685.84,47792.01,52950.00
Scenario 1,609,3,Bull Market,9,TRADING,146871.74,1633731.19,161959.00,262054.35,548521.03,443014.14,259056.21,508494.25,725791.96,960724.19,454553.23,287032.64,1630557.83,20379.80,447533.70,43837.02,329732.52,468353.21,189604.75,48219.44,126667.61,470204.32,358480.48,380825.05,99556.13,117753.56,139776.06,188864.07,105267.33,153505.61,127111.94,145618.31,151508.25,92561.10,157288.08,141838.83,113074.30,1437742.19,20267.24,15836.07,126186.80,213543.12,144.55,1275624.52,4199562.33,33184.14,623079.47,449370.75,47854.42,52779.96
Scenario 1,610,3,Bull Market,10,TRADING,146793.08,1634941.37,162392.32,261734.03,548562.54,443112.59,258428.86,508938.38,727254.71,959789.31,454924.94,286646.70,1626884.66,20348.52,447849.04,43913.97,329984.70,468202.15,189743.07,48227.26,126314.06,471019.31,358326.60,380538.49,99553.86,117891.91,140142.94,188757.15,105027.01,153461.40,127053.36,145530.41,151687.71,92765.47,157248.44,141399.45,113065.57,1437105.14,20268.94,15770.27,125952.36,213535.87,144.22,1276650.69,4194500.46,33173.60,622734.35,449356.03,47974.23,52943.92
Scenario 1,611,3,Bull Market,11,TRADING,146537.82,1627270.52,162209.32,261824.15,548290.35,442856.90,258268.95,510060.80,725851.61,960344.81,455209.13,287554.83,1630038.02,20329.56,447535.91,43920.22,329387.15,468046.40,189793.25,48208.52,126136.55,471886.09,358084.93,380317.68,99517.42,117855.98,140038.68,188565.08,105107.46,153548.77,127003.81,145678.67,151676.77,92739.54,157148.79,142468.24,113070.45,1434753.97,20225.10,15808.30,125984.70,213228.20,144.17,1277156.73,4184922.15,33199.61,623108.75,448007.38,47982.95,52893.52
Scenario 1,612,3,Bull Market,12,TRADING,146565.70,1630484.03,162131.15,261633.87,547253.71,443090.75,257879.14,508629.60,726705.10,959312.52,455262.57,287703.33,1631746.18,20301.12,448211.18,43939.34,330169.61,467885.90,190052.60,48207.84,126036.30,472700.54,358966.10,380514.09,99519.05,117903.36,139903.14,188654.08,104949.54,153709.56,127044.34,145676.80,151979.01,92685.31,156966.68,142652.56,113250.68,1435052.31,20215.09,15825.73,126113.59,213125.12,143.90,1275543.59,4185220.51,33209.34,622896.62,446415.38,47842.43,53188.96
Scenario 1,613,3,Bull Market,13,TRADING,146761.19,1632372.96,162732.23,261227.61,547739.03,442649.57,258426.91,508250.55,726134.81,957695.37,456262.56,287872.28,1635111.52,20263.01,448267.37,43906.12,330136.26,467606.84,190077.83,48200.98,126504.41,470999.76,358499.13,380534.04,99501.20,117927.32,140021.30,188985.54,104950.35,153500.49,127060.45,145445.89,152106.57,92542.28,156937.92,141355.44,113303.71,1437035.70,20161.02,15743.06,126334.74,212682.24,143.89,1275476.00,4186161.71,33227.79,622928.23,444740.28,47858.16,53248.56
Scenario 1,614,3,Bull Market,14,TRADING,146926.49,1626564.50,162583.06,260221.99,548229.97,442791.80,258978.86,508322.64,726236.79,956586.02,455670.92,287163.09,1636056.58,20223.33,449144.70,43816.93,330024.59,467030.46,190158.47,48182.74,126336.28,471853.91,358435.44,381140.61,99505.28,118046.26,140021.42,189160.31,105093.47,153609.45,127023.42,145885.49,151850.05,92486.02,156903.26,141926.76,113187.03,1436117.75,20121.57,15751.26,125995.87,213245.67,143.12,1273468.46,4173260.06,33247.08,622234.97,444831.75,47803.35,53458.75
Scenario 1,615,3,Bull Market,15,TRADING,146986.46,1629276.74,162673.28,259192.17,548685.76,442890.94,258863.68,506145.59,725330.97,960444.02,455104.97,287410.11,1638761.64,20188.72,449504.13,43748.08,330422.48,467160.91,190220.69,48272.70,126957.91,471944.33,358346.62,381604.44,99268.57,117643.76,140347.62,189114.00,105096.27,154046.23,127065.37,145801.54,152284.39,92713.23,156873.19,142352.50,113216.13,1435883.77,20067.95,15778.64,126027.66,213866.52,142.70,1273817.23,4167738.21,33252.76,621569.96,443976.28,47698.07,53456.99
Scenario 1,616,3,Bull Market,16,TRADING,147081.70,1632968.39,162681.69,258704.24,548761.34,442297.80,258740.82,506404.99,726616.17,961825.98,455111.61,287468.13,1641246.78,20162.41,449312.57,43747.37,329956.08,466387.31,190287.97,48192.09,127282.44,470853.64,357889.79,381037.26,99202.48,117565.61,140092.45,189310.26,105095.82,153983.29,127003.39,145413.84,152214.90,92836.59,156971.05,143095.84,113168.30,1434379.06,20033.79,15854.56,126507.68,213187.12,142.60,1274025.05,4154620.86,33266.28,622085.24,442840.16,47627.51,53250.96
Scenario 1,617,3,Bull Market,17,TRADING,146970.15,1631348.03,162881.09,257793.66,548247.42,442362.38,258271.57,506730.07,725100.23,960321.26,455412.45,287967.58,1644210.94,20133.45,448753.68,43737.97,329453.41,468625.04,190319.90,48175.22,127648.87,470155.54,358551.51,380517.67,99401.79,117716.01,140395.80,189640.66,104952.16,153229.84,126961.15,145587.62,152261.59,93004.80,157148.21,143759.04,113115.60,1436060.91,20024.61,15904.92,126253.02,212647.47,142.72,1273747.64,4156051.12,33243.66,621662.43,442077.70,47638.99,52970.66
Scenario 1,618,3,Bull Market,18,TRADING,147093.83,1633620.28,163065.65,257653.71,548861.40,442311.05,258724.77,506408.23,725872.86,963676.54,455103.78,287205.12,1642376.80,20125.93,447996.11,43672.87,329376.94,468374.93,190498.98,48154.23,127423.05,470311.71,357793.51,380715.05,99247.74,117794.24,140605.55,189762.72,105000.69,153329.64,127005.68,145826.90,152084.53,92994.69,157123.38,143691.75,113137.34,1436599.71,19973.05,15960.52,125900.53,212949.71,142.61,1276232.76,4148888.21,33208.43,620506.46,440653.63,47601.76,53185.79
Scenario 1,619,3,Bull Market,19,TRADING,147214.37,1630067.84,163113.56,257560.89,548653.03,442440.07,258380.21,506815.60,725998.34,964811.66,454694.85,287886.82,1638222.71,20128.16,447704.43,43612.61,330150.42,469486.17,190486.67,48174.16,127391.81,470057.78,356908.34,380509.15,99210.17,117839.27,140462.68,189720.79,105085.90,153040.49,127082.35,145918.91,152509.23,92736.81,157098.31,144020.50,113265.23,1437870.44,19953.92,15983.42,125426.71,212957.25,143.13,1277787.06,4149953.05,33198.50,619273.08,440875.07,47519.55,53206.76
Scenario 1,620,3,Bull Market,20,TRADING,147180.82,1624125.91,163290.48,257222.83,548758.03,442566.46,257922.81,505953.68,726765.90,967158.86,454629.91,287832.35,1638622.74,20120.85,447564.99,43576.02,330688.39,470490.68,190842.58,48199.40,126638.17,468658.30,356603.28,380408.67,99187.55,117959.04,140381.17,189897.39,105025.26,152871.14,127161.30,145913.19,152808.71,92860.90,157103.41,143576.35,113299.94,1436539.47,19951.94,16026.87,125319.34,212671.18,142.79,1279129.99,4144903.63,33179.00,619871.13,440877.56,47528.69,53004.20
Scenario 1,621,3,Bull Market,21,TRADING,147100.25,1625150.60,163482.70,257523.80,549818.75,442391.54,258103.82,504796.49,725972.19,967385.56,454918.84,286963.90,1637012.57,20137.85,448183.72,43509.50,331404.74,470578.96,190646.97,48134.14,126526.73,468092.45,357108.53,380797.53,99113.40,118128.24,140298.14,189868.21,104847.00,153656.97,127151.97,145741.02,152777.34,92888.66,157193.89,143135.80,113253.77,1437138.97,19963.31,15971.77,124905.49,212347.88,143.09,1277685.75,4146814.11,33226.91,619406.66,440888.52,47679.15,52996.26
Scenario 1,622,3,Bull Market,22,TRADING,147160.62,1624897.02,163459.57,257266.48,549741.57,442642.98,257652.31,504178.27,726546.41,972983.05,454583.97,287989.60,1639553.87,20120.61,448820.13,43498.35,331412.77,472496.64,190484.04,48140.84,126530.55,467490.14,356346.47,381556.37,99128.05,118057.54,139809.89,189891.71,104818.34,153847.75,127091.60,145974.91,152656.14,92951.11,157248.56,142937.28,113220.02,1436985.52,19928.34,15994.78,124103.09,212460.84,142.71,1277898.46,4141371.16,33213.10,618617.78,440479.84,47634.95,52932.16
Scenario 1,623,3,Bull Market,23,TRADING,147285.32,1622295.34,163760.44,257745.80,550396.07,442285.44,257586.69,505139.60,725413.53,977802.61,454464.42,287835.29,1640963.61,20135.56,448446.28,43506.37,332064.20,475229.03,190470.15,48079.36,126828.92,467536.28,356081.02,381303.26,99044.75,118422.90,139717.57,189921.90,104747.77,154382.59,127095.72,146110.59,152655.19,92904.56,157075.86,143075.56,113149.47,1437903.40,19899.17,15935.99,124257.83,212774.38,142.84,1276690.75,4145760.88,33226.57,618496.12,439979.95,47633.16,52879.05
Scenario 1,624,3,Bull Market,24,TRADING,147297.99,1623871.20,163812.68,258687.89,549353.60,441381.37,256720.20,505297.93,726201.48,980272.93,455126.40,287748.89,1641533.16,20166.91,448979.35,43503.95,332336.80,477499.29,190716.10,48091.29,126729.82,466828.53,356184.04,380311.23,99019.88,118506.36,139089.04,189936.22,104876.28,154178.02,127226.56,146113.57,152678.46,92590.53,156971.11,143235.91,113167.98,1438028.22,19892.06,15957.47,124114.55,213014.76,142.62,1277558.70,4148704.04,33259.50,618948.77,439677.43,47544.79,52942.80
Scenario 1,625,3,Bull Market,25,TRADING,147036.68,1627175.04,164203.47,259027.30,549918.44,441648.25,256697.69,505814.87,727829.36,981819.68,454792.94,288020.50,1641684.86,20202.78,449269.86,43488.63,331713.92,479663.52,190550.14,48043.10,127139.51,465628.64,356227.93,379953.49,99046.15,118477.76,139011.06,189717.09,104979.23,153962.78,127194.79,146345.59,152640.19,92592.38,156853.12,143142.40,113126.35,1438562.75,19890.12,15958.92,123784.43,213059.29,143.53,1280718.32,4154054.48,33265.49,619726.01,439907.11,47667.74,52994.63
Scenario 1,626,3,Bull Market,26,TRADING,146901.87,1628359.53,163894.14,259238.21,551066.05,441472.02,256120.15,505665.07,728342.24,983095.55,453597.75,287253.67,1641045.62,20214.71,451653.05,43507.06,332358.84,482240.09,190671.72,48006.73,126932.78,465693.00,355558.27,380303.37,99129.51,118537.03,138908.71,189622.97,104912.72,154402.38,127166.41,146581.06,152625.26,92544.63,156834.49,142666.57,113080.36,1441620.06,19851.82,15882.44,123549.22,212744.27,143.68,1282991.29,4143884.23,33321.11,620568.82,439914.85,47684.32,53075.31
Scenario 1,627,3,Bull Market,27,TRADING,146720.15,1632126.14,164110.08,259550.28,551418.18,441601.44,255791.24,504326.59,728233.81,981070.22,453373.23,286654.19,1640903.31,20249.34,451207.64,43581.70,331866.66,483448.41,190644.59,47984.93,126918.10,466665.03,355131.96,380286.31,99157.58,118414.22,138834.84,189705.71,105118.37,153972.67,127029.71,146737.49,152357.74,92555.95,156815.37,143262.58,113079.23,1442141.01,19828.54,15907.84,123192.55,213028.05,144.01,1282879.76,4132680.19,33390.16,620330.25,440263.23,47627.61,52935.46
Scenario 1,628,3,Bull Market,28,TRADING,146692.30,1633350.64,164170.68,260169.54,551854.27,441713.86,255765.37,503742.18,727904.86,978479.52,452825.46,285798.77,1642362.07,20266.71,452166.10,43625.90,331953.03,483299.60,190718.38,47973.97,126738.42,468518.01,354335.07,379622.43,99180.48,118540.08,138580.33,189459.61,105312.33,154503.24,126980.22,146751.75,152439.06,92590.83,156608.18,143817.85,113021.37,1444746.02,19821.44,15895.62,123198.10,213528.73,143.69,1282079.11,4126188.19,33469.56,619941.99,439270.66,47662.27,52982.97
Scenario 1,629,3,Bull Market,29,TRADING,146534.48,1637888.19,164301.33,259821.71,553370.72,441691.11,256071.07,503165.94,729520.83,975975.40,453391.62,285095.88,1642075.26,20287.59,451818.65,43683.64,331787.38,481813.89,190679.44,47934.91,126560.82,468220.78,354044.05,380077.90,99111.29,118714.15,138681.67,189660.23,105104.30,154717.17,126918.02,146904.90,152296.12,92730.90,156600.76,143820.29,112960.77,1447163.54,19773.78,15892.67,123278.99,213600.43,143.04,1278730.98,4126487.40,33542.40,620024.77,438906.69,47608.87,52732.76
Scenario 1,630,3,Bull Market,30,TRADING,146509.98,1640321.20,164269.03,259229.18,553170.68,441084.82,255842.09,502988.13,728690.63,972398.57,453594.14,284110.23,1643478.12,20316.31,452182.30,43693.40,331412.15,479791.43,190638.56,47852.10,127081.32,467751.37,354004.58,379822.59,99095.30,118934.05,138872.74,189572.29,105021.49,154942.77,126910.60,146906.44,152120.09,92693.20,156654.14,143795.73,112902.02,1445292.71,19746.05,15883.46,123215.43,213267.35,142.57,1278490.09,4131340.49,33696.61,620021.95,439422.80,47552.92,52805.86
Scenario 1,631,3,Bull Market,31,TRADING,146330.37,1634474.40,164516.38,259432.91,553302.33,440860.09,255676.11,503347.64,727580.20,968094.54,453018.25,283036.36,1644972.05,20335.38,451909.96,43771.89,331262.02,477195.00,190765.23,47701.36,127258.10,468060.30,353973.40,379469.16,99108.94,118811.95,139083.95,189589.88,105131.51,154604.04,126927.89,147571.92,152071.91,92717.17,156758.08,144330.17,112812.78,1446650.85,19713.27,15878.66,123289.02,213474.59,142.26,1278604.68,4122590.62,33897.67,619678.80,439756.56,47481.68,52920.87
Scenario 1,632,3,Bull Market,32,TRADING,146500.05,1638761.37,164326.96,258827.30,553472.24,441247.92,255393.02,504204.16,726776.45,959308.58,453763.84,282234.78,1644063.79,20369.48,452190.08,43820.76,331247.19,473618.03,191016.78,47576.52,127475.30,468460.72,353738.58,379198.61,99167.00,118722.74,138788.77,189316.69,104855.35,154346.89,126906.51,147808.75,151931.03,92796.25,156814.07,144080.23,112829.42,1446340.98,19714.99,15858.31,122749.51,213123.40,142.73,1279669.58,4127800.71,34073.96,618454.10,440619.66,47404.78,53073.63
Scenario 1,633,3,Bull Market,33,TRADING,146491.25,1637064.17,164198.19,258977.58,554097.04,440922.56,256031.80,503876.40,727760.08,961101.50,453448.47,280719.21,1643414.52,20413.60,451973.58,43790.66,331088.00,469858.35,191164.64,47519.63,127915.70,467447.34,354416.98,379361.09,99248.29,118664.14,138771.20,189569.15,104761.68,154419.07,126895.46,147716.73,151718.25,92991.86,156726.32,143798.80,112800.41,1447908.26,19743.54,15816.79,122281.21,213035.86,142.55,1277043.70,4131435.23,34271.76,617019.36,440574.43,47356.99,53046.92
Scenario 1,634,3,Bull Market,34,TRADING,146500.15,1638823.38,163636.96,258473.86,553692.35,440378.08,255597.90,503213.03,728640.70,957725.37,453287.35,280505.71,1644668.09,20432.55,451154.21,43816.18,331045.93,467080.30,191050.40,47423.61,127963.18,467694.62,353913.86,378755.09,99329.84,118712.49,138241.88,189621.90,104675.31,154159.04,126696.53,147565.33,151389.56,93012.74,156616.56,143861.85,112885.72,1448456.69,19760.89,15831.64,122257.09,213448.77,142.07,1278192.40,4129764.94,34469.65,616461.91,441085.28,47310.29,53174.74
Scenario 1,635,3,Bull Market,35,TRADING,146465.17,1636304.12,164067.73,257859.20,553060.45,439817.69,255370.06,504882.10,728877.54,955319.68,453391.08,281010.60,1642076.69,20443.09,451162.75,43835.82,330754.02,464658.88,190827.93,47255.76,128217.85,467652.84,354071.36,378912.53,99343.58,118629.37,138240.14,189426.19,104517.33,154274.10,126771.39,147758.54,151571.37,93091.74,156666.73,143086.79,112896.52,1449798.38,19770.33,15848.31,122303.38,213240.03,141.88,1276962.79,4127958.71,34650.31,616783.26,441943.33,47258.58,53132.57
Scenario 1,636,3,Bull Market,36,TRADING,146041.97,1639929.62,164130.29,258409.68,552459.84,439701.96,254784.84,504726.64,729566.92,952333.92,453377.20,281602.36,1642114.11,20452.34,452272.56,43904.63,330223.29,462411.49,190312.46,47218.79,128163.83,466233.09,353503.69,378041.63,99318.20,118640.86,138205.79,189337.32,104390.48,154361.04,126907.92,147841.88,151465.04,93056.30,156514.52,142829.87,112879.98,1451601.81,19714.46,15842.13,122574.13,213201.17,141.52,1276817.91,4140014.62,34826.80,617258.76,443083.21,47406.13,52969.96
Scenario 1,637,3,Bull Market,37,TRADING,145751.85,1638816.21,164127.84,258444.94,551789.22,439081.52,254634.69,505280.20,729003.02,953014.48,452580.54,282245.91,1642602.60,20440.51,452411.28,43846.45,328857.62,461838.71,190527.42,47072.44,127838.80,466075.14,352253.10,378184.81,99201.21,118649.28,138032.09,189250.50,104415.68,154010.37,127111.02,148111.96,151396.66,93089.54,156292.73,142580.78,112850.49,1453362.02,19728.98,15821.26,122865.71,213602.63,141.02,1276184.74,4128666.54,34972.42,617511.88,443497.91,47423.51,53053.11
Scenario 1,638,3,Bull Market,38,TRADING,145424.71,1638258.82,164420.91,258325.52,552038.80,438700.60,254552.41,505179.59,728403.06,951031.57,451923.96,283323.24,1643288.29,20463.17,452228.21,43818.08,328504.68,461523.41,190422.06,46963.58,127741.09,466017.91,352225.24,377537.81,99218.13,118807.51,139052.79,189241.92,104117.26,154390.42,127273.84,148208.40,151663.27,93298.38,156292.89,142496.79,112779.15,1454043.02,19711.49,15790.32,122266.74,213215.34,141.72,1273841.43,4120181.47,35091.39,619047.95,443701.38,47299.90,52957.93
Scenario 1,639,3,Bull Market,39,TRADING,145165.36,1636191.22,164245.66,258453.58,550928.86,437659.39,254579.31,505928.92,728036.42,951416.89,451534.88,284263.06,1644653.78,20490.91,452847.55,43836.25,329095.17,461093.39,190241.01,46812.08,127487.07,465615.36,352693.97,376913.33,99195.55,118658.15,139221.53,189419.33,103932.49,154435.26,127151.77,148011.50,151823.27,93185.48,156315.05,141974.41,112845.83,1457290.25,19683.94,15772.22,122112.66,213245.63,141.84,1272188.54,4117714.70,35219.03,619758.06,443582.87,47344.81,52899.36
Scenario 1,640,3,Bull Market,40,TRADING,145249.93,1637339.79,164401.60,258508.79,550792.62,437483.92,254868.52,504886.62,728301.78,951622.30,450491.63,284956.13,1645113.13,20481.77,453452.38,43805.94,329122.99,461805.20,190153.95,46720.88,127316.61,466788.21,352079.13,377090.56,99297.55,118384.17,139437.79,189437.06,103668.76,154413.21,127020.34,147674.51,151866.58,93088.11,156458.80,142077.91,112925.05,1459200.87,19647.88,15730.44,122278.04,213075.59,141.73,1272934.73,4134944.53,35235.29,619602.32,443674.54,47275.12,52917.88
Scenario 1,641,3,Bull Market,41,TRADING,145393.14,1635033.44,164475.45,258191.88,551055.49,437780.65,254140.76,506162.45,730087.48,949375.00,449964.20,285137.94,1641742.30,20477.34,452985.23,43832.10,329496.79,462392.88,189945.46,46714.28,127768.24,467199.85,352640.33,377097.98,99221.28,118666.28,139305.69,189447.18,103568.11,154067.32,126933.60,147873.60,151931.61,92943.13,156490.85,141601.43,112976.97,1461455.27,19636.28,15682.80,121764.49,212675.10,142.05,1270952.52,4140738.02,35219.86,619477.54,443370.26,47222.76,52906.44
Scenario 1,642,3,Bull Market,42,TRADING,145278.73,1632458.26,165031.31,257748.79,550234.65,437314.69,254403.33,506313.23,730321.64,947415.02,448983.31,286753.87,1645064.36,20483.84,453754.03,43815.29,330120.41,461681.69,190349.49,46638.10,127589.95,467081.90,354020.88,376994.70,99232.95,118396.80,139979.43,189187.78,103188.02,153913.43,126970.79,147744.19,151858.29,93018.81,156497.62,142657.30,113043.74,1461528.99,19656.66,15676.22,121525.18,212558.27,142.35,1267999.45,4135018.32,35171.16,618845.96,443471.13,47159.46,52971.81
Scenario 1,643,3,Bull Market,43,TRADING,145305.36,1633075.71,164369.39,257880.10,550206.08,437787.94,254899.58,505128.59,730231.25,946044.95,448913.60,285984.39,1644721.88,20506.43,453587.45,43743.33,330161.38,461231.29,190346.56,46631.20,127348.89,466287.54,354671.92,376831.09,99177.40,118242.10,140465.69,189281.84,103247.63,154046.93,126886.40,147852.72,151770.63,93241.10,156295.89,142797.15,113036.60,1462897.06,19628.38,15696.88,121603.86,212553.83,141.35,1270871.66,4135268.38,35075.54,619345.24,443089.61,47126.20,53016.55
Scenario 1,644,3,Bull Market,44,TRADING,145274.78,1632339.94,164149.23,257612.84,550335.74,437762.95,254749.68,506690.96,731009.69,945970.98,449161.61,286829.36,1643612.60,20502.97,454282.67,43680.72,330246.90,461178.02,190153.50,46659.14,127082.53,464910.05,354749.44,376692.39,99100.46,118179.93,140728.06,189349.76,103061.04,154195.74,127019.25,147883.72,151950.40,93151.14,156271.27,142756.09,113083.39,1465937.10,19632.13,15677.35,121390.42,212243.00,141.58,1267978.13,4137656.38,34930.53,619330.77,443035.37,47075.27,53007.08
Scenario 1,645,3,Bull Market,45,TRADING,145361.91,1634519.51,163789.33,257727.17,549656.02,437791.84,254842.65,506978.57,733097.59,942696.01,448745.66,287198.47,1643176.24,20483.53,453997.74,43677.83,330078.90,461101.26,190241.64,46724.91,126618.57,463330.28,354489.80,376778.16,98986.39,118191.76,140714.33,189496.82,103149.29,154018.69,127132.81,147947.82,151765.97,93293.01,156211.29,142180.67,113161.16,1467096.31,19630.01,15628.42,121709.04,212211.66,140.71,1267100.63,4128442.04,34720.29,618738.88,443548.91,47030.28,53100.51
Scenario 1,646,3,Bull Market,46,TRADING,145358.79,1635925.62,163984.34,258071.46,550603.24,437297.38,255653.20,506186.38,733587.24,939191.89,448267.76,286765.57,1645317.74,20490.90,453144.39,43753.11,330195.10,461866.74,189901.13,46841.83,126742.13,461942.93,354791.49,376455.54,98864.07,118176.65,140637.46,189548.98,102786.71,153847.15,127226.24,148104.36,151743.96,93357.50,155969.37,142188.74,113165.88,1466289.91,19631.57,15607.38,121682.78,212316.60,141.20,1267193.08,4131840.51,34549.23,619204.77,444128.33,47210.64,53187.17
Scenario 1,647,3,Bull Market,47,TRADING,145495.42,1631316.35,164290.03,257626.64,550396.53,436662.30,255835.96,506542.80,733526.33,937283.71,447933.60,286216.47,1643693.49,20461.81,452910.80,43756.36,330437.86,462065.21,189704.55,46973.90,126860.03,458967.57,355229.93,375739.83,98803.50,118130.95,140554.41,189607.55,102850.75,153758.64,127315.16,148415.13,151527.71,93390.95,155966.84,142674.43,113138.49,1468878.88,19673.25,15596.48,121753.98,212162.93,141.42,1264718.72,4124817.02,34352.07,619210.71,443778.92,47382.13,53278.73
Scenario 1,648,3,Bull Market,48,TRADING,145334.58,1634301.34,164121.21,258112.34,551612.76,436361.05,256619.25,505220.53,733209.25,935614.99,447967.74,286718.42,1640773.71,20491.77,453561.86,43756.13,331250.95,462478.39,190022.88,47058.72,126660.90,459366.51,355835.07,375261.79,98863.64,118309.94,140531.24,189510.50,102497.28,153310.89,127343.07,148530.60,151585.60,93209.87,155845.97,142176.23,113240.51,1468930.46,19668.40,15545.56,122292.91,212291.71,141.62,1263779.65,4115427.99,34166.99,618814.22,444348.18,47228.82,53477.62
Scenario 1,649,3,Bull Market,49,TRADING,145366.25,1636254.65,164612.69,258331.89,551742.66,436473.11,256561.21,506231.93,733287.17,938158.53,448177.26,287414.79,1639542.56,20487.61,453056.71,43727.07,331254.89,462737.65,189974.35,47177.69,126444.81,458363.34,355685.30,374951.76,98733.76,118594.87,140343.24,189547.18,102588.61,153141.51,127338.70,148712.09,151286.12,93181.47,155944.00,142081.66,113246.96,1470664.90,19727.82,15599.05,122002.40,212277.32,141.92,1264288.01,4125834.64,33995.12,618233.37,444321.54,47178.68,53372.15
Scenario 1,650,3,Bull Market,50,TRADING,145526.24,1639371.01,164738.00,258400.63,552364.64,436376.26,256398.91,506392.80,732760.54,934881.42,448117.47,287811.68,1640409.29,20511.02,453951.30,43721.41,331385.89,462758.84,189969.58,47293.89,126177.18,457724.46,354793.36,374936.82,98631.66,118453.07,140442.34,189608.64,102626.17,152909.89,127325.65,148701.74,151065.80,93251.62,156055.05,143091.29,113241.28,1469887.11,19770.82,15644.29,122263.31,212312.66,141.81,1264585.47,4125808.44,33856.07,617238.06,445060.59,47288.40,53422.08
Scenario 1,651,3,Bull Market,51,TRADING,145553.76,1632006.17,164932.35,258095.81,550624.82,436180.79,256130.11,505860.74,732668.69,935807.17,448032.78,287872.57,1635667.59,20512.53,454072.79,43646.42,331214.71,463226.59,190157.36,47486.52,125340.73,457382.16,353842.77,374839.83,98736.77,118423.93,140473.99,189690.78,102485.83,152605.69,127166.35,148801.69,150941.30,93091.25,156179.11,142253.06,113161.73,1470217.46,19796.17,15690.00,122335.81,211695.78,141.16,1264453.85,4105833.73,33783.09,617457.88,443969.67,47423.82,53453.08
Scenario 1,652,3,Bull Market,52,TRADING,145832.49,1632592.86,164524.76,257977.00,550385.25,435494.13,256293.47,506197.37,733519.59,936994.27,448036.37,286822.09,1634538.65,20515.21,454336.39,43610.98,330916.12,461983.55,190188.78,47651.38,125683.93,455517.56,354297.83,374781.96,98761.05,118267.53,139950.10,189667.73,102151.26,153051.02,126968.53,149075.77,150748.36,93155.46,155853.79,142565.10,113168.20,1471081.52,19790.61,15696.41,122024.20,211809.38,140.05,1264778.34,4106176.90,33666.86,617206.87,444599.66,47490.49,53686.06
Scenario 1,653,3,Bull Market,53,TRADING,145607.88,1633263.00,164821.40,258327.63,550826.31,435478.33,256312.31,506049.07,733065.92,937559.83,448219.75,287580.05,1638146.48,20518.03,454087.88,43585.55,331002.31,461468.74,190478.83,47780.57,125321.26,454967.64,354527.95,374111.40,98766.44,118216.78,139583.96,189870.47,102003.12,153271.96,127177.45,149132.18,150637.67,93084.21,155931.54,142377.76,113194.09,1471878.19,19811.53,15698.16,121560.61,212009.87,139.96,1264052.56,4101217.33,33619.15,616143.92,444144.23,47536.79,53608.86
Scenario 1,654,3,Bull Market,54,TRADING,145606.67,1635919.99,164940.21,259238.09,550648.58,435717.56,256445.43,504883.59,733360.57,937411.12,447961.97,287362.14,1638194.56,20522.81,454969.55,43559.54,330959.05,461587.40,190947.20,48022.80,124687.73,452539.97,355157.52,374392.97,98838.22,118081.65,139181.10,190030.57,102053.31,152671.86,127339.94,148683.00,150797.31,93036.95,155923.86,141923.68,113155.62,1470319.65,19837.64,15724.11,121381.66,212202.49,139.70,1261471.32,4099767.74,33560.55,614881.94,445639.74,47456.69,53465.27
Scenario 1,655,3,Bull Market,55,TRADING,145537.36,1637629.02,165278.20,260054.35,550826.41,436569.35,255955.19,506598.64,734974.73,937983.82,447962.56,287228.90,1639770.29,20548.46,454927.76,43536.70,331405.45,461310.14,190605.32,48256.57,124537.72,450606.15,354354.82,374695.83,98810.24,117777.76,139820.09,189952.61,102231.64,152401.08,127246.01,148629.84,150828.18,92998.70,156009.51,142815.95,113110.82,1469510.59,19865.79,15766.66,121632.20,211941.39,139.94,1261441.88,4093127.09,33555.65,614891.85,445228.34,47595.34,53414.79
Scenario 1,656,3,Bull Market,56,TRADING,145621.33,1637023.97,165843.94,259956.48,550661.11,436050.65,256029.51,506543.91,735699.91,943180.47,447944.93,287710.76,1638633.73,20546.40,454395.92,43490.88,331129.26,460581.09,190504.33,48444.89,124568.36,448859.83,355043.14,374536.77,98789.14,117877.59,139596.13,189979.31,102456.94,152666.21,127097.95,148372.09,150911.07,92846.12,156164.98,142766.39,113087.76,1467833.08,19889.50,15801.02,121357.32,212582.39,140.03,1258769.19,4100424.72,33544.46,614269.67,445172.66,47578.05,53344.21
Scenario 1,657,3,Bull Market,57,TRADING,145727.47,1634525.10,166250.52,259873.05,550196.02,436625.95,256628.24,506785.60,733955.40,946380.21,447806.36,288079.80,1633662.03,20551.68,454494.87,43455.14,331699.31,460433.17,191230.94,48632.61,124093.15,448774.30,355715.54,374639.91,98749.64,117886.66,139691.28,190126.06,102552.05,152220.51,127052.55,148353.62,150974.09,92783.21,156240.46,142694.77,113147.15,1464705.05,19963.08,15794.24,121584.22,212357.48,140.41,1259688.91,4106271.59,33530.60,615593.95,445968.78,47522.80,52941.92
Scenario 1,658,3,Bull Market,58,TRADING,145778.10,1633858.68,166454.85,259677.25,550531.36,436136.77,256932.94,507739.95,733821.45,949378.89,447716.93,287419.33,1633366.42,20534.98,454548.49,43451.80,332728.02,456552.37,190688.26,48822.54,124274.75,448139.85,355963.44,375044.24,98788.94,117917.60,139633.62,190026.55,102491.73,152338.78,127054.53,148226.26,150882.01,92880.30,156224.91,143200.19,113252.02,1460278.82,20012.55,15852.11,121968.11,212757.92,140.18,1259882.12,4106149.38,33474.55,615967.63,444962.73,47612.48,52902.40
Scenario 1,659,3,Bull Market,59,TRADING,145862.92,1631985.83,166341.15,259103.75,550324.49,436609.26,257535.39,507031.65,733394.63,945711.38,448274.19,286620.87,1634368.56,20538.66,453234.22,43350.50,333260.85,456037.58,190824.95,49028.22,124225.51,446350.45,356378.52,375063.36,98647.16,118030.31,139457.10,190184.12,102374.09,152337.67,126940.17,147802.71,150836.19,92907.12,156038.41,144029.69,113175.25,1458739.55,20021.15,15902.91,121899.83,212323.67,140.00,1261026.76,4101050.22,33452.51,615105.73,444907.68,47675.19,52682.61
Scenario 1,660,3,Bull Market,60,TRADING,145803.14,1633325.80,165935.91,259743.46,550498.54,436794.65,258194.92,506111.73,733559.60,946270.52,448863.91,286326.23,1635422.75,20528.28,452203.01,43367.17,332813.02,456115.23,191129.39,49266.81,124310.51,445959.41,356002.47,374980.67,98731.21,117933.89,139636.98,190132.42,102407.46,152394.51,126857.10,148014.61,150931.07,92989.99,156200.96,144457.66,113268.63,1457026.42,20084.55,15950.67,121971.47,212438.72,139.77,1263335.89,4109551.41,33421.09,614644.39,444555.48,47662.34,52639.02
Scenario 1,661,3,Bull Market,61,TRADING,145992.59,1638032.21,165998.88,260471.38,549794.88,436275.59,258226.94,505959.75,733646.91,945103.54,448620.26,286112.73,1637348.65,20541.79,451756.96,43350.88,332293.33,455145.04,190918.46,49489.97,124416.79,444714.05,357026.24,374757.24,98701.27,117830.95,139245.23,190125.22,102667.64,152267.88,126857.43,148099.07,151100.48,93130.66,156325.22,144585.45,113346.42,1454938.76,20140.07,15983.40,122159.54,212337.74,139.19,1265375.26,4110069.56,33438.28,614579.86,445367.64,47681.27,52534.93
Scenario 1,662,3,Bull Market,62,TRADING,146187.41,1634243.04,166144.32,259946.00,549005.61,436939.21,257731.89,506720.68,731993.60,946204.95,448234.71,286053.37,1637012.94,20548.68,451303.95,43279.42,333061.55,453648.60,190691.10,49712.01,124071.07,445059.21,355945.09,375223.18,98702.60,117818.20,139278.83,190127.02,102563.56,151822.75,126719.92,148374.32,151097.40,93188.23,156266.48,144740.86,113326.21,1450471.40,20188.38,16007.35,122148.72,212607.47,139.64,1268663.68,4101796.16,33482.50,614550.67,445514.47,47783.43,52312.76
Scenario 1,663,3,Bull Market,63,TRADING,146012.34,1633808.59,165827.36,260429.73,549084.77,438276.21,257485.33,506593.66,731729.40,944965.42,448765.38,286264.21,1636987.63,20542.63,450688.61,43230.87,332894.34,453529.60,190300.51,49871.37,124204.98,444522.89,356404.55,375681.06,98755.79,117666.88,139446.06,190185.64,102693.16,152032.76,126749.75,148606.07,150885.74,93089.53,155997.72,143793.88,113432.08,1448805.83,20263.33,16005.65,122153.07,212902.34,139.39,1272325.90,4102656.62,33481.89,613815.44,445201.52,47795.28,52438.90
Scenario 1,664,3,Bull Market,64,TRADING,146012.00,1634696.49,165636.46,260361.69,548400.55,438817.01,257631.39,505947.74,730700.65,941906.91,448192.72,286250.38,1636865.16,20528.01,449903.07,43120.36,333016.34,451766.71,189986.48,50103.60,124267.23,443493.03,356435.24,374897.36,98674.97,117603.52,139373.28,190322.77,102753.70,151804.99,126829.54,148263.49,150918.85,92704.31,156323.46,143719.76,113396.62,1446034.21,20293.97,16036.68,122059.27,212778.64,140.17,1274133.09,4093686.78,33442.10,613049.91,445152.18,47814.06,52672.57
Scenario 1,665,3,Bull Market,65,TRADING,146267.68,1627753.91,165597.15,260276.28,548262.76,438978.84,258751.57,504711.90,729969.21,941439.17,447900.96,286809.22,1634048.61,20516.77,450203.59,43001.58,333983.29,451408.01,189474.71,50388.54,124531.68,442037.49,357027.76,374756.73,98624.92,117652.60,139475.31,190491.27,102962.28,152107.39,126859.85,148412.66,150903.69,92578.89,156277.89,143567.91,113479.73,1444884.37,20328.80,16000.37,121904.59,212458.76,139.68,1277800.14,4094572.45,33435.83,613327.96,444972.16,47826.44,52702.12
Scenario 1,666,3,Bull Market,66,TRADING,146300.76,1628182.28,164755.21,260439.63,548133.50,439483.03,259110.35,504152.76,731722.55,940966.34,448293.23,286874.43,1634786.65,20524.59,450192.78,42965.62,333956.56,451469.65,189516.35,50686.46,124396.88,443288.10,355986.64,374431.11,98601.64,117494.29,139899.77,190370.41,103121.98,152185.59,126870.66,148497.88,151122.98,92283.37,156114.64,143834.41,113382.41,1441796.38,20362.96,16049.97,122074.35,212745.86,140.11,1280723.86,4081885.26,33449.75,613363.95,444053.55,47711.68,52605.99
Scenario 1,667,3,Bull Market,67,TRADING,146754.34,1628100.41,164572.17,260736.17,547347.51,441014.41,258953.85,503762.73,731588.12,943370.71,447334.31,285879.74,1635407.81,20518.81,448335.02,42922.45,334261.34,450005.03,189840.29,50943.71,124099.83,443776.55,354579.28,374627.41,98527.12,117706.40,140187.67,190232.72,103149.22,151818.91,126830.61,148552.17,151209.43,91828.72,156185.00,143904.44,113382.26,1437169.00,20405.15,16079.23,121608.40,213265.82,139.99,1284454.60,4079452.35,33446.49,613683.46,443616.40,47887.07,52526.38
Scenario 1,668,3,Bull Market,68,TRADING,146976.07,1634159.77,164347.07,260560.21,546194.26,441431.40,259868.15,502734.21,731236.08,941345.62,447053.88,286637.76,1631731.45,20495.67,446716.79,42844.98,333875.62,449180.22,189882.04,51200.48,124131.61,442836.69,354645.09,374460.70,98551.56,117889.58,140141.31,190146.91,103115.52,151834.30,126821.82,148307.39,150864.34,91561.30,156193.73,142711.17,113307.16,1436790.70,20427.20,16088.53,121535.85,213240.50,139.80,1286816.42,4086467.56,33446.31,614924.23,443852.22,47876.75,52532.44
Scenario 1,669,3,Bull Market,69,TRADING,147261.01,1626554.84,163964.38,260193.12,546822.89,441609.85,259983.24,502837.34,730999.83,940309.95,447174.37,286898.36,1633111.50,20504.18,446293.24,42811.60,334191.84,449308.21,189666.35,51544.45,123653.00,442593.83,355961.83,374872.74,98530.37,117910.15,139688.05,190162.17,103187.71,152032.50,126745.83,148005.60,150632.25,91513.82,156253.68,142261.93,113359.36,1433926.37,20432.52,16103.92,121755.93,212645.76,139.36,1288055.64,4096854.34,33482.93,614080.54,444156.67,48061.26,52708.81
Scenario 1,670,3,Bull Market,70,TRADING,147390.99,1628475.00,163190.61,260361.90,547399.54,441682.44,260136.88,502439.08,730944.56,938121.82,447221.48,286766.54,1630899.44,20516.44,446166.47,42789.91,334139.81,447867.54,189553.39,51824.12,123739.98,443255.59,355495.81,374758.77,98633.22,117680.37,139314.30,190124.39,103598.72,151923.81,126724.76,148101.09,150556.99,91317.59,156273.65,142247.20,113427.92,1432537.25,20510.50,16073.00,121722.33,212523.22,139.84,1290753.25,4091375.96,33460.28,613802.68,443221.66,48298.61,52601.72
Scenario 1,671,3,Bull Market,71,TRADING,147354.29,1625322.84,162570.18,259997.07,547889.94,441835.72,261589.83,502526.55,730647.72,936504.35,448167.33,287310.63,1630420.00,20515.34,446363.71,42811.00,334162.20,447550.80,189669.45,52209.54,124414.67,442986.29,355234.98,374678.76,98695.38,117982.83,139574.15,190240.51,103890.01,152057.72,126794.40,148097.38,150442.60,90960.72,156404.85,142228.51,113356.73,1430718.91,20560.81,16075.20,122223.27,212631.24,139.84,1295783.96,4080147.68,33481.41,612867.88,443768.81,48306.25,52540.67
Scenario 1,672,3,Bull Market,72,TRADING,147555.84,1628271.71,161229.32,259902.36,546845.58,442188.98,261461.24,502048.13,729896.44,932576.35,448325.30,287856.56,1629190.26,20519.32,445600.61,42790.57,335050.60,448022.77,189713.15,52445.33,123978.98,443981.36,355487.48,374569.69,98667.99,117947.38,139398.63,190244.93,104031.61,152184.35,126780.77,147821.32,150291.82,90858.94,156503.56,141791.25,113356.02,1431643.39,20597.49,16054.66,122214.61,212788.15,139.51,1300300.44,4053806.87,33452.18,612929.51,443528.49,48355.77,52754.42
Scenario 1,673,3,Bull Market,73,TRADING,147703.31,1634167.06,160238.16,260157.20,547379.90,442330.72,261494.05,501801.03,730943.27,928053.83,448358.21,287737.08,1629005.04,20538.88,445343.44,42780.32,334656.33,448499.68,189691.86,52729.94,124797.15,445131.24,355919.25,374096.78,98623.41,117759.96,139308.34,190160.92,103962.25,151672.55,126745.88,148096.45,150091.80,90627.55,156551.43,141657.71,113359.34,1429847.41,20589.28,16033.72,122202.72,212263.22,140.07,1304485.55,4040664.77,33445.27,612646.01,443110.32,48385.95,52661.26
Scenario 1,674,3,Bull Market,74,TRADING,147817.23,1634694.74,159590.54,260399.47,548069.73,442941.64,261412.56,502098.76,730711.59,929207.31,447585.68,287376.27,1626492.95,20537.64,443803.30,42735.24,334951.93,447940.56,189448.62,53001.62,125306.48,445895.56,356086.99,374384.01,98709.37,117834.63,138774.57,190042.04,103972.75,151755.80,126869.83,148362.43,150393.33,90787.38,156474.00,141680.49,113387.29,1430329.58,20648.51,16084.25,122461.03,211607.92,139.86,1308185.27,4024306.58,33454.63,612621.51,443682.35,48557.53,52569.07
Scenario 1,675,3,Bull Market,75,TRADING,147869.85,1630859.18,158899.88,260198.50,547667.80,443105.49,261657.09,501348.76,730454.63,928233.59,447099.30,288415.25,1625487.06,20522.98,443498.61,42732.53,335069.67,447561.58,189884.32,53211.61,125612.60,445956.11,355700.75,373658.53,98801.67,117882.16,138945.48,190337.16,104273.61,151493.09,126848.43,148079.90,150485.85,90876.17,156464.36,141341.26,113400.65,1429524.90,20685.43,16104.89,122486.40,211743.80,140.60,1312140.00,4011668.42,33459.98,612805.43,445559.41,48575.44,52569.08
Scenario 1,676,3,Bull Market,76,TRADING,148196.50,1631727.08,157414.59,259798.10,547587.90,443209.29,261957.12,501754.00,730505.47,928821.64,446340.66,288731.44,1626925.56,20515.97,443583.40,42839.35,336837.91,447194.69,190064.27,53347.13,125443.16,447601.53,355669.76,373868.10,98630.40,118206.65,139145.11,190415.64,104236.66,151190.49,126812.14,148363.43,150766.04,90872.45,156374.61,141553.80,113439.00,1428463.96,20663.23,16165.25,122081.79,211270.81,140.73,1312202.22,3971541.06,33443.45,614011.67,445649.24,48505.67,52617.89
Scenario 1,677,3,Bull Market,77,TRADING,148351.72,1632791.61,156504.45,259079.06,547963.78,443431.39,262783.57,501178.54,731527.82,932572.12,446535.60,288576.56,1627592.63,20501.21,442464.50,42926.93,336677.01,447568.04,190120.01,53470.74,125124.01,450773.83,355715.95,373596.55,98530.01,118294.22,138757.63,190505.17,104414.17,151436.68,126854.19,148149.51,150567.72,91192.69,156403.49,141869.32,113426.94,1426992.66,20692.58,16149.27,123079.59,211403.44,141.02,1311985.87,3956457.25,33475.77,612363.44,446186.18,48524.16,52691.05
Scenario 1,678,3,Bull Market,78,TRADING,148464.23,1630969.46,155558.57,258873.19,547587.34,443698.02,262272.52,502010.80,733885.77,932894.39,447660.22,288603.22,1625499.94,20520.27,441352.96,42959.22,336014.97,447407.47,189710.47,53545.26,125426.95,449836.77,355649.79,373281.50,98530.88,118300.35,138558.07,190622.21,104777.09,151334.89,126968.55,148347.08,150572.80,91261.95,156440.96,142510.41,113491.66,1425043.93,20704.84,16185.30,123361.54,210974.34,141.23,1312222.33,3934389.57,33486.92,613114.01,447367.89,48542.20,52817.20
Scenario 1,679,3,Bull Market,79,TRADING,148453.14,1628583.83,154746.19,258960.95,547311.57,444085.82,261902.73,501757.43,734592.59,928531.39,447761.63,289110.92,1628423.78,20508.05,441028.02,42991.73,336921.90,447954.03,190100.47,53438.82,125489.70,452818.99,356726.57,373395.21,98563.34,118222.37,138749.22,190557.94,104841.15,151222.26,126927.29,148628.42,150513.11,91542.06,156360.66,142940.27,113369.74,1423716.26,20731.14,16141.87,123697.83,210964.55,140.64,1307769.63,3907810.21,33506.58,613636.21,448274.41,48624.66,52697.46
Scenario 1,680,3,Bull Market,80,TRADING,148692.59,1631750.90,154201.20,258990.22,547738.03,444148.28,262092.69,502094.09,735231.70,926707.11,447668.40,289428.84,1625799.06,20531.10,440742.08,43087.17,337233.00,446684.82,190017.77,53332.01,125970.16,455077.93,356180.30,374044.46,98515.03,118206.19,139010.01,190878.02,105178.31,150940.92,126935.53,148531.60,150670.62,91892.77,156396.49,143019.71,113533.15,1422754.17,20738.22,16077.28,123743.28,211523.31,140.78,1306439.31,3872691.28,33499.57,614650.30,450240.78,48716.42,52727.56
Scenario 1,681,3,Bull Market,81,TRADING,148659.79,1635432.35,153108.12,258832.54,547280.40,445079.29,262323.96,502395.95,733873.61,923896.57,447710.06,290109.24,1626937.79,20523.18,440460.30,43186.33,336367.67,446528.54,189920.00,53051.70,125775.60,455817.80,356373.85,373841.08,98567.36,118206.25,138912.32,190979.77,105278.58,150978.35,127126.70,148799.94,150820.41,92209.14,156456.06,142973.04,113518.13,1421336.63,20735.23,16083.36,123834.01,211355.82,140.54,1303867.68,3845206.68,33536.98,615124.69,452183.38,48782.15,52812.83
Scenario 1,682,3,Bull Market,82,TRADING,148769.42,1634495.45,152782.15,258684.79,546445.71,445259.61,262337.25,503021.34,734672.77,923334.64,447819.99,290602.63,1627572.07,20508.70,440895.83,43277.86,336015.01,445856.66,190357.04,52735.76,126157.99,456761.17,356419.46,373922.92,98545.15,118146.84,139352.08,191195.36,105153.48,150998.38,127323.49,148538.96,150697.98,92333.24,156503.96,143138.37,113529.73,1419909.89,20764.27,16124.29,124350.76,211061.95,140.89,1297866.31,3816850.59,33525.72,616127.91,454271.20,48784.04,52758.68
Scenario 1,683,3,Bull Market,83,TRADING,148651.39,1630044.06,152177.68,258750.58,546118.92,445209.66,261775.33,503401.34,735983.35,924216.37,447364.20,290061.17,1626942.13,20512.72,439850.00,43281.57,336974.62,447241.56,190430.42,52313.85,126163.48,457142.79,357871.25,373908.47,98559.20,118232.88,139083.50,191138.25,105448.97,151085.26,127306.92,148217.23,150876.24,92617.80,156429.45,143210.15,113566.78,1420660.57,20802.08,16133.07,124219.97,211198.18,140.96,1295546.28,3808770.95,33544.91,616148.68,457241.05,48759.50,52696.90
Scenario 1,684,3,Bull Market,84,TRADING,148639.44,1633545.26,152451.54,258550.61,547050.61,445922.57,261127.58,502898.39,734364.87,929523.20,447213.59,289650.44,1628024.89,20511.47,439067.58,43422.59,336784.85,448040.46,190049.73,51813.83,126066.02,458992.85,359928.34,374075.12,98633.57,118490.09,138316.44,191577.53,105338.44,151122.74,127264.08,148383.92,150917.17,92863.16,156526.25,143685.46,113524.51,1421662.05,20812.59,16135.02,124243.75,211053.77,141.10,1293279.85,3799575.68,33547.81,617427.17,459527.14,48758.37,52886.51
Scenario 1,685,3,Bull Market,85,TRADING,148784.83,1634137.53,152654.86,258355.49,547312.74,446109.77,259636.49,501675.28,733520.94,924859.75,447419.44,290179.64,1628931.78,20513.36,439040.37,43492.00,336558.59,448818.58,190282.94,51218.91,126314.80,459484.26,360041.99,374718.20,98569.28,118730.68,138764.01,191960.00,105255.36,150861.59,127380.88,148512.53,150988.67,92962.44,156514.08,144477.23,113491.33,1422111.34,20867.46,16113.65,123494.33,211611.80,141.09,1288918.25,3782521.28,33542.35,618446.85,460834.26,48795.60,52842.92
Scenario 1,686,3,Bull Market,86,TRADING,148481.52,1631789.18,153293.71,258070.17,547410.05,446507.70,260078.68,501096.65,734966.20,917796.59,447205.15,290233.02,1628957.12,20515.05,440275.96,43582.12,337308.01,448949.88,190290.17,50561.15,125662.50,459272.80,358959.86,374720.19,98559.10,118628.02,139300.19,192326.55,104979.99,151213.24,127408.83,148789.61,151295.63,93006.06,156277.37,145089.17,113532.99,1420965.76,20848.84,16108.34,124080.20,211731.70,141.11,1284858.95,3764861.75,33569.43,619625.09,463274.20,48662.08,52740.54
Scenario 1,687,3,Bull Market,87,TRADING,147973.68,1631255.86,153524.72,258100.05,547553.68,446783.47,259291.74,501328.64,735415.09,918103.74,447409.05,289870.50,1624397.20,20523.71,441758.93,43635.33,337579.92,449755.54,190658.50,49872.48,125315.61,460052.63,359687.69,375300.16,98558.05,118733.39,138826.93,192967.28,104986.90,151380.47,127194.42,149008.88,151224.42,93199.05,156421.58,145353.12,113594.97,1418960.55,20907.04,16093.42,124391.49,211932.89,140.41,1278510.10,3761384.08,33575.62,621396.95,464764.08,48808.93,52674.84
Scenario 1,688,3,Bull Market,88,TRADING,147834.04,1632440.61,153593.60,257977.34,549137.86,446347.37,259211.12,501713.72,736070.85,915136.66,448493.15,289268.87,1628662.77,20519.44,443929.54,43667.80,338069.34,449214.66,191070.84,49163.62,124549.26,460044.23,358756.36,374548.15,98442.51,118727.10,138820.01,193483.49,105230.71,151096.63,127124.10,149124.93,151314.68,93334.39,156521.89,145865.15,113648.25,1419265.45,20919.83,16088.26,124758.73,211913.81,140.78,1274822.98,3765809.77,33637.22,622938.58,465774.50,48663.33,52708.23
Scenario 1,689,3,Bull Market,89,TRADING,147808.03,1632749.95,153711.88,257900.72,548816.68,446260.38,258608.31,503287.45,733348.07,913288.67,449104.58,289983.54,1627979.35,20513.64,444110.46,43704.49,339340.94,449115.28,190813.84,48398.68,124390.52,462266.13,359115.63,374561.93,98420.13,118792.86,138660.39,193967.92,105266.94,151293.95,127294.38,149384.93,151416.01,93512.37,156398.40,146167.61,113724.48,1419905.18,20951.86,16072.11,124358.96,211772.44,141.01,1268683.73,3770359.60,33647.85,624109.39,465097.38,48725.56,52918.80
Scenario 1,690,3,Bull Market,90,TRADING,147499.45,1636612.14,154406.48,258571.60,548488.76,446510.90,258417.76,503660.98,733794.56,911071.85,449699.11,288942.94,1628442.65,20516.74,444248.73,43788.59,340072.17,450515.48,190583.80,47644.60,123794.10,463510.67,359484.43,373802.75,98442.30,118897.86,138763.48,194369.77,105292.17,151471.10,127227.15,149607.96,151513.84,93510.97,156464.97,146466.95,113824.63,1419160.49,20939.59,16056.40,124378.51,211619.31,141.16,1264590.93,3765889.18,33667.53,625476.42,464981.50,48853.32,52952.98
Scenario 1,691,3,Bull Market,91,TRADING,147389.08,1637734.34,155390.89,258853.65,549126.15,446186.94,258347.36,503314.29,734197.49,909977.10,449258.21,289771.28,1626140.38,20518.34,444738.87,43802.11,341688.04,450429.40,190491.66,47021.07,123884.46,463903.20,359986.19,374433.49,98503.31,118709.93,139145.31,194608.72,105193.58,151496.44,127098.69,149999.53,151695.28,93387.51,156570.37,146108.53,113804.99,1417902.01,20992.65,16032.05,123907.41,211671.04,141.03,1263066.64,3778695.00,33661.98,626001.49,464575.30,48786.87,52852.67
Scenario 1,692,3,Bull Market,92,TRADING,147186.22,1636072.03,156345.94,258850.14,549636.52,446638.46,258571.22,503633.28,733612.37,911208.38,448963.83,290144.49,1624893.45,20517.49,446364.00,43801.33,342477.59,451539.79,190122.44,46311.24,124249.32,465226.74,360308.83,374779.90,98619.21,118904.17,139824.47,194792.32,105288.91,151305.93,127086.57,150026.39,152030.76,93324.20,156556.61,145930.56,113856.20,1419256.40,21009.33,15971.87,124275.52,211428.47,140.97,1263524.49,3793019.24,33674.50,626823.03,462728.89,48753.25,52723.28
Scenario 1,693,3,Bull Market,93,TRADING,147042.59,1631594.15,157399.03,258161.20,548959.04,446167.18,258494.34,502208.51,734345.48,909163.31,448870.77,289446.53,1625033.65,20492.22,447852.51,43772.84,344882.51,452358.26,190070.77,45654.11,124296.31,467862.96,359741.17,375373.11,98569.70,118743.45,139680.26,194605.96,105237.34,151247.21,126941.02,149828.16,152173.76,93315.61,156736.58,145761.57,113906.35,1420320.83,21001.15,15983.91,124352.64,210839.66,140.92,1262415.38,3800329.30,33702.72,628170.08,461768.16,48677.03,52775.91
Scenario 1,694,3,Bull Market,94,TRADING,146755.60,1634941.19,157984.99,257866.72,548784.73,446311.45,258083.03,501276.09,735566.98,907161.87,448857.70,289082.79,1627923.13,20481.93,449812.32,43695.75,346693.74,454292.07,190492.79,45115.39,124849.35,467186.95,360319.39,375128.69,98399.09,118899.40,139930.97,194499.70,105433.26,151169.96,126805.65,149773.29,152415.48,93331.88,156582.13,146239.24,113946.49,1419849.65,21006.08,15926.82,124066.39,210521.31,140.19,1264539.25,3815364.15,33737.40,628558.70,459221.92,48692.56,52831.24
Scenario 1,695,3,Bull Market,95,TRADING,146743.31,1633658.15,159192.76,258101.93,548203.14,446503.95,257975.82,498987.18,734382.00,905050.74,449443.35,289318.75,1626396.54,20475.78,450780.03,43691.22,348292.29,453592.52,190713.53,44614.60,125080.35,468900.14,361502.25,375421.32,98373.41,119083.67,140419.42,194254.04,105623.89,151502.70,126774.64,149399.58,152691.06,93153.63,156542.90,146262.58,113947.53,1420224.55,21036.85,15965.23,124328.02,210276.97,139.90,1267592.25,3838699.83,33717.06,630678.25,457255.02,48701.08,52904.42
Scenario 1,696,3,Bull Market,96,TRADING,146675.64,1637844.38,160133.37,258425.53,547925.03,446434.79,257430.30,499115.47,732345.28,905517.69,449524.60,289763.08,1626780.88,20459.93,451458.81,43686.16,349371.83,456284.46,190983.17,44125.37,125658.96,466556.20,360391.13,376456.27,98405.40,118924.87,140396.81,193579.65,105600.11,152109.79,126709.65,149309.76,152734.14,93128.55,156555.69,145623.54,113846.60,1418989.21,20993.41,15927.02,124128.27,210603.98,140.15,1266410.52,3855693.72,33745.52,632276.37,454839.65,48651.05,52865.97
Scenario 1,697,3,Bull Market,97,TRADING,146511.29,1636197.00,160983.38,258435.58,548332.94,446856.34,256708.03,499831.29,732964.60,907911.25,449469.95,289262.02,1628250.47,20458.93,451797.47,43684.95,350555.83,457937.42,191063.25,43753.50,125410.53,468175.98,361286.91,376626.25,98331.51,119030.07,140071.13,193014.33,105614.80,151622.67,126654.49,149227.90,152864.57,92989.78,156639.02,145603.76,113929.97,1416340.60,21047.72,15890.33,124391.12,210591.67,139.45,1264525.31,3871837.82,33707.86,634838.06,452450.25,48606.77,52617.32
Scenario 1,698,3,Bull Market,98,TRADING,146326.11,1638169.26,161504.16,258623.51,548118.14,446948.71,256926.87,500768.96,731598.74,908242.42,449548.65,289450.96,1626179.14,20460.51,451424.09,43687.55,351492.47,459814.53,191039.28,43437.51,125259.24,465342.92,362664.91,377618.60,98399.69,118816.74,140218.54,191968.98,105605.71,151938.34,126691.07,149570.94,152816.98,92851.57,156669.34,145802.35,114000.20,1416115.73,21075.16,15939.08,124793.71,210922.09,139.27,1264374.96,3883643.97,33682.93,636658.66,449541.00,48473.93,52621.83
Scenario 1,699,3,Bull Market,99,TRADING,146517.50,1639894.46,162570.31,258617.86,547607.18,446640.44,257237.16,500855.52,730517.15,910839.06,448342.88,289298.70,1627252.13,20449.55,453107.88,43724.94,351600.93,461825.70,191001.11,43112.32,125502.40,464640.66,364483.80,378353.64,98462.33,118944.90,140109.43,191573.67,105658.44,151771.09,126767.93,150131.71,152994.12,92959.86,156655.41,146360.55,113930.58,1416461.38,21084.63,15997.56,125002.04,210596.08,139.48,1261922.63,3900218.27,33670.91,639191.91,446895.42,48504.82,52496.08
Scenario 1,700,3,Bull Market,100,TRADING,146428.13,1644128.02,162979.73,258417.48,547379.92,446422.59,257640.12,501883.24,729406.91,912018.56,448188.28,288909.27,1630091.90,20454.01,453753.09,43730.62,351449.40,463488.09,191012.04,42886.24,125547.99,465405.76,364581.79,379017.00,98633.62,118853.19,139688.28,191253.65,105769.71,151767.26,126817.13,150011.76,153596.93,93137.48,156694.31,146259.18,113804.29,1415382.17,21138.85,15951.17,124962.17,210773.25,139.21,1262861.99,3919392.49,33646.32,640647.06,445454.49,48562.14,52456.07
Scenario 1,701,3,Bull Market,101,TRADING,146230.34,1648022.89,163185.45,257642.38,547516.66,446299.26,257336.48,501702.35,729892.45,914880.82,447436.52,288612.59,1631780.15,20487.30,453667.07,43743.04,351795.74,465111.76,191588.21,42838.39,125572.16,465659.94,365516.16,379519.07,98567.03,118653.74,139153.92,191057.62,106066.82,151665.68,126788.03,149828.32,153990.43,93145.42,156830.24,145980.51,113800.18,1415130.86,21129.55,15938.73,124778.38,210913.97,139.23,1260123.31,3923883.26,33642.95,641415.10,444319.77,48775.17,52575.62
Scenario 1,702,3,Bull Market,102,TRADING,146263.74,1644642.01,163267.45,257896.65,547274.34,446633.67,257152.33,502256.12,729492.07,920350.52,447422.51,288229.14,1630617.97,20483.36,453970.12,43737.60,351167.32,466968.56,191253.39,42769.00,125810.87,467625.08,366812.83,381373.64,98512.79,118834.95,139203.84,190834.84,106083.36,151936.35,126743.93,149551.29,154169.12,93249.18,156788.38,145524.02,113782.67,1415393.94,21157.83,15939.39,125144.53,210995.46,139.48,1259592.77,3932324.82,33652.68,643567.21,443419.20,48778.26,52692.78
Scenario 1,703,3,Bull Market,103,TRADING,146069.98,1646143.38,163870.09,257565.37,547264.22,446394.71,257134.67,501835.46,729290.18,922241.82,448376.26,287793.22,1630385.24,20503.87,454676.51,43713.99,350723.18,468355.54,191118.23,42798.05,125789.89,466795.50,366431.72,382526.00,98374.23,118644.64,139281.61,190639.42,106100.56,152100.56,126547.77,149451.02,154421.74,93379.80,157100.01,145846.66,113855.81,1416323.21,21164.64,15899.75,125080.46,210829.30,138.72,1259661.32,3941115.74,33640.65,644803.01,442688.82,48764.46,52664.65
Scenario 1,704,3,Bull Market,104,TRADING,145993.18,1642629.11,164119.73,257664.90,547056.82,447211.08,257520.44,502562.06,727778.64,923657.56,447352.56,288634.26,1632121.70,20495.53,453427.71,43735.89,349180.59,469267.24,190634.94,42800.08,125738.51,465567.14,367391.10,382854.59,98448.05,118419.28,140026.97,190503.26,106146.86,152152.66,126526.47,149950.44,154632.78,93384.72,156995.19,146711.87,113856.41,1416692.13,21209.89,15936.10,124879.33,210786.48,138.16,1258567.31,3941563.50,33612.66,647512.10,441436.98,48791.09,52513.64
Scenario 1,705,3,Bull Market,105,TRADING,146083.13,1642512.58,164620.52,257835.58,546981.97,447919.64,257863.12,502749.20,727428.10,927300.78,446924.12,287596.02,1631651.70,20518.05,454108.49,43676.49,347948.79,469722.51,190684.66,42876.71,125785.40,465146.71,366542.99,383994.42,98433.41,118306.15,139893.71,190199.24,106061.34,152181.52,126647.94,150173.63,154986.24,93443.17,157063.33,146276.94,113818.81,1418483.94,21234.70,15971.59,124604.23,210920.80,138.74,1257134.55,3948971.26,33590.04,648509.52,440601.84,48815.69,52345.69
Scenario 1,706,3,Bull Market,106,TRADING,145915.39,1643064.27,164650.84,257433.18,546548.67,447646.93,257654.31,503920.59,727164.44,929770.78,447106.45,287930.02,1631344.09,20510.33,452903.24,43655.95,346885.74,470956.87,190361.01,42983.30,124982.41,463681.57,366655.80,384854.60,98519.41,118317.54,139511.00,190362.01,106383.35,151939.70,126593.67,150094.61,154858.27,93450.27,157128.88,146319.20,113979.60,1416966.37,21288.10,15991.02,124269.85,210826.77,138.87,1253222.05,3959817.19,33593.28,650551.57,439995.20,48701.13,52347.40
Scenario 1,707,3,Bull Market,107,TRADING,145801.57,1640105.71,164413.59,257940.87,545515.00,447618.64,257391.22,504828.64,726224.57,933038.79,447113.59,287407.03,1628856.25,20523.85,451905.20,43677.11,345024.35,471738.28,190532.61,43087.97,124847.22,464340.57,368247.56,385871.24,98549.64,118374.14,139677.43,190302.35,106440.73,152188.65,126529.33,149451.88,154682.30,93339.36,157063.01,146702.00,113870.99,1416767.30,21321.71,16034.80,124108.62,211191.82,138.33,1252794.51,3965743.43,33557.62,652613.00,439360.73,48674.65,52326.89
Scenario 1,708,3,Bull Market,108,TRADING,145683.93,1642255.12,164795.19,258471.43,545894.56,448697.85,256631.59,505222.82,725447.08,934823.63,446863.98,287761.14,1628578.36,20544.56,452055.04,43697.42,343798.46,472199.29,190627.48,43306.55,124799.51,464889.64,367877.83,385659.00,98510.65,118216.46,139548.14,190077.38,106253.50,151838.23,126386.71,149477.05,154817.03,93221.67,157086.36,146816.41,113810.60,1414479.57,21396.04,16017.56,124433.87,211155.53,138.74,1256707.99,3958659.10,33559.47,653276.10,438802.03,48613.16,52420.49
Scenario 1,709,3,Bull Market,109,TRADING,145939.45,1642967.95,164565.09,257934.48,546340.50,449000.44,256680.28,505487.75,723716.52,932507.88,447224.86,286471.61,1629201.45,20551.98,451983.99,43686.30,342471.45,472207.14,190928.77,43452.34,124511.62,464617.21,368151.53,385266.14,98519.69,118563.43,139909.14,190239.93,106238.46,151708.09,126211.06,149723.52,154529.87,93247.30,157152.29,146617.62,113695.36,1414291.14,21484.34,16028.96,124247.49,210986.09,138.81,1253592.90,3959923.96,33554.73,654274.35,439171.00,48531.82,52459.02
Scenario 1,710,3,Bull Market,110,TRADING,145619.96,1642345.69,164520.82,258218.08,547319.24,448958.91,256811.91,504946.19,723102.95,937426.04,446971.32,286427.92,1628272.78,20549.13,452355.81,43722.08,341484.18,474229.09,190807.21,43666.60,124355.53,465606.52,367608.48,385387.12,98573.48,118371.42,139828.55,190119.42,106485.53,151867.77,126172.78,150147.89,154525.37,93253.51,156947.67,146690.72,113765.55,1414081.94,21549.37,16011.97,124183.12,211385.73,138.81,1254307.08,3957691.93,33555.67,655418.08,438427.45,48499.28,52414.28
Scenario 1,711,3,Bull Market,111,TRADING,145420.17,1647836.18,164059.13,258506.22,547678.27,448968.95,256700.50,504914.18,722432.53,937360.87,446783.10,286306.44,1627654.75,20557.66,452172.69,43757.03,340298.59,475282.37,190139.47,43938.88,124608.21,465511.05,366813.60,385128.44,98547.80,118521.93,139801.31,190183.48,106371.14,152064.78,125985.71,149929.59,154232.29,93148.11,156914.53,146470.17,113699.84,1415282.44,21596.82,16009.65,124477.48,211380.93,138.61,1253934.27,3957966.26,33566.25,656782.90,438714.71,48535.80,52546.43
Scenario 1,712,3,Bull Market,112,TRADING,145312.26,1646134.70,164004.02,258447.93,547819.77,448278.66,256802.77,504892.66,721420.12,939087.93,447423.47,286075.00,1631101.38,20535.34,450810.12,43766.95,339062.25,475095.05,190098.09,44154.01,124629.01,466191.44,367076.30,385010.86,98605.66,118375.45,139846.93,190368.48,106170.74,152397.95,125945.69,149993.72,154025.87,93122.90,156666.32,146813.24,113725.03,1413647.53,21681.87,16002.77,123900.38,211336.49,137.59,1252023.57,3953009.26,33555.56,656742.96,439228.25,48741.05,52546.46
Scenario 1,713,3,Bull Market,113,TRADING,145142.44,1645857.15,163722.25,258842.66,548824.28,447629.68,256903.57,503956.82,720781.45,937575.24,446104.91,286746.01,1630762.41,20545.23,450423.62,43756.91,338030.02,476398.00,190327.34,44440.83,124957.15,465264.09,368119.59,383786.70,98750.02,118373.83,140243.47,190505.18,106129.12,152125.68,125930.17,150545.77,153544.96,93338.26,156603.95,146210.37,113709.21,1412003.40,21729.85,16067.75,123620.11,211823.52,137.56,1252095.95,3945217.43,33562.63,657099.11,439085.15,48659.15,52569.46
Scenario 1,714,3,Bull Market,114,TRADING,144996.82,1640999.57,163705.94,258794.43,549507.94,447196.49,256588.99,504521.17,720728.54,942441.57,446770.48,286340.96,1630266.07,20528.99,452366.85,43751.86,337380.00,476905.86,190691.99,44664.43,125110.21,465929.88,368426.59,382988.28,98750.53,118492.30,140479.53,190480.58,106203.70,152303.51,125880.25,150473.02,153446.77,93658.74,156588.30,145725.04,113715.54,1411014.66,21763.62,16043.79,123386.03,211891.13,137.47,1252243.45,3938194.18,33613.54,657095.19,439228.18,48703.09,52669.36
Scenario 1,715,3,Bull Market,115,TRADING,145254.64,1641961.11,163932.74,258442.91,549690.18,446619.72,256441.72,504402.56,718857.37,943352.95,446751.42,286496.56,1628374.69,20552.42,451883.74,43776.12,336684.71,475249.72,190862.24,44914.67,125277.72,465192.90,367932.37,382424.91,98839.38,118749.03,140559.48,190428.70,106030.08,152519.26,125790.89,150370.97,153393.35,93542.15,156748.38,145808.73,113634.75,1411392.16,21857.26,16006.30,123808.46,212274.04,137.19,1250085.36,3942807.12,33600.70,655959.33,439529.13,48737.76,52818.61
Scenario 1,716,3,Bull Market,116,TRADING,145349.27,1637424.23,163883.37,258486.15,551397.40,445833.84,256442.12,503469.67,718179.58,945770.18,446800.18,286503.53,1630502.72,20562.70,451515.48,43750.65,336494.97,475384.54,190976.75,45095.72,124962.34,465804.09,367972.55,381934.56,98958.05,118628.89,141107.58,190636.25,106003.16,152640.11,125815.69,149944.11,153325.79,93723.26,156689.09,145460.65,113625.01,1412299.44,21896.84,15999.37,123892.57,211849.09,137.14,1252254.98,3954753.47,33643.24,656125.77,440301.95,48641.20,52723.08
Scenario 1,717,3,Bull Market,117,TRADING,145250.12,1640153.11,163538.61,258717.83,551913.12,445587.50,257587.20,503282.56,715596.13,945340.52,446631.72,287006.33,1630849.17,20582.04,450541.77,43832.47,335660.46,474561.15,190998.86,45385.52,125346.30,465563.51,368122.60,380945.38,99001.58,118691.66,141416.73,190756.07,105991.29,152764.84,125799.24,150314.78,153236.68,93897.43,156713.92,145634.67,113671.18,1411667.19,22004.37,16016.73,123797.62,211677.16,136.95,1252913.79,3957135.58,33602.33,654846.60,441623.90,48782.54,52542.49
Scenario 1,718,3,Bull Market,118,TRADING,145607.19,1638759.55,163551.74,258840.42,551111.11,446029.93,257476.93,505073.32,713977.49,945456.74,446084.06,286888.36,1631654.88,20591.18,450288.33,43833.06,336436.80,472918.66,191141.58,45642.37,125393.93,464613.10,368347.06,380473.11,98941.31,118793.01,140434.21,190466.53,106009.10,152696.54,125675.76,149975.88,153065.60,93700.39,156746.88,145391.85,113664.73,1410679.85,22051.94,16007.24,123997.77,211106.45,137.39,1251603.86,3961960.63,33594.09,653939.53,443544.80,48749.67,52510.20
Scenario 1,719,3,Bull Market,119,TRADING,145826.16,1641003.56,163311.88,259672.64,552934.03,446494.58,257399.22,504221.05,711363.52,944477.50,446345.64,287767.40,1631764.84,20587.76,450577.67,43887.25,336413.38,472102.67,191244.59,45893.14,125190.71,465268.79,368199.89,379612.69,98996.00,118854.18,140604.51,190075.43,105910.25,152878.35,125759.49,149924.04,152392.99,93806.56,156790.07,144928.23,113644.53,1409689.79,22138.55,15992.71,123578.11,210590.58,137.65,1253337.68,3961108.21,33586.57,652161.86,445277.75,48789.40,52426.52
Scenario 1,720,3,Bull Market,120,TRADING,145946.20,1641945.57,163516.43,259356.52,553745.83,446464.63,257797.70,504842.39,709707.83,944988.88,446596.73,288176.17,1631658.98,20568.79,451102.87,43855.66,336946.74,471519.51,191374.53,46130.34,125322.93,465552.74,367090.66,378819.23,99072.86,118855.68,140225.05,189804.37,106070.50,152857.46,125630.04,149945.88,151916.54,93661.13,156913.85,144698.16,113624.24,1405031.13,22210.78,16024.18,123581.52,210410.63,137.42,1251863.20,3962282.88,33587.59,650827.90,446474.04,48835.37,52435.90
Scenario 1,721,3,Bull Market,121,TRADING,146020.25,1643826.50,163482.54,259672.71,553227.28,447225.88,257830.12,503838.33,708267.20,945706.57,446048.60,289305.83,1630886.94,20587.97,451030.96,43883.35,336866.30,470443.34,192121.87,46302.95,125001.57,464687.17,366085.89,378764.52,99204.23,118953.92,140173.17,189893.75,106116.92,152713.00,125488.64,150190.84,151600.43,93750.42,156797.61,144834.61,113664.57,1400828.61,22266.96,16026.42,123839.44,210429.47,137.40,1254995.37,3965609.35,33570.58,649154.87,448470.56,48701.25,52373.79
Scenario 1,722,3,Bull Market,122,TRADING,146063.56,1642978.12,162897.69,260233.67,554223.27,447431.34,258180.90,503788.47,706523.34,945994.47,446210.87,290415.82,1631005.65,20577.39,450919.92,43857.00,336279.17,470718.47,192230.84,46461.60,125227.08,465211.31,367450.21,378782.74,99394.41,118934.74,139987.63,189985.60,106138.06,152457.38,125310.54,150155.62,151643.02,93906.56,156768.03,144325.66,113664.13,1396699.07,22332.62,16000.36,123103.89,210331.89,137.08,1254334.03,3977275.34,33611.53,646355.01,450726.64,48703.86,52422.28
Scenario 1,723,3,Bull Market,123,TRADING,146182.43,1647641.85,163094.27,260412.06,555484.25,447533.13,258616.52,504211.36,703567.50,948304.70,445759.76,289871.63,1633298.51,20583.69,450572.22,43840.11,335535.49,469974.34,192140.58,46622.02,124853.94,464348.89,367031.18,378963.64,99589.56,118866.62,140224.33,189994.24,105993.36,152163.23,125192.92,150382.88,151430.69,93831.08,156671.75,144655.02,113662.88,1390738.29,22373.83,15989.01,123888.24,210347.23,137.41,1253541.64,3969886.13,33607.65,643483.52,454054.31,48773.66,52348.54
Scenario 1,724,3,Bull Market,124,TRADING,146329.67,1645865.72,162764.70,260278.48,555941.23,447811.21,258189.20,505430.41,702592.45,948048.82,446738.41,290745.77,1631501.85,20597.37,450419.60,43823.14,335630.21,468441.41,191806.09,46812.14,125011.50,462497.71,368153.13,378029.77,99659.72,118827.43,140081.66,189859.14,105788.54,152340.41,125097.62,150453.73,151162.57,93823.28,156928.60,145866.18,113708.14,1384119.33,22460.64,15977.70,124248.42,210059.83,137.30,1254691.99,3971132.35,33623.96,641654.38,456488.53,48716.32,52360.56
Scenario 1,725,3,Bull Market,125,TRADING,147066.98,1645578.96,162868.32,259953.45,556109.62,447251.21,258749.63,503771.77,699708.69,947528.11,446832.85,290559.53,1632341.13,20582.87,450334.50,43794.95,335527.84,468045.67,191928.67,46925.62,124981.89,462235.89,367267.06,377710.60,99819.98,119039.37,140246.41,189781.46,105546.96,152476.92,124948.67,150520.50,150716.33,93647.13,156912.92,145433.44,113803.27,1377648.47,22524.79,15990.95,124790.03,209832.37,136.46,1252649.00,3984509.69,33632.87,638168.50,458806.12,48651.40,52341.41
Scenario 1,726,3,Bull Market,126,TRADING,147149.20,1647059.95,163099.91,260111.07,556566.10,447194.66,258537.25,504582.44,697066.50,949215.18,446646.86,290431.15,1631380.95,20583.61,450708.01,43819.28,336092.35,468609.49,191813.98,47056.77,125843.96,463572.14,367847.51,377209.42,100054.75,119255.10,139900.38,189663.00,105334.54,152334.24,124934.68,150696.46,150481.16,93777.20,157131.65,146105.92,113691.50,1371814.96,22603.19,15896.69,124933.69,209624.07,136.22,1252820.74,3978882.78,33654.24,634265.65,461224.18,48617.35,52513.43
Scenario 1,727,3,Bull Market,127,TRADING,147472.69,1651723.27,162867.34,259872.14,556562.80,448259.05,259462.98,505024.48,695842.59,946149.38,446847.74,289631.96,1632884.38,20581.82,449880.83,43855.36,336139.30,467259.82,191740.11,47159.07,125556.45,463949.80,367683.60,376798.55,100319.83,119332.37,139998.87,189620.78,105130.34,151660.66,124936.62,150851.83,150067.74,93690.93,157049.79,146255.82,113725.51,1366984.23,22660.78,15887.27,125121.54,209075.14,136.15,1251777.35,3989557.47,33643.45,630237.50,462148.25,48699.19,52632.65
Scenario 1,728,3,Bull Market,128,TRADING,147739.11,1648188.49,162605.83,259929.15,555767.40,447847.03,259416.13,504438.61,693838.81,945417.21,446960.79,290431.37,1635092.93,20588.14,448936.00,43845.60,337703.04,465983.07,192111.33,47208.23,125297.99,463735.37,368382.63,376495.88,100493.59,119139.62,140049.02,189648.35,105116.74,151620.65,125083.52,151044.30,149866.77,93906.13,157124.01,145722.66,113775.68,1367495.71,22732.10,15872.24,124744.59,209397.98,136.05,1251326.18,3990044.92,33681.64,626950.18,464570.89,48573.55,52778.89
Scenario 1,729,3,Bull Market,129,TRADING,148288.75,1649975.33,162646.87,260149.67,554858.66,448214.59,259288.58,504253.42,692654.73,944853.01,446329.05,290081.43,1635136.00,20588.21,449238.47,43795.83,337593.00,466236.58,192240.24,47279.83,125011.50,463910.44,368257.03,376239.88,100686.96,119005.94,140119.66,189414.59,104946.87,151722.68,125090.94,150761.13,149688.89,93882.86,157071.09,145511.17,113598.09,1368326.43,22714.99,15889.97,124750.76,208992.66,136.99,1253777.22,3995935.66,33699.22,622618.17,464975.19,48608.85,52637.26
Scenario 1,730,3,Bull Market,130,TRADING,148509.88,1652743.15,162758.53,259941.38,555609.45,448453.85,260311.96,503843.15,690112.34,943012.10,446347.49,289524.46,1637515.29,20601.20,448384.26,43786.18,338475.87,464958.52,192560.14,47353.34,124507.19,464615.32,369311.74,376338.24,100903.76,118998.14,139735.74,189568.83,104911.18,151101.78,125041.36,150765.32,149726.75,93782.08,157020.47,145568.87,113646.61,1370914.09,22746.69,15905.31,124934.80,208518.94,136.63,1252517.53,4010436.37,33725.78,617510.94,466086.14,48534.42,52547.46
Scenario 1,731,3,Bull Market,131,TRADING,149109.22,1652383.34,162384.80,259970.82,556625.58,448828.17,259938.81,502691.95,689568.15,941978.19,446215.99,288841.36,1638123.24,20591.32,447732.02,43815.25,338014.06,465039.47,192365.29,47510.80,124646.00,465869.31,370412.64,377040.55,101161.04,119028.31,139991.79,189307.19,104563.34,150856.84,125005.98,151195.66,149864.12,93563.92,156975.75,146028.24,113669.92,1374806.97,22752.96,16001.78,124870.54,208430.88,136.76,1253208.85,4017766.54,33730.84,611558.01,465663.49,48459.51,52605.06
Scenario 1,732,3,Bull Market,132,TRADING,149809.27,1649685.98,162808.52,260087.76,557426.39,448887.85,259074.79,503591.91,688456.59,946014.06,446306.38,288677.91,1639890.06,20580.77,447300.16,43748.43,337647.50,465397.31,192188.85,47600.58,124152.53,465756.63,371704.46,376989.13,101286.62,119239.24,140375.67,189008.42,104187.47,150500.34,125117.85,151065.51,149533.03,93426.53,157029.32,146017.18,113700.93,1380069.05,22692.47,16027.38,124837.83,208414.37,136.62,1251772.09,4020457.02,33749.90,605340.43,465465.39,48531.19,52645.58
Scenario 1,733,3,Bull Market,133,TRADING,150148.53,1651935.57,163440.99,259801.11,557417.19,449515.29,259118.63,503136.56,687645.53,943251.08,446328.02,288527.16,1640072.28,20588.08,446705.39,43747.69,337580.98,465255.16,191967.14,47662.94,123777.34,466418.88,371852.80,376916.87,101237.57,119073.70,140575.37,188778.55,104181.49,150389.90,125090.93,151128.64,149139.63,93468.84,157111.99,147027.36,113673.40,1384533.87,22710.52,16014.72,124843.04,207866.64,136.52,1253362.32,4023378.18,33748.29,598908.25,463169.42,48579.53,52521.37
Scenario 1,734,3,Bull Market,134,TRADING,150589.36,1649871.97,162974.67,260089.71,556253.44,449294.58,259317.58,501417.56,687428.52,945180.12,445532.07,288233.45,1641036.58,20573.91,445201.70,43757.18,337852.43,466076.72,192056.11,47664.22,123461.63,465593.68,372952.38,376318.10,101287.08,118793.04,140660.98,188541.20,103992.50,149793.77,125205.26,150920.19,149146.93,93351.96,156864.92,146752.76,113632.61,1389967.19,22682.80,15957.72,124600.30,207224.48,136.41,1253356.77,4044602.08,33770.72,592078.05,461298.42,48496.65,52535.29
Scenario 1,735,3,Bull Market,135,TRADING,150920.42,1653111.74,163223.08,260160.21,556124.24,449858.57,258567.84,501389.60,686533.50,944730.24,444771.91,288066.00,1642160.25,20568.19,442804.77,43758.97,337703.82,464720.37,192022.88,47753.10,124038.30,466855.30,372000.50,376539.08,101193.26,119053.03,140424.60,188371.00,103906.04,149359.17,125265.02,150750.74,149221.24,93391.42,156742.76,146956.96,113600.74,1394375.19,22640.44,15947.07,124579.48,207490.87,136.68,1253581.72,4053877.88,33800.73,585709.40,458394.88,48493.19,52594.07
Scenario 1,736,3,Bull Market,136,TRADING,151591.07,1649248.29,163115.72,259830.36,555113.54,450431.88,259598.68,500911.08,687567.84,944771.52,444944.98,288528.65,1640764.09,20558.75,442177.44,43781.42,338020.75,463176.99,191970.92,47792.04,123970.91,465422.87,372181.94,376292.42,101142.95,119033.91,140596.59,188377.23,103724.20,148912.16,125298.78,150765.96,149142.44,93462.37,156926.94,146592.60,113500.90,1395783.07,22608.25,15988.00,124361.22,207337.66,137.49,1254550.24,4068984.68,33867.73,579708.56,456644.39,48495.64,52680.16
Scenario 1,737,3,Bull Market,137,TRADING,151744.24,1651386.15,162772.53,259693.14,554084.88,450279.43,259678.23,500310.44,688247.49,946915.09,444435.96,288840.86,1641788.82,20557.07,443415.63,43809.64,338055.77,462190.75,192170.52,47805.41,123317.56,465911.00,370523.99,376470.08,101029.27,119035.95,140875.39,188280.99,103841.83,148818.29,125132.08,150553.99,149120.49,93356.83,156881.19,146590.54,113460.85,1396387.19,22564.56,16055.51,124381.63,207253.15,137.69,1257132.84,4072988.19,33917.02,571934.87,453769.60,48350.78,52584.67
Scenario 1,738,3,Bull Market,138,TRADING,152009.52,1649015.17,162869.26,259006.49,553316.34,449669.64,260264.69,500036.69,689955.53,948498.18,445051.26,288506.99,1642541.17,20538.83,441979.14,43786.25,338842.38,461884.79,192150.50,47850.07,123045.20,465807.13,369761.52,376725.16,100887.60,119134.31,140954.88,187929.47,103963.90,148571.98,125133.41,150399.95,148990.59,93293.49,157064.65,146012.04,113475.85,1395503.12,22542.38,16058.09,124215.53,207489.35,137.99,1258384.19,4078782.36,33972.19,563933.26,451260.16,48231.03,52574.70
Scenario 1,739,3,Bull Market,139,TRADING,151968.16,1654154.27,162933.42,259244.59,552288.73,449483.20,260326.41,499203.49,691009.20,946177.10,444948.66,288885.05,1646018.68,20530.02,440843.15,43775.04,338479.82,461315.64,191944.42,47820.68,123274.78,464611.11,369402.42,376334.72,100686.14,119022.11,140164.81,188054.75,103868.18,148146.76,125023.98,150485.30,149004.08,93541.65,156991.40,145998.62,113558.24,1395883.18,22467.23,16091.13,124421.14,207277.24,138.91,1259165.51,4105562.41,34043.78,556807.52,448878.09,48199.14,52712.01
Scenario 1,740,3,Bull Market,140,TRADING,152127.20,1658351.14,162658.02,259928.43,552323.07,449557.87,260856.84,500152.51,693352.48,943735.88,444840.70,288339.68,1645246.18,20528.31,441559.86,43728.86,338887.74,460296.92,192131.69,47844.20,123232.08,463667.92,370293.25,376268.23,100473.46,118928.49,139473.69,187741.58,103952.85,147763.56,125026.04,150208.53,148927.35,93400.22,157109.79,145335.64,113559.45,1398957.78,22403.80,16026.43,124063.52,207241.48,139.12,1258524.98,4121803.36,34091.04,550393.37,446187.48,48250.57,52804.92
Scenario 1,741,3,Bull Market,141,TRADING,152152.16,1659201.27,162505.48,259374.85,550457.22,448597.95,260777.04,502054.22,695396.50,946564.20,444131.39,288473.12,1642485.79,20518.76,441651.22,43756.04,339121.36,460909.29,192443.57,47853.85,123053.77,461777.26,370095.97,376548.36,100257.73,118668.57,139298.78,187670.77,104135.93,147286.48,125032.83,149627.20,149332.29,93443.44,157167.99,145900.54,113652.75,1398976.74,22347.17,16065.24,124003.90,207094.48,138.91,1260122.68,4121605.04,34162.21,542722.21,444033.77,48258.24,52661.06
Scenario 1,742,3,Bull Market,142,TRADING,152028.63,1655815.65,161768.38,259840.85,549779.82,448321.49,260621.11,501884.46,696796.11,946816.80,443334.80,288798.13,1642763.11,20531.04,439558.90,43691.18,338551.99,461734.68,192695.40,47831.27,122421.95,458668.40,368752.11,376685.66,100048.71,118502.59,139161.51,187510.43,104153.07,147001.40,124972.33,149183.95,149332.68,93597.19,157031.95,145512.84,113556.10,1399292.05,22275.46,16040.62,124082.52,207139.57,139.40,1261915.70,4129379.20,34229.82,536379.89,443380.35,48115.06,52593.44
Scenario 1,743,3,Bull Market,143,TRADING,151757.39,1652124.19,161768.62,259914.33,548857.86,447936.94,260659.41,503339.84,698700.01,947726.95,443858.37,288563.92,1646116.87,20530.61,438632.49,43620.13,338425.30,462718.74,192844.63,47918.45,122592.33,456976.66,369124.89,376846.87,99801.06,118541.74,138643.36,187249.75,104355.08,146802.99,124917.76,149042.79,149195.18,93584.82,157117.83,144876.14,113555.71,1397871.56,22190.48,16077.77,124152.90,206751.64,139.29,1260624.35,4141305.11,34332.53,529854.92,442198.97,48132.15,52734.47
Scenario 1,744,3,Bull Market,144,TRADING,151165.12,1652232.38,161251.97,260454.11,547862.54,448085.64,260488.71,504537.65,702395.17,950426.60,443812.08,288038.88,1646313.11,20525.15,438256.99,43644.89,339430.82,462616.37,193050.38,47974.32,122089.08,454636.08,369842.23,377254.70,99673.46,118764.42,138138.71,187247.82,104497.33,146649.05,124753.26,148835.62,149395.92,93524.33,157126.89,145739.75,113593.17,1397406.17,22080.32,16062.58,123832.77,206574.89,139.02,1259811.30,4145234.33,34397.27,523849.55,441319.26,48021.68,52821.54
Scenario 1,745,3,Bull Market,145,TRADING,150696.85,1653078.58,160953.91,260394.78,546602.49,448179.77,260619.61,504282.21,704009.56,952300.66,443660.39,288169.28,1649179.57,20521.97,438442.13,43694.56,340846.38,461706.47,192989.60,47950.01,122022.31,449261.05,369741.43,377510.59,99425.19,118494.50,138212.12,187148.24,104391.12,146239.88,124750.59,149076.67,149667.25,93324.78,157005.37,145015.01,113597.19,1397421.05,21971.09,16036.03,123979.77,206943.42,138.91,1262266.78,4161182.34,34467.46,518767.72,439246.04,47796.63,52994.02
Scenario 1,746,3,Bull Market,146,TRADING,150303.79,1652487.20,160642.39,260667.93,545871.93,448135.25,261488.58,503397.41,706572.49,956014.81,443395.75,288446.20,1648982.48,20508.10,437411.96,43707.36,340793.26,462238.63,193643.96,47912.18,122644.09,445636.86,368513.78,377536.92,99211.96,118606.16,138476.06,186898.19,104759.75,146180.29,124764.27,148845.74,149794.65,93220.07,157036.73,145120.27,113636.02,1396547.18,21912.56,16044.86,124252.71,206676.13,138.80,1259505.54,4180657.37,34609.56,515128.19,437972.15,47883.08,52776.93
Scenario 1,747,3,Bull Market,147,TRADING,149824.12,1647334.56,159643.90,260455.03,545625.29,448191.24,262354.40,503404.65,709466.42,951854.05,443651.67,289144.57,1648551.59,20496.37,437758.72,43710.75,341336.20,464154.86,193089.03,47913.69,122617.00,443083.04,368228.65,378085.53,99023.87,118603.41,138148.81,186593.69,104845.52,146117.64,124830.56,148875.35,149867.50,93239.98,156882.37,144703.67,113699.38,1398007.49,21835.88,16065.79,124558.90,206467.18,139.40,1258808.82,4185672.73,34712.75,512405.14,437767.74,47728.43,53024.65
Scenario 1,748,3,Bull Market,148,TRADING,149589.99,1649538.89,159061.53,259916.16,545487.95,448663.45,262683.36,504633.79,712352.93,950350.02,442890.16,288903.31,1646686.83,20489.74,438406.58,43721.68,342238.70,465111.09,193183.17,47923.47,123188.13,440212.44,369817.46,378079.25,99035.67,118699.40,138505.66,186749.69,104831.57,146148.98,124808.10,148755.82,149905.71,93151.25,156950.41,145415.10,113662.11,1395519.88,21781.58,16102.73,125375.02,206848.68,139.80,1258863.26,4184896.75,34819.83,512859.76,437438.02,47583.40,53033.00
Scenario 1,749,3,Bull Market,149,TRADING,148817.47,1648620.05,158473.72,259652.66,544600.56,448325.88,263124.79,506107.52,714102.36,952157.90,443630.01,289396.48,1647516.75,20468.64,438520.61,43718.62,342717.55,466747.37,193519.54,47950.69,123419.11,435045.64,368662.64,377071.43,98729.16,118996.73,138582.68,186694.52,105045.21,146446.52,124882.75,148818.36,150051.92,93141.25,156880.73,145543.70,113526.94,1395737.33,21689.60,16113.16,125199.32,206688.35,140.10,1258187.07,4190238.40,34952.63,514974.67,437651.41,47666.76,53107.46
Scenario 1,750,3,Bull Market,150,TRADING,148347.50,1649287.41,157982.73,259420.13,544574.18,447700.85,262910.04,505182.20,715176.99,951548.05,443954.07,288625.48,1646637.68,20466.78,438609.66,43725.65,343029.20,466064.86,193540.53,47980.30,122876.02,432343.31,368797.59,376413.65,98671.22,118968.01,138416.13,186442.97,105294.78,146451.36,124793.53,148770.08,149831.12,92906.26,156873.60,145370.65,113509.46,1395360.00,21655.30,16079.57,124908.50,206661.05,140.16,1256936.34,4202309.96,35061.86,516294.57,437593.99,47537.49,52774.07
Scenario 1,751,3,Bull Market,151,TRADING,146725.32,1633440.66,162084.36,261536.25,548676.47,443342.36,259668.91,507321.38,725098.35,952480.82,454816.70,288677.02,1634716.78,20461.25,446125.15,43780.49,328715.85,469079.42,190525.03,48261.24,126778.95,471312.93,356804.94,382775.16,99389.87,117520.63,140851.53,188645.13,105044.61,154087.87,127178.21,145066.87,151396.53,92758.89,157672.25,143096.13,113263.86,1441396.52,20531.78,15827.56,125632.55,214856.47,145.02,1276077.29,4198244.18,33175.57,624448.06,453417.09,47523.85,52829.62
Scenario 1,752,3,Bull Market,152,TRADING,146444.92,1637350.95,160939.46,261793.04,547472.39,442558.79,259440.33,508708.06,729523.15,954385.18,456844.20,289404.25,1634627.64,20439.00,446273.96,43688.58,329253.96,469428.67,190427.45,48261.92,126958.43,462844.98,355961.62,382859.27,99342.12,117517.17,141097.56,188752.14,105181.98,155333.40,127145.73,145159.65,151893.76,93032.80,157824.72,143254.28,113351.61,1442324.76,20403.25,15794.53,125761.68,214860.31,145.35,1273996.03,4201310.34,33399.63,631168.12,453200.55,47623.51,52573.42
Scenario 1,753,3,Bull Market,153,TRADING,146042.86,1640396.66,160851.06,262109.73,547696.89,442819.97,259405.22,507427.12,732113.53,953693.40,456477.43,290057.33,1634791.98,20431.22,446617.25,43677.87,329437.12,469472.40,190517.40,48274.95,127093.16,459659.32,355016.03,382232.85,99282.61,117646.10,141695.66,188748.29,105317.16,156036.11,127180.80,145059.73,152023.72,93046.15,157785.61,143508.88,113293.98,1441556.60,20351.83,15761.42,126295.87,215085.42,146.12,1273345.66,4202665.93,33487.94,636242.39,452795.02,47672.85,52529.71
Scenario 1,754,3,Bull Market,154,TRADING,145795.06,1639297.63,160873.67,261962.85,546361.10,442639.24,259558.61,508633.97,733576.12,949927.84,457450.83,289838.22,1635264.54,20423.12,447440.16,43691.84,328688.36,469539.89,190431.62,48252.77,126759.23,454696.21,356191.19,382448.97,99225.54,117643.81,141802.16,188754.84,105286.65,156508.28,127270.89,145807.55,152221.39,92974.40,158005.99,143112.40,113315.24,1441318.31,20328.91,15762.66,126872.75,215418.53,146.18,1276574.86,4213803.43,33575.53,641537.76,452608.23,47728.18,52702.91
Scenario 1,755,3,Bull Market,155,TRADING,145595.70,1639325.07,161049.43,261758.47,546431.25,442660.24,259941.05,509649.84,735062.75,952027.25,458436.06,290082.62,1634550.46,20410.76,448172.93,43638.19,328433.44,471163.85,190927.84,48309.45,127018.62,451885.62,356018.81,382500.97,99116.17,117756.45,142303.69,188688.14,105398.02,157322.73,127273.56,145471.84,152380.94,92763.03,158124.99,143104.89,113244.24,1441649.61,20303.53,15794.78,126246.44,215294.25,146.88,1277662.09,4218429.75,33664.77,648046.31,451846.27,47878.35,52606.22
Scenario 1,756,3,Bull Market,156,TRADING,145457.43,1637524.36,160996.34,261935.51,546497.14,442860.67,260761.71,509430.81,734179.18,951203.23,459784.10,290323.91,1634447.51,20388.50,448642.80,43648.26,328820.19,471952.47,190952.02,48375.20,127357.72,449826.56,355297.91,382503.12,99120.81,117616.97,142773.00,188516.36,105610.48,158960.87,127397.88,145503.18,152309.47,92939.21,158302.44,142459.11,113264.44,1443422.06,20255.15,15806.06,125810.24,214792.18,147.21,1275603.17,4210016.93,33743.18,653927.23,451524.41,48108.49,52429.61
Scenario 1,757,3,Bull Market,157,TRADING,145235.58,1640884.49,160546.80,262196.89,547532.23,442681.87,260642.17,509840.79,735054.19,950294.07,461349.40,290680.29,1630761.28,20395.80,448961.49,43644.41,328429.29,471402.22,191287.84,48346.50,127379.01,448321.21,355479.02,382465.67,99084.00,117608.50,143207.41,188452.59,105721.67,159984.48,127412.61,145274.69,152172.08,92853.73,158140.49,142268.91,113329.48,1443584.35,20220.81,15880.59,125417.92,214219.91,147.54,1274170.17,4196519.43,33864.10,659348.38,451157.56,48159.15,52154.40
Scenario 1,758,3,Bull Market,158,TRADING,145062.64,1644876.03,160798.15,262260.30,546109.02,442803.21,259291.26,510008.12,734356.45,950127.42,462556.72,291334.20,1632480.59,20398.40,449443.95,43659.22,328954.56,470998.21,191738.19,48370.80,127131.73,446753.65,354406.71,382654.94,99063.79,117416.08,143679.00,188403.06,105922.35,161189.65,127307.65,146119.46,152364.28,92885.19,158084.26,143295.44,113340.08,1444457.29,20209.07,15876.80,125170.45,214469.53,147.86,1272697.00,4193245.30,33924.45,664192.19,451343.50,48268.84,52243.14
Scenario 1,759,3,Bull Market,159,TRADING,144619.37,1644020.78,160434.46,261835.58,545794.95,443093.06,259688.79,510582.14,735690.71,953437.54,464807.23,291816.73,1635832.61,20435.18,450904.54,43710.58,328947.38,471684.73,191568.40,48297.94,127453.74,445929.84,354635.84,382460.48,99040.83,117453.08,143950.25,188379.50,105800.76,162528.91,127244.19,146606.43,152093.44,92881.44,158047.69,143720.37,113261.38,1442771.92,20175.51,15886.11,124914.70,214536.87,148.15,1277113.71,4185773.91,33992.04,669293.21,450588.03,48301.14,52296.19
Scenario 1,760,3,Bull Market,160,TRADING,144628.73,1645533.80,160256.17,262010.03,545385.13,443437.41,259002.93,510241.07,736365.16,958366.86,466230.75,291290.09,1634207.76,20444.69,452645.31,43667.19,329391.25,472523.43,191393.96,48310.64,127459.72,446451.98,354157.29,382466.87,99117.69,117360.91,144253.26,188521.54,105736.33,163630.59,127301.61,146726.40,151975.93,92948.93,158070.70,143194.41,113184.31,1441545.55,20155.67,15851.56,124879.68,215089.40,147.48,1277041.52,4193219.70,34059.88,674416.90,450467.58,48383.57,52192.61
Scenario 1,761,3,Bull Market,161,TRADING,144503.25,1645816.68,160646.26,261746.40,544936.26,443950.90,258931.05,512407.19,737650.14,959326.11,468791.93,290805.13,1635001.13,20466.35,453855.13,43736.52,329212.29,471569.77,191609.21,48341.24,127579.44,447650.19,354291.77,382840.23,99071.33,117204.92,144094.32,188668.86,105663.07,164894.61,127236.28,147134.54,151796.05,92978.08,157936.88,142861.85,113184.16,1443827.47,20136.03,15826.86,124519.75,214731.02,147.57,1277237.24,4183820.63,34108.95,679197.87,449763.77,48227.27,52263.12
Scenario 1,762,3,Bull Market,162,TRADING,144653.13,1640139.46,161008.49,262412.56,545593.71,443749.55,259566.12,513492.23,738414.63,958425.71,470761.81,290963.57,1636024.59,20478.17,455238.60,43728.72,328978.47,471203.23,191504.64,48321.21,128108.23,449530.88,353446.45,382795.87,99025.49,117245.26,144307.02,188874.96,105708.24,165514.88,127191.57,147369.97,151787.08,92922.88,157764.75,142533.21,113292.33,1443184.85,20128.92,15816.20,124282.13,214352.36,147.17,1277448.57,4185756.02,34139.27,682470.83,448884.59,48125.78,52216.96
Scenario 1,763,3,Bull Market,163,TRADING,144619.33,1645824.90,161098.85,262182.08,546411.40,444305.72,259965.44,515102.17,739494.06,958292.40,471717.32,291550.49,1635037.86,20493.93,455923.83,43842.30,328753.38,472032.98,191529.27,48369.55,127860.73,452077.18,352985.61,382692.75,98946.17,117223.34,144454.46,189086.18,105595.49,166819.74,127160.73,147611.99,151857.70,92662.98,157773.22,142607.62,113174.80,1442413.22,20150.86,15879.66,123943.30,214086.29,147.50,1274471.75,4169748.14,34172.98,687319.14,448900.36,48298.57,52391.66
Scenario 1,764,3,Bull Market,164,TRADING,144588.53,1651599.18,161861.36,261965.56,545993.07,444537.49,259768.64,515569.22,739223.91,956429.75,471908.04,291807.02,1633276.59,20518.60,455966.60,43786.60,328310.65,471501.60,191727.53,48318.74,127984.54,455826.01,352922.90,381768.53,98966.16,117194.82,144095.18,189140.12,105522.91,167339.46,127021.25,147694.59,151592.82,92599.85,157702.25,142655.02,113294.63,1443473.43,20173.81,15796.28,123935.91,214336.82,147.55,1273055.91,4155333.54,34130.73,690538.43,449086.74,48447.44,52481.41
Scenario 1,765,3,Bull Market,165,TRADING,144387.45,1651539.27,162353.31,261605.57,547531.02,444628.53,260052.64,517134.20,740355.26,958208.84,472154.73,292105.37,1633666.08,20535.71,456980.82,43785.52,328487.78,472483.26,192188.57,48241.42,127578.19,458523.43,353210.76,381545.74,99070.48,117246.39,144510.69,189516.30,105584.67,168120.83,127066.61,147887.23,151937.93,92612.23,157755.52,142590.48,113305.20,1443947.42,20187.65,15806.75,123306.04,214117.96,147.61,1272859.35,4147706.24,34127.19,694225.49,449016.06,48559.46,52701.65
Scenario 1,766,3,Bull Market,166,TRADING,144364.95,1649191.90,162814.86,261289.00,546762.72,444800.06,259976.21,517667.86,739783.35,960214.92,472604.81,292528.61,1634777.21,20568.36,458492.63,43774.61,328463.13,471463.43,191990.31,48275.07,127853.14,462229.41,352427.06,381789.29,99131.02,117011.83,145402.61,189712.67,105342.36,168751.49,127099.58,148148.53,151986.08,92632.67,157717.82,142740.38,113338.49,1443914.59,20193.81,15773.47,122965.76,213849.80,147.55,1269808.73,4139565.06,34104.64,697633.42,448720.37,48634.93,52850.38
Scenario 1,767,3,Bull Market,167,TRADING,144503.58,1654595.94,163380.40,261278.95,546943.76,445389.98,259783.32,518240.59,738738.22,960018.08,472403.94,291643.12,1635267.87,20601.39,459214.85,43788.00,328604.09,472570.97,192076.18,48322.76,127574.80,465660.21,351645.24,382609.36,98999.79,117024.75,145485.10,190048.96,104979.07,169236.52,127203.24,148153.13,152093.21,92603.60,157764.36,143698.73,113290.93,1445106.06,20208.24,15758.54,122868.10,214027.34,147.51,1269767.64,4121027.04,34070.67,700405.53,447860.08,48594.89,53154.03
Scenario 1,768,3,Bull Market,168,TRADING,144286.24,1660382.15,163953.15,260879.96,547902.03,444964.46,260174.74,518677.82,739527.67,958833.62,472378.37,291174.64,1635402.58,20610.38,458662.60,43805.63,328887.70,472493.23,192356.05,48343.59,127316.22,469333.85,352004.18,382520.73,98974.80,117008.16,145525.27,190499.69,105009.97,169607.66,127226.12,148433.35,152195.07,92460.23,157794.34,144030.42,113271.03,1445129.68,20234.14,15791.94,122447.83,214488.38,147.44,1270344.67,4104748.08,34058.70,702481.59,448502.00,48724.02,53481.00
Scenario 1,769,3,Bull Market,169,TRADING,144330.93,1663478.46,164529.79,261099.22,547432.03,445336.25,260752.48,518719.10,739404.50,957974.96,471578.85,292028.88,1637425.56,20627.23,458737.91,43813.26,328596.69,472510.54,192452.73,48360.97,127109.91,470934.78,352881.99,383711.79,98860.33,117328.12,145572.32,190859.38,105161.19,169079.52,127300.87,148464.13,152785.92,92469.32,157876.17,143818.06,113263.59,1444279.87,20246.02,15772.66,122776.66,214360.45,147.40,1270265.83,4097102.83,34026.50,704214.50,449302.11,48742.09,53828.37
Scenario 1,770,3,Bull Market,170,TRADING,144343.03,1667118.90,165316.05,261234.75,546753.82,444817.90,261124.51,520874.80,739262.95,956669.70,470902.84,292878.58,1639551.52,20633.68,459617.06,43833.71,328126.78,472811.78,192533.12,48350.81,127203.27,473904.97,353174.47,383974.05,98849.62,117518.14,145634.05,191128.49,105208.01,169100.90,127241.67,148606.52,152699.53,92228.35,157907.32,144114.68,113255.96,1444194.67,20222.04,15766.81,122710.76,214452.12,146.80,1270288.75,4088053.01,33969.01,705866.57,448994.50,48888.71,54036.95
Scenario 1,771,3,Bull Market,171,TRADING,144490.11,1669081.59,165416.86,261659.17,547705.65,444919.95,261772.65,521846.13,739434.46,956468.98,470134.71,292669.70,1642952.80,20644.02,460790.71,43805.06,327498.13,471715.52,192464.28,48328.82,126940.32,476717.94,352593.95,385107.53,98756.95,117593.95,145779.35,191465.01,105001.69,168404.06,127058.36,148485.32,152755.60,92293.58,157760.20,143681.15,113287.54,1444915.58,20225.92,15702.94,122969.45,214487.71,146.50,1267597.83,4091139.70,33908.72,708047.62,448550.54,48865.72,54176.98
Scenario 1,772,3,Bull Market,172,TRADING,144412.48,1671813.13,166155.99,261205.87,547181.37,445105.59,261907.53,521358.85,739878.24,951361.98,468884.85,293790.56,1641701.41,20657.70,461430.14,43786.65,326249.86,471527.71,192546.97,48285.06,126762.11,478168.14,352191.11,385092.79,98823.64,117631.23,145544.17,191708.47,104790.46,168161.24,127166.52,148616.86,152630.17,92473.09,157645.97,144022.50,113299.45,1443206.99,20257.97,15693.19,123230.68,215032.21,146.56,1271041.61,4073200.19,33848.35,711556.08,447625.95,48879.18,54669.57
Scenario 1,773,3,Bull Market,173,TRADING,144402.60,1673425.43,166583.24,261565.70,546390.64,445107.12,261880.11,521317.53,739945.57,951465.07,466904.13,294292.01,1637402.00,20658.53,461575.00,43836.81,326209.35,471662.58,192336.19,48276.48,126392.55,480665.48,351113.05,385403.06,98806.62,117806.07,145335.50,191861.93,104875.45,167165.77,127314.77,148510.28,152762.84,92624.62,157631.61,144747.17,113233.86,1442449.49,20276.65,15703.12,122799.81,215195.38,145.97,1273300.03,4062431.52,33790.21,714431.92,446527.39,48904.32,55132.73
Scenario 1,774,3,Bull Market,174,TRADING,144289.99,1679168.57,166449.32,262151.60,546505.45,445090.52,261935.76,519808.15,739770.48,950131.69,466218.07,294149.92,1639026.06,20649.48,462081.82,43811.36,324516.41,473124.00,192347.09,48222.94,126830.96,480878.73,351871.64,385942.27,98839.26,117928.20,144273.26,192068.88,104709.64,166682.38,127275.76,148949.14,152752.00,92564.60,157437.17,145287.87,113229.22,1441762.43,20302.67,15714.80,122573.66,214803.46,145.34,1273266.37,4054967.90,33688.45,715435.69,447193.45,48969.41,55337.16
Scenario 1,775,3,Bull Market,175,TRADING,144369.86,1677014.60,166384.05,261948.48,545809.85,445146.26,262613.75,520880.32,739156.59,947102.41,464814.34,294106.43,1640400.74,20619.16,461662.94,43773.56,324330.94,473671.72,192262.33,48136.67,126207.43,483336.70,351565.97,386121.91,98796.52,117808.21,144402.13,192239.33,104412.66,166241.19,127127.10,149544.49,152544.90,92506.69,157212.60,145302.30,113113.33,1442261.14,20346.76,15725.29,123103.85,215313.55,144.68,1274333.67,4032217.45,33616.76,716255.90,447139.31,49007.08,55517.21
Scenario 1,776,3,Bull Market,176,TRADING,144573.72,1675327.42,166416.75,261870.20,547241.69,444992.75,262852.78,520741.18,739845.47,946934.18,463701.36,292858.89,1639600.13,20601.59,462545.79,43792.23,324017.05,475490.01,192038.22,48170.32,126800.20,484585.72,353455.54,387605.69,98833.15,117833.09,144463.89,192262.78,104306.31,165472.67,127149.31,149743.46,152841.60,92485.09,157042.84,145533.67,113238.72,1443190.13,20364.71,15733.33,123582.45,215238.45,144.40,1270627.55,4021362.83,33520.51,717689.55,446113.12,49149.20,55915.41
Scenario 1,777,3,Bull Market,177,TRADING,144616.96,1672118.39,166458.97,261861.91,546770.46,444643.81,262533.75,519408.54,740584.50,946918.79,462056.80,292867.89,1640153.57,20566.89,461226.31,43780.66,324685.16,475670.50,192263.07,48220.39,126734.70,485621.24,353139.41,388157.37,98995.55,118099.24,144152.71,192454.61,104330.65,165414.56,127064.16,149934.02,152694.48,92470.04,157110.13,145326.99,113083.76,1444159.04,20392.47,15691.42,123740.10,215177.83,144.58,1273225.91,4014893.79,33432.60,719341.56,446405.70,49181.41,56140.07
Scenario 1,778,3,Bull Market,178,TRADING,144635.38,1676880.57,166483.72,262173.69,546953.39,445278.78,263526.79,520647.06,741688.16,946165.37,460386.33,292344.81,1636586.67,20569.03,460230.38,43800.59,324931.49,476335.00,192304.52,48231.14,126795.11,484169.71,353215.09,388513.81,99001.20,118332.86,143759.70,192572.23,104265.26,165061.93,127146.97,150169.01,152965.24,92810.22,157149.67,145317.60,113074.54,1441848.37,20433.81,15682.92,123903.49,214985.12,144.66,1274281.56,4011355.56,33340.12,718570.73,446691.36,49242.75,56265.62
Scenario 1,779,3,Bull Market,179,TRADING,144662.84,1678812.38,166737.17,261504.68,546507.92,445353.31,263347.68,519995.99,743008.93,947227.71,460119.96,292841.27,1633175.00,20559.81,460298.68,43746.31,325182.02,476706.52,191723.84,48207.96,127085.82,486373.45,352978.44,388913.85,99077.71,118362.06,143625.74,192751.41,104096.86,164465.20,126967.29,150845.41,153143.19,92662.41,157130.85,145583.93,113029.06,1443784.91,20439.01,15635.42,123615.26,215068.09,144.61,1272448.26,4008152.95,33272.57,719263.90,446993.00,49404.33,56310.31
Scenario 1,780,3,Bull Market,180,TRADING,144540.69,1681832.49,166478.30,261335.06,547399.82,445011.56,263970.06,520525.23,744674.25,951420.18,459250.95,292797.95,1631671.83,20529.15,459843.10,43760.68,325821.24,476707.18,191828.52,48230.24,127410.04,485626.93,353171.43,388790.29,99000.04,118570.45,143556.22,192940.10,104047.28,163590.55,126990.84,151290.81,153032.10,92630.96,157141.71,145841.03,113049.32,1444992.80,20439.99,15596.96,124204.64,215088.28,144.81,1272722.03,3991349.74,33223.63,720841.06,447608.20,49358.80,56549.89
Scenario 1,781,3,Bull Market,181,TRADING,144759.78,1689251.99,166579.59,261308.30,546196.32,445934.49,264571.15,518121.78,744628.72,951719.70,458701.90,294339.50,1634566.26,20517.60,461218.88,43771.21,324861.01,475625.00,191924.90,48228.14,127158.68,483244.86,354054.86,389199.89,99005.77,118783.85,143006.89,192938.48,103685.18,163155.72,126957.00,151687.63,152920.55,92703.99,157171.62,145891.91,112974.72,1443721.44,20463.67,15543.31,123719.88,214968.62,145.02,1270973.28,3986223.11,33153.28,721566.16,448017.37,49577.93,56678.94
Scenario 1,782,3,Bull Market,182,TRADING,144529.72,1686543.02,166000.90,260729.54,545363.00,446529.82,263767.34,516912.01,744718.38,948166.09,457101.51,293650.71,1637115.79,20493.46,460441.29,43788.19,324510.46,475623.24,191690.70,48244.54,127203.60,482678.10,354556.32,389149.74,99144.80,118733.45,142551.61,193214.46,103494.00,162692.41,126822.99,151163.64,152700.41,92769.96,157328.73,146482.41,113015.82,1444119.05,20485.80,15454.90,123606.26,214538.37,145.92,1267581.47,3986911.79,33133.00,723842.45,448353.98,49579.48,56608.41
Scenario 1,783,3,Bull Market,183,TRADING,144238.13,1691553.73,166469.62,260147.28,545030.16,446053.40,263932.68,516384.18,746475.73,949703.96,456354.86,293494.53,1637653.95,20495.11,460508.25,43823.49,324787.79,475323.20,191615.01,48237.58,126992.35,481414.80,354667.42,389640.91,99012.19,118582.00,142288.29,193175.53,103190.16,162847.54,126765.09,151580.62,153046.21,92602.31,157210.04,146509.98,112912.68,1446119.62,20507.92,15478.05,123659.22,214464.34,145.66,1267996.42,3978157.64,33108.98,723599.07,447300.80,49620.89,56389.59
Scenario 1,784,3,Bull Market,184,TRADING,144231.97,1688946.11,166265.09,259709.48,544734.85,446098.02,264337.47,515894.41,749038.05,953430.52,455504.30,293370.34,1637782.22,20508.34,462012.19,43811.89,324263.82,475942.75,191815.19,48262.40,127138.93,479749.22,355043.33,389806.27,98962.86,118708.66,141692.08,193158.51,103639.03,162575.19,126674.87,152101.86,153111.13,92730.58,157275.18,146779.06,112907.16,1446618.98,20531.65,15495.61,124122.88,213956.00,145.76,1267835.77,3957404.32,33098.58,723616.67,447997.54,49915.89,56241.52
Scenario 1,785,3,Bull Market,185,TRADING,144535.89,1686901.17,166142.29,259378.91,544410.87,446800.50,264685.36,514143.93,750042.41,951955.88,455648.04,293490.77,1636342.49,20492.63,462385.15,43808.03,324982.37,477407.94,191717.39,48195.56,127146.85,480070.50,353723.87,390126.89,99152.45,118738.94,140527.24,193395.07,103713.68,162330.61,126586.40,152305.98,153321.66,92611.89,157287.52,146979.13,112840.30,1447798.38,20542.23,15524.42,124213.99,213491.64,145.85,1270197.87,3943969.65,33072.46,725532.13,448196.75,50049.03,56061.97
Scenario 1,786,3,Bull Market,186,TRADING,144621.26,1687768.73,166007.43,259105.86,544287.03,447445.54,265074.07,513518.17,752822.37,950656.99,455502.68,293925.92,1640188.56,20503.63,460750.06,43775.53,324913.47,477347.78,191988.85,48249.02,126990.30,479289.60,354143.87,389507.30,99190.03,118575.97,140141.13,193223.73,103511.48,161947.33,126547.98,152482.51,153326.36,92525.43,157202.16,147153.88,112774.44,1448584.26,20492.40,15522.00,124711.61,213648.39,145.82,1269577.07,3953025.55,33050.57,725286.13,448064.86,50032.83,55733.88
Scenario 1,787,3,Bull Market,187,TRADING,144793.56,1683425.29,165603.96,258515.03,544384.53,447137.75,265519.22,511323.79,752198.15,953188.13,454874.63,293862.73,1639894.54,20482.76,461689.04,43777.21,324402.31,477221.32,192072.00,48259.95,127294.09,478391.04,353739.97,389675.51,99206.44,118672.03,139651.93,193279.16,103443.70,161713.61,126589.47,152507.39,153433.97,92392.49,157259.29,147324.78,112842.06,1447577.14,20501.58,15480.46,124606.70,213704.40,144.98,1269108.00,3949255.01,33049.00,723298.07,448806.04,50070.83,55342.45
Scenario 1,788,3,Bull Market,188,TRADING,144593.25,1687334.41,165392.56,258414.31,544833.86,447435.41,264922.43,509919.35,753835.35,955082.87,453437.54,294306.83,1641320.21,20459.86,462790.22,43714.89,324571.61,476928.91,191728.43,48288.32,127541.37,477797.04,351636.72,389798.70,99161.45,118675.05,139700.16,193570.07,103664.07,161379.56,126610.67,152395.89,153593.02,92280.45,157230.01,146971.29,112716.43,1447549.29,20477.16,15504.69,124612.09,213657.49,145.03,1269345.83,3953611.82,33060.45,723026.47,449531.82,50094.82,55036.99
Scenario 1,789,3,Bull Market,189,TRADING,144348.94,1689297.98,165607.46,257716.17,545582.23,446852.00,264828.71,509012.81,755976.74,954006.40,453728.10,294374.65,1643771.60,20443.37,462824.01,43698.16,324544.95,477814.94,191576.42,48301.31,127552.51,476636.19,352516.56,389896.53,99248.28,118562.60,138667.21,193388.82,103848.09,161872.82,126584.84,152627.00,153471.76,92239.77,157193.16,147540.42,112672.49,1447921.83,20474.03,15471.65,124826.18,213861.76,145.13,1272266.86,3949466.52,33069.72,722973.75,449742.57,50070.91,54674.53
Scenario 1,790,3,Bull Market,190,TRADING,144035.57,1692890.71,165614.69,257487.48,545581.74,446806.91,265283.93,507097.41,756592.75,952875.11,453708.58,294172.76,1642181.94,20442.61,463260.09,43679.15,324639.31,477560.48,191525.22,48256.51,127819.28,476552.99,352431.75,389465.61,99139.82,118672.14,138080.63,193543.56,103925.71,161825.14,126676.73,152932.36,153612.20,92282.50,157225.62,147483.16,112683.87,1447949.79,20507.71,15493.35,124142.16,214194.44,144.78,1272259.71,3948141.22,33133.02,723305.20,450781.91,49982.52,54486.88
Scenario 1,791,3,Bull Market,191,TRADING,143863.86,1695488.61,166408.68,257847.91,545342.34,446457.41,266167.54,505975.45,756266.45,951284.48,454170.76,294061.50,1641713.57,20431.26,463659.35,43709.88,324812.49,477181.43,191792.60,48210.43,127245.55,475855.06,351838.59,388451.91,99179.91,118452.16,137525.35,193774.79,104247.63,161607.33,126611.68,153114.65,153631.59,92265.90,157363.76,147219.26,112660.22,1448677.56,20525.86,15487.17,123967.49,214228.06,144.95,1272120.53,3935995.31,33160.81,723879.62,449653.63,49949.26,54248.74
Scenario 1,792,3,Bull Market,192,TRADING,143996.97,1702400.20,166400.28,257637.25,544640.04,446674.78,266376.97,505618.93,757505.80,952077.06,455254.29,293480.06,1640208.47,20398.10,463037.08,43756.05,324755.15,477283.16,191761.50,48182.28,127351.00,477904.26,352258.01,389255.56,99069.49,118321.71,136937.46,193949.50,104382.72,162135.13,126593.97,153234.91,153370.96,92187.79,157431.13,147075.06,112798.82,1448211.75,20503.27,15478.18,124243.45,214451.38,144.95,1273691.00,3940440.75,33205.48,723153.40,450365.27,49932.44,54147.78
Scenario 1,793,3,Bull Market,193,TRADING,143967.11,1704087.76,166710.24,257439.19,543906.53,446560.88,266910.52,505828.29,757812.05,954773.28,455590.65,293341.57,1642842.15,20353.72,462704.98,43770.72,325161.15,476520.74,191560.74,48157.50,127655.70,479287.87,353498.98,389143.29,99063.22,118461.79,136770.81,194030.54,104531.22,162232.82,126503.89,153701.44,153584.45,92088.69,157396.10,146313.63,112884.68,1448966.00,20532.59,15480.51,124508.20,214365.50,144.99,1273740.98,3944351.43,33217.57,723099.09,451258.80,49999.83,53867.50
Scenario 1,794,3,Bull Market,194,TRADING,144134.05,1709936.15,166625.12,257363.56,544935.35,445985.15,266860.54,505980.34,758377.78,953749.75,454845.69,293922.47,1639522.71,20307.76,461794.70,43830.01,325565.11,476539.76,191739.93,48171.97,127645.49,481261.76,354363.09,388370.90,99077.91,118574.36,136920.83,194337.37,104605.49,162339.21,126405.51,153894.59,153698.90,92058.55,157450.37,146131.88,112732.25,1448454.59,20553.75,15466.22,124146.50,214612.03,144.95,1276159.60,3953995.95,33282.57,722644.08,452242.50,49958.44,53640.61
Scenario 1,795,3,Bull Market,195,TRADING,144437.68,1712086.51,166252.35,257603.72,544674.44,446200.33,267080.86,505474.76,759273.44,955971.74,454366.41,294464.36,1640751.80,20271.57,461292.82,43869.41,324594.71,476718.61,192043.43,48157.00,127567.88,482831.51,354216.89,389053.14,99190.03,118585.26,136523.86,194706.96,105003.15,162573.94,126366.98,154081.14,153637.97,92100.89,157491.46,145760.10,112773.84,1448979.73,20589.19,15403.39,124453.77,214668.80,145.13,1277347.37,3968799.46,33287.43,722311.27,451703.44,49978.43,53684.06
Scenario 1,796,3,Bull Market,196,TRADING,144262.67,1711001.98,166332.78,257970.66,544950.92,446491.53,267027.82,505099.37,759644.97,955126.18,454418.71,294484.16,1638362.19,20259.15,459518.14,43845.87,324242.57,475368.26,192147.97,48208.64,126869.80,483913.04,354538.65,387891.21,99414.98,118354.63,136547.34,195270.76,105026.11,162915.13,126540.70,154380.95,153709.13,91966.69,157454.61,146037.05,112815.28,1448586.30,20626.10,15451.08,124263.48,214585.13,145.08,1277763.89,3966580.36,33296.18,723344.41,452437.86,49988.29,53322.09
Scenario 1,797,3,Bull Market,197,TRADING,144458.30,1707738.68,166785.41,257830.64,543819.03,446814.97,266723.14,505132.17,759897.34,952597.13,454833.99,295731.53,1638280.29,20236.88,459369.70,43835.27,322899.46,474500.74,191899.30,48202.12,126649.16,485965.77,355085.60,387637.03,99394.78,118710.20,136389.85,195589.01,105048.97,163418.49,126569.08,154498.76,153889.78,91955.50,157292.44,145719.27,112845.32,1450070.77,20654.10,15424.40,124128.44,214009.87,144.41,1279132.53,3964959.27,33372.75,723083.87,452836.33,50028.01,53176.73
Scenario 1,798,3,Bull Market,198,TRADING,144527.97,1709647.63,166709.31,258642.96,544089.51,446859.67,266565.67,504543.05,762008.38,950563.00,455534.15,296163.71,1636948.87,20190.19,460947.55,43825.85,322311.04,475210.53,192246.18,48176.70,127006.84,488646.68,355152.52,387029.27,99334.42,118483.07,136765.94,196196.76,104959.19,164672.10,126576.83,154110.14,153811.44,91657.80,157539.38,145657.14,112785.20,1450114.96,20711.39,15362.60,124081.67,214413.67,144.54,1279914.21,3983194.70,33383.52,723617.82,453513.50,50115.25,52977.39
Scenario 1,799,3,Bull Market,199,TRADING,144396.36,1714517.04,166438.83,258906.02,543086.73,446444.16,267365.95,504745.68,762657.25,951867.73,455569.86,296739.19,1635447.13,20163.57,462586.43,43808.20,321774.75,476969.43,192425.65,48132.87,127137.42,489074.65,354804.84,386084.20,99348.67,118432.66,137178.32,196785.07,105252.33,165074.69,126622.51,154154.28,153988.78,91492.33,157441.63,145900.27,112649.67,1449739.69,20770.47,15341.09,124009.01,214250.24,145.23,1281066.82,3994029.97,33408.89,723695.79,454348.04,50163.09,52941.70
Scenario 1,800,3,Bull Market,200,TRADING,144487.08,1718610.02,167014.23,260033.15,543875.78,446417.05,267090.18,504622.57,764443.85,951658.56,455299.32,296607.31,1637183.67,20142.68,462855.08,43813.14,321217.26,476905.89,192580.96,48154.58,126844.15,488624.34,354714.01,386365.03,99269.36,118228.33,137500.14,197724.94,105449.75,165001.72,126634.84,153809.57,153953.59,91416.44,157658.31,145699.61,112709.39,1448932.24,20819.27,15271.02,123173.36,213697.64,146.32,1280891.65,4003088.70,33436.01,724624.98,454576.46,50254.05,52822.22
Scenario 1,801,3,Bull Market,201,TRADING,144550.11,1725501.85,166729.14,260474.78,543227.88,446127.95,266976.42,503827.81,766139.45,951881.84,455327.09,297412.54,1638819.68,20106.45,463483.41,43868.36,321169.40,476625.08,192566.28,48115.56,126915.96,489483.35,354568.19,385497.77,99378.41,118177.53,138413.19,198398.95,105677.13,164990.09,126670.92,153848.50,154060.76,91473.71,157715.23,146369.38,112726.84,1449220.26,20846.41,15197.87,123293.07,213722.87,146.84,1283622.81,4020379.32,33447.59,724692.77,455134.73,50412.49,52874.88
Scenario 1,802,3,Bull Market,202,TRADING,144409.80,1724619.14,166839.38,260210.13,544262.80,446419.69,268285.87,502505.12,767188.32,951968.83,455556.30,297359.74,1644203.38,20097.61,463126.48,43842.39,320827.06,476254.12,192819.59,48080.84,126742.31,490721.85,355647.66,385583.95,99417.01,118248.38,138994.80,199210.12,105814.57,165416.29,126630.70,153699.36,153768.12,91245.56,157387.51,146177.69,112595.18,1449572.39,20936.85,15203.66,123354.15,214055.10,146.59,1282458.44,4047416.60,33467.86,726225.16,455616.69,50557.53,52806.87
Scenario 1,803,3,Bull Market,203,TRADING,144432.98,1734616.29,167206.68,261165.62,543176.88,446003.91,267948.44,501429.78,769077.25,955655.26,455101.06,297264.07,1647706.25,20050.26,462386.28,43901.72,320241.79,476467.44,192965.89,48166.09,126829.90,490366.02,354627.54,385119.10,99406.73,117994.54,139598.59,199765.88,105685.57,165991.30,126667.73,154027.72,153559.37,91164.44,157300.93,145450.96,112567.71,1451713.84,21063.69,15148.64,123433.47,213973.47,146.68,1282463.76,4057194.85,33466.03,725258.09,455878.63,50620.73,52839.83
Scenario 1,804,3,Bull Market,204,TRADING,144705.80,1739523.14,167488.88,261748.71,543989.32,446682.97,268114.87,500071.54,770916.49,953647.02,455109.68,297270.12,1646618.39,20021.19,461659.83,43867.91,320487.68,478730.75,193199.95,48155.91,126596.53,491980.93,356099.13,385098.57,99554.34,118262.57,140575.50,200119.76,105542.55,166862.68,126765.19,153663.27,153416.96,91172.08,157308.76,145400.85,112542.73,1450903.32,21115.31,15118.29,123683.95,213014.69,146.59,1284988.28,4077705.43,33504.59,726207.76,456165.81,50596.74,52869.66
Scenario 1,805,3,Bull Market,205,TRADING,144764.57,1743080.63,166722.34,262471.09,542957.49,446223.61,268706.82,499011.50,772218.87,954501.16,455584.88,296987.82,1648022.74,20013.67,461371.48,43911.52,320715.37,479555.68,193167.92,48125.28,126258.99,488993.09,356686.30,384965.87,99507.81,118181.06,140964.10,200349.02,105734.90,167196.67,126711.99,153964.05,153254.04,90965.04,157488.96,145337.43,112568.46,1450941.92,21199.94,15098.70,123803.36,213175.04,146.24,1285318.54,4099724.24,33496.67,726275.25,456076.13,50543.59,52705.66
Scenario 1,806,3,Bull Market,206,TRADING,144705.05,1739607.06,166567.12,263347.99,543186.51,446020.96,269711.02,498936.59,772545.95,951420.46,455417.27,296845.52,1647636.52,19986.75,460670.31,43887.72,321117.02,480847.43,192855.87,48155.03,126517.53,487829.27,356639.64,384597.94,99590.91,118201.34,141506.06,200353.06,105931.73,167707.81,126801.24,153894.42,153305.78,90516.16,157310.96,145236.67,112565.26,1451725.99,21279.44,15053.20,124084.50,213686.53,146.20,1287008.28,4112698.24,33494.38,726515.17,456200.78,50577.24,52856.87
Scenario 1,807,3,Bull Market,207,TRADING,144887.75,1739769.01,166945.22,263935.81,542213.60,446072.59,269872.86,498892.45,774663.10,951333.63,454931.47,296920.66,1646278.05,19970.98,460500.40,43854.32,320833.58,482776.62,192840.49,48187.19,125948.85,486422.65,356808.01,384524.94,99479.89,118237.33,141611.74,200243.53,106111.00,168014.38,126731.89,153966.02,153367.07,90491.59,157539.20,145459.93,112584.16,1451074.08,21291.55,15024.25,124600.80,213625.46,146.03,1285348.68,4117404.33,33506.17,726153.02,456850.88,50632.07,52690.80
Scenario 1,808,3,Bull Market,208,TRADING,144713.77,1736839.35,167801.56,264957.77,542962.02,445975.14,269283.03,497635.86,775667.14,952901.44,455525.74,297550.15,1647588.22,19956.25,461934.05,43879.91,320348.17,483254.80,193123.78,48177.27,125877.58,485883.85,357100.54,383747.84,99522.93,118329.55,141716.80,200055.59,106441.93,168640.80,126683.94,154227.59,153258.49,90173.44,157678.28,145717.96,112561.16,1450691.73,21326.88,15069.18,124534.88,212910.29,146.15,1285294.97,4123906.42,33503.81,727020.00,456818.98,50627.71,52823.62
Scenario 1,809,3,Bull Market,209,TRADING,144774.15,1736125.66,168867.76,264835.55,543536.20,446143.92,269578.76,497219.09,778260.65,948650.73,454256.87,297873.42,1648276.92,19942.17,462024.87,43887.58,320203.74,483009.57,193282.57,48127.89,126228.99,486177.20,356190.64,383310.91,99357.92,118238.25,141370.08,199703.75,106442.06,168905.46,126759.73,154112.92,153163.19,89984.18,157717.02,145648.17,112535.35,1452623.05,21370.50,15039.33,123913.70,213600.23,146.17,1288093.67,4133344.09,33502.35,726230.57,456347.05,50640.71,52768.79
Scenario 1,810,3,Bull Market,210,TRADING,144787.02,1733904.60,168946.19,265256.04,543757.82,446235.38,270045.75,496380.79,778955.92,944027.82,453724.75,297534.56,1647181.37,19934.99,461989.76,43864.17,318746.41,483377.94,193074.74,48125.77,126771.20,485869.61,356228.36,384048.92,99344.51,117927.16,141198.60,199282.60,106467.28,168127.43,126785.62,153817.24,153130.13,89764.26,157776.99,146055.48,112566.65,1453293.14,21392.68,15073.72,123766.04,214276.77,146.02,1282906.45,4143322.91,33466.58,725947.95,456439.62,50858.08,52746.34
Scenario 1,811,3,Bull Market,211,TRADING,145003.41,1737452.33,167881.27,265737.11,543356.62,446459.47,270112.44,496088.21,778870.90,941502.89,453448.95,297522.46,1650839.81,19927.45,462665.20,43861.76,318112.35,482808.82,192942.61,48159.08,126711.37,487113.16,354834.73,383663.46,99432.53,117920.10,140900.95,198658.41,106390.45,167937.06,126870.47,153439.02,153245.05,89578.49,157844.23,145865.34,112487.79,1452895.11,21420.95,15051.49,124271.69,214133.51,146.05,1282516.33,4141688.79,33413.99,725683.92,455434.79,51056.07,52831.81
Scenario 1,812,3,Bull Market,212,TRADING,144950.74,1736433.73,167612.07,266168.64,544903.04,446534.60,270308.60,496379.96,779347.06,945381.24,453507.31,297369.17,1652031.24,19938.64,463302.45,43840.98,318006.41,482984.80,193027.99,48169.50,126520.87,487810.88,355329.59,383481.19,99472.88,118028.80,141061.70,198198.92,106348.60,167594.73,126809.28,153381.52,152743.60,89586.05,157773.82,146361.17,112450.41,1452111.31,21433.93,15071.72,124787.03,214280.10,146.33,1282040.33,4145112.15,33402.59,725662.07,454804.62,51236.35,52814.93
Scenario 1,813,3,Bull Market,213,TRADING,144747.79,1744064.85,167917.16,266775.55,544875.63,447232.61,271076.40,495251.39,778998.99,945539.94,454104.43,296984.65,1651327.34,19955.16,462588.20,43829.63,317466.76,483367.22,193187.83,48171.72,127433.96,488964.90,353686.60,384213.11,99414.03,118068.27,140728.69,197443.67,106443.93,167029.00,126830.20,153493.89,153035.90,89624.79,157923.33,146627.54,112206.41,1451539.85,21384.68,15060.08,124919.02,214195.43,145.55,1281133.77,4145897.47,33376.30,726092.97,455335.92,51421.31,52958.82
Scenario 1,814,3,Bull Market,214,TRADING,144897.47,1748344.06,168290.41,266804.96,544190.48,448017.29,270400.10,496430.20,778865.95,947088.90,454342.88,296732.95,1653645.37,19963.77,462464.34,43850.16,317046.95,482792.84,193215.92,48116.29,127385.23,488271.02,352453.35,384285.48,99363.56,118194.99,141339.47,196927.51,106441.73,166622.08,126630.70,153485.18,153198.10,89738.96,158079.48,146292.17,112103.70,1448048.26,21357.63,15077.85,125092.39,214010.54,144.28,1280333.40,4156971.03,33344.90,725081.62,455057.00,51599.56,53016.73
Scenario 1,815,3,Bull Market,215,TRADING,145144.89,1748352.39,168148.13,267086.80,544424.66,447769.40,270174.47,496218.59,779921.39,945628.82,453880.06,296121.80,1653434.88,19966.83,461303.06,43822.20,317742.71,482552.59,193317.55,48055.99,127312.41,486633.44,352015.47,384575.07,99226.26,118117.56,141035.46,196225.46,106452.82,166072.08,126596.11,153675.78,153287.95,89773.57,158006.11,145818.85,112077.63,1447598.78,21340.31,15082.30,125298.80,214001.36,144.58,1277877.94,4166709.26,33318.62,725663.32,455144.41,51664.06,53000.72
Scenario 1,816,3,Bull Market,216,TRADING,145138.23,1747194.62,167779.86,267092.92,544065.19,447084.89,270738.14,494929.00,781093.67,944650.10,454996.19,296176.47,1651516.29,19973.40,461052.84,43856.74,317661.01,483323.92,193298.07,48106.41,127076.22,486224.37,353428.37,384369.25,99191.55,117983.08,140782.03,195474.39,106335.24,165566.69,126554.48,153529.92,153169.42,89828.18,158168.21,146330.86,112027.24,1446254.83,21289.94,15058.26,125305.38,213900.97,145.02,1279117.96,4173351.38,33281.56,725113.30,454911.85,51742.49,53101.94
Scenario 1,817,3,Bull Market,217,TRADING,144682.34,1747118.64,167320.83,267262.00,542999.31,446939.30,270966.68,495711.09,781339.41,945841.51,454450.27,296776.10,1652466.41,20002.68,460637.85,43826.15,317447.42,482667.34,193441.30,48064.02,127929.95,484978.36,354852.65,384985.32,99219.16,118047.03,140989.56,195053.14,106314.97,165142.31,126434.80,153578.50,153418.85,89709.74,158468.78,145937.20,112007.85,1445659.89,21248.31,15060.11,125969.41,214084.49,145.05,1279774.48,4176156.38,33253.34,724967.91,455056.35,51880.74,53252.74
Scenario 1,818,3,Bull Market,218,TRADING,144857.76,1748647.33,167359.22,267931.72,543677.47,446053.24,271500.24,495621.39,782607.54,942801.93,454085.39,296882.82,1649892.50,20014.99,461111.04,43796.60,316660.68,482192.40,193050.35,48056.24,128140.72,485390.90,354599.79,385225.17,99381.93,118197.01,141106.81,194677.31,106414.79,164326.70,126408.01,153448.72,153543.68,89934.31,158598.20,146005.80,111867.33,1445482.29,21262.22,15041.04,125929.11,214265.23,144.92,1280607.03,4172670.45,33233.59,725204.21,456147.23,51823.91,53264.46
Scenario 1,819,3,Bull Market,219,TRADING,144791.45,1752277.98,167471.36,268052.97,543381.20,446550.29,271449.34,495052.78,780207.40,936859.75,454392.55,296534.90,1651198.50,20065.08,461031.42,43772.34,317690.86,480874.52,193153.23,47983.79,127863.45,484044.16,354217.84,385599.76,99324.20,118120.61,140837.54,194035.55,106254.75,163230.24,126439.91,153171.03,153377.93,90169.64,158892.02,146339.76,111839.20,1443713.50,21162.60,15065.75,126519.51,213901.38,145.08,1277701.08,4169987.63,33194.59,724999.47,455799.00,51746.90,53352.85
Scenario 1,820,3,Bull Market,220,TRADING,145045.96,1752838.31,167866.63,268160.05,543833.75,446822.68,271849.46,493919.33,777249.99,938600.93,453949.04,295482.64,1651033.17,20084.76,461502.65,43797.67,316706.42,478925.01,192793.28,48003.49,127773.80,482113.87,354685.05,385966.77,99388.52,118265.20,140972.14,193797.30,106480.83,163429.68,126400.42,153509.45,153325.83,90061.78,158987.55,147115.58,111710.36,1442478.90,21109.48,15135.76,127281.18,213378.04,145.34,1277811.07,4166610.15,33180.60,725907.74,456376.30,51589.34,53343.01
Scenario 1,821,3,Bull Market,221,TRADING,144931.29,1752644.59,167806.77,268434.41,542995.82,446829.51,272040.12,493822.49,776781.49,935592.62,453775.79,295377.90,1647845.91,20126.73,460814.65,43813.66,316955.06,479084.63,192925.19,48027.00,127539.42,479452.14,355944.06,385766.64,99453.92,118327.29,141113.35,193860.19,106443.97,162943.66,126359.98,153256.88,153155.81,90317.20,159274.13,146835.61,111773.70,1445106.84,21077.38,15119.74,126948.36,213446.98,145.38,1281406.20,4160773.71,33132.35,725989.20,456929.45,51662.50,53300.54
Scenario 1,822,3,Bull Market,222,TRADING,144931.96,1754685.42,167849.66,268754.13,543035.25,446549.16,271932.06,493668.90,775829.21,939968.57,454087.50,296152.84,1649557.42,20183.62,461617.35,43804.63,316189.54,479981.71,192918.20,48001.58,127679.16,481011.68,356280.50,385781.19,99387.33,118494.10,141423.50,194028.35,106570.29,163078.88,126238.18,153467.92,152861.64,90476.95,159417.44,147618.10,111687.30,1444229.40,21047.20,15137.04,126371.41,214450.20,145.62,1281088.21,4165053.44,33117.56,725007.20,456970.99,51539.07,53678.55
Scenario 1,823,3,Bull Market,223,TRADING,144980.11,1750739.53,167742.04,268786.08,543483.15,447010.80,272250.75,493303.64,776647.41,938734.49,453710.16,295531.15,1647404.34,20199.55,461697.44,43864.41,315840.03,480551.45,193158.79,48001.27,128205.75,478354.56,355513.09,385317.30,99375.45,118459.13,141601.19,194156.26,106884.17,162303.19,126161.23,153441.94,152773.20,90553.26,159606.35,147233.17,111639.50,1446264.14,20993.28,15220.42,126559.19,214441.01,145.75,1281803.14,4151051.72,33095.03,724383.12,457064.20,51604.87,53538.85
Scenario 1,824,3,Bull Market,224,TRADING,144910.44,1758329.71,167114.19,268709.79,543155.93,447200.64,272357.91,490555.80,778278.66,937600.31,453632.93,294834.04,1645167.00,20247.14,461367.16,43913.65,315399.99,480549.88,193408.02,48050.91,128060.82,476401.92,356352.76,385838.21,99227.01,118297.38,141776.51,194208.05,106641.76,161597.65,126041.51,153826.25,152726.36,90498.08,159937.82,147477.02,111614.09,1444970.28,20962.12,15275.43,126052.74,214667.23,145.55,1283079.26,4121032.36,33109.92,723388.20,457500.55,51630.37,53767.27
Scenario 1,825,3,Bull Market,225,TRADING,144919.19,1758859.92,167035.34,268078.60,543960.50,447084.24,271800.70,488559.56,776910.84,937533.84,453456.35,294437.16,1644634.97,20262.41,463047.18,43928.07,315817.33,480903.90,194153.79,48116.07,128591.67,476090.36,356037.04,385753.81,99285.99,118504.52,142078.75,194365.38,106510.01,162151.32,126104.22,154158.44,152699.64,90649.14,160071.01,148006.00,111624.33,1445093.95,20899.34,15319.84,125610.34,214295.93,145.80,1283421.31,4111804.69,33132.73,723288.31,457293.83,51541.55,53961.78
Scenario 1,826,3,Bull Market,226,TRADING,144938.03,1764946.18,166616.15,267960.12,544754.48,446772.33,271615.03,486697.76,775302.29,941326.17,452901.47,295250.32,1644579.94,20273.59,462643.13,43971.47,316231.35,480937.38,194635.73,48140.11,128495.38,474737.24,356797.03,386190.58,99255.86,118430.40,142124.83,194281.14,106677.77,162321.68,126058.81,154258.69,152613.71,90778.85,160273.20,148622.57,111703.54,1448997.60,20895.55,15349.91,126053.28,214325.03,146.59,1284275.51,4109982.79,33116.44,722583.89,457171.91,51645.40,54215.27
Scenario 1,827,3,Bull Market,227,TRADING,144675.38,1767672.72,166705.71,267590.23,545224.59,446715.65,272406.45,485521.59,775764.53,937701.78,452400.86,296191.76,1641158.12,20294.90,462157.32,43950.95,315618.26,480921.05,195530.46,48213.02,128667.23,472126.88,355875.90,386158.03,99203.35,118353.69,142001.57,194171.89,106465.50,162087.82,125874.95,154363.75,152773.91,90831.19,160601.44,147995.73,111570.94,1447288.79,20817.62,15341.83,125994.52,214548.43,147.40,1282424.97,4095481.31,33103.21,723753.53,457472.93,51560.02,54219.24
Scenario 1,828,3,Bull Market,228,TRADING,144837.02,1764360.10,166888.64,266853.04,544302.50,446759.51,272275.04,484749.28,773989.28,938238.25,452243.82,296778.77,1640354.78,20330.73,461627.54,43922.59,315812.35,479367.94,196130.34,48317.40,127945.60,470338.44,353865.69,385987.81,99135.60,118462.47,141616.32,194089.86,106397.06,162125.83,125807.71,153938.26,152722.94,90942.82,160858.10,147921.56,111499.05,1445175.31,20771.56,15340.45,126239.17,215005.42,147.24,1284687.91,4083662.53,33111.01,722788.98,456291.52,51493.47,54159.15
Scenario 1,829,3,Bull Market,229,TRADING,145147.99,1767486.48,166891.31,266253.52,544107.50,446964.70,272639.70,483301.43,772639.77,937191.21,452252.91,297005.86,1639486.81,20335.86,461154.54,43967.50,315836.41,479325.14,196978.73,48368.99,127651.62,470622.62,353396.11,384932.89,99245.61,118492.40,142341.00,194068.35,106258.63,162248.48,125602.54,154096.72,152808.85,91043.96,161196.38,148416.27,111449.57,1446288.52,20686.58,15402.06,126120.97,214806.47,147.49,1284311.46,4065933.12,33066.58,722203.33,456437.16,51492.99,54174.21
Scenario 1,830,3,Bull Market,230,TRADING,145118.55,1767157.82,166891.96,265695.48,544433.20,446722.81,273378.10,482249.03,773667.44,936130.13,453404.92,298386.61,1635776.00,20377.76,461153.89,43974.78,316078.76,479687.33,197521.98,48450.38,127820.93,468559.24,353461.99,384981.79,99233.95,118273.21,141996.69,193907.81,106323.03,162191.47,125583.37,154577.66,152760.40,91169.83,161536.43,147954.46,111441.03,1448229.04,20632.16,15397.58,126096.95,215406.33,147.79,1283281.11,4059070.44,33067.23,722143.69,456253.23,51583.77,54113.84
Scenario 1,831,3,Bull Market,231,TRADING,145347.97,1768680.93,166972.28,264845.50,544179.00,446616.00,272899.99,482506.88,772551.18,936970.54,454199.86,298372.23,1635524.81,20393.10,460927.45,44022.86,316345.84,479865.71,198057.86,48534.82,128339.21,469020.89,352894.14,384697.97,99205.54,118397.06,142236.62,193874.33,106083.98,162375.16,125599.35,153954.10,152771.83,91268.96,161858.16,148848.20,111393.79,1447020.84,20586.37,15417.04,126001.15,215679.94,148.20,1281849.02,4042333.16,33103.60,724244.71,456772.16,51607.33,54242.30
Scenario 1,832,3,Bull Market,232,TRADING,145515.24,1769417.34,166993.08,264679.19,544450.13,446735.30,273330.82,482395.94,769829.85,938565.15,454243.31,297729.26,1637212.21,20380.49,460911.81,44067.11,316243.56,479695.54,198522.06,48585.63,127621.17,468541.31,352518.51,384658.66,99139.27,118273.13,142573.82,193938.47,106186.01,162547.86,125588.73,153920.18,152941.39,91285.07,162267.79,149142.61,111373.08,1445960.08,20548.88,15442.91,125614.75,215900.56,148.68,1283946.98,4025628.96,33080.11,723511.97,458057.23,51507.50,54243.80
Scenario 1,833,3,Bull Market,233,TRADING,145597.03,1771985.47,167333.46,264737.60,544729.29,446789.34,273042.57,482804.02,767036.44,941029.41,454972.91,298285.98,1635948.27,20420.70,460807.26,44042.58,315882.96,479211.05,198695.86,48661.35,127763.40,465844.05,352167.66,385612.10,99100.07,118100.68,142917.09,194221.28,106266.87,162096.97,125719.33,154160.17,153044.30,91471.30,162485.60,148845.20,111348.42,1444405.26,20560.83,15490.86,125681.61,216300.76,148.76,1284773.43,4007907.43,33086.55,722034.39,457368.69,51514.52,54120.09
Scenario 1,834,3,Bull Market,234,TRADING,145856.04,1774354.07,167605.45,264356.47,545052.27,446185.07,272908.08,483379.18,765021.19,945219.07,454766.92,299275.12,1639777.44,20414.84,460635.30,44077.38,315878.40,478234.41,199094.50,48717.01,128322.50,466104.47,350665.80,385410.39,99051.07,118134.33,142750.72,194264.00,106149.30,161993.24,125799.97,154122.14,153025.56,91446.91,162765.84,149339.10,111263.25,1445929.62,20516.43,15476.04,125779.83,216775.78,148.14,1285700.88,3983911.09,33129.76,723069.18,457665.28,51619.27,54391.62
Scenario 1,835,3,Bull Market,235,TRADING,145842.87,1778301.21,167399.93,263906.39,545447.66,445827.36,273159.57,481922.19,763442.50,946982.49,454595.59,300323.76,1639821.99,20434.31,461293.16,44065.58,315142.17,477457.57,198852.02,48764.52,128677.96,465142.81,349690.17,385481.81,98992.87,118179.97,142772.19,194325.94,106163.02,161995.29,125535.71,154299.21,153263.42,91580.80,162967.75,149383.79,111276.68,1444283.84,20473.45,15545.82,125737.30,216628.36,148.15,1287838.63,3967972.12,33142.04,721818.21,457147.60,51564.59,54524.53
Scenario 1,836,3,Bull Market,236,TRADING,145859.11,1785101.08,167005.99,263860.88,545879.51,446222.67,273006.72,482003.58,761454.30,945790.72,455267.49,301237.53,1639825.96,20443.26,461258.77,44070.45,314167.03,477649.15,198456.01,48800.59,128936.57,465008.66,350599.96,385857.42,98999.25,118160.00,142739.64,194315.87,106337.65,162188.47,125567.98,154757.66,153187.14,91454.23,163102.09,149854.81,111310.80,1443578.87,20439.04,15528.44,126289.01,216755.39,148.29,1286439.27,3955654.91,33154.62,721901.37,458072.92,51714.12,54790.02
Scenario 1,837,3,Bull Market,237,TRADING,145844.77,1782316.73,166547.13,264053.32,545003.32,446469.76,272752.96,484252.99,760699.08,947199.95,455825.09,301513.21,1640602.28,20455.37,462407.73,44081.20,312512.13,478735.28,197962.64,48901.58,127673.21,467005.13,350656.96,386132.77,98898.06,118013.66,142574.19,194321.17,106475.03,161984.30,125721.17,154880.91,153428.69,91481.90,163186.38,149754.60,111252.73,1442332.19,20423.58,15485.99,126664.50,216657.11,148.41,1283047.17,3947188.85,33155.71,721680.42,458685.02,51684.91,54908.93
Scenario 1,838,3,Bull Market,238,TRADING,145824.56,1784517.15,166591.82,264500.08,544856.21,446256.30,273250.35,486273.67,759977.41,946281.32,456844.22,302012.86,1638559.65,20464.10,461040.44,44069.75,312287.82,477256.50,197421.58,48956.82,128051.44,466232.08,350605.66,385974.49,98795.27,117813.17,142242.18,194342.68,106342.08,162127.39,125719.57,154988.25,153393.72,91774.32,163243.99,149172.83,111252.50,1442095.11,20354.17,15472.32,126990.36,217077.67,148.69,1280575.28,3934746.51,33195.22,720764.58,458509.52,51730.61,54918.59
Scenario 1,839,3,Bull Market,239,TRADING,145822.22,1781706.80,166807.84,263619.77,545110.67,446090.83,273656.46,486703.53,757799.67,947302.61,456873.73,303408.43,1639807.84,20458.83,460825.02,44092.47,312699.10,476093.46,197108.98,49099.65,128627.83,467895.34,350749.31,386440.35,98833.24,117854.45,142434.98,194229.87,106529.32,161971.87,125946.48,154633.93,153227.69,91596.59,163224.53,149910.07,111206.14,1442222.70,20309.60,15455.10,126661.79,216937.21,148.87,1281472.64,3936051.12,33197.19,721494.85,458346.61,51817.77,55114.72
Scenario 1,840,3,Bull Market,240,TRADING,145792.60,1782137.57,166762.69,263966.97,545083.49,446972.01,273828.22,489220.42,755486.60,948351.89,457860.72,302457.25,1639107.95,20464.41,461440.94,44102.96,313677.71,475603.23,196092.15,49184.11,128781.06,468398.07,350726.55,386089.08,98744.49,117759.88,142450.02,194344.85,106557.79,162627.27,126092.46,154751.18,152969.66,91593.08,163316.69,150172.33,111101.94,1440387.71,20272.61,15431.65,126446.66,216824.66,149.01,1280878.08,3914546.65,33198.71,720146.81,457452.68,51977.95,55139.98
Scenario 1,841,3,Bull Market,241,TRADING,145892.49,1782599.41,166066.21,263979.08,545171.18,446675.67,273704.79,490384.96,754374.14,946247.14,457864.17,303724.49,1634799.46,20462.05,461368.99,44058.82,313766.01,474214.32,195285.21,49274.99,129179.41,467143.20,350500.62,385818.70,98729.06,117803.44,142373.43,194269.00,106678.07,162771.45,126185.96,154759.21,153074.31,91681.41,163316.11,150664.45,111094.72,1439465.89,20240.67,15470.09,126296.60,216751.48,149.18,1282045.92,3913435.10,33174.51,721079.65,457729.75,52057.16,55186.16
Scenario 1,842,3,Bull Market,242,TRADING,146002.14,1780143.79,166000.37,264042.50,546144.82,446506.69,273443.49,490704.38,752953.82,946481.51,458941.49,303665.35,1633430.11,20489.80,461506.52,44086.94,314403.43,474027.88,194320.34,49433.48,129770.18,466150.22,350783.38,385620.27,98580.36,117741.17,142085.50,194266.12,106553.13,162910.92,126146.97,154895.47,152898.78,91777.82,163038.86,150445.33,111189.48,1439670.12,20225.67,15427.41,125680.95,216665.93,149.43,1280054.76,3902582.80,33144.79,719715.96,459114.32,52092.82,55206.10
Scenario 1,843,3,Bull Market,243,TRADING,145918.20,1780299.87,166397.52,264345.53,546991.92,446323.58,274085.22,492331.71,753476.58,946771.86,459575.07,303854.80,1630157.11,20502.73,462242.22,44044.57,314599.90,473435.24,193981.22,49569.75,129920.05,465870.11,352070.55,384779.76,98662.68,117776.73,142224.59,194512.20,106479.46,163060.56,126180.21,155368.01,152894.69,91807.87,162805.78,150203.97,111158.58,1439438.87,20183.26,15438.93,125823.60,216567.88,149.78,1282418.38,3893816.46,33108.79,719490.52,458612.92,52289.99,55231.01
Scenario 1,844,3,Bull Market,244,TRADING,145922.14,1783332.58,166554.61,264925.51,545864.92,446357.49,274762.50,491108.67,751846.95,947684.84,460870.49,304187.37,1629624.90,20516.22,461533.20,44027.72,314557.75,473436.07,193616.56,49704.88,129615.66,467273.48,352745.37,385201.32,98604.20,117659.62,142295.12,194636.71,106515.09,163313.67,126099.27,155549.50,153049.03,91837.10,162595.42,150630.17,111172.72,1440321.08,20167.19,15463.86,125654.38,216116.64,149.77,1279860.54,3883741.50,33078.11,719123.18,458296.49,52459.38,55185.59
Scenario 1,845,3,Bull Market,245,TRADING,146086.23,1786395.57,165964.59,264912.79,545243.49,445990.31,274138.18,492683.81,752784.50,943402.35,461115.12,304261.98,1628483.45,20512.72,462286.69,43998.32,314795.50,473218.61,193417.97,49833.73,129368.42,467837.41,352774.62,384195.37,98552.42,117539.64,142050.05,194696.80,106415.24,163326.62,126158.78,155402.22,153055.28,91708.93,162289.69,151262.93,111043.90,1438687.37,20120.96,15438.95,125677.90,215776.93,149.45,1278601.66,3874932.03,33007.13,719088.99,458277.83,52401.32,55186.71
Scenario 1,846,3,Bull Market,246,TRADING,146152.42,1785576.68,166289.79,264343.82,545137.27,446651.32,274833.43,494063.69,752938.16,943134.73,462622.37,304737.60,1628198.42,20511.00,462428.06,43963.27,315290.43,473643.81,193181.50,49914.60,129980.46,466778.04,351523.53,384172.54,98501.86,117832.24,142168.20,194714.88,106447.37,163338.71,126119.70,155316.16,153186.32,91639.94,162206.27,151005.81,111008.01,1438826.35,20088.83,15470.86,125345.65,216256.83,149.38,1279470.82,3856399.03,32968.52,719430.51,459298.39,52447.71,55190.20
Scenario 1,847,3,Bull Market,247,TRADING,146340.77,1779642.34,166395.55,264527.74,545194.17,446963.78,275161.71,494735.03,753096.20,945969.25,462538.64,303460.13,1625584.69,20500.63,462749.16,44010.43,314853.31,473882.15,192886.29,50009.07,129924.82,466813.23,353234.13,383914.85,98504.15,117913.44,141961.62,194655.49,106208.14,163197.51,126276.34,155569.20,153244.36,91650.97,161990.90,151320.39,111002.65,1438830.54,20062.32,15488.22,125813.38,216516.90,149.29,1280073.25,3865156.34,32888.21,718667.31,460240.78,52524.69,55324.57
Scenario 1,848,3,Bull Market,248,TRADING,146144.45,1784591.47,166286.68,264490.71,544958.93,446660.00,275841.40,495442.51,754098.24,947843.43,462900.54,301973.22,1624432.90,20498.03,463279.39,43968.21,315258.02,473828.29,192780.23,50138.04,129968.90,465331.20,351282.85,384275.14,98492.45,117755.25,141649.50,194569.90,106239.50,163219.34,126390.11,155519.06,153581.59,91490.97,161745.87,151195.94,110923.54,1439928.17,20018.87,15431.35,125610.36,216304.81,149.32,1280246.04,3856200.41,32813.05,716891.02,460865.34,52664.44,55380.92
Scenario 1,849,3,Bull Market,249,TRADING,145976.88,1792040.98,166310.72,264614.10,544915.75,446443.98,275754.51,493895.21,752410.58,949603.34,462766.79,301893.04,1623654.27,20513.82,463481.80,43992.89,315939.61,473451.61,192799.72,50172.47,130208.05,464232.71,351681.46,384558.94,98453.72,117732.32,141958.02,194442.56,106245.12,162888.43,126253.98,155551.47,153523.44,91496.42,161495.02,151749.80,110783.25,1440015.15,19961.01,15447.96,125574.08,216103.59,149.54,1278313.79,3850069.43,32716.40,717237.34,460393.43,52702.90,55517.14
Scenario 1,850,3,Bull Market,250,TRADING,145954.58,1796706.01,166394.19,264378.98,544763.50,446794.91,275945.61,493737.32,751462.67,949626.31,463195.11,301024.43,1623766.87,20523.59,463587.30,44015.10,315103.40,474160.61,192573.47,50259.88,130535.42,464114.41,352851.51,384260.98,98358.03,118201.57,141535.23,194445.52,106244.18,163141.42,126228.29,155895.32,153392.21,91651.18,161160.10,151719.73,110579.59,1437697.14,19949.22,15459.05,125309.67,216207.29,149.82,1276692.55,3841747.63,32638.34,717432.93,460633.93,52723.75,55406.11
Scenario 1,851,3,Bull Market,251,TRADING,145852.26,1796708.86,167259.11,264776.08,545531.53,446951.44,276673.09,494070.99,751632.82,950508.71,464531.83,300472.20,1620593.45,20530.27,464108.39,43998.73,315726.73,475422.24,192294.27,50314.42,131239.28,464668.28,352789.14,384213.60,98285.50,117965.76,141830.88,194252.88,106397.59,162881.37,126192.28,156297.86,153498.15,91655.98,161083.80,151169.92,110542.72,1437709.00,19943.54,15424.48,126039.15,216935.19,150.25,1276132.67,3835934.83,32609.78,718196.21,460918.99,52659.28,55395.49
Scenario 1,852,3,Bull Market,252,TRADING,145897.92,1791949.27,167056.61,265024.62,546438.38,447541.45,276887.79,494583.46,750833.98,950105.49,465794.72,300346.14,1618182.94,20524.62,464089.91,43947.81,315883.62,475121.23,192287.08,50380.52,130679.79,462426.01,352202.79,384157.75,98320.72,117942.89,141302.58,194290.64,106185.24,163372.19,126247.56,156267.63,153451.68,91684.75,160731.33,151943.21,110393.74,1436045.21,19925.55,15487.31,125883.05,217206.49,150.01,1273233.31,3839621.22,32560.47,718051.00,460997.84,52628.73,55401.42
Scenario 1,853,3,Bull Market,253,TRADING,146135.74,1793211.50,167226.46,264771.74,546638.94,447547.31,277165.24,496125.81,749934.26,949111.86,465965.40,299972.48,1617928.25,20539.59,462564.38,43945.20,316753.13,475259.17,191890.65,50496.34,130871.28,462810.87,352883.72,383768.50,98301.91,118008.11,140861.24,194616.49,106297.70,163553.88,126345.34,156318.97,153628.89,91769.80,160645.40,152513.85,110192.69,1435827.23,19885.19,15475.58,125719.47,217261.89,150.09,1271924.27,3856331.76,32476.68,717331.97,461197.28,52497.32,55377.35
Scenario 1,854,3,Bull Market,254,TRADING,146216.79,1795271.00,166940.21,264477.50,547735.17,447854.10,277227.49,496391.23,749284.22,947847.89,465861.19,299540.77,1616692.34,20557.46,462515.26,43882.61,316836.19,474410.68,191793.96,50637.79,130739.67,462296.39,353092.70,383122.80,98270.83,117940.71,141164.50,194459.55,106699.88,163918.30,126318.25,156600.94,153714.87,92045.12,160599.25,152787.77,109952.57,1434411.05,19891.71,15485.34,125334.06,217323.97,150.33,1272557.86,3870100.57,32394.88,718099.04,461376.77,52534.78,55456.54
Scenario 1,855,3,Bull Market,255,TRADING,146293.65,1790764.40,166919.59,265300.23,547881.46,447998.53,277795.36,494727.04,750977.22,947230.06,465650.23,299281.68,1616248.72,20555.05,462824.42,43902.42,317851.50,473414.14,191631.12,50686.95,131041.83,461415.00,351945.58,383673.53,98067.97,117944.09,141326.77,194148.79,106606.47,163969.76,126438.63,156704.68,153802.10,92491.93,160461.51,152529.88,109717.69,1432910.85,19879.22,15498.62,125134.90,217219.00,150.48,1272492.35,3873102.59,32381.47,718256.94,461634.93,52642.59,55550.69
Scenario 1,856,3,Bull Market,256,TRADING,146321.11,1787238.96,166823.56,265544.96,547953.48,447717.95,277729.95,494990.35,750083.57,943448.77,466174.02,298509.71,1616381.18,20554.96,462352.68,43884.80,318583.36,472502.35,191862.75,50718.48,131201.16,461469.41,352318.87,383325.32,98052.33,118023.65,141113.35,194175.49,106734.80,163695.86,126499.39,156381.42,153615.93,92542.88,160333.26,153302.41,109708.72,1432445.31,19838.91,15461.82,125525.05,217540.39,150.69,1273458.37,3879559.10,32320.06,716082.86,461801.99,52722.54,55436.63
Scenario 1,857,3,Bull Market,257,TRADING,146145.74,1789689.79,166855.57,265235.21,547682.60,448051.34,277780.92,493868.74,749054.04,944621.22,465979.15,298282.27,1614833.04,20556.21,462767.25,43856.20,318062.20,472321.77,191651.50,50755.18,130935.08,459883.54,352912.66,383374.68,98019.11,117905.21,140945.85,194110.09,106380.82,163888.18,126391.30,156543.53,153826.91,92882.90,160060.64,153831.86,109633.21,1432102.69,19812.19,15384.28,125325.21,217416.94,150.28,1275107.27,3881580.29,32284.52,716360.05,461006.91,52773.37,55357.30
Scenario 1,858,3,Bull Market,258,TRADING,146048.78,1787163.95,167028.80,265221.53,547347.60,447819.71,278492.67,494525.97,750284.45,944315.40,466671.19,298643.01,1613891.74,20544.96,463321.41,43867.20,317445.34,472161.88,191415.09,50764.11,131212.99,462014.11,353987.02,383301.83,97868.24,117742.77,140977.28,194045.81,106277.62,163980.65,126424.28,156354.64,153704.93,93177.96,160161.73,154106.86,109540.92,1431254.98,19815.20,15364.05,125924.88,217405.89,150.69,1277430.53,3881371.43,32244.79,715591.02,460919.32,52731.56,55490.88
Scenario 1,859,3,Bull Market,259,TRADING,146255.29,1784990.45,166974.73,264730.77,547496.29,447658.03,278953.35,495540.71,751494.24,947290.64,466926.18,298723.23,1615802.68,20564.67,462683.91,43877.10,318191.95,473164.42,191703.68,50822.88,131348.61,461956.97,354158.68,382750.82,97837.87,117596.99,141071.95,194079.12,106127.74,164426.39,126467.17,156579.10,153692.98,93421.07,160242.07,154603.48,109391.39,1430568.18,19819.83,15335.54,125387.59,217509.14,152.18,1277982.43,3875963.71,32186.24,714795.48,460923.75,52826.64,55553.13
Scenario 1,860,3,Bull Market,260,TRADING,146332.16,1788604.96,166494.54,264789.58,547753.61,447267.01,278531.37,494646.26,751688.50,944840.45,466639.54,299329.05,1616691.40,20558.81,461691.72,43904.75,318208.77,472123.29,191934.69,50865.28,131585.78,463742.39,353394.86,382713.86,97796.11,117369.46,140738.80,194166.99,106145.54,164620.54,126668.60,156624.30,153518.28,93624.54,160474.56,155124.05,109301.78,1427292.11,19828.57,15374.62,125399.25,218155.63,152.39,1281205.57,3878387.00,32137.47,715804.18,461359.82,52922.08,55493.70
Scenario 1,861,3,Bull Market,261,TRADING,146432.19,1787288.66,166446.52,264455.89,548083.01,448201.19,279347.18,495198.89,749827.84,940314.84,466067.50,298335.20,1615101.35,20562.78,461526.51,43924.52,318722.48,473153.50,191718.84,50811.60,131679.55,462931.84,353108.87,382266.28,97765.59,117181.06,141376.89,194273.38,106308.43,164496.61,126773.24,156785.60,153458.12,93530.48,160501.55,155442.35,109294.91,1426497.16,19820.98,15389.59,126153.17,217657.21,152.51,1281392.87,3895208.83,32089.81,715976.76,462178.32,53095.97,55323.09
Scenario 1,862,3,Bull Market,262,TRADING,146367.04,1790740.78,166430.80,264666.78,548244.52,448005.75,279108.32,495239.34,749228.28,940313.38,465311.83,298591.09,1614700.59,20564.78,461089.18,43900.30,318286.69,472363.03,191592.47,50864.06,131552.95,462065.77,352715.68,382415.45,97862.72,116834.14,140988.14,194510.61,106416.43,164895.40,126801.78,157550.05,153587.55,93892.83,160853.70,155639.55,109179.36,1425199.67,19846.68,15425.10,126468.85,217564.32,151.69,1282232.23,3893672.44,32034.21,716614.42,461664.59,53292.13,55137.59
Scenario 1,863,3,Bull Market,263,TRADING,146244.01,1788365.89,166837.37,265107.99,547685.78,448174.80,279414.89,496080.90,749793.35,939865.78,464573.78,297525.28,1610659.17,20544.34,462396.60,43864.01,318522.87,473118.49,192001.90,50852.79,131408.23,462050.00,353268.28,382679.85,97856.34,116783.55,140874.62,194151.53,106611.83,164662.04,126858.16,157537.17,153523.20,94113.20,161098.11,156009.41,109187.07,1424768.41,19835.90,15448.01,126599.93,217043.11,151.89,1283572.15,3895866.65,31999.37,716940.62,461998.14,53406.28,55249.70
Scenario 1,864,3,Bull Market,264,TRADING,146357.15,1787300.62,166892.48,265838.60,548574.42,448264.59,280059.26,496488.93,749597.98,938868.06,463888.90,297424.44,1611226.50,20553.74,462263.22,43875.98,319830.49,473002.50,191939.41,50860.55,131725.76,461501.74,352360.99,383290.03,97734.92,116647.56,140672.55,194192.26,106628.47,164540.85,127075.50,157583.35,153297.07,94064.00,161257.50,155826.70,109296.21,1425314.78,19867.33,15467.49,127490.23,217207.77,151.87,1282522.47,3898097.53,31989.12,717250.80,461469.10,53263.69,55070.58
Scenario 1,865,3,Bull Market,265,TRADING,146102.53,1785040.05,167549.14,265042.28,548367.98,448831.74,280406.69,496694.66,750335.06,940903.32,462180.30,297512.06,1610966.38,20560.49,462806.61,43906.11,320541.96,473182.30,192150.13,50848.04,132212.03,459510.50,352371.64,383138.45,97532.47,116584.65,141096.66,194380.30,106497.07,164568.62,127353.37,157289.15,153251.85,93820.31,161583.04,156221.90,109326.71,1427227.68,19893.08,15461.63,126995.22,217482.16,152.54,1284345.09,3898471.33,31942.90,717561.72,461630.46,53459.90,54996.33
Scenario 1,866,3,Bull Market,266,TRADING,146409.16,1782368.40,167669.64,264959.31,547681.86,448558.10,280385.44,495345.08,750315.19,939091.36,461089.49,297575.22,1612246.48,20548.15,462404.88,43969.06,320596.60,473572.82,192075.95,50822.70,132189.96,458713.40,351456.95,383170.80,97619.92,116595.24,141130.56,194280.84,106538.48,164438.52,127452.81,157310.07,153463.47,93813.23,161879.18,155871.47,109434.45,1426300.17,19904.64,15482.28,127682.73,217191.31,152.24,1284742.39,3892926.32,31908.43,717816.78,461622.09,53577.14,55020.06
Scenario 1,867,3,Bull Market,267,TRADING,146376.88,1787977.59,167643.24,264783.59,547901.06,448593.79,281405.47,495799.33,750115.81,938211.19,460580.93,297862.57,1613122.39,20547.82,462077.21,43993.26,322206.36,474106.42,192132.05,50701.90,131783.66,458861.11,350017.56,382808.19,97595.65,116292.60,140913.17,194195.37,106686.14,164552.85,127574.61,157635.26,153569.01,93769.30,162335.52,156163.03,109443.82,1428536.86,19905.79,15541.91,127510.44,216740.87,152.36,1284356.98,3889034.44,31918.00,718202.66,462050.59,53706.22,54863.48
Scenario 1,868,3,Bull Market,268,TRADING,146750.88,1791022.94,167687.52,264439.40,547576.98,448980.48,281448.68,495290.95,748652.10,934850.20,459821.88,297509.54,1611358.25,20548.03,461991.51,44029.23,323331.46,474632.35,192268.08,50710.24,132043.58,459911.11,350487.57,383005.62,97586.50,115893.50,141432.51,194185.61,106668.90,164121.46,127673.88,157652.23,153431.05,93694.60,162504.54,155592.30,109651.81,1429256.89,19886.12,15521.16,127148.09,216792.86,152.79,1286120.47,3890986.29,31919.31,717008.51,461874.98,53767.09,54827.88
Scenario 1,869,3,Bull Market,269,TRADING,146980.46,1794835.74,167972.20,264907.93,547792.35,448726.52,282289.75,493996.21,748838.06,936672.28,459381.09,297159.48,1614055.93,20544.24,462529.94,43994.37,323685.72,475519.07,192521.58,50648.52,131954.30,458331.92,351198.71,382176.45,97681.16,115794.92,141356.49,194063.77,106825.43,163695.79,127862.52,157773.88,153468.58,93607.22,162847.63,155089.94,109785.89,1431990.09,19882.17,15521.23,127505.05,216859.02,152.37,1290276.99,3882454.59,31933.38,717109.16,461996.70,53775.19,54575.35
Scenario 1,870,3,Bull Market,270,TRADING,146867.99,1794862.15,168346.63,264769.02,548025.49,448955.37,282541.16,492763.85,750837.33,936161.38,458929.10,297235.86,1613139.07,20538.35,461972.78,43958.38,324186.80,475640.28,192463.54,50565.37,131962.84,458185.53,350796.51,382906.93,97762.43,115644.34,141180.24,194142.44,106773.41,163626.62,127859.11,158219.93,153364.64,93450.14,162888.19,154868.08,109918.44,1434047.75,19917.50,15488.93,127547.67,216725.53,152.00,1291679.87,3890549.89,31887.48,717027.93,461454.93,53773.66,54617.42
Scenario 1,871,3,Bull Market,271,TRADING,146938.55,1795921.50,168346.68,265164.17,547499.10,448642.80,283277.19,493446.03,750908.96,935958.71,457398.12,297708.83,1613203.67,20579.27,462786.48,43955.24,324855.37,476723.04,192626.73,50507.25,131899.46,458920.39,349462.92,382535.28,97712.70,115859.34,140686.18,193941.45,106556.60,163817.24,128020.21,158460.59,153515.43,93158.32,163013.02,154741.26,110131.20,1437654.70,19921.24,15477.72,127401.21,217243.30,152.17,1294107.98,3885879.22,31878.23,715788.47,461931.70,53910.17,54456.78
Scenario 1,872,3,Bull Market,272,TRADING,147182.80,1803293.56,168636.53,264887.23,547803.70,448458.94,282946.88,493729.59,749505.90,931275.05,455233.63,297559.06,1612413.91,20575.97,462290.64,43966.76,325585.08,477595.62,192316.45,50409.96,131618.86,459245.15,349864.30,382879.55,97599.96,115828.35,140561.65,194130.43,106469.47,163594.39,128288.40,158592.17,153315.01,93097.59,162957.65,154850.04,110421.56,1441173.77,20013.31,15539.94,127722.18,216902.58,152.14,1292251.01,3888112.75,31878.39,714804.01,462265.12,53807.19,54342.47
Scenario 1,873,3,Bull Market,273,TRADING,147367.74,1807689.44,168567.93,264628.49,548009.23,448730.26,284399.86,494570.43,749941.53,931269.16,454795.06,297487.72,1610867.44,20574.00,462161.88,43951.12,326348.15,477923.28,192114.74,50410.21,131835.24,457667.81,350897.79,383344.32,97567.99,116000.94,139861.85,194220.92,106528.70,163682.62,128390.69,158611.43,153206.60,93153.15,162957.76,154105.19,110603.53,1442277.21,19982.85,15587.79,127118.62,216963.95,152.13,1291244.04,3887859.58,31884.21,714888.41,462420.50,53878.58,54414.10
Scenario 1,874,3,Bull Market,274,TRADING,147455.41,1810223.84,168405.98,264982.63,548484.91,448519.81,284113.90,495812.52,751232.12,932340.38,454279.18,297239.54,1614317.38,20595.25,460540.91,43930.27,326046.66,477234.23,191783.60,50319.09,132271.70,457762.79,350633.61,382957.02,97439.86,115700.48,140094.82,194160.87,106514.92,164147.14,128622.63,158910.47,152768.67,93019.07,163006.80,153879.77,110780.30,1442413.18,19984.64,15563.10,127377.50,216887.44,151.74,1288921.17,3889218.43,31879.62,713611.41,461791.14,53941.32,54369.57
Scenario 1,875,3,Bull Market,275,TRADING,147476.63,1814186.13,168437.02,265369.96,548396.95,448974.29,284166.30,496737.71,751371.03,928760.31,452701.71,296597.31,1611969.67,20587.40,461877.97,43920.63,326257.11,478945.86,192150.49,50211.75,131866.82,457732.64,350596.99,383190.86,97385.39,116016.57,140356.74,194215.84,106814.89,164299.77,128898.85,158653.81,152587.91,92924.24,163029.72,154631.26,110976.39,1442871.74,19964.47,15527.87,126986.99,217172.94,151.83,1286330.47,3874107.34,31858.35,714080.78,460891.06,53801.36,54142.76
Scenario 1,876,3,Bull Market,276,TRADING,147422.39,1813782.91,168094.14,265174.30,549138.75,449141.87,284697.22,497059.14,750853.61,930241.76,452025.44,296888.04,1611585.43,20583.93,461101.20,43895.17,326737.74,478454.37,191904.57,50094.15,131678.92,458359.95,349533.75,383257.10,97383.52,116159.57,140282.02,194196.34,107074.61,164098.25,129035.93,158755.87,152635.49,92689.39,162627.09,154804.96,111145.49,1441633.39,19947.67,15556.75,126745.89,217251.77,151.37,1284442.91,3861391.39,31866.92,713936.67,460230.44,53809.29,54169.80
Scenario 1,877,3,Bull Market,277,TRADING,147161.97,1818368.40,168319.14,265073.86,548738.73,449332.71,285753.34,495960.91,749768.27,926781.57,451652.50,296937.86,1608787.14,20593.24,461332.24,43942.97,326560.90,478037.25,192215.35,50032.38,131052.52,457921.95,350201.61,383666.51,97435.49,116342.22,140108.82,194288.85,107109.06,163883.73,129243.19,158366.40,152777.18,92468.89,162376.85,156014.66,111298.74,1440960.64,19969.64,15590.18,126717.85,217450.92,150.79,1285037.10,3855675.21,31873.55,714993.74,460972.34,53799.02,53984.31
Scenario 1,878,3,Bull Market,278,TRADING,147342.89,1823082.48,168300.25,265287.80,549299.19,449753.54,285477.60,496940.38,748974.65,927320.99,450920.89,297814.76,1609025.58,20600.46,461416.26,43974.66,327339.98,477286.99,191838.29,49868.60,130861.69,458910.62,349945.12,383309.06,97426.28,116676.49,140225.37,194170.56,107162.62,164218.45,129463.46,158553.22,152709.57,92415.19,162518.85,155487.32,111274.03,1440086.25,19900.33,15627.85,126660.90,217100.07,149.77,1285096.60,3849115.68,31825.73,715183.17,461409.96,53800.90,53938.90
Scenario 1,879,3,Bull Market,279,TRADING,147630.39,1817131.77,168377.67,265447.27,548871.74,449216.79,285816.19,496045.50,748431.96,931625.69,450728.70,298171.56,1609372.27,20599.38,460514.86,43897.43,326200.90,477686.17,191894.37,49775.73,131089.05,460192.90,350997.46,384265.20,97465.05,116588.94,140441.24,194067.81,107090.62,164020.79,129487.51,158451.81,152245.82,92443.03,162426.75,155931.67,111395.57,1438007.48,19891.76,15648.04,126166.90,216932.15,149.36,1285988.09,3844017.77,31819.39,715034.71,461761.54,53742.34,53807.48
Scenario 1,880,3,Bull Market,280,TRADING,147507.90,1815355.11,168719.63,265479.96,547589.15,448869.95,285618.31,496219.37,748183.34,931464.03,450797.13,298002.11,1606757.31,20586.02,460085.47,43873.31,325839.81,477277.58,191876.76,49620.67,131425.83,462254.72,351978.86,384212.19,97394.60,117269.25,140894.82,193884.36,107162.30,164132.22,129566.72,158322.75,152102.13,92265.85,161859.23,155262.63,111560.43,1439342.10,19865.32,15634.28,125922.94,217169.76,149.30,1285574.00,3843589.08,31841.37,715858.16,463240.44,53722.33,53823.02
Scenario 1,881,3,Bull Market,281,TRADING,147544.22,1811561.49,168767.48,265434.35,548025.47,448898.05,286163.31,497124.53,747513.38,931564.50,450425.55,298559.49,1611275.17,20588.45,460501.52,43888.17,325108.69,477178.26,191737.37,49540.86,130917.96,462698.72,352591.91,385039.80,97326.26,117694.97,140502.72,193903.14,106968.37,163921.54,129644.34,157919.62,151800.21,92118.80,161723.22,155685.14,111577.98,1436961.78,19875.36,15729.46,125542.74,217628.79,149.21,1286528.29,3835246.68,31813.12,714082.70,462830.79,53626.51,53821.86
Scenario 1,882,3,Bull Market,282,TRADING,147617.74,1812850.11,168629.82,265201.01,548361.55,449034.40,286555.76,496871.48,747370.31,929235.67,449382.27,298148.84,1611710.37,20598.71,459862.67,43915.36,323409.96,477112.46,192074.18,49538.12,130785.22,463084.09,352099.73,384385.04,97319.99,117978.61,140487.57,193904.91,106910.66,164240.17,129874.82,158077.59,151685.48,91940.99,161410.17,154909.83,111678.69,1437490.61,19878.01,15678.79,125650.41,217329.36,148.67,1287625.99,3830417.28,31789.74,713745.49,462407.20,53698.65,53706.78
Scenario 1,883,3,Bull Market,283,TRADING,147607.12,1819139.84,168749.70,265079.64,547718.97,449272.57,286798.90,497063.05,746470.72,933219.84,449477.15,298214.71,1612727.42,20580.00,460289.92,43965.97,322908.76,476990.31,191773.99,49360.11,130711.71,462065.27,352627.78,385258.69,97266.06,117999.78,140589.20,193742.42,106901.07,164422.61,129858.32,158046.08,151509.23,92241.79,161059.46,154815.37,111773.99,1435996.93,19879.19,15716.40,125322.39,217413.59,148.01,1283936.14,3828842.53,31785.57,712711.26,462585.49,53586.10,53666.06
Scenario 1,884,3,Bull Market,284,TRADING,147567.86,1820383.56,169316.97,264992.01,547812.18,449308.85,286972.24,497591.41,746729.06,932594.40,449731.44,297981.24,1612369.21,20570.89,459366.66,43971.18,322510.70,474718.52,191749.42,49280.56,131304.59,461616.32,352998.89,385378.29,97326.36,118415.83,140182.60,193839.59,106986.81,164565.57,129656.91,158138.55,151409.06,92210.49,160683.47,154802.95,111844.51,1437264.26,19883.18,15645.95,125231.74,217469.54,147.60,1283588.83,3821126.13,31794.26,713742.84,462690.95,53615.17,53630.62
Scenario 1,885,3,Bull Market,285,TRADING,147545.41,1824581.18,169954.75,264953.10,548843.25,449428.24,287167.86,496807.43,746193.33,930941.53,449427.33,297919.99,1609914.69,20581.65,459992.35,43968.03,321081.72,473358.07,191737.87,49222.53,130808.11,461667.54,353648.05,385658.83,97302.56,118476.77,140332.48,193585.72,106939.75,164626.05,129603.79,158419.20,151507.74,92172.06,160177.19,155187.22,111873.32,1437118.29,19849.41,15673.51,125634.35,218055.32,147.41,1283571.78,3816835.25,31801.60,713966.48,462132.55,53564.35,53493.64
Scenario 1,886,3,Bull Market,286,TRADING,147759.28,1825506.89,169923.04,265342.55,549014.57,449869.71,287857.44,496650.29,746098.22,929754.72,449369.30,297570.58,1606874.95,20572.32,459878.85,43898.75,320530.57,473160.10,191990.76,49140.22,130940.72,460647.23,352845.64,386123.14,97375.39,118468.33,140548.23,193554.92,106755.01,164604.23,129428.06,158438.99,151618.14,92222.96,159890.25,154988.55,111950.10,1438750.24,19841.52,15646.38,125476.85,218177.41,148.03,1284389.12,3793300.42,31784.17,713181.64,462520.15,53609.89,53480.87
Scenario 1,887,3,Bull Market,287,TRADING,147923.32,1829594.72,170017.51,265568.95,548517.70,449673.10,288302.60,499432.58,745669.94,924852.85,450035.41,297569.13,1608656.81,20591.76,459858.55,43941.41,318125.82,472772.63,192006.93,49140.37,131063.43,461278.74,353694.35,386978.33,97436.25,118462.27,140388.33,193397.14,106932.25,164649.82,129283.94,158883.15,151502.15,91946.53,159541.89,155319.95,112049.02,1438617.61,19871.59,15640.71,125239.17,218748.54,147.65,1285880.60,3793591.42,31824.96,712292.10,462460.92,53473.11,53375.97
Scenario 1,888,3,Bull Market,288,TRADING,147704.04,1832251.27,169821.36,265493.05,546800.55,449872.32,289019.50,499671.96,745232.86,926030.49,450033.60,297260.21,1610480.39,20602.81,460074.17,43956.97,317151.58,472219.76,192042.49,49073.60,130897.86,461701.94,353367.69,386906.13,97560.58,118732.53,140344.09,193274.23,106938.95,165010.82,129272.33,159269.53,151431.17,91980.77,159402.59,155744.26,112167.56,1437690.28,19855.13,15678.93,125023.83,218952.19,146.44,1286802.27,3787608.84,31859.53,712766.96,462836.17,53465.13,53251.41
Scenario 1,889,3,Bull Market,289,TRADING,147813.24,1829413.27,169877.29,265141.70,546920.86,449859.73,289399.86,498816.94,744532.14,926250.03,449699.43,297326.74,1610681.54,20618.44,459627.91,43928.66,316275.32,472737.61,192156.62,49068.13,130727.64,462530.65,353168.53,386731.86,97641.42,119120.71,140685.74,193435.75,106985.40,165228.07,129153.07,158872.29,151696.10,91892.23,159069.34,155790.40,112191.45,1439804.79,19874.37,15730.96,125719.47,219399.64,146.22,1285996.62,3791900.11,31870.79,712773.88,462394.84,53491.81,53155.11
Scenario 1,890,3,Bull Market,290,TRADING,147730.73,1833635.50,169763.40,265323.13,547654.12,450402.98,290345.07,499245.84,744412.34,926932.82,449713.10,297209.41,1610427.40,20627.83,460101.85,43934.60,316090.90,474453.19,192356.89,49022.40,131272.31,462632.14,353688.00,387149.37,97554.30,119182.11,140531.43,193548.55,106781.28,165048.71,128999.86,159047.85,151369.88,92027.67,158619.48,156003.96,112210.94,1439037.41,19851.43,15709.64,125577.52,219389.89,146.23,1286452.89,3794630.37,31880.57,712343.52,462347.52,53570.46,53025.48
Scenario 1,891,3,Bull Market,291,TRADING,147621.67,1837910.55,169544.25,265879.18,547780.98,451075.33,290674.97,499389.03,744165.54,929383.27,449390.04,296502.55,1610072.50,20628.68,460409.75,43931.75,315195.05,475439.95,192466.85,48961.90,130763.05,461806.14,354093.65,387161.71,97363.01,119414.59,140603.82,193570.72,107029.00,164652.07,128752.05,159380.17,151485.71,92038.76,158192.73,156494.01,112142.40,1439196.65,19869.62,15724.96,125202.85,219544.60,146.47,1286269.51,3792752.97,31854.94,713292.22,462692.13,53700.98,52933.08
Scenario 1,892,3,Bull Market,292,TRADING,147751.16,1844187.92,169474.44,265977.77,547745.00,450988.95,290566.06,499688.93,744479.76,928882.78,448493.04,296758.08,1610210.31,20591.43,459373.88,43963.48,315103.52,475402.20,192825.08,48864.39,130561.44,460297.44,354051.49,387144.43,97189.64,119526.98,140390.77,193640.73,107082.61,164745.72,128488.45,159582.63,151127.60,92148.20,157890.49,157123.97,112151.31,1440748.22,19869.99,15724.92,125055.48,220247.29,147.15,1286483.09,3785862.59,31881.13,712182.36,462602.92,53788.34,52893.45
Scenario 1,893,3,Bull Market,293,TRADING,147633.08,1842570.37,169219.86,266397.28,547667.52,450681.88,290542.48,500398.90,743017.44,929167.81,448424.16,297169.06,1610888.46,20586.74,458807.48,43989.85,314845.01,476536.42,192951.15,48830.36,130852.75,460345.37,353432.94,387734.07,96911.78,119555.79,140229.74,193865.05,107220.65,164768.47,128510.51,159829.89,151398.79,92160.19,157641.05,157741.06,112213.89,1441879.70,19887.02,15732.22,124699.50,220329.92,147.34,1288238.62,3780653.69,31859.04,711311.26,461690.95,53867.66,52837.77
Scenario 1,894,3,Bull Market,294,TRADING,147723.01,1840288.32,169474.90,266504.63,547346.91,451234.67,291321.84,500863.65,742375.97,925150.99,448204.01,297211.46,1609533.60,20610.73,458002.02,43975.81,313746.51,476987.11,193282.50,48773.24,131104.12,459078.87,352485.17,387055.37,96951.88,119624.24,140211.76,193700.09,107125.64,165243.07,128272.99,160180.95,151246.88,92127.54,157391.83,157863.53,112106.55,1443766.89,19890.33,15677.82,124811.94,220384.45,147.25,1283056.99,3782125.06,31842.18,711190.11,461641.50,53754.16,52822.92
Scenario 1,895,3,Bull Market,295,TRADING,147836.08,1840619.99,169060.48,266334.74,547472.84,451036.82,290771.34,500313.07,742671.23,927891.49,447819.40,297911.52,1610010.34,20607.86,457931.39,43961.53,312591.02,476905.73,193072.94,48689.27,131073.97,458412.20,352752.41,386219.73,96968.35,119998.24,140118.99,193530.74,107234.58,164890.85,128147.88,160211.25,151147.31,92131.25,157237.01,157552.01,112238.99,1444519.80,19883.03,15631.11,124876.53,221030.54,147.84,1282557.77,3781643.44,31845.48,710848.20,462204.50,53681.15,52922.45
Scenario 1,896,3,Bull Market,296,TRADING,147842.55,1839889.96,168482.97,266010.59,547087.87,450831.65,291353.96,500923.71,742778.40,925603.22,448208.86,298114.02,1609876.02,20594.62,457302.69,43947.87,312450.08,476406.01,193303.06,48657.47,130591.82,457838.05,352901.69,386305.06,97048.50,120143.03,140366.63,193389.31,107036.03,164959.94,128047.69,160023.30,150852.25,92022.50,157129.64,158141.95,112265.10,1443542.89,19883.96,15583.50,124664.53,221126.25,147.98,1283664.53,3783557.59,31840.73,709965.20,461805.68,53690.76,52807.50
Scenario 1,897,3,Bull Market,297,TRADING,147712.80,1844106.08,168563.05,266637.58,547407.74,450643.49,291389.57,501676.65,741028.67,926146.07,449268.84,298145.88,1609192.07,20586.29,457396.83,43981.35,311484.24,475485.92,193448.83,48592.80,130382.84,457395.03,353058.88,387070.08,96947.46,120014.47,140573.37,193221.26,106984.31,164886.05,127804.30,160066.15,150550.62,92080.96,157059.27,158827.22,112234.70,1443788.68,19877.95,15608.74,124554.88,221238.98,147.92,1284438.38,3772545.65,31826.10,710447.13,461463.11,53556.05,52755.89
Scenario 1,898,3,Bull Market,298,TRADING,147605.11,1846648.57,168297.09,266708.03,547036.19,450510.12,291597.51,502220.70,740708.22,924771.04,449050.77,298374.77,1609215.03,20599.92,456055.46,43946.57,311696.42,474867.51,193164.55,48554.23,129780.73,457829.40,352616.87,387029.57,96976.46,119863.25,140669.05,193350.66,106916.73,165106.77,127435.85,160335.34,150443.70,91806.81,156718.18,158986.45,112321.73,1443975.58,19853.80,15659.88,124643.75,220729.32,147.90,1285075.97,3774664.54,31802.34,710348.34,461138.88,53628.84,52647.55
Scenario 1,899,3,Bull Market,299,TRADING,147423.46,1848702.74,167768.02,266283.78,546138.47,450084.32,292115.08,502694.32,741082.99,926069.48,449230.16,298363.20,1606868.21,20590.58,456627.60,43962.93,311663.82,475509.64,193475.06,48551.28,129851.89,458861.68,352707.80,386739.16,97053.90,119974.19,140636.11,193280.68,107112.02,165217.15,127240.87,160097.59,150097.92,91852.52,156457.31,159606.27,112269.77,1442828.32,19814.70,15678.83,124678.54,221121.55,148.39,1281981.65,3773264.60,31801.33,710558.17,462100.09,53663.29,52734.59
Scenario 1,900,3,Bull Market,300,TRADING,147417.30,1850998.60,167699.37,266429.05,546508.14,449799.32,292960.66,502841.92,739494.20,924586.97,449727.43,298705.29,1607997.96,20601.27,456142.60,43954.15,311165.22,475801.99,193143.94,48418.51,130180.40,459585.64,351157.63,387268.11,96990.08,119799.64,140666.03,193098.81,107243.61,164946.25,127066.05,159868.39,150138.17,91783.60,156266.27,159679.61,112119.35,1440999.24,19812.03,15680.27,124242.95,220871.02,148.22,1282056.68,3776186.06,31805.43,708722.25,461615.57,53710.68,52396.31
Scenario 1,901,4,Strong Growth (FOMO),1,TRADING,147417.30,1850998.60,167699.37,266429.05,546508.14,449799.32,292960.66,502841.92,739494.20,924586.97,449727.43,298705.29,1607997.96,20601.27,456142.60,43954.15,311165.22,475801.99,193143.94,48418.51,130180.40,459585.64,351157.63,387268.11,96990.08,119799.64,140666.03,193098.81,107243.61,164946.25,127066.05,159868.39,150138.17,91783.60,156266.27,159679.61,112119.35,1440999.24,19812.03,15680.27,124242.95,220871.02,148.22,1282056.68,3776186.06,31805.43,708722.25,461615.57,53710.68,52396.31
Scenario 1,902,4,Strong Growth (FOMO),2,TRADING,147454.32,1847705.78,167607.83,266082.99,546286.45,448833.74,292781.20,502893.75,737315.64,922461.31,449240.97,298375.59,1608927.37,20609.99,455308.57,43909.30,310753.78,476827.28,193083.44,48403.11,130400.51,460275.38,350626.31,387662.02,97070.31,120041.34,140574.51,193196.29,106866.04,164576.29,127100.01,160288.01,150218.90,91916.48,156387.26,159408.76,112097.71,1442055.90,19783.35,15645.71,124525.90,220536.58,148.05,1281869.58,3781472.99,31837.40,709299.55,461202.49,53892.73,52429.71
Scenario 1,903,4,Strong Growth (FOMO),3,TRADING,147407.36,1847160.17,167493.07,266213.77,546730.75,448293.58,292432.31,503578.30,736783.00,922423.04,449394.52,298079.14,1610993.68,20623.95,454539.61,43946.45,310388.96,476750.19,192844.55,48444.96,130488.26,460767.20,349358.66,387067.66,97081.02,119875.51,141402.23,193098.35,106945.89,165162.48,127184.54,160416.69,150293.78,91735.14,156450.99,158881.15,112070.41,1442997.23,19752.04,15612.91,124171.67,220848.30,147.82,1281819.88,3794521.39,31794.92,710215.80,460844.88,54016.24,52139.89
Scenario 1,904,4,Strong Growth (FOMO),4,TRADING,147376.72,1849069.85,167562.73,265856.60,546862.45,447894.37,292875.20,504078.09,733175.00,922673.47,449718.69,298468.29,1612310.95,20602.54,455055.54,43923.22,311112.65,476062.63,192469.27,48468.23,130852.81,461402.73,350979.89,387223.76,97036.01,119944.94,141998.72,193232.96,107023.19,165191.19,127185.83,160441.26,150335.75,91987.13,156362.14,159088.08,112180.15,1442430.39,19752.72,15638.29,124154.29,220793.76,148.33,1280632.91,3792961.30,31830.86,710917.16,460594.12,54084.56,52119.78
Scenario 1,905,4,Strong Growth (FOMO),5,TRADING,147514.84,1845716.04,167588.99,266053.76,546618.73,448183.04,293413.28,504138.12,732075.51,920566.12,450208.57,299838.91,1610810.89,20579.71,457043.23,43836.15,310984.25,475250.74,192160.03,48487.36,131063.19,461102.34,351211.50,388104.07,97022.12,119754.18,142175.54,193159.63,106688.98,165145.05,127340.33,160282.25,150341.89,91976.08,156310.35,159011.36,112317.51,1441767.34,19771.48,15579.65,125009.50,221083.48,148.69,1277888.05,3795530.58,31852.46,709731.20,460891.45,54141.37,52322.39
Scenario 1,906,4,Strong Growth (FOMO),6,TRADING,147353.76,1843511.94,167348.41,265832.31,546681.39,448335.70,293274.06,504512.21,731510.16,918896.66,450932.92,300304.90,1611977.77,20583.40,456140.28,43858.92,311306.98,474779.03,192316.66,48549.61,131184.10,462281.48,350740.99,388068.85,97137.69,119749.83,142354.64,192857.40,106738.97,165308.86,127176.75,159686.36,150615.62,91994.82,156157.20,158551.09,112324.13,1441332.88,19776.02,15585.48,125119.45,221159.03,148.88,1278861.52,3793932.84,31855.56,710293.62,460115.86,54001.94,52303.13
Scenario 1,907,4,Strong Growth (FOMO),7,TRADING,147080.75,1844863.18,167328.23,266177.90,546622.41,448368.02,293126.61,502451.78,731070.53,917843.92,451173.77,300729.37,1612616.19,20595.49,456933.04,43861.45,312208.84,475502.65,191477.88,48618.02,131714.16,462105.12,351354.31,387467.12,97100.53,119410.02,142732.67,192761.84,106841.94,165653.40,127191.27,159737.75,150632.38,91917.71,156052.89,158090.45,112440.61,1441045.31,19766.94,15591.02,124100.54,220775.07,149.26,1279242.31,3788107.23,31854.51,709556.64,461193.56,54040.34,52372.34
Scenario 1,908,4,Strong Growth (FOMO),8,TRADING,147438.09,1839817.66,167380.67,266312.97,547135.04,448562.53,293401.46,502978.48,732165.98,919898.66,451153.47,300385.14,1615866.87,20606.37,457264.20,43779.96,312625.61,475005.88,191194.21,48714.46,131602.12,461283.56,350024.51,387948.80,97140.85,119287.27,142632.85,192665.07,106889.83,165331.73,127043.57,159579.72,150756.74,91983.58,156088.13,157924.94,112506.60,1440127.76,19775.58,15662.94,123774.07,220918.46,148.37,1278756.76,3791154.89,31846.69,709886.13,461992.45,53960.37,52479.81
Scenario 1,909,4,Strong Growth (FOMO),9,TRADING,147182.94,1843151.75,166792.37,265722.69,547419.21,448392.52,293393.24,502735.03,731904.44,925026.14,450501.99,300274.94,1613245.99,20603.23,457275.30,43707.53,311890.09,475597.68,191183.71,48673.18,131717.07,460339.71,349151.41,387381.91,97203.88,119046.98,142045.03,192560.20,107233.59,165139.34,126907.11,160363.80,150815.84,92022.88,156033.79,158266.67,112582.91,1439417.33,19763.52,15666.23,123460.26,220438.14,148.76,1273184.66,3787902.11,31846.61,709810.89,462300.74,53796.04,52532.28
Scenario 1,910,4,Strong Growth (FOMO),10,TRADING,146943.43,1839069.69,166645.07,265678.97,546613.08,448536.23,292799.62,501296.73,732426.83,925431.12,451118.94,301631.73,1615275.54,20605.82,456949.21,43650.83,311665.69,476265.62,191046.10,48599.31,131570.03,460280.00,350265.15,387817.54,97221.94,118774.13,142354.14,192591.41,107343.00,164728.25,126907.88,159848.67,150960.43,92271.94,156075.79,158869.57,112539.92,1439828.84,19728.36,15678.60,123632.25,220734.55,148.93,1271478.98,3784773.69,31855.42,710764.59,461451.77,53846.69,52350.30
Scenario 1,911,4,Strong Growth (FOMO),11,TRADING,147056.35,1839048.24,166505.85,265549.92,545997.74,448742.70,292857.14,501188.59,731950.16,929814.16,450826.82,301566.86,1616683.15,20601.05,456715.00,43583.56,311494.15,476731.92,190434.68,48670.72,131407.46,461886.22,349149.65,388247.43,97237.60,118888.99,141994.37,193005.68,107495.11,164772.05,127074.85,159596.27,151028.54,92297.20,156183.22,159722.76,112540.10,1439192.62,19727.13,15645.78,123614.63,220759.56,148.34,1272501.79,3779419.41,31874.70,709847.68,461143.88,53729.67,52428.44
Scenario 1,912,4,Strong Growth (FOMO),12,TRADING,147137.56,1834388.39,165993.28,265143.33,545001.42,448717.41,291977.31,499798.23,732018.29,930444.95,450461.84,300770.44,1617730.42,20604.95,456693.32,43568.79,311296.86,476521.71,190566.40,48622.86,131152.31,461161.99,349505.99,388299.22,97180.66,118804.05,142716.01,193181.65,107595.52,164349.40,126943.75,159584.31,151074.19,92283.88,156180.27,159318.23,112465.81,1440947.92,19766.75,15603.89,123184.97,221098.96,148.51,1270512.77,3780837.54,31882.80,708676.92,461064.34,53735.15,52351.55
Scenario 1,913,4,Strong Growth (FOMO),13,TRADING,147262.81,1838347.37,165929.41,264973.73,544466.55,448586.88,292632.79,500965.88,731882.57,931275.60,450090.35,300634.20,1614848.07,20616.47,456886.44,43598.07,310993.51,477150.54,190184.50,48519.75,131603.89,460352.29,349650.16,387662.04,97242.06,118789.10,142588.51,193255.47,107711.23,164455.40,126966.70,159475.42,151102.82,92289.93,156146.89,159254.96,112526.39,1440715.98,19728.45,15581.43,122855.69,221041.30,148.17,1270248.32,3783681.75,31845.84,710382.72,461977.58,53690.25,52565.75
Scenario 1,914,4,Strong Growth (FOMO),14,TRADING,147255.98,1833649.45,165920.18,265712.01,544128.73,448544.35,291321.15,499372.16,732872.34,933623.98,450485.47,300997.98,1615428.45,20610.72,456896.30,43627.17,311487.26,477394.40,190231.31,48511.13,131410.53,459785.22,351011.92,387903.88,97287.09,118900.60,141886.21,193133.07,107582.18,164409.04,126944.11,159377.64,151243.58,92328.36,156341.53,158611.63,112475.22,1441050.80,19728.51,15579.44,123060.39,221640.13,148.11,1267894.91,3787279.49,31847.54,708503.72,461427.05,53685.56,52425.75
Scenario 1,915,4,Strong Growth (FOMO),15,TRADING,147441.41,1836488.05,166145.62,265444.01,544346.44,448234.29,291687.33,501926.88,732966.83,934388.98,450102.94,300736.66,1615614.64,20578.02,457974.90,43599.07,311922.04,477572.56,190140.06,48442.53,131098.11,460649.71,350556.02,387601.80,97176.70,119073.46,142150.53,193023.23,107364.72,164263.84,126883.61,159057.29,151490.95,92445.77,156235.74,159017.06,112437.83,1439905.89,19747.06,15570.22,123717.04,221181.10,147.86,1264925.62,3786679.24,31864.22,708516.98,460769.96,53742.60,52201.27
Scenario 1,916,4,Strong Growth (FOMO),16,TRADING,147386.11,1832069.04,165944.16,265226.14,545310.80,448593.21,291726.64,503646.51,732876.49,933604.64,449899.98,301498.12,1618655.92,20569.46,458547.54,43638.47,313018.37,478099.12,190285.03,48436.24,131097.18,460724.36,351751.22,387936.86,97201.81,118827.28,141868.97,193006.60,107372.88,164524.82,126801.02,158855.68,151310.13,92557.33,156169.59,158494.87,112482.23,1439633.12,19743.32,15627.14,123703.65,220643.07,148.21,1264365.12,3777579.95,31841.09,709867.24,460568.58,53767.23,52225.21
Scenario 1,917,4,Strong Growth (FOMO),17,TRADING,147323.54,1825858.74,166048.33,265027.80,543978.23,448542.45,290964.31,503411.98,735724.54,934628.69,449566.78,300670.76,1618695.87,20595.67,458892.54,43663.80,313294.64,477166.11,190265.37,48403.53,130863.55,461110.21,352824.00,388205.71,97193.68,118618.23,141064.94,192848.08,107170.47,164533.46,126972.84,159179.08,151662.13,92750.38,156020.56,159183.64,112569.47,1439124.30,19724.74,15668.91,124458.48,220684.26,148.11,1267263.08,3778044.11,31806.47,709867.67,459921.11,53921.02,52313.58
Scenario 1,918,4,Strong Growth (FOMO),18,TRADING,147199.16,1825160.21,166238.35,264908.90,544797.69,448674.21,290811.32,502265.44,736171.11,937245.46,449891.93,300929.36,1618891.91,20620.82,457453.39,43665.04,312976.98,477641.55,189996.91,48404.93,131009.39,460616.93,352777.56,387836.23,97109.52,118474.31,141364.70,192854.93,107205.32,164895.49,126935.74,158987.82,151712.94,92597.33,156008.07,159099.24,112525.50,1438235.09,19683.89,15702.81,124818.88,221043.47,147.96,1270669.57,3792219.54,31800.04,710565.52,460152.89,53915.65,52178.10
Scenario 1,919,4,Strong Growth (FOMO),19,TRADING,147087.92,1820289.25,166550.43,264920.15,544450.03,448946.91,290595.30,501750.23,736835.98,937473.06,449812.96,300434.93,1617176.01,20607.13,456480.60,43663.95,312904.98,477958.40,189889.13,48362.55,131101.24,459251.08,353523.45,387833.51,97061.38,118523.35,141179.83,192969.46,107446.28,165300.20,126957.05,158875.85,151848.08,92599.51,156075.47,159615.70,112635.93,1438367.31,19677.22,15668.32,124760.30,221031.71,148.34,1273221.58,3795247.41,31771.32,709189.56,460914.72,53966.02,52167.18
Scenario 1,920,4,Strong Growth (FOMO),20,TRADING,147108.80,1809610.29,167128.90,264861.37,545159.22,449559.95,291357.02,501199.22,735957.74,939833.34,449627.83,300819.03,1616242.82,20589.45,456055.50,43653.92,314059.34,478361.72,189665.12,48388.86,131507.03,458454.31,354412.91,387259.20,97091.33,118522.56,141398.11,192825.77,107446.14,165976.53,127033.91,158730.18,151855.57,92725.67,155924.68,159572.85,112542.43,1437159.58,19649.72,15642.61,125038.54,221158.00,147.10,1273259.63,3784963.61,31758.26,710701.26,461009.14,53851.49,52274.78
Scenario 1,921,4,Strong Growth (FOMO),21,TRADING,147240.69,1805371.20,167471.16,265348.14,545081.48,449626.67,291089.66,501023.19,733664.48,937864.83,449565.33,301228.59,1615500.99,20611.23,455418.40,43611.09,314152.86,478185.73,189642.54,48346.22,131475.24,459029.44,354392.07,386824.42,97024.40,118772.37,141364.48,192698.07,107590.52,166989.25,126922.83,158701.66,151920.47,92691.74,155924.03,160479.39,112613.57,1436920.02,19638.33,15524.97,126268.44,221127.20,147.75,1274254.77,3784745.60,31744.72,711044.38,461064.48,53939.23,52187.03
Scenario 1,922,4,Strong Growth (FOMO),22,TRADING,147337.87,1797623.30,166788.59,265475.90,544432.27,449443.40,290806.80,501368.58,735006.58,941477.82,450026.27,300869.07,1612285.44,20634.45,456209.54,43588.10,313576.90,477473.62,189997.81,48301.25,131522.86,459379.37,355068.66,386516.00,96987.17,118689.42,141904.90,192603.10,107349.87,167382.89,126950.87,158728.71,151710.50,92721.80,155800.32,160330.89,112587.12,1434847.76,19618.46,15514.46,126826.48,221748.68,148.13,1278811.37,3783518.22,31758.34,710293.17,460974.21,53805.24,52196.71
Scenario 1,923,4,Strong Growth (FOMO),23,TRADING,147460.26,1796286.21,166309.83,264972.46,544513.20,449589.47,290213.27,502672.66,736600.98,941849.89,449581.85,301411.16,1610188.37,20644.75,456309.05,43581.64,314089.26,478231.24,190025.79,48240.68,131401.31,459622.93,356032.33,386435.32,97064.62,118834.85,142100.05,192704.86,107476.92,168080.78,127049.69,158936.54,151670.49,92820.52,155878.56,160919.66,112646.23,1435471.01,19606.48,15487.05,127684.33,221705.08,147.93,1282504.88,3787825.15,31754.07,710921.22,460634.59,53881.42,52235.84
Scenario 1,924,4,Strong Growth (FOMO),24,TRADING,147460.82,1797573.24,166666.60,264650.60,543224.16,449319.87,288668.16,504066.35,735279.63,943912.50,450070.25,301411.71,1610878.79,20690.02,456473.35,43484.25,313666.33,479290.50,189961.23,48205.20,130893.86,460999.03,356705.08,386451.73,97095.34,118972.85,141642.44,192725.86,107262.51,169223.29,126891.88,158814.19,151788.01,92879.87,155764.31,161178.52,112699.48,1434094.97,19579.39,15488.57,127481.77,221291.89,147.33,1283473.16,3785405.24,31749.74,710087.90,459639.49,53778.47,52324.60
Scenario 1,925,4,Strong Growth (FOMO),25,TRADING,147629.70,1792815.56,166287.47,264848.81,543085.29,449691.72,289244.15,503191.21,734277.55,944390.26,450314.56,301248.23,1612378.08,20735.44,458153.68,43420.53,312656.92,479918.85,190183.83,48234.01,130706.81,461116.51,357291.85,386464.37,97151.27,118841.97,142071.57,192452.55,107227.58,169672.20,126931.07,159448.56,151821.02,92826.95,155669.17,161334.24,112721.09,1433970.94,19576.56,15602.25,127328.45,221438.13,147.90,1286953.14,3783231.70,31755.13,709653.00,459810.17,53819.67,52259.37
Scenario 1,926,4,Strong Growth (FOMO),26,TRADING,147770.54,1795872.80,166452.14,264642.51,543513.21,449704.36,288387.28,504358.12,733771.84,945380.43,450576.11,302119.78,1612552.01,20766.47,459151.88,43375.29,312502.40,480820.72,190484.90,48268.82,131000.55,460471.96,358511.87,386145.17,97149.31,118733.61,142251.34,192634.09,107513.34,170482.42,126925.61,159032.21,152013.58,92916.63,155536.15,161765.14,112632.92,1434405.14,19601.08,15653.56,127832.53,221497.40,147.79,1286822.70,3785087.30,31754.93,710837.55,460283.20,53713.39,52249.96
Scenario 1,927,4,Strong Growth (FOMO),27,TRADING,147775.40,1789974.95,166281.55,264606.69,542272.30,449553.75,288184.30,504896.60,735330.25,945440.66,449884.00,302207.34,1614475.35,20828.01,459751.79,43375.34,312701.61,481103.16,190519.01,48265.31,130426.21,460180.36,358566.33,385835.04,97215.03,118481.47,142577.01,192565.46,107371.55,170332.29,126824.43,159078.26,152065.58,92819.45,155370.43,161559.04,112633.99,1434144.45,19586.33,15662.56,127551.27,221676.06,148.67,1289519.09,3793335.58,31781.80,710845.00,460269.95,53746.44,52194.07
Scenario 1,928,4,Strong Growth (FOMO),28,TRADING,147646.72,1789309.72,166162.72,264084.35,541595.15,449429.73,288190.97,505051.09,736418.17,945492.61,449054.44,301330.62,1614319.29,20896.27,459685.30,43366.91,313280.07,479691.08,190270.72,48268.26,130677.73,458911.34,359920.67,386268.53,97027.86,118725.47,142596.07,192572.11,107515.11,170413.97,126971.44,158514.01,152367.10,92703.61,155321.48,160815.11,112652.32,1435178.86,19580.35,15691.93,127552.68,221561.00,148.81,1290940.24,3787517.50,31777.22,710536.60,459362.77,53843.91,52187.58
Scenario 1,929,4,Strong Growth (FOMO),29,TRADING,147437.37,1786216.24,166030.28,264532.84,542066.39,449513.19,287627.62,503594.59,738322.01,948082.94,449679.84,301731.79,1613590.46,20958.46,460694.95,43377.76,313645.08,481278.12,190497.44,48306.34,130437.64,460144.70,360480.78,386233.57,97261.59,118777.77,142773.15,192651.35,107455.25,169558.98,126750.04,158566.11,152281.63,92854.48,155444.55,160207.95,112782.40,1435759.33,19580.68,15746.87,127562.11,221826.80,149.02,1292836.48,3788684.89,31762.95,709890.13,459065.10,53764.85,52215.89
Scenario 1,930,4,Strong Growth (FOMO),30,TRADING,147629.86,1794389.44,165917.08,264951.75,542802.72,450028.70,287859.30,502775.36,738034.42,950101.53,449769.91,301310.58,1613888.72,21019.62,461422.33,43319.08,313656.86,482394.65,190490.71,48353.68,130468.45,461579.25,361072.33,385474.01,97078.11,118820.97,143416.84,192797.77,107374.19,168906.27,126703.42,158405.09,152151.57,93045.99,155623.44,160344.84,112772.20,1436328.55,19574.92,15778.30,127825.82,221478.93,149.43,1292869.90,3793141.52,31747.94,708738.71,459649.28,53612.19,52111.99
Scenario 1,931,4,Strong Growth (FOMO),31,TRADING,147711.30,1792881.78,165569.10,265151.17,542285.94,450413.04,287277.63,503244.46,738161.29,952881.90,449046.99,301291.15,1616670.98,21096.36,462167.83,43295.01,313025.32,483770.42,190652.89,48364.59,130881.22,463107.69,361929.77,385762.93,97076.89,118802.66,143182.76,192797.37,107468.42,167417.53,126799.77,157790.89,151769.82,93142.44,155507.75,160219.14,112855.94,1436930.10,19593.88,15799.61,127578.52,222025.83,150.26,1293904.83,3794665.76,31750.91,709406.01,460076.29,53554.09,52128.94
Scenario 1,932,4,Strong Growth (FOMO),32,TRADING,147791.73,1794157.49,164940.27,264856.68,542010.98,450628.65,287705.15,503163.61,739295.99,954754.31,449463.83,301297.98,1617353.42,21151.76,462819.54,43288.69,313439.18,483138.61,190597.10,48317.11,130906.25,462719.03,362749.70,386011.49,97063.86,118681.71,143137.27,192794.31,107247.09,166326.31,126789.17,157716.53,151676.85,93110.73,155492.35,160390.73,112912.66,1436838.52,19566.58,15854.31,127199.37,221775.46,150.31,1295421.41,3794858.96,31777.47,710790.35,459031.92,53764.14,52197.13
Scenario 1,933,4,Strong Growth (FOMO),33,TRADING,147925.04,1789263.16,164747.98,264914.21,541115.85,450526.71,288080.27,504659.79,741231.11,954452.07,450383.19,301727.91,1617677.10,21224.92,462569.83,43288.58,313517.94,484388.02,190673.42,48341.59,130577.08,462096.67,362293.95,385968.66,97122.71,118178.51,143781.43,192746.17,107248.91,166069.17,126581.66,157817.86,151537.90,93303.91,155561.12,159900.57,112956.36,1437187.83,19555.43,15887.98,126936.02,221499.69,150.67,1295787.70,3788213.91,31786.37,710332.35,458800.42,53953.76,52218.40
Scenario 1,934,4,Strong Growth (FOMO),34,TRADING,148010.63,1789345.30,165107.11,264997.10,541030.97,450670.57,288208.02,503097.30,741514.68,952566.83,450211.54,301339.22,1617909.68,21299.15,462003.96,43282.05,313140.15,485100.95,190459.11,48342.77,130563.73,461118.61,362472.77,386513.18,97074.01,118137.93,143445.18,192821.16,107309.93,165059.03,126432.99,157600.50,151528.13,93381.74,155345.07,160315.85,112922.86,1438402.22,19591.85,15967.88,127032.01,221321.72,151.21,1296019.34,3773381.82,31779.94,710762.46,458369.74,53989.55,52324.40
Scenario 1,935,4,Strong Growth (FOMO),35,TRADING,147729.12,1789918.22,164994.41,265511.73,541279.56,450907.48,287699.65,503002.31,743047.66,953889.47,449929.84,300647.95,1617868.22,21360.09,461541.47,43303.58,312539.29,484791.92,189956.14,48350.84,130854.05,460214.90,362197.11,385661.35,97136.27,117954.78,143719.47,193007.62,107331.64,164257.47,126494.67,157525.83,151569.10,93541.16,155283.95,160444.08,113010.63,1437481.26,19595.70,16046.54,126325.80,220564.02,151.26,1295257.30,3771019.84,31774.55,710291.98,458599.04,53995.68,52202.98
Scenario 1,936,4,Strong Growth (FOMO),36,TRADING,147539.49,1784002.16,164847.32,265905.91,541047.01,451496.04,289041.31,503041.68,743130.72,954952.63,450234.91,301198.68,1617972.79,21394.79,461893.64,43249.94,311151.70,483935.00,189886.25,48397.89,130273.34,461210.38,362407.43,385288.21,97099.81,118195.37,143839.83,192848.95,107084.42,163993.11,126525.52,157670.91,151513.49,93353.01,155524.08,159275.78,113014.89,1438665.75,19601.25,16164.02,125371.43,220142.44,150.85,1297305.61,3778862.03,31759.87,711449.96,457651.30,53822.80,52187.79
Scenario 1,937,4,Strong Growth (FOMO),37,TRADING,147622.69,1783897.71,164671.87,265656.73,540405.11,451891.25,289543.33,504080.19,742270.43,954649.35,451432.76,302373.93,1616815.40,21416.24,462537.92,43192.14,311427.53,483377.44,189814.31,48409.54,130628.39,462046.19,363026.39,385296.69,97209.36,118226.76,143693.54,192728.53,107335.88,163885.76,126457.82,157474.92,151659.26,93328.10,155657.95,159803.93,112952.77,1437082.06,19606.99,16246.02,124940.34,219802.82,150.91,1295233.13,3781140.53,31751.33,713026.54,457945.71,53847.19,52303.61
Scenario 1,938,4,Strong Growth (FOMO),38,TRADING,147589.57,1783021.15,164156.27,266149.81,540955.46,452018.62,289569.91,503776.91,740976.43,954548.32,451342.52,302105.72,1614857.66,21406.49,462672.64,43216.87,311703.96,483165.05,189648.58,48422.61,130347.57,462064.09,364572.41,385565.51,97122.04,117966.61,143924.26,192890.44,107244.65,164137.05,126512.45,157361.93,151784.71,93371.06,155537.80,160597.07,113013.33,1437153.46,19637.32,16311.15,124893.20,219992.14,151.57,1296242.56,3773643.65,31756.05,712945.93,459013.33,53805.12,52213.35
Scenario 1,939,4,Strong Growth (FOMO),39,TRADING,147613.51,1781328.66,164883.33,267247.71,541322.64,451929.17,288875.52,502715.39,740876.27,952198.38,451646.92,301977.07,1618183.47,21403.60,462213.99,43158.96,312348.23,483768.80,189426.29,48472.22,130534.18,462994.38,364945.06,384794.76,97119.16,117818.34,144182.61,192918.89,107308.23,164402.34,126407.40,157517.24,151706.92,93642.38,155711.58,160933.55,113015.90,1439556.92,19660.56,16339.25,124712.29,220451.07,151.57,1293358.19,3778464.64,31756.45,713341.80,459718.78,53726.16,52350.67
Scenario 1,940,4,Strong Growth (FOMO),40,TRADING,147547.82,1773198.97,165113.74,267944.78,540155.95,451215.62,289252.99,502728.29,741617.01,950091.94,451201.55,302732.81,1620943.61,21372.85,461404.23,43165.02,311580.21,482883.31,189485.57,48518.00,130370.95,462640.20,365382.93,384119.48,97046.51,117689.58,144541.38,192751.21,107401.87,164553.49,126437.29,157740.64,151890.71,93595.40,155679.31,160825.27,113120.75,1440654.68,19663.70,16374.87,124628.33,220200.88,152.25,1294280.96,3776295.87,31744.72,713253.54,459224.58,53707.94,52092.20
Scenario 1,941,4,Strong Growth (FOMO),41,TRADING,147742.75,1773904.06,165848.01,269411.84,541018.67,451242.50,289102.13,504329.93,743071.39,949466.22,451205.51,302621.65,1623766.99,21315.42,461169.24,43170.67,312169.91,483284.48,190296.42,48556.96,130264.04,463411.20,364104.88,384077.00,97021.45,117705.05,143987.75,192737.40,107377.15,164084.38,126504.25,157685.20,151931.89,93708.91,155533.30,160903.87,113167.82,1441633.40,19704.01,16363.92,123872.25,219925.99,152.99,1294761.07,3783377.87,31752.23,712911.48,460241.65,53649.76,52171.78
Scenario 1,942,4,Strong Growth (FOMO),42,TRADING,147708.90,1776735.78,165483.07,269852.95,540585.92,451268.59,289819.86,503637.68,742167.67,951971.61,451155.39,302273.65,1622683.49,21247.09,460228.65,43140.09,312346.90,483675.29,190614.97,48627.79,130465.16,463695.35,364065.93,383219.18,96979.26,117947.79,144294.27,192702.45,107349.59,164270.21,126402.74,157406.33,152027.50,93718.07,155683.73,160829.96,113217.63,1443291.25,19701.41,16328.02,123803.27,219299.99,153.13,1294172.47,3785238.40,31749.19,713437.99,459779.29,53570.09,52363.43
Scenario 1,943,4,Strong Growth (FOMO),43,TRADING,147784.18,1768701.31,165688.91,270654.17,539343.64,451674.80,290501.98,502381.96,743845.62,954882.07,451260.40,302221.69,1619396.47,21171.22,461546.40,43150.47,312255.77,483632.14,190622.64,48651.02,130993.23,462650.08,364483.06,383018.00,97012.26,117872.56,144015.42,192882.17,107399.89,164773.66,126281.88,157376.97,152381.30,93762.75,155767.48,160948.79,113174.26,1444389.90,19701.65,16298.68,123298.77,218887.48,153.55,1293568.83,3790590.40,31764.86,712879.35,459554.24,53615.56,52460.77
Scenario 1,944,4,Strong Growth (FOMO),44,TRADING,147585.33,1765943.40,165524.22,271552.20,538463.96,452186.17,290350.30,502605.22,745335.52,958689.29,451309.97,303019.40,1619583.69,21073.32,461833.33,43172.37,312140.02,483141.75,190460.32,48724.74,130965.73,461570.51,363383.20,382485.39,97079.68,117798.84,143874.80,192780.89,107524.72,164924.66,126010.28,157447.59,152535.32,93966.32,155704.16,161254.91,113178.60,1444117.94,19700.45,16218.33,123006.86,218733.94,153.62,1293123.71,3798678.44,31741.67,713430.85,459030.16,53697.65,52465.89
Scenario 1,945,4,Strong Growth (FOMO),45,TRADING,147736.54,1766168.71,165909.88,271852.44,539669.47,452388.61,290646.90,501898.06,742964.89,955614.83,450512.25,304116.44,1620328.64,20981.22,459792.45,43125.17,312521.80,481113.95,190288.58,48796.22,131015.10,460588.10,362996.36,382270.87,97027.61,117745.08,144035.66,192758.74,107507.19,165431.18,125975.37,157243.68,152733.86,93995.30,155620.47,160365.37,113164.40,1443915.07,19714.26,16154.78,122539.03,217914.96,153.62,1291206.83,3811824.16,31775.06,714371.33,459578.74,53772.28,52408.15
Scenario 1,946,4,Strong Growth (FOMO),46,TRADING,147707.98,1761870.45,166629.29,272385.92,538878.38,453055.85,290835.28,502753.70,742150.88,955206.73,449816.37,305297.79,1619915.10,20904.64,460861.04,43132.88,313076.96,483156.96,189698.61,48912.68,131053.30,461639.77,362237.97,382230.78,97036.42,117853.77,144215.04,192772.54,107539.73,165253.13,125925.04,157265.53,153036.99,94248.59,155793.82,161062.69,113090.91,1444943.71,19730.46,16095.87,122273.74,217225.29,153.98,1291297.44,3818012.13,31759.71,713903.92,459715.89,53919.46,52400.44
Scenario 1,947,4,Strong Growth (FOMO),47,TRADING,147511.91,1757076.66,166731.87,272209.83,539309.81,452892.23,290812.55,502865.60,743345.83,953861.87,449656.38,306344.64,1617846.36,20827.30,460843.07,43155.93,312889.14,482724.11,189352.96,49067.53,130831.24,459469.53,362298.37,381788.19,97063.60,117690.78,143791.77,192825.63,107767.33,165493.47,125844.72,157435.54,153073.42,94584.22,155750.03,160668.86,113169.31,1444322.96,19752.74,15996.65,122930.20,216533.23,153.76,1287377.72,3823029.00,31766.12,713448.16,460133.59,54058.33,52534.73
Scenario 1,948,4,Strong Growth (FOMO),48,TRADING,147481.80,1758127.41,167534.76,272120.00,539364.20,452553.75,290902.76,501959.46,741971.86,956689.49,449299.70,305876.66,1614655.07,20749.28,460864.41,43095.40,312096.05,482369.12,189066.31,49250.93,130921.34,459748.28,362392.29,381010.97,97098.70,117704.86,144044.83,192807.25,107654.26,165137.57,125805.30,157513.56,153391.71,94651.70,155577.93,160410.70,113286.89,1441681.87,19739.61,15965.60,122907.06,216843.00,153.47,1287425.92,3839687.47,31779.12,712867.44,459524.91,54114.42,52543.34
Scenario 1,949,4,Strong Growth (FOMO),49,TRADING,147626.86,1768585.61,167743.11,272355.37,539249.02,452945.55,291270.84,503017.80,739964.63,954999.37,449202.30,305620.47,1615837.29,20700.08,461332.91,43074.27,311467.79,481939.09,188996.60,49447.17,131006.60,459909.47,364749.64,380584.95,97080.61,117651.69,143956.44,192724.78,107423.07,164824.00,125764.95,157308.91,153715.38,94873.90,155564.87,160537.55,113349.60,1440193.38,19719.63,15880.00,123066.43,216396.85,153.40,1286431.21,3838701.01,31789.84,711754.54,459696.20,54161.51,52471.95
Scenario 1,950,4,Strong Growth (FOMO),50,TRADING,147716.39,1771551.07,168556.78,271741.63,538826.42,452928.48,290618.89,503033.55,739140.22,954527.25,449207.19,305964.71,1616187.57,20647.96,462615.23,43087.19,311481.04,481821.80,188726.39,49660.65,130521.85,459074.16,362734.98,379349.61,97182.41,117614.04,143914.62,192863.80,107238.27,164949.19,125730.29,157312.97,153899.80,95227.76,155485.18,159872.97,113441.72,1440628.11,19708.11,15850.64,122959.47,215510.37,153.12,1284784.25,3851231.54,31800.01,712305.56,458943.58,54203.47,52491.07
Scenario 1,951,4,Strong Growth (FOMO),51,TRADING,147778.11,1772456.89,169202.63,271196.43,538134.05,453247.88,291385.96,503185.96,738961.39,953576.33,450359.27,306353.42,1619028.27,20575.72,462621.18,43057.52,311202.80,481739.95,188161.65,49819.91,130201.25,459404.91,362816.53,379336.55,97340.39,117539.96,143897.84,192921.67,107311.97,164601.46,125517.35,157298.02,154058.41,95469.77,155438.84,160507.51,113507.38,1440521.06,19680.81,15795.22,123144.81,215134.36,153.45,1285491.68,3853243.36,31801.48,713052.72,459964.63,54266.15,52552.23
Scenario 1,952,4,Strong Growth (FOMO),52,TRADING,147621.59,1769250.12,168695.06,270070.96,538474.77,453247.52,290451.53,502303.98,739452.77,953374.19,450027.58,305552.45,1622289.15,20535.79,463397.34,43054.88,311102.88,481773.37,187959.49,50038.21,130221.30,460159.39,363543.88,379114.57,97267.28,117223.84,143576.29,193015.46,107203.15,164678.08,125515.90,157249.90,154199.67,95694.04,155411.37,160703.17,113557.21,1441888.75,19625.09,15787.71,123672.47,214542.49,153.07,1283715.95,3859187.78,31798.58,712395.81,458928.80,54279.63,52517.79
Scenario 1,953,4,Strong Growth (FOMO),53,TRADING,147556.93,1762992.70,169429.69,269159.09,537223.39,453055.39,289774.29,500416.37,738712.33,952978.62,450058.43,306240.62,1620604.57,20501.10,464229.78,43019.75,311133.23,481898.87,187221.60,50281.07,130054.02,460295.46,362870.02,378855.08,97257.32,117078.12,143445.23,193087.75,107317.30,164459.71,125397.97,157403.38,154531.56,95635.06,155418.32,161026.51,113470.43,1441120.67,19617.56,15767.84,123346.17,213334.56,152.65,1279815.28,3867810.90,31786.82,713322.54,459668.84,54151.09,52560.65
Scenario 1,954,4,Strong Growth (FOMO),54,TRADING,147587.37,1755244.49,169901.27,268593.82,537871.75,453789.89,290119.31,499916.13,739977.77,954968.54,450685.83,306380.17,1621921.65,20480.45,464498.85,43091.66,311334.02,482857.25,186843.46,50418.92,130776.04,458614.83,362117.04,377960.10,97218.77,117223.54,143326.38,193273.58,107256.84,164144.71,125221.11,158194.37,154599.94,95868.25,155237.38,161721.11,113365.89,1439964.74,19607.19,15739.20,123214.51,212738.41,152.85,1279627.56,3871490.65,31806.87,713553.03,458659.04,54022.55,52542.82
Scenario 1,955,4,Strong Growth (FOMO),55,TRADING,147872.60,1754559.00,169974.77,267422.39,537659.42,454451.99,290431.39,499540.55,740408.32,954824.04,450637.67,306725.41,1620398.57,20446.52,464915.56,43069.05,311687.47,482267.49,186466.39,50580.67,131076.38,460701.77,361805.48,377409.94,97214.89,117260.27,143505.65,193324.35,107357.40,164000.16,124896.52,158952.90,154860.24,96066.37,155402.64,161518.35,113430.04,1440836.00,19588.20,15668.98,123324.86,212202.10,152.43,1280567.88,3872261.88,31801.60,712544.72,458006.79,53809.49,52489.96
Scenario 1,956,4,Strong Growth (FOMO),56,TRADING,147820.52,1752491.67,170291.80,267511.05,538510.38,455563.19,291003.19,499447.33,739271.89,956253.05,450715.26,306599.29,1621646.06,20420.28,465360.17,43149.68,311515.54,484122.09,185808.84,50765.69,131293.74,461381.53,359957.82,376482.40,97276.57,117268.17,143488.86,193070.34,107172.51,163969.10,124711.13,158890.07,155148.93,96285.08,155469.46,160922.69,113338.12,1438924.22,19593.87,15652.00,122847.00,212112.69,152.74,1280366.65,3874444.18,31756.96,711884.24,459007.98,53910.17,52476.32
Scenario 1,957,4,Strong Growth (FOMO),57,TRADING,147651.77,1751620.60,170341.66,267525.93,538266.69,457376.25,291092.69,498932.53,739122.24,954303.85,451887.85,307539.25,1622727.79,20432.07,465672.44,43211.88,311657.80,483850.32,185023.83,50946.83,131001.48,459802.29,359749.98,375285.24,97219.55,117448.38,143444.94,192926.86,107025.31,163998.78,124571.44,159204.44,155440.39,96659.21,155477.88,161199.42,113346.48,1439284.57,19561.37,15672.84,123373.96,211351.83,153.23,1282288.36,3868665.69,31739.90,712492.89,459308.77,53878.13,52728.54
Scenario 1,958,4,Strong Growth (FOMO),58,TRADING,147621.67,1752983.36,170662.52,267581.93,538157.94,460378.32,291043.55,499337.47,739439.90,953567.46,451882.36,307619.13,1621747.56,20398.48,465580.23,43301.90,311323.10,483710.01,184096.64,51158.55,131544.57,458181.11,360226.34,374731.73,97157.84,117360.75,143497.50,192943.94,107201.72,163438.86,124430.33,159404.76,155585.97,96826.63,155531.54,161312.71,113340.60,1439055.96,19530.14,15618.02,123386.97,210689.70,153.99,1284524.96,3870156.15,31753.06,712844.24,459752.78,53798.30,52619.27
Scenario 1,959,4,Strong Growth (FOMO),59,TRADING,147885.24,1751841.87,171333.15,267445.16,538356.91,462123.19,291329.72,497993.53,739302.10,954257.55,452155.03,307615.42,1624006.41,20380.76,466685.06,43382.20,312614.59,484282.19,183055.21,51326.07,131132.58,457734.14,360184.26,373993.82,97123.98,117480.84,143886.22,192958.03,107458.78,163901.98,124199.62,159147.30,155855.04,97071.15,155339.82,161655.88,113256.02,1439118.46,19527.13,15608.14,123396.90,210687.33,154.23,1282234.01,3861760.16,31749.80,714953.69,460272.73,53698.69,52595.36
Scenario 1,960,4,Strong Growth (FOMO),60,TRADING,147963.78,1755198.26,172066.02,267254.87,538002.89,463881.88,291383.66,496998.83,739181.95,957867.44,452384.21,307467.90,1624976.04,20391.70,467248.85,43415.39,312167.37,483855.24,181531.41,51436.70,131013.40,457604.53,360259.57,373118.68,97162.92,117591.57,143559.64,193217.25,107669.39,164031.87,124110.88,159342.63,155950.20,97273.36,155248.30,161616.67,113313.01,1439905.59,19553.56,15595.21,123255.72,210378.14,154.68,1282345.90,3852791.21,31735.33,715656.76,460350.31,53743.43,52443.29
Scenario 1,961,4,Strong Growth (FOMO),61,TRADING,148141.08,1755202.17,171908.49,267292.15,538148.61,464444.81,291838.63,497019.55,741347.23,959505.84,452049.86,307059.91,1622772.25,20412.62,467352.46,43543.26,311847.28,484911.26,180348.54,51504.28,130740.80,458887.90,360296.13,372488.86,96990.71,117493.77,143058.33,193252.86,107385.70,163962.96,123947.63,159287.94,156194.42,97257.18,155149.23,162034.63,113229.72,1437798.03,19555.99,15600.68,123050.41,210199.63,153.93,1283522.65,3851604.39,31707.15,717556.32,460094.32,53769.74,52295.27
Scenario 1,962,4,Strong Growth (FOMO),62,TRADING,148248.88,1751416.49,172065.13,266868.69,537668.33,464090.70,291585.84,496595.71,740387.87,960236.05,451272.11,307632.44,1624708.24,20396.02,467058.31,43725.08,312502.20,484813.46,179083.54,51636.08,130896.57,460747.08,359016.56,372974.21,96916.10,117261.85,143378.83,193181.03,107653.70,163707.40,123753.89,159885.31,156084.23,97242.45,155242.81,162066.24,113170.56,1438549.85,19549.70,15613.98,123170.59,210015.85,153.58,1282020.58,3846390.32,31689.64,719114.59,460647.28,53719.10,52279.52
Scenario 1,963,4,Strong Growth (FOMO),63,TRADING,148298.42,1743452.69,172957.02,267440.98,537963.44,462861.80,292429.72,495041.25,740307.86,959153.49,450647.84,307572.48,1627471.99,20392.22,465635.86,43961.99,312835.30,485357.63,177703.96,51645.51,130913.79,461814.91,359577.50,372432.32,96811.41,117191.07,142790.68,193327.17,107811.55,163994.19,123588.45,159627.95,155980.69,97613.72,155167.34,161914.42,113233.31,1440039.07,19487.63,15610.79,123020.67,211006.53,153.61,1283863.78,3831661.48,31709.55,721306.34,461178.78,53810.56,52489.71
Scenario 1,964,4,Strong Growth (FOMO),64,TRADING,148269.15,1748115.53,173862.05,267514.20,537725.60,461495.03,293003.72,494323.10,740941.11,956361.09,450903.21,307424.25,1623934.89,20387.78,465326.45,44137.55,312385.59,485423.81,176190.78,51702.66,130225.63,461699.18,359906.92,372422.29,96792.01,117286.19,143106.48,193431.03,107859.15,163987.42,123459.65,159328.41,156160.21,97496.50,155065.03,162581.76,113196.10,1440980.89,19453.79,15676.64,122747.65,211620.37,154.08,1286286.61,3817643.74,31683.30,723091.65,462026.48,53770.57,52367.14
Scenario 1,965,4,Strong Growth (FOMO),65,TRADING,148123.68,1747487.93,174449.46,268130.52,537872.90,459549.10,292482.98,493988.06,741627.67,958774.73,450870.47,307390.73,1620415.77,20396.83,464777.72,44305.50,312403.83,484590.09,175079.39,51680.74,130943.43,459824.45,359526.15,371591.49,96885.15,117198.53,143598.72,193358.08,107946.78,164542.09,123427.74,159560.88,155898.15,97336.09,154995.09,162499.51,113259.02,1441685.30,19466.37,15651.88,123047.33,211806.07,153.53,1287190.54,3811522.75,31656.10,724902.13,462377.18,53748.14,52479.05
Scenario 1,966,4,Strong Growth (FOMO),66,TRADING,148060.80,1746783.38,174881.79,268073.31,537703.08,457308.93,292449.75,494205.39,742305.44,959921.57,451043.98,307425.46,1620929.25,20372.74,465194.71,44516.27,313063.46,484282.71,173915.73,51608.68,130655.42,459385.61,358752.32,371563.36,96905.87,117188.67,143746.44,193534.76,108015.52,164298.43,123492.75,159190.07,155868.52,97177.15,155079.81,162371.23,113237.41,1439893.58,19472.53,15698.96,122986.36,212983.66,153.54,1286008.19,3802233.86,31674.12,726126.32,462985.10,53701.45,52561.64
Scenario 1,967,4,Strong Growth (FOMO),67,TRADING,147885.25,1737794.72,175730.75,267884.36,537214.24,456582.97,292157.58,493855.48,741750.72,957640.59,452045.07,307219.14,1623773.22,20375.10,465562.27,44779.74,312825.30,484732.11,172866.69,51546.61,130579.33,458700.07,359159.48,371252.73,96836.53,117323.97,143922.16,193377.16,107999.29,164755.12,123461.75,159207.15,155504.84,97089.74,155020.90,161659.27,113281.02,1440352.28,19471.14,15695.26,122841.27,214075.36,154.16,1285791.20,3806307.08,31656.16,727698.03,463040.15,53651.80,52678.07
Scenario 1,968,4,Strong Growth (FOMO),68,TRADING,147828.11,1737163.55,176784.82,268369.63,536734.06,455413.67,292896.74,493586.36,742419.12,958884.10,452366.79,307365.16,1620546.82,20377.96,465299.84,45099.81,311986.26,485072.27,172234.60,51525.62,130642.68,458197.64,360983.45,371520.35,96894.52,117321.44,144309.41,193547.38,108024.41,164821.08,123121.72,159335.23,155262.95,96866.48,155118.92,161052.42,113191.83,1438845.21,19471.00,15696.82,122346.75,215138.43,154.96,1287126.18,3810583.29,31665.21,729401.95,463481.55,53730.59,52683.81
Scenario 1,969,4,Strong Growth (FOMO),69,TRADING,147899.46,1738060.74,177513.12,267901.29,537030.70,454389.75,293335.71,493476.90,741696.72,964390.12,452240.25,307959.62,1621528.38,20374.39,465307.48,45411.95,312435.73,485445.04,171425.95,51436.37,131416.53,457689.23,361253.24,371290.29,96876.74,117313.10,144217.74,193425.90,108052.08,164698.06,122933.59,158982.92,154898.31,96771.27,155121.11,161990.81,113190.81,1441643.58,19443.12,15719.32,122247.28,215855.91,154.98,1287697.65,3804659.20,31672.99,731329.04,464244.01,53791.16,52416.08
Scenario 1,970,4,Strong Growth (FOMO),70,TRADING,148131.87,1738102.63,178589.35,267706.05,536334.20,453223.26,292875.21,493637.12,741874.99,961787.37,452114.24,308211.01,1622529.67,20375.02,464936.98,45752.21,312847.83,484750.86,170704.20,51366.74,131484.65,457195.61,361414.27,371829.55,96884.16,117449.41,143647.82,193182.71,108014.42,164876.04,122801.43,158938.58,154605.54,96611.49,155122.29,162064.63,113166.94,1442121.14,19398.01,15746.80,122567.42,217588.28,154.94,1290644.53,3797923.76,31651.56,732832.68,464579.36,53810.73,52353.06
Scenario 1,971,4,Strong Growth (FOMO),71,TRADING,148171.08,1739704.19,179443.61,267949.78,536772.87,452803.74,293223.91,494048.17,742636.79,963155.89,451670.69,308007.12,1621131.92,20391.37,466110.64,46068.43,313031.97,484656.84,169846.05,51235.16,132131.96,457604.55,361601.40,371023.54,96912.63,117384.91,144079.17,192964.58,108074.10,164548.20,122818.06,159069.78,154480.48,96470.20,155381.92,161624.20,113159.93,1443333.20,19374.92,15648.17,122641.91,218799.92,154.85,1291897.28,3802493.50,31638.25,734173.24,464290.24,53696.55,52236.33
Scenario 1,972,4,Strong Growth (FOMO),72,TRADING,148092.58,1750381.05,180718.41,268269.14,536680.86,452860.56,294189.25,494155.87,743292.58,968449.65,451719.98,307452.99,1620346.58,20386.46,466543.70,46470.73,312332.82,483981.51,169436.37,51148.45,132125.98,458577.20,359856.54,370808.84,96959.79,117171.87,143827.40,192782.04,108182.88,164238.15,122814.54,159393.01,154369.11,96266.52,155757.86,162030.13,112942.26,1443282.30,19341.25,15679.44,123279.61,219157.93,155.09,1290838.17,3784765.54,31638.53,735275.21,464544.30,53718.94,52195.42
Scenario 1,973,4,Strong Growth (FOMO),73,TRADING,148001.00,1749758.14,181251.54,268408.01,536156.98,452094.59,295339.92,493799.88,744911.34,969445.89,452284.98,308289.00,1619633.37,20381.33,466975.32,46782.51,311922.26,483747.04,169250.76,51139.98,131377.30,456524.48,360171.15,370057.41,96929.84,117148.14,144156.91,192841.15,108199.43,163975.58,122912.06,158904.30,154063.84,96016.45,155917.44,161917.33,112887.36,1441598.42,19293.83,15691.03,123921.99,219354.02,155.39,1288318.80,3783126.05,31674.23,735037.60,464012.23,53626.30,52196.06
Scenario 1,974,4,Strong Growth (FOMO),74,TRADING,147815.35,1750200.45,181381.68,267990.02,535363.09,451773.33,295394.80,493382.15,745031.61,965567.67,451312.08,308444.20,1620721.01,20359.23,467277.60,47163.38,311608.95,484047.38,169265.82,51126.72,131112.52,454917.13,360330.00,369001.33,96973.68,117507.66,144606.20,192784.01,108224.61,163667.02,122851.57,159008.92,153569.94,95575.23,156181.31,161856.32,112879.44,1443135.36,19301.78,15753.92,124219.37,220417.35,155.77,1289086.19,3781268.59,31674.11,736262.31,463880.52,53767.43,52334.35
Scenario 1,975,4,Strong Growth (FOMO),75,TRADING,147895.67,1747426.40,181964.26,267463.31,535249.60,451912.98,295436.96,494309.92,745549.15,967573.83,452032.04,308088.73,1621447.45,20361.69,465650.00,47593.20,311606.07,484940.69,169661.67,51044.55,131341.66,454983.67,361006.46,367942.30,96951.98,117456.35,144553.15,192781.63,108304.22,163698.04,122981.49,159188.43,153523.55,95454.35,156323.28,162796.16,112772.63,1442724.20,19241.03,15792.62,124506.32,221044.62,155.77,1286939.55,3778777.91,31714.61,736211.82,464672.77,53968.13,52551.82
Scenario 1,976,4,Strong Growth (FOMO),76,TRADING,147982.44,1740139.78,182117.47,267737.42,536809.20,451401.52,295587.10,494540.09,745821.08,966620.36,451589.63,309119.19,1619974.71,20340.02,464986.81,47877.73,312023.37,483388.28,170437.45,51039.95,131603.02,452808.33,362345.13,366417.65,96848.76,117384.48,144818.06,192837.74,108230.81,164020.85,122997.65,158896.28,153366.63,95227.00,156609.03,163268.99,112753.56,1442108.91,19237.90,15762.35,125020.90,221310.29,155.98,1286560.40,3776601.08,31714.51,736753.55,465011.99,53821.04,52617.67
Scenario 1,977,4,Strong Growth (FOMO),77,TRADING,147830.10,1733899.94,182837.27,267948.21,537099.60,450916.69,294842.24,495329.94,747348.24,967508.10,451722.09,308883.49,1622385.64,20334.02,465781.76,48181.56,311619.47,483389.11,171320.54,51093.60,131820.58,452194.97,363604.70,364772.84,96839.09,117304.54,145016.35,192919.94,108151.14,164171.94,123188.79,158703.34,153022.62,94918.11,157017.91,163720.49,112740.90,1442786.98,19288.14,15748.77,125525.66,221691.75,156.51,1288243.27,3772534.88,31727.87,736423.26,465787.48,53944.54,52805.25
Scenario 1,978,4,Strong Growth (FOMO),78,TRADING,147810.71,1738829.03,183308.09,268048.79,537296.18,451672.25,294898.46,495559.74,746627.59,969019.00,451476.84,309063.45,1624906.02,20312.31,466148.94,48468.72,311930.10,483147.01,172377.90,51076.61,132136.33,451798.63,362641.02,363029.76,96822.02,117059.94,145293.24,192951.49,108162.38,164378.98,123505.65,158300.36,152869.41,94772.05,157359.21,162595.04,112568.99,1442923.04,19304.55,15727.73,125178.65,222324.64,156.15,1288711.22,3780660.34,31732.12,736324.79,465941.32,53767.84,52603.83
Scenario 1,979,4,Strong Growth (FOMO),79,TRADING,147622.08,1737783.26,183756.48,268274.82,536858.38,451829.06,295043.71,495475.38,747574.02,970708.42,451073.20,309036.11,1627733.15,20311.71,466427.63,48617.42,311505.20,482626.72,173380.19,51109.99,132114.68,453469.40,363278.48,360535.00,96797.41,117123.68,145149.86,193005.38,107899.05,164631.90,123793.68,158517.44,152569.57,94870.35,157545.97,162564.88,112463.38,1442272.24,19333.60,15726.86,125488.13,222522.31,155.80,1287774.13,3785670.45,31806.70,735569.18,464667.78,53816.91,52597.04
Scenario 1,980,4,Strong Growth (FOMO),80,TRADING,147547.83,1746570.41,183989.66,267811.15,536048.22,451407.73,294198.78,495797.76,747856.96,971669.12,452845.61,310080.70,1626491.89,20317.36,465724.97,48738.25,310873.07,481868.21,174938.63,51145.77,132126.70,452249.90,363922.35,358430.67,96853.10,117427.30,144740.43,193018.58,107995.44,164550.58,123851.71,158309.89,152491.41,94872.82,157750.37,162139.19,112495.32,1442253.58,19376.98,15692.50,125028.93,222447.23,155.58,1288385.88,3790995.76,31845.33,736050.38,464921.98,53735.98,52630.27
Scenario 1,981,4,Strong Growth (FOMO),81,TRADING,147260.82,1745808.72,184751.25,268468.61,536242.17,450500.36,294605.79,497826.87,747841.18,970725.24,453000.74,309003.61,1622770.70,20346.95,466299.96,48799.52,310022.31,482607.27,176088.62,51183.71,131925.21,453362.05,363534.84,355537.80,96810.14,117179.98,144924.92,192922.37,107945.08,164282.08,123856.47,158264.28,152145.51,94733.82,157938.66,162423.18,112559.28,1440396.38,19408.77,15677.95,125111.84,223088.26,155.25,1286973.19,3795751.04,31888.94,734506.75,464506.97,53740.66,52655.45
Scenario 1,982,4,Strong Growth (FOMO),82,TRADING,147326.07,1747158.06,184956.44,268276.57,537005.89,451134.45,295327.73,499578.67,749321.55,969689.50,453452.16,309176.73,1622864.24,20353.41,466912.54,48822.37,309252.42,482188.45,178055.51,51189.84,131475.61,454129.73,363309.27,352308.99,96888.93,117370.42,145285.88,193049.47,107838.33,164066.52,123939.68,158504.47,151975.91,94463.52,157937.88,162469.79,112494.80,1440257.42,19409.65,15620.49,124713.79,222810.93,155.08,1286559.03,3806893.32,31953.39,732600.76,463763.25,53711.22,52735.57
Scenario 1,983,4,Strong Growth (FOMO),83,TRADING,147563.68,1748354.26,185017.87,267868.94,537956.33,451403.71,295445.72,500714.16,750799.34,968108.13,453654.07,311034.77,1624326.19,20369.02,467235.41,48751.55,308878.69,481536.08,179448.67,51191.82,131941.13,453225.72,364138.67,349353.79,96969.73,117606.42,145726.86,192810.50,108128.36,164248.35,124063.81,158467.68,151854.25,94348.88,157780.80,162168.09,112408.09,1440298.89,19418.85,15645.42,124656.68,223099.70,155.35,1286946.15,3811833.17,32028.88,731324.87,463864.13,53747.88,52890.94
Scenario 1,984,4,Strong Growth (FOMO),84,TRADING,147741.76,1751155.19,185286.00,267791.72,537118.16,451069.64,296360.55,501363.79,751849.91,968695.65,454112.96,311793.21,1622747.16,20362.53,467411.47,48636.53,308284.62,482123.67,180879.97,51203.18,132156.60,453168.71,361635.93,345670.05,96787.31,117783.85,145773.80,192809.14,108484.59,164245.87,124120.36,158630.29,151827.72,94117.53,157794.96,162459.58,112352.71,1440737.66,19439.75,15662.62,124376.17,222736.28,156.11,1286326.01,3806909.24,32100.60,729391.33,463801.48,53721.70,52910.31
Scenario 1,985,4,Strong Growth (FOMO),85,TRADING,148089.01,1743717.62,185095.55,267499.31,537768.55,450514.81,295964.81,499906.75,751871.87,971393.36,453631.79,311016.54,1619661.97,20389.59,468061.01,48522.74,308595.01,481393.72,181896.18,51183.46,131748.49,453922.16,360621.26,341521.17,96710.59,117865.87,146120.09,192814.68,108533.90,164323.66,124146.67,159158.61,151658.71,94034.65,157659.68,162812.99,112475.09,1439915.17,19504.77,15625.72,124436.55,222645.50,156.33,1284110.53,3801399.75,32140.37,727590.05,464058.41,53843.19,52801.02
Scenario 1,986,4,Strong Growth (FOMO),86,TRADING,148068.77,1737351.10,185207.94,267528.28,537915.14,450663.78,296974.49,499167.36,751794.47,972329.63,452946.07,311000.85,1619037.45,20414.30,467807.83,48348.23,310043.22,483131.65,183285.26,51229.32,131553.03,453212.14,361336.97,337499.22,96632.44,118276.39,145759.32,192612.13,108618.54,163873.02,123918.36,159724.71,151604.48,94188.81,157402.93,163531.42,112500.06,1440900.29,19511.42,15694.39,123996.27,222241.01,156.43,1285436.67,3792181.09,32225.48,726850.47,464060.19,53787.45,52926.12
Scenario 1,987,4,Strong Growth (FOMO),87,TRADING,147807.82,1740129.45,185443.37,266823.07,536856.71,450203.61,296458.07,498676.93,752305.57,973383.82,452285.48,310261.20,1617773.18,20425.71,468111.79,48116.01,310235.91,484065.86,184109.59,51183.99,131553.73,453395.20,361726.24,333648.78,96672.14,118484.22,145658.45,192744.56,108695.26,163838.74,123793.54,159381.99,151195.04,94047.03,157271.03,163133.74,112639.64,1440523.57,19499.40,15663.46,124108.57,222102.78,156.53,1285138.05,3801119.11,32329.94,725475.89,463295.44,53629.14,52766.58
Scenario 1,988,4,Strong Growth (FOMO),88,TRADING,147847.18,1742339.21,185674.87,267049.64,536607.73,450176.12,296565.84,497601.09,751422.19,972322.40,451883.56,309578.71,1614063.60,20423.70,468818.11,47849.25,309597.04,484656.91,185125.59,51226.74,131958.78,454230.17,362401.82,330124.91,96707.26,118665.75,145181.14,192821.94,108825.80,163721.16,123629.46,159275.91,151530.45,93910.68,156985.24,162366.89,112630.30,1440457.65,19487.88,15595.03,124193.36,222041.44,156.48,1283872.48,3801239.01,32457.54,723300.52,465162.73,53637.59,52696.01
Scenario 1,989,4,Strong Growth (FOMO),89,TRADING,147891.68,1745553.53,185827.35,267376.63,536694.21,449825.53,296172.64,496289.93,749938.42,971505.54,451969.98,309295.66,1615017.04,20418.03,468771.67,47552.58,309915.25,483959.91,186270.48,51178.80,131432.71,452528.53,361311.45,328090.55,96657.89,119326.07,144765.47,192702.22,108917.31,163680.69,123418.24,159520.90,151495.83,94114.68,156560.42,162806.47,112690.66,1440655.59,19490.94,15537.18,123811.90,221952.08,156.72,1282306.29,3807923.58,32589.77,722898.93,464450.29,53728.82,52627.06
Scenario 1,990,4,Strong Growth (FOMO),90,TRADING,147887.74,1746316.23,185462.32,267399.50,536324.49,450231.20,297101.33,495282.24,750410.32,969589.63,451638.95,309107.47,1615013.52,20448.75,468467.19,47188.90,310512.57,484605.97,187219.64,51194.48,132026.03,453038.81,362251.69,325544.72,96599.36,119800.18,144607.49,192799.33,109006.98,164038.10,123096.63,159638.74,151332.09,94216.56,156289.43,161706.26,112779.43,1440794.58,19469.29,15564.78,123528.65,222381.98,156.42,1283573.60,3807246.94,32717.91,721394.87,464664.97,53677.07,52564.70
Scenario 1,991,4,Strong Growth (FOMO),91,TRADING,148165.44,1732499.39,185415.71,267261.53,536601.95,450705.56,297599.21,495571.55,751632.29,974014.74,452164.03,309285.79,1617141.44,20477.29,467943.01,46902.85,310246.53,484748.84,188263.96,51183.98,131515.71,450791.51,362296.49,324577.24,96529.79,120289.22,144492.14,192946.31,109010.14,164167.54,123063.14,159800.50,151053.00,94108.76,155870.36,163088.22,112846.26,1439366.63,19456.62,15595.26,123580.20,222711.31,156.92,1280113.33,3798486.81,32890.25,718954.91,464595.09,53758.21,52537.23
Scenario 1,992,4,Strong Growth (FOMO),92,TRADING,147841.89,1732004.64,184946.16,266917.55,538316.95,449766.28,297674.45,496248.24,751958.35,975111.03,452059.38,309170.74,1615362.15,20507.22,468601.65,46671.42,310038.05,484441.60,189084.51,51170.92,131294.03,450814.72,362634.56,323993.09,96416.49,120778.73,143659.15,193139.81,108854.11,164209.47,122965.80,159528.94,151078.00,94085.00,155746.60,164446.64,112882.28,1439130.10,19466.64,15568.66,123508.42,222617.85,156.67,1280841.08,3802588.40,33070.33,717910.05,465018.31,53456.65,52426.61
Scenario 1,993,4,Strong Growth (FOMO),93,TRADING,147932.94,1739835.55,184395.18,266601.74,538739.94,450561.10,298503.62,496678.09,752759.38,976199.76,452208.02,308604.91,1614200.04,20516.77,468572.64,46479.23,309871.92,485206.95,189824.81,51127.36,131744.98,450555.27,362767.15,324088.94,96383.11,121461.35,143457.84,192971.57,108518.79,163895.90,123149.51,159521.44,150859.77,93965.82,155590.68,165108.26,112877.73,1438841.95,19473.67,15596.79,124249.29,222879.82,157.12,1281930.21,3800659.30,33291.97,717303.12,464615.99,53534.32,52418.90
Scenario 1,994,4,Strong Growth (FOMO),94,TRADING,147871.98,1733815.58,184132.23,267070.60,539153.74,451050.06,298034.98,497287.39,752566.87,975630.85,452510.45,308913.66,1612775.16,20557.28,468728.81,46178.57,309761.41,484739.91,190407.46,51097.85,131264.82,449910.42,363904.93,325356.75,96296.52,122394.93,143715.10,192931.43,108510.38,163641.58,123510.21,159303.21,150952.85,93976.88,155654.21,164122.95,112872.57,1439453.12,19441.01,15590.62,123846.82,222582.40,157.10,1282175.09,3790620.02,33525.23,716190.63,464745.67,53569.65,52311.29
Scenario 1,995,4,Strong Growth (FOMO),95,TRADING,147894.18,1728509.91,184068.99,267717.37,540251.06,451158.83,297830.90,497579.76,753065.25,977666.04,452297.38,308195.94,1609841.36,20525.98,468640.42,45951.84,309769.32,484648.98,191008.89,51045.41,131000.74,451057.82,361886.22,327634.84,96236.20,122813.81,143595.00,192629.02,108529.31,164260.00,123805.81,159129.70,150887.01,94023.97,155614.16,163876.15,112883.23,1440253.63,19430.64,15558.64,124056.53,222730.32,157.36,1282076.31,3791282.41,33764.95,714029.55,464508.82,53592.48,52453.57
Scenario 1,996,4,Strong Growth (FOMO),96,TRADING,147865.80,1731298.85,183471.19,267757.57,540279.32,450810.03,297851.91,499202.23,753173.98,974211.72,451881.21,307238.45,1611225.80,20535.74,467506.56,45703.65,310354.56,484696.53,191184.12,50944.45,130757.84,449116.64,362919.66,330289.05,96280.87,123165.33,143724.95,192524.37,108523.76,164307.76,124109.38,158822.69,150946.35,93859.62,155513.78,165106.29,112869.12,1438734.14,19421.53,15591.53,124238.47,222999.14,158.16,1281058.22,3786457.01,33979.24,712615.09,465383.57,53514.34,52268.00
Scenario 1,997,4,Strong Growth (FOMO),97,TRADING,147815.33,1738299.20,183264.79,267604.83,540740.32,450716.26,297894.12,500241.34,752942.26,978614.18,452403.06,307747.73,1610073.80,20538.66,467591.04,45454.46,311489.84,485300.83,191684.62,50777.75,130450.87,449050.23,363277.01,332947.94,96242.74,124009.16,143500.23,192529.47,108550.31,164603.40,124607.45,159376.71,150725.21,93855.61,155540.42,165663.79,112839.03,1439231.47,19410.30,15589.22,124758.99,223690.37,157.70,1284101.18,3789267.08,34169.49,712428.23,465374.37,53472.83,52515.46
Scenario 1,998,4,Strong Growth (FOMO),98,TRADING,147462.80,1743354.70,182970.52,267937.40,540302.41,451124.06,298247.78,500884.92,752916.41,976056.24,453015.41,307153.39,1614260.20,20536.27,466439.55,45172.11,311934.89,486043.30,192149.46,50608.27,130808.53,450067.87,362387.80,336684.76,96101.92,124776.86,143648.81,192580.42,108483.95,164453.79,124835.22,159619.03,150829.93,93862.45,155357.95,166576.94,112813.77,1439639.03,19356.41,15604.60,124447.01,223491.18,158.63,1281728.84,3784709.16,34365.96,712647.03,465933.89,53640.85,52634.52
Scenario 1,999,4,Strong Growth (FOMO),99,TRADING,147405.63,1744841.52,181862.59,267759.64,539789.93,451268.51,297969.90,501538.96,756137.20,972268.11,452370.35,307162.33,1612443.17,20531.90,466856.99,44990.00,311182.10,484342.12,192714.60,50481.18,130184.55,448893.98,362518.25,339262.45,96053.42,125443.02,143306.87,192458.80,108476.47,164846.71,125039.17,159163.82,150963.64,93894.65,155082.09,166612.66,112734.28,1439607.74,19346.52,15569.45,124275.00,223880.65,158.29,1283338.12,3779891.72,34534.11,712624.18,466898.68,53591.47,52725.57
Scenario 1,1000,4,Strong Growth (FOMO),100,TRADING,147652.18,1750883.32,181348.17,267327.02,540394.87,450457.31,298285.13,501406.22,754970.58,972052.48,451940.51,306523.95,1611082.37,20493.71,466812.21,44825.44,311054.76,485234.17,192984.05,50278.90,129877.07,448151.35,362105.66,341499.93,96188.93,126154.61,143161.94,192336.77,108494.81,164790.27,125266.66,159621.42,150935.21,93968.43,155330.24,166715.99,112702.07,1440685.81,19310.22,15579.11,124654.04,223995.47,157.95,1284990.60,3765555.99,34692.82,712420.38,467695.11,53531.62,52697.04
Scenario 1,1001,4,Strong Growth (FOMO),101,TRADING,147700.93,1748836.45,181533.44,267780.66,540180.39,449794.98,297625.31,501366.65,755053.24,971609.94,452166.74,306099.76,1609994.46,20486.13,467479.33,44673.05,311363.84,486494.91,193246.25,50022.19,129697.62,448326.22,361741.83,345201.06,96257.88,126791.88,143076.41,192226.35,108446.19,165177.50,125368.25,159333.34,151068.87,93920.60,155146.04,168004.31,112631.66,1440794.36,19296.29,15538.39,124606.47,223596.91,157.99,1287670.23,3763548.52,34823.05,712033.93,467710.09,53613.04,52598.67
Scenario 1,1002,4,Strong Growth (FOMO),102,TRADING,147724.04,1746850.75,181509.59,267870.04,539424.99,449881.66,297912.85,501664.79,755083.96,971293.14,451348.48,305237.13,1614018.22,20462.75,467294.04,44540.72,311112.05,486097.17,193952.77,49728.56,129365.39,449556.43,361792.85,347832.40,96212.67,127451.52,143004.61,192481.96,108528.21,164964.15,125269.25,159923.48,151181.62,93967.91,155047.38,167065.62,112578.50,1440210.16,19251.37,15512.60,124221.93,223904.21,158.01,1285177.11,3751595.04,34877.33,713032.88,468795.12,53953.06,52771.56
Scenario 1,1003,4,Strong Growth (FOMO),103,TRADING,147711.16,1746135.62,180694.40,266913.00,538267.01,449247.69,297990.60,501791.93,755212.38,969914.34,451138.67,305552.26,1614658.30,20419.41,468328.68,44456.07,310609.11,485538.27,193949.11,49402.27,129600.63,451050.93,362882.85,349670.14,96258.79,127701.03,143490.65,192531.43,108640.16,165212.09,125381.08,159891.08,151188.63,93785.41,155006.38,166893.27,112571.99,1441259.55,19242.06,15551.40,124041.46,224109.07,157.40,1284585.38,3744642.40,34876.51,713547.13,469815.08,53918.43,52802.15
Scenario 1,1004,4,Strong Growth (FOMO),104,TRADING,147855.85,1749144.77,180208.35,266791.81,537968.77,448757.96,297701.69,502738.92,755346.15,967110.90,451088.62,305174.06,1617511.17,20397.25,467363.90,44323.93,310087.21,484846.00,194376.31,49159.20,129498.01,450089.30,361675.80,351402.11,96247.84,127726.77,144037.13,192442.96,108829.87,165349.06,125402.17,159947.73,151231.59,93791.09,154983.99,167174.92,112562.95,1442818.07,19170.16,15556.69,124861.87,224522.16,156.78,1283551.69,3744784.79,34871.15,714377.10,471604.78,53911.62,53009.07
Scenario 1,1005,4,Strong Growth (FOMO),105,TRADING,147964.73,1751318.34,179923.41,266484.96,537791.02,448387.56,298655.91,503658.60,755621.55,966866.96,450712.33,303995.28,1618766.88,20380.24,466714.25,44299.92,309619.11,485298.34,194531.67,48924.94,129217.45,448014.50,360490.75,353468.06,96061.79,127833.95,144299.81,192473.74,109136.15,165410.39,125451.62,160356.47,151118.91,93795.95,155019.69,167546.17,112683.14,1441565.33,19108.20,15497.10,125038.06,224461.92,157.22,1285614.02,3743186.86,34808.93,714701.24,473144.14,53961.77,52891.54
Scenario 1,1006,4,Strong Growth (FOMO),106,TRADING,148028.54,1760102.27,179517.11,266484.21,537250.89,448011.10,298212.54,502962.11,756355.07,966746.45,451178.98,303713.22,1617779.86,20370.39,467162.49,44251.90,309508.53,485156.60,195216.72,48816.72,129435.07,445454.83,359582.23,354974.60,96062.73,128017.40,144448.37,192394.02,109218.68,165165.73,125422.12,160413.85,150736.63,93816.78,154958.42,167427.20,112729.16,1442996.03,19083.05,15486.58,124863.59,224754.60,157.42,1286981.14,3750223.70,34723.42,714044.84,474783.08,53921.15,53039.72
Scenario 1,1007,4,Strong Growth (FOMO),107,TRADING,147882.32,1764532.58,179237.51,266373.59,536561.96,448478.40,298571.95,501648.57,755382.29,962790.92,451609.28,302719.20,1619604.48,20350.43,467641.10,44162.18,309529.52,483660.34,195346.94,48779.30,129530.68,444966.66,359384.43,356464.41,96025.25,128138.16,144746.51,192559.52,109202.86,165253.70,125379.47,160304.34,150685.53,94031.30,154956.44,167003.13,112716.37,1443578.90,19013.05,15502.13,125046.11,224580.82,157.05,1289297.20,3761859.88,34615.34,712344.61,476159.71,53776.63,53170.72
Scenario 1,1008,4,Strong Growth (FOMO),108,TRADING,148070.93,1772329.18,178885.31,265924.70,536968.02,447717.12,298913.95,502722.91,754024.96,960504.12,451873.28,303257.85,1621349.60,20319.01,467349.21,44050.25,310611.66,484537.28,195334.48,48739.18,129281.16,444679.54,358665.43,357746.89,96031.04,127775.66,145340.54,192707.20,109208.24,165694.51,125435.54,160919.38,150621.56,93972.51,154984.00,167367.07,112807.57,1442655.82,18976.10,15514.18,124692.70,224427.12,157.31,1293443.40,3765298.73,34526.11,713032.80,476867.84,53768.22,53564.70
Scenario 1,1009,4,Strong Growth (FOMO),109,TRADING,148003.96,1771916.78,178300.93,266355.19,537203.00,447553.06,298676.34,501115.79,755001.46,958893.00,452041.75,301567.13,1618988.07,20321.07,467208.81,43980.78,310489.60,484257.41,194982.56,48725.38,129071.32,445270.48,358725.82,358661.35,96062.51,127376.83,145651.93,192692.38,109145.27,165572.17,125440.99,161381.83,150434.24,94012.24,154823.29,167438.52,112731.00,1444007.54,18926.02,15478.67,124661.20,224755.96,157.61,1290937.01,3760275.42,34356.76,712326.34,477253.92,53676.86,53675.03
Scenario 1,1010,4,Strong Growth (FOMO),110,TRADING,148083.19,1772602.17,177525.38,266698.71,537727.84,447297.34,299235.69,501911.77,754232.75,960170.43,452087.99,301210.92,1623869.98,20324.29,466641.40,43946.29,310369.45,483834.64,195023.48,48823.54,128729.19,445099.14,357527.91,359725.10,96140.55,127446.78,145832.46,192852.98,109314.67,165649.14,125470.76,161446.07,150529.58,93904.37,154751.61,167319.83,112584.49,1444138.70,18928.25,15484.30,124423.48,224421.35,157.50,1290403.38,3754464.06,34231.14,711261.56,478745.62,53843.13,53763.99
Scenario 1,1011,4,Strong Growth (FOMO),111,TRADING,147887.17,1775463.85,176965.88,267102.91,538206.86,447988.70,299404.11,502801.50,752784.03,959715.34,453029.05,300924.64,1625134.09,20318.47,467656.50,43880.03,309751.72,482869.90,194704.06,48878.85,128507.24,444047.09,358188.96,361401.91,96161.69,127066.81,146160.36,192740.43,109269.63,165412.25,125551.94,161330.25,150378.53,93898.24,154727.30,167321.62,112635.17,1445322.69,18937.84,15504.96,124435.52,224436.63,157.69,1289473.34,3754943.34,34065.84,711672.07,480425.86,54005.36,54083.56
Scenario 1,1012,4,Strong Growth (FOMO),112,TRADING,147730.34,1778881.25,176393.41,267019.83,537983.94,448194.47,299508.12,503051.95,753682.10,959807.71,452718.56,300755.77,1621035.15,20321.55,466405.38,43836.54,310213.73,482883.51,194961.63,48928.42,128745.11,444239.98,357904.48,362596.20,96041.33,126736.63,146592.11,192658.29,108987.40,164805.67,125548.57,161143.18,150315.11,93733.02,154687.08,167823.08,112591.75,1447000.70,18900.16,15550.58,124056.58,224378.71,158.00,1290942.43,3744785.34,33917.09,710424.14,482364.76,54079.40,54244.12
Scenario 1,1013,4,Strong Growth (FOMO),113,TRADING,147741.63,1782153.97,175791.04,267397.22,537405.66,448352.74,300699.58,501512.71,753925.76,958909.97,452722.96,300555.59,1621427.62,20313.44,467049.11,43741.98,309158.78,482819.69,194683.03,48998.87,128918.75,442983.57,357227.89,363846.88,95907.87,126285.10,146949.17,192601.06,109155.59,165008.77,125669.39,161455.99,150147.67,93642.15,154508.62,168200.86,112622.26,1444871.85,18896.69,15500.67,124066.20,224223.93,158.25,1287697.54,3743629.73,33778.50,710894.61,483926.08,53965.02,54331.17
Scenario 1,1014,4,Strong Growth (FOMO),114,TRADING,147588.91,1786933.94,174759.42,266940.97,537043.04,448187.05,299607.72,500493.68,756358.10,958805.09,452877.16,299843.95,1621139.40,20300.11,466822.10,43722.91,308362.08,482813.87,193948.82,48979.24,128935.10,444646.14,357061.04,365195.63,95957.45,126002.97,146765.29,192617.22,109198.18,165204.39,125730.62,161793.16,150000.45,93636.35,154310.13,167549.80,112594.09,1443826.61,18938.06,15532.48,124976.90,223615.73,157.90,1284720.27,3731435.90,33647.26,710918.19,485483.43,53886.06,54477.17
Scenario 1,1015,4,Strong Growth (FOMO),115,TRADING,147589.87,1794879.19,173495.96,266894.28,537663.05,448406.91,300027.85,500516.95,755406.63,964749.75,453234.94,299316.21,1621645.16,20275.73,466830.41,43675.77,308223.98,482909.06,193611.75,49000.72,128978.87,443327.73,358454.73,366541.71,96116.27,125490.93,146793.08,192816.03,109291.60,165317.61,125627.14,161629.29,149855.36,93799.86,154449.04,167254.22,112448.34,1441860.71,19018.92,15570.16,124907.24,223468.27,157.83,1285099.72,3733675.10,33501.02,710818.61,486834.62,53805.38,54432.71
Scenario 1,1016,4,Strong Growth (FOMO),116,TRADING,147350.75,1806743.91,172854.88,267259.78,535827.03,448773.78,300325.35,499889.19,755874.84,963891.04,452961.89,298505.84,1621492.76,20263.19,467391.12,43632.83,308111.15,483532.65,193006.89,48993.39,129494.29,443261.90,359163.46,367242.28,96142.88,125184.04,146398.24,192743.71,109184.39,165336.89,125664.73,161380.58,149573.64,93713.69,154224.12,167046.80,112422.48,1441983.03,19110.17,15567.45,124892.66,223420.75,158.24,1284394.66,3732848.64,33388.24,712491.86,488712.25,53813.65,54573.07
Scenario 1,1017,4,Strong Growth (FOMO),117,TRADING,147281.15,1818843.61,172011.71,266681.42,536678.01,448620.27,300420.45,500131.84,756101.36,963732.40,453264.56,298118.22,1622287.93,20256.13,467359.31,43562.42,308070.70,484388.29,192074.13,49005.18,129828.06,442799.47,361163.13,368593.35,96115.17,125252.67,146035.49,192713.02,109178.59,165729.14,125731.77,161578.36,149508.77,93726.96,154403.18,166521.92,112401.12,1441517.64,19130.67,15579.49,124827.62,222975.93,157.98,1284360.01,3735910.31,33274.16,711916.44,489652.15,53711.52,54855.38
Scenario 1,1018,4,Strong Growth (FOMO),118,TRADING,147524.84,1821587.53,171424.97,267337.69,536306.94,448187.52,301315.38,499220.16,755138.90,965930.06,453231.63,297543.94,1625752.17,20256.33,468120.59,43544.27,307783.15,484998.80,191130.25,48995.66,129544.16,443120.89,360142.54,369667.45,96185.84,125058.58,146176.16,192716.01,109025.03,165121.08,125735.36,162341.14,149309.03,93589.25,154574.28,166410.96,112306.36,1442421.56,19179.75,15597.41,125353.96,223288.55,157.96,1283325.77,3739779.37,33165.76,711282.81,489830.62,53682.54,55254.58
Scenario 1,1019,4,Strong Growth (FOMO),119,TRADING,147540.48,1817573.56,170735.19,267751.10,536642.38,448488.22,302270.09,497386.80,754498.07,966898.26,453882.49,297366.28,1627420.12,20232.04,468047.32,43523.79,308052.94,487124.60,190018.71,48948.91,129811.04,442785.91,360400.90,370782.95,96226.12,124860.38,146335.17,192491.10,109070.43,165480.21,125813.29,162228.05,149321.91,93721.68,154575.25,166070.60,112356.64,1443097.98,19254.09,15620.15,125239.12,223018.43,157.87,1283890.28,3741457.11,33076.44,710631.23,490043.65,53695.43,55479.57
Scenario 1,1020,4,Strong Growth (FOMO),120,TRADING,147592.26,1811678.15,169256.41,267321.68,536709.05,448098.89,302477.51,497099.78,755051.22,969702.39,454909.15,298421.88,1628484.02,20227.21,467073.72,43504.79,308263.99,489946.60,189303.10,48913.74,129487.82,441241.59,359719.17,371894.69,96160.75,124472.55,146068.99,192441.88,108822.54,165389.68,125800.85,162515.28,149432.85,93617.25,154414.28,165772.07,112340.42,1443923.13,19326.34,15635.83,125609.35,222896.81,157.40,1283714.34,3738098.75,32982.17,710702.97,491026.43,53712.63,55599.17
Scenario 1,1021,4,Strong Growth (FOMO),121,TRADING,147419.11,1813333.91,168167.72,267181.61,535492.25,448674.51,302650.15,497213.04,754451.25,970164.40,454904.47,297692.20,1629922.04,20245.91,467859.76,43440.97,309098.29,494002.27,188583.99,48962.91,129232.49,443008.63,359323.10,373530.54,96107.59,124314.56,146450.77,192284.08,108563.21,165240.83,125854.21,162558.14,149131.70,93518.90,154510.45,165489.66,112317.14,1442555.65,19400.74,15622.17,125278.91,223103.70,156.62,1287448.00,3735390.87,32871.84,709799.00,491205.04,53660.84,55648.62
Scenario 1,1022,4,Strong Growth (FOMO),122,TRADING,147131.02,1807268.61,167865.10,266821.30,536444.69,448997.25,302305.39,497590.40,755773.71,968806.19,455771.31,297793.10,1629707.07,20260.71,466423.35,43394.65,309846.35,496661.34,187793.70,48929.67,129709.54,443849.26,359098.30,374038.99,96060.35,124347.85,146246.28,192232.15,108390.79,165512.38,125793.70,162982.33,149225.07,93271.08,154451.69,165769.60,112265.04,1442592.23,19434.66,15626.67,125299.72,222815.87,155.61,1288595.04,3740351.59,32785.08,708185.98,490444.82,53493.46,55796.09
Scenario 1,1023,4,Strong Growth (FOMO),123,TRADING,147062.60,1814820.85,166957.98,266496.16,536363.07,449124.56,302527.36,497152.51,754626.69,966280.83,456094.90,297676.37,1631421.50,20273.36,467116.26,43462.01,310720.73,498329.97,186424.53,48880.29,129907.97,444202.47,359482.39,374989.47,95965.79,124289.66,146325.76,192238.19,108338.71,165509.13,125823.05,162973.63,149261.99,93076.25,154311.69,166094.15,112342.91,1442711.01,19452.22,15635.01,125283.08,223373.85,155.68,1289520.67,3744320.34,32709.44,707883.16,490120.53,53526.05,56118.13
Scenario 1,1024,4,Strong Growth (FOMO),124,TRADING,146980.53,1814490.35,165934.39,266748.42,536008.26,448892.93,302136.00,497368.11,754457.20,967080.36,456581.90,298487.62,1628703.68,20278.98,467029.93,43401.63,311727.37,499146.99,185487.97,48836.44,129680.01,443176.83,360020.96,376050.38,95962.31,124643.76,146418.61,192150.42,108511.08,165258.54,125830.48,162767.76,149218.82,93054.27,154304.27,165358.42,112363.82,1444516.94,19467.90,15577.53,125201.04,223324.94,156.08,1289461.70,3742316.15,32598.97,707266.86,490124.93,53666.73,56191.44
Scenario 1,1025,4,Strong Growth (FOMO),125,TRADING,146763.59,1821247.83,164830.41,267225.61,536432.87,449018.66,301757.40,497550.65,756221.12,964586.05,456522.00,298939.31,1628735.42,20278.79,466936.44,43415.54,312633.16,498588.02,184458.30,48792.29,129712.96,442373.91,359839.31,376717.08,95959.35,125044.72,146442.78,192219.88,108432.52,165709.18,125826.56,162534.01,149289.52,92972.69,154286.43,165993.21,112300.56,1442895.18,19477.91,15537.20,125053.36,223397.26,156.82,1287995.44,3750743.60,32533.09,707657.95,488500.21,53735.42,56319.73
Scenario 1,1026,4,Strong Growth (FOMO),126,TRADING,146819.83,1830010.68,164391.36,267117.44,536503.89,449022.94,301760.53,497275.77,756825.90,965428.47,456816.16,299233.28,1628604.06,20283.84,466356.55,43390.86,313413.20,498423.25,183091.21,48748.83,130288.51,443728.68,360475.93,377207.46,95888.75,125361.62,146604.03,192247.70,108425.94,165409.56,125798.10,163086.31,149256.59,92875.55,154130.65,166352.74,112304.75,1442539.87,19451.33,15498.09,124903.55,222957.45,156.23,1285840.19,3754461.67,32450.41,706905.42,487809.06,53796.00,56649.70
Scenario 1,1027,4,Strong Growth (FOMO),127,TRADING,146779.09,1829809.11,164136.28,266757.34,536736.43,449209.74,301883.74,497134.84,756617.17,961044.78,456602.76,300650.42,1627760.63,20289.58,467728.27,43313.86,313883.42,496029.08,181426.71,48741.13,130728.86,443433.53,360591.99,377996.72,95844.92,125444.65,146350.52,192305.82,108351.17,165393.53,125842.65,162944.21,149312.29,92870.00,154144.16,165590.62,112378.44,1442551.27,19507.23,15498.14,124695.67,222761.81,156.12,1286575.92,3755974.91,32379.84,707407.18,486201.78,53782.58,56742.88
Scenario 1,1028,4,Strong Growth (FOMO),128,TRADING,146712.00,1833438.18,163837.26,266777.53,537699.07,449758.01,301841.91,498705.13,756402.31,961141.61,455724.09,301094.06,1629014.62,20313.87,467460.93,43285.84,314156.20,493860.53,179735.52,48738.76,130913.93,440940.64,360716.10,378964.03,96075.05,125659.60,146502.92,191997.68,108359.95,165409.37,125832.32,162281.53,149248.42,93016.39,154217.64,165786.69,112455.98,1441647.30,19505.31,15504.90,125085.34,222383.24,156.13,1283695.90,3749234.73,32303.32,707674.37,484660.66,53805.26,56996.85
Scenario 1,1029,4,Strong Growth (FOMO),129,TRADING,146651.03,1842263.05,163786.53,267113.10,538193.13,449658.24,301705.19,498547.16,757900.76,957644.31,454669.14,301934.01,1628262.05,20322.27,468166.55,43302.49,314234.56,492135.47,178055.99,48779.70,130739.95,439787.06,360986.13,379793.54,96110.08,125770.00,146291.78,191579.79,108337.21,166151.01,125810.39,162005.00,149196.05,92978.13,154357.53,165352.91,112464.99,1440582.14,19531.76,15447.51,124759.99,222123.17,156.11,1287746.71,3751212.94,32216.87,707779.48,483266.38,53795.15,56971.82
Scenario 1,1030,4,Strong Growth (FOMO),130,TRADING,146597.18,1843885.40,163400.69,267072.72,538616.76,450454.62,303208.80,497983.87,756716.45,958393.04,453190.68,303393.36,1628533.34,20313.64,468051.22,43255.35,313947.01,488708.23,176647.84,48816.83,130932.99,441041.13,361299.43,380782.78,96056.08,126030.73,146468.91,190875.54,108384.06,165856.91,125999.82,161977.40,149315.36,92965.31,154299.54,165691.42,112570.90,1440890.01,19509.19,15443.20,124409.94,220982.70,155.93,1287812.34,3759343.83,32119.26,707300.45,481069.49,53909.48,57151.77
Scenario 1,1031,4,Strong Growth (FOMO),131,TRADING,146634.93,1849166.30,163542.80,267517.79,539606.20,450411.09,303421.76,496721.07,754130.25,959346.43,452126.95,304278.58,1629108.03,20342.48,469518.16,43197.97,315188.87,486614.68,175328.56,48775.37,130471.57,441779.34,361763.20,381854.21,96093.94,126158.35,146786.86,190265.22,108141.85,165877.14,125903.13,161822.01,149318.38,92917.46,154307.54,165714.04,112598.10,1440930.74,19544.37,15445.46,124617.26,221628.66,156.53,1286304.70,3749303.48,32045.91,707707.28,480235.62,54042.10,57041.49
Scenario 1,1032,4,Strong Growth (FOMO),132,TRADING,146392.14,1852295.54,163057.11,267957.02,540200.91,451206.99,304015.23,497987.40,753066.41,960184.01,451563.25,304267.92,1628633.94,20362.30,467623.10,43182.09,316187.80,485620.14,173777.61,48767.15,130565.98,441348.32,361389.52,381902.96,96007.87,126580.81,146625.28,189718.84,108066.64,165796.44,125900.07,162040.23,148963.46,92916.05,154337.78,165321.31,112586.24,1439634.62,19552.34,15439.89,125003.28,221129.60,156.42,1284639.12,3747295.90,31948.16,707709.51,478561.33,53896.01,57189.96
Scenario 1,1033,4,Strong Growth (FOMO),133,TRADING,146168.22,1861343.39,162498.53,267743.57,541088.13,451617.87,304767.71,496816.72,751903.02,961344.39,450955.06,304573.30,1631422.44,20365.00,466339.79,43225.63,316791.63,483421.24,172753.67,48775.58,131021.16,442045.22,359719.46,382802.43,95993.83,126718.01,146773.91,188976.67,107832.78,165406.79,125979.22,161824.44,148464.98,93014.82,154349.51,165750.62,112567.08,1439922.13,19545.15,15471.24,125578.99,221154.02,156.19,1282786.82,3749266.87,31920.59,708109.44,477704.18,53783.93,57255.51
Scenario 1,1034,4,Strong Growth (FOMO),134,TRADING,146066.01,1867521.87,162261.25,267462.94,541420.81,451337.51,304368.73,497352.31,752027.70,964741.24,451159.37,305494.44,1631299.43,20357.81,465826.18,43191.57,317880.09,482097.38,171132.98,48801.18,131527.67,441686.20,358952.28,383190.41,95976.21,127018.31,146459.55,188126.78,107512.14,165290.32,125805.30,161831.40,148216.37,92958.24,154335.77,165381.48,112655.17,1439781.25,19538.37,15415.68,125939.54,221283.87,155.47,1281036.12,3744921.65,31862.81,708925.89,476037.85,53715.34,57415.74
Scenario 1,1035,4,Strong Growth (FOMO),135,TRADING,146186.26,1873572.39,162162.27,267247.91,542740.90,451515.24,304418.46,496330.72,752088.80,963439.04,450730.84,305872.28,1631178.34,20367.91,467788.62,43174.84,318981.39,482643.88,169815.20,48787.25,131888.41,439667.08,358446.82,384078.89,95815.03,127317.98,146658.58,187282.64,107103.03,165185.10,125826.50,161999.55,148157.91,93067.51,154279.62,165510.59,112762.79,1439366.61,19542.80,15463.76,126159.90,221496.63,155.37,1281782.58,3752682.89,31810.21,708188.89,475301.85,53824.20,57353.04
Scenario 1,1036,4,Strong Growth (FOMO),136,TRADING,146091.31,1878081.77,162325.77,267370.08,543000.80,451740.99,303939.43,494969.19,752602.69,962737.35,450224.34,306931.41,1630792.21,20372.55,468672.56,43171.90,319991.53,482832.30,168215.45,48752.02,132146.36,440363.32,358622.61,385202.50,95798.40,127343.33,146749.68,186208.67,107012.95,165655.78,125841.40,162479.41,147770.50,93138.31,154189.65,165022.82,112693.88,1440143.00,19545.65,15441.89,126231.10,221822.62,155.27,1281999.10,3739442.11,31756.88,708240.27,473624.93,53998.57,57429.50
Scenario 1,1037,4,Strong Growth (FOMO),137,TRADING,145933.68,1885642.33,162513.12,267681.85,544018.16,451923.35,304583.84,494554.87,753134.61,964237.11,449457.60,307249.73,1629335.49,20371.91,468269.49,43134.02,321671.79,482637.16,166492.96,48781.70,132141.91,439805.14,358982.05,385886.33,95834.77,127353.39,146489.09,185345.49,106723.44,165676.50,125895.16,162819.96,147380.01,92910.65,154413.25,164880.52,112712.39,1439424.33,19550.00,15442.66,126369.93,222099.20,155.94,1280163.85,3736207.75,31720.09,706817.60,471140.07,54071.21,57720.72
Scenario 1,1038,4,Strong Growth (FOMO),138,TRADING,145964.83,1886846.10,162253.85,267275.88,543862.31,451577.54,304736.26,493229.18,752561.45,961368.48,449569.80,306919.20,1629511.68,20392.49,468308.84,43141.81,322140.81,482589.72,165111.12,48803.02,131808.49,440272.08,359465.18,386692.75,95763.02,127232.17,146686.48,184516.07,106174.23,165909.01,126001.24,163719.62,147155.47,92963.19,154534.87,164707.64,112704.31,1438128.93,19531.83,15374.03,126650.73,222528.42,155.90,1280968.29,3722151.55,31662.03,706024.42,470214.16,54370.07,57670.83
Scenario 1,1039,4,Strong Growth (FOMO),139,TRADING,145827.68,1888450.04,162054.83,267603.27,544465.60,451200.43,305455.62,493223.81,753188.25,962558.81,450590.10,306766.61,1631322.77,20390.70,469160.70,43109.28,321389.81,483614.51,163899.43,48822.35,132083.01,440481.88,358605.02,386608.08,95667.13,127392.78,146123.34,183383.54,105925.30,165429.83,126107.72,163604.24,147096.26,92979.96,154356.54,166100.79,112612.84,1437802.57,19567.61,15385.23,125810.55,222629.15,155.98,1277570.14,3725939.15,31572.33,706213.85,468828.79,54319.45,57667.36
Scenario 1,1040,4,Strong Growth (FOMO),140,TRADING,145582.30,1885106.47,162407.26,267068.85,545413.45,451100.29,306311.01,494558.22,753593.31,960410.69,451202.24,307156.60,1629894.49,20373.03,469838.80,43098.75,321217.68,483562.48,163000.29,48937.11,132761.67,442208.67,358348.25,387165.28,95556.85,127558.06,145867.87,182395.93,105767.57,166161.66,126251.66,163744.17,147327.26,92819.39,154385.12,166740.99,112653.53,1436131.93,19601.63,15344.03,125757.96,222727.95,156.19,1278660.72,3729451.03,31539.45,706660.65,466855.92,53914.72,57355.59
Scenario 1,1041,4,Strong Growth (FOMO),141,TRADING,145745.21,1895005.84,162267.95,267036.46,546917.03,451003.45,305710.01,492502.71,751621.92,958629.22,451453.54,307943.14,1630962.67,20365.58,469451.10,43046.55,319581.08,482465.68,162627.31,48974.09,132524.68,442914.88,358055.97,386892.95,95630.37,127649.07,146075.21,181645.92,105309.08,166495.28,126274.93,163729.67,147579.71,92894.23,154423.73,166806.37,112741.74,1437001.21,19599.01,15370.94,125175.35,222974.14,155.92,1277243.28,3731345.42,31483.36,707327.94,466356.66,54285.56,57292.69
Scenario 1,1042,4,Strong Growth (FOMO),142,TRADING,145907.28,1891676.88,162153.04,267094.21,547282.37,450907.79,306712.51,493272.70,752108.63,959298.02,451288.48,308164.68,1629389.37,20380.87,468485.26,43010.04,318466.40,482906.61,162048.68,49088.93,132240.64,444162.46,358491.82,386938.31,95616.97,127432.49,145730.76,180632.92,105111.64,166537.54,126336.16,163308.77,147829.99,92897.26,154324.98,166195.51,112702.88,1437917.22,19560.52,15357.19,124980.80,222955.58,155.62,1276416.14,3728546.92,31412.04,707866.86,466019.47,54235.79,57222.33
Scenario 1,1043,4,Strong Growth (FOMO),143,TRADING,145832.72,1891978.97,162120.46,267104.50,547633.59,450306.79,307313.73,493930.45,752140.71,958305.27,451299.88,307597.43,1630024.07,20390.21,468125.72,42935.79,317489.06,482524.55,161578.76,49195.70,132472.19,443477.53,357572.77,387420.70,95561.30,127670.78,145743.54,179882.98,105114.25,166572.37,126613.41,163671.00,147853.05,93111.67,154209.65,166694.11,112710.95,1437201.65,19587.95,15374.46,125677.16,222596.81,155.27,1278791.21,3730398.15,31370.47,708137.24,465524.55,54304.05,57074.57
Scenario 1,1044,4,Strong Growth (FOMO),144,TRADING,145995.23,1894822.11,162542.71,266853.66,550020.05,450513.96,307806.52,494490.67,751085.55,954805.61,451572.75,308232.43,1634031.10,20398.12,468950.62,42923.36,316565.40,483921.82,161551.97,49291.11,132314.38,442953.01,357751.64,387599.98,95610.45,127722.07,146044.45,179041.19,104829.23,166739.94,126625.54,163645.84,147997.51,93230.77,154382.51,165893.39,112795.40,1437495.85,19542.31,15389.32,125404.00,222577.83,154.83,1280315.52,3729668.49,31329.22,708366.59,466451.44,54177.49,57197.54
Scenario 1,1045,4,Strong Growth (FOMO),145,TRADING,146110.25,1891610.06,162561.49,266552.55,552195.19,450826.71,308899.64,494811.19,752213.28,956586.20,452377.93,307621.18,1637788.44,20410.48,468879.41,42887.37,315282.57,483607.11,161515.79,49349.76,131813.37,443150.21,357446.96,387080.49,95556.66,127398.06,146238.37,178508.08,104717.37,167176.17,126759.97,163658.19,147774.74,93100.78,154262.95,165995.98,112699.70,1437072.27,19527.18,15332.35,125480.90,222991.10,154.31,1280649.34,3723344.04,31302.77,708321.28,465608.77,54022.63,57081.35
Scenario 1,1046,4,Strong Growth (FOMO),146,TRADING,145983.24,1896379.40,162230.06,266571.67,551743.02,451228.63,308861.53,493715.96,753371.97,957869.54,452116.28,307140.53,1641402.59,20394.19,469039.78,42868.35,315532.21,483873.18,161650.90,49475.12,131968.07,443389.97,355366.69,386978.20,95541.58,127258.76,146241.81,177970.84,104408.63,167715.85,126946.10,164195.86,147570.54,93031.53,154298.64,166204.63,112658.77,1435681.95,19538.43,15323.55,125235.31,222670.11,154.61,1281496.29,3714336.35,31267.17,708822.34,464731.16,54159.63,56954.57
Scenario 1,1047,4,Strong Growth (FOMO),147,TRADING,146000.27,1898178.71,162191.78,266268.11,552847.06,451337.16,308605.10,494699.10,753778.29,953753.68,452363.25,306632.85,1642699.79,20358.87,469964.40,42816.39,314445.68,484071.92,161899.36,49523.87,132040.85,442564.94,354522.91,388183.31,95427.51,126940.51,145639.10,177743.76,104184.33,167238.27,127109.31,164216.50,147983.12,92889.16,154451.20,166399.11,112640.25,1435739.68,19540.68,15304.66,125751.75,222745.98,154.59,1280308.84,3714711.67,31217.67,709227.72,464319.95,54369.38,56707.18
Scenario 1,1048,4,Strong Growth (FOMO),148,TRADING,145763.67,1902198.70,161594.52,266113.05,553610.94,451538.22,308256.04,493402.08,754506.08,951457.31,451953.96,305726.81,1645779.94,20367.60,469281.07,42819.64,313203.65,484580.62,162325.85,49592.40,132062.45,440707.58,353362.67,388180.68,95315.53,127010.90,146252.42,177796.99,104105.47,167544.71,127281.63,164100.54,148113.16,92903.58,154381.28,166001.56,112639.13,1435045.07,19552.05,15346.72,125790.54,223049.67,154.66,1282082.99,3716465.54,31200.44,708997.50,464495.64,54257.58,56574.07
Scenario 1,1049,4,Strong Growth (FOMO),149,TRADING,145674.59,1910364.57,161802.19,266104.26,554497.98,451703.63,308346.22,492081.36,755111.18,951229.46,451719.22,305757.27,1651941.97,20368.75,469378.61,42824.00,312803.41,484175.35,162751.80,49717.16,132057.08,440902.85,352672.87,389060.54,95363.23,126977.30,146226.32,177823.37,104107.06,167327.92,127463.21,163964.73,147875.67,92954.96,154563.31,165946.57,112708.35,1435604.45,19507.34,15398.72,125457.93,223185.28,154.79,1280522.68,3713970.36,31150.09,710450.18,463589.54,54384.49,56348.11
Scenario 1,1050,4,Strong Growth (FOMO),150,TRADING,145697.42,1914958.61,161608.48,265743.93,555989.17,451561.08,309272.05,491452.51,755306.41,950139.25,451950.39,306142.69,1654202.89,20359.59,469914.41,42734.16,312485.97,484815.89,163635.19,49818.86,131493.28,441922.23,353351.48,389036.09,95314.23,126669.16,146471.94,178093.19,104162.64,167572.43,127533.12,163427.46,147530.86,92715.45,154565.39,166043.68,112698.88,1433751.39,19532.28,15348.40,125395.93,223387.71,153.22,1280548.81,3709350.52,31138.32,710567.96,462802.99,54364.43,56004.29
Scenario 1,1051,4,Strong Growth (FOMO),151,TRADING,147417.30,1850998.60,167699.37,266429.05,546508.14,449799.32,292960.66,502841.92,739494.20,924586.97,449727.43,298705.29,1607997.96,20601.27,456142.60,43954.15,311165.22,475801.99,193143.94,48418.51,130180.40,459585.64,351157.63,387268.11,96990.08,119799.64,140666.03,193098.81,107243.61,164946.25,127066.05,159868.39,150138.17,91783.60,156266.27,159679.61,112119.35,1440999.24,19812.03,15680.27,124242.95,220871.02,148.22,1282056.68,3776186.06,31805.43,708722.25,461615.57,53710.68,52396.31
Scenario 1,1052,4,Strong Growth (FOMO),152,TRADING,147625.56,1852289.64,167098.73,266351.27,546844.27,449354.86,293177.19,503973.47,736958.53,920926.51,449267.52,297264.08,1614716.54,20591.76,454316.35,43993.32,309327.25,476349.38,195036.68,48630.01,129986.20,459775.18,349041.05,387314.68,96830.85,119461.11,139750.26,193731.81,107157.52,163812.69,127396.75,160379.17,150230.61,91571.23,156025.19,160017.39,112045.57,1435379.50,19768.37,15633.83,124081.91,220605.30,148.04,1282371.74,3759187.83,31744.28,708873.69,462159.19,53885.79,52129.00
Scenario 1,1053,4,Strong Growth (FOMO),153,TRADING,147928.70,1853356.94,166961.72,266555.09,547983.76,449616.17,293202.30,504468.54,735435.17,920356.26,449199.82,296725.94,1621596.85,20562.33,455573.06,44012.49,309039.16,477370.46,196045.99,48732.91,129800.30,459340.18,349799.76,386910.97,96748.00,119081.66,139984.00,194576.42,107420.52,163707.59,127612.50,160683.79,150193.24,91515.46,156052.01,160154.79,112077.26,1434005.49,19809.23,15612.98,124026.31,220704.60,148.19,1283090.36,3762356.09,31701.31,709514.79,462754.87,53960.49,52034.57
Scenario 1,1054,4,Strong Growth (FOMO),154,TRADING,148086.03,1862648.63,166778.19,266304.45,548878.60,449297.57,293613.72,503366.88,734384.77,919246.76,449071.47,296379.71,1622220.46,20547.40,454251.49,44077.40,309366.06,477809.61,197137.68,48852.48,130091.25,461187.89,350052.26,387141.24,96699.28,118876.14,139625.98,195406.38,107325.29,163907.06,127886.41,160922.04,150614.49,91579.98,156238.61,161473.88,112120.26,1432939.40,19758.04,15624.64,124059.07,220336.47,147.57,1281390.24,3759222.89,31693.90,710204.42,462605.26,53910.44,51623.95
Scenario 1,1055,4,Strong Growth (FOMO),155,TRADING,148132.88,1866145.60,167482.63,266323.96,549448.13,448877.83,293282.25,504489.80,733655.48,917880.46,448960.08,296231.47,1629009.99,20525.66,454334.69,44062.46,308287.79,477848.75,198449.84,48954.61,129234.13,461346.50,349638.93,386990.73,96531.39,118313.91,139373.20,196448.21,107403.72,164429.05,127899.59,160584.57,150799.69,91494.75,156121.21,161445.18,112039.22,1431719.25,19744.33,15628.68,124325.91,220328.18,147.40,1283284.15,3758534.60,31640.55,711251.24,463311.67,54054.02,51490.29
Scenario 1,1056,4,Strong Growth (FOMO),156,TRADING,148229.05,1874459.57,166950.62,265876.84,549047.63,448847.03,293383.38,504465.73,731985.46,915470.12,448477.80,297034.92,1633083.92,20515.15,453976.74,44019.03,308828.89,478341.48,199996.22,49038.44,129629.70,460558.76,348602.48,387607.55,96464.84,118068.89,139663.54,197477.27,107724.13,164081.46,127991.24,161139.01,150856.46,91513.44,155790.08,161691.35,112097.83,1428143.35,19761.47,15631.28,124018.54,220050.74,147.55,1285180.79,3747747.89,31637.25,711105.53,463343.21,54075.50,51570.71
Scenario 1,1057,4,Strong Growth (FOMO),157,TRADING,148329.95,1868824.19,167314.70,265575.61,551262.86,449476.10,293381.36,502933.34,731258.71,913867.08,449085.28,296994.98,1637703.27,20510.53,455556.57,43950.41,308593.79,479150.04,201595.87,49122.11,129862.04,461147.93,348308.17,388037.22,96311.02,117759.85,139972.21,198573.31,108078.71,163669.53,127913.25,161432.32,150767.28,91488.62,155981.74,161343.92,112117.94,1425142.12,19807.16,15634.42,123739.18,219275.72,146.71,1283591.85,3754919.89,31617.30,710211.86,464040.51,54170.78,51393.63
Scenario 1,1058,4,Strong Growth (FOMO),158,TRADING,148631.43,1862942.87,168022.95,265934.34,550594.46,449044.09,293470.35,501819.05,733469.37,913123.36,449018.06,296344.36,1635672.40,20510.79,455452.59,43957.94,308847.09,478210.88,203398.56,49121.28,130005.35,460708.25,349343.54,387842.39,96327.20,117460.95,140249.15,199694.97,108401.60,164099.48,127830.27,161494.89,150821.77,91691.03,156222.95,161400.60,112184.84,1423061.44,19787.22,15587.41,123545.66,219130.89,146.84,1280039.52,3773030.06,31596.24,711332.71,464818.17,54320.18,51305.16
Scenario 1,1059,4,Strong Growth (FOMO),159,TRADING,148725.25,1865155.16,168313.32,265607.34,549906.22,449230.58,294291.73,502287.17,734845.13,915709.14,448958.71,296307.68,1638891.25,20514.88,456671.21,44007.27,308345.37,479418.38,205073.81,49220.44,130087.46,462952.45,350769.61,387171.75,96304.45,116999.04,140357.46,200581.65,108404.86,164327.01,127587.08,161425.09,150868.47,91770.62,156519.14,161023.85,112252.51,1421219.49,19800.80,15582.09,123500.17,219100.06,146.90,1279652.39,3778865.78,31534.79,710721.57,464987.18,54294.54,51234.93
Scenario 1,1060,4,Strong Growth (FOMO),160,TRADING,148733.51,1873354.48,168946.15,266079.54,550782.85,449805.65,294774.27,503429.71,736409.23,920422.46,449602.27,296022.98,1640438.07,20531.62,457181.49,43968.81,308250.39,479972.20,206003.12,49250.32,129912.20,462705.85,350274.05,385526.41,96223.18,116686.07,140252.98,201548.96,108688.50,163974.61,127231.06,161360.00,150997.16,91824.55,156418.16,160980.95,112303.37,1418516.39,19811.94,15591.74,123353.01,218742.89,147.15,1283244.47,3773191.13,31490.96,711039.52,464735.15,54419.13,51151.28
Scenario 1,1061,4,Strong Growth (FOMO),161,TRADING,148891.22,1874578.47,169174.57,266045.68,549855.56,449374.51,293985.99,502889.15,737096.27,917220.29,449478.69,296367.16,1642747.49,20522.08,456839.32,43951.71,307579.29,479269.13,207168.55,49307.07,130395.54,463555.42,350433.99,385723.88,96188.08,116304.56,140868.00,202563.68,108664.82,164000.02,127087.72,160966.94,151165.20,91778.77,156383.15,161020.36,112371.26,1415924.58,19776.76,15588.30,123825.74,218751.51,147.22,1282257.39,3763998.47,31437.12,710886.37,464607.27,54653.73,50927.29
Scenario 1,1062,4,Strong Growth (FOMO),162,TRADING,148902.52,1871003.95,169267.28,265773.73,550693.84,449355.97,294419.06,502367.74,737969.41,920825.15,449547.63,296256.82,1641340.93,20508.42,458059.42,43922.91,307739.97,479040.15,208173.87,49380.61,130205.53,464625.18,350344.61,385102.66,96177.95,116032.23,141325.95,203439.17,108894.34,164312.96,126752.67,161080.83,151430.07,91754.09,156338.42,160914.32,112479.54,1415372.13,19796.34,15602.35,123541.93,219713.03,146.86,1282851.59,3756997.24,31393.49,711125.33,463456.62,54850.82,50669.64
Scenario 1,1063,4,Strong Growth (FOMO),163,TRADING,149125.94,1872658.57,169221.46,265964.74,550008.28,449676.71,295200.99,502575.30,737576.24,923853.96,449646.87,296593.88,1640974.89,20512.02,457589.81,43891.21,308891.15,478523.78,209374.46,49347.30,129973.18,463732.61,350720.81,384876.84,96118.27,115707.02,141423.46,204328.03,109185.33,164845.38,126591.59,161533.60,151430.52,91835.31,156350.72,160830.14,112575.71,1413776.73,19799.21,15593.44,123441.44,219907.97,147.31,1280747.94,3753249.22,31336.94,710577.91,463045.30,54946.25,50454.92
Scenario 1,1064,4,Strong Growth (FOMO),164,TRADING,149193.58,1873308.16,169488.48,265604.51,550987.02,449111.12,294778.04,503703.20,736326.58,922457.86,449593.61,297052.78,1641873.53,20525.68,457661.51,43909.32,308026.96,476775.42,210477.02,49386.99,129789.62,462367.40,350489.72,385120.70,96062.03,115460.05,141196.18,204977.96,109611.04,164628.94,126507.84,161832.30,151923.42,91711.11,156394.77,160589.58,112621.58,1411850.48,19766.47,15625.45,123359.45,220420.26,147.28,1280891.72,3762996.56,31280.02,710597.56,463566.29,54898.87,50300.62
Scenario 1,1065,4,Strong Growth (FOMO),165,TRADING,149329.35,1874984.71,169441.35,265986.78,550193.53,448727.89,294830.66,503818.96,737575.79,924697.31,449699.21,296438.30,1642154.58,20499.01,456438.51,43930.69,307423.23,477377.04,211546.58,49408.97,129451.92,462890.80,350029.57,384531.81,95960.97,115207.00,141322.71,205432.48,109771.01,164393.93,126437.55,161534.42,152045.15,91766.37,156454.25,160938.72,112712.03,1412489.94,19766.67,15536.52,124091.86,221130.52,146.89,1283120.20,3771057.54,31253.96,710917.78,464142.74,54965.77,50176.79
Scenario 1,1066,4,Strong Growth (FOMO),166,TRADING,149461.73,1873954.38,169525.40,266299.12,550027.19,448716.51,295517.41,503228.33,738533.79,924158.99,449370.02,296450.30,1642625.53,20488.27,456629.99,43935.63,307763.72,476691.48,212764.98,49418.92,129235.08,463294.75,351119.63,383714.56,95806.33,114868.13,141453.29,205916.73,109984.68,164685.58,126294.21,161083.00,152155.81,91975.35,156540.91,160892.35,113043.83,1411162.81,19737.06,15578.40,123915.27,220835.36,147.31,1282379.32,3770164.72,31248.71,709475.62,464517.68,55142.42,49954.50
Scenario 1,1067,4,Strong Growth (FOMO),167,TRADING,149314.79,1871252.73,169243.24,266662.52,549600.14,448772.92,295618.90,501979.56,739968.71,926106.71,449078.00,296837.73,1643639.98,20504.91,456904.62,43982.81,307315.04,477037.51,213827.72,49405.77,129446.94,463094.86,350470.33,384075.95,95683.62,114572.23,141223.20,206419.28,110012.65,164963.76,126238.85,160925.25,152498.66,91933.39,156621.29,161084.09,113242.20,1410774.37,19791.44,15562.76,124349.07,221850.80,146.99,1282110.81,3769301.07,31186.51,709404.00,464584.72,55112.97,49592.93
Scenario 1,1068,4,Strong Growth (FOMO),168,TRADING,149347.31,1869630.43,169411.65,267032.57,550245.64,448151.14,297111.33,502816.69,740733.55,928050.07,449762.94,297051.64,1642795.29,20494.32,459410.10,43912.29,307176.70,476658.19,214529.80,49364.19,129461.32,460333.07,349921.74,384095.74,95570.38,114174.54,141293.93,206891.17,110082.29,165232.61,126127.10,161114.40,152475.35,91757.96,156714.69,160798.30,113524.93,1410556.10,19845.11,15551.55,124110.64,222104.81,147.38,1285220.88,3763476.96,31126.27,708567.40,464501.79,55544.40,49385.69
Scenario 1,1069,4,Strong Growth (FOMO),169,TRADING,149387.66,1869403.58,168828.47,267291.01,551173.80,448301.52,298121.72,502781.07,742312.15,926564.38,450156.87,296744.20,1640885.18,20479.18,459239.11,43929.49,307003.89,476445.66,215734.78,49316.28,129541.07,460030.21,350242.32,383405.62,95438.61,114126.37,141571.28,206954.26,110129.53,165474.88,125915.34,161074.55,152586.20,91561.23,156538.46,161030.58,113806.29,1414876.13,19863.49,15605.60,124351.51,221916.08,148.07,1284054.90,3780479.51,31080.44,708918.19,464847.26,55547.30,49206.15
Scenario 1,1070,4,Strong Growth (FOMO),170,TRADING,149380.23,1865161.96,168662.64,266435.01,550208.57,447938.70,300209.06,503858.83,741617.20,923756.47,449952.71,295850.22,1641583.41,20489.64,458693.12,43955.44,307592.13,477003.48,216070.53,49292.37,129756.94,458947.98,351160.43,382318.26,95410.43,113648.30,142020.86,206890.26,110140.46,165725.87,125928.82,161296.95,152576.70,91619.90,156413.82,162195.64,114124.86,1417403.40,19876.05,15645.88,123939.40,221540.48,148.65,1282822.01,3779090.45,31047.86,710124.81,465416.04,55597.23,49035.19
Scenario 1,1071,4,Strong Growth (FOMO),171,TRADING,149390.31,1863976.91,168979.73,266110.74,550218.62,448056.29,299674.01,503081.14,742153.85,920835.07,449272.91,296160.72,1641671.65,20477.19,458426.51,43984.87,307423.68,477010.72,216580.57,49206.29,130318.30,459705.86,351108.88,381763.70,95259.77,113464.46,142354.24,207044.59,110077.11,165220.47,125820.05,161226.22,152458.93,91441.47,156361.67,163170.77,114515.99,1418151.45,19842.47,15620.75,124087.75,222074.78,148.89,1280944.00,3776655.53,31020.63,710169.44,466049.73,55723.27,49056.78
Scenario 1,1072,4,Strong Growth (FOMO),172,TRADING,149354.94,1867257.42,168441.79,266171.73,549986.78,447874.18,299278.79,502014.89,741549.38,918725.73,448648.43,297033.96,1642320.08,20494.30,458346.76,43992.99,307695.47,477226.90,216374.03,49099.72,129768.70,460612.04,351492.97,380892.03,95200.48,113489.97,143000.60,207242.91,110179.02,165385.72,125821.77,161457.19,152595.35,91565.63,156278.34,162509.68,114880.19,1422268.09,19859.83,15625.41,124343.21,222467.34,148.79,1277454.59,3772586.28,30970.70,710264.32,466256.93,55794.65,49151.27
Scenario 1,1073,4,Strong Growth (FOMO),173,TRADING,149346.09,1856886.06,168480.30,265772.11,549312.12,448666.20,299413.70,501008.36,740485.63,920523.30,449318.54,297567.93,1643346.47,20522.18,458967.13,43939.79,307251.69,477882.75,217419.31,48969.48,130103.45,460917.73,351689.45,380869.06,95110.78,113315.68,143287.48,207382.42,110259.02,165453.78,125667.16,160931.29,152683.45,91555.09,156449.48,162819.79,115205.01,1425903.45,19880.39,15619.15,124213.42,222278.25,148.84,1277845.77,3776979.83,30923.79,710443.66,466383.15,55738.20,48859.69
Scenario 1,1074,4,Strong Growth (FOMO),174,TRADING,148929.61,1858352.17,169064.17,265096.93,547815.75,448421.22,300020.28,500019.65,738595.76,919068.20,449355.45,297502.23,1642372.89,20503.44,458607.02,43942.81,307757.09,478279.10,218290.46,48874.55,130277.79,461558.15,352349.63,381168.16,95178.45,112986.08,143537.08,207369.96,110568.99,165444.92,125331.32,160930.80,152791.46,91707.25,156349.25,162864.09,115464.62,1429752.63,19885.81,15614.28,123968.97,222224.14,149.54,1276672.91,3778520.86,30887.26,709634.69,465255.96,55907.96,48844.17
Scenario 1,1075,4,Strong Growth (FOMO),175,TRADING,148946.96,1859024.67,169072.84,265315.71,547789.34,447833.76,300121.40,500509.74,738425.94,918029.07,448659.01,296888.39,1638959.90,20509.09,460186.37,43957.89,307476.65,477258.80,218998.97,48802.92,130455.97,461825.12,353627.37,380904.99,95109.41,112923.19,143752.48,207345.77,110823.86,165269.64,125125.31,161188.83,152635.97,91590.56,156279.60,162610.74,115661.80,1435262.71,19870.45,15555.84,124035.23,222149.46,149.66,1275706.50,3777119.63,30811.03,709285.51,464919.84,55868.61,48745.11
Scenario 1,1076,4,Strong Growth (FOMO),176,TRADING,148808.56,1857807.17,169421.39,265605.27,548293.44,447763.20,301157.64,499662.38,738238.38,915305.44,448777.07,297187.98,1636659.36,20490.91,460461.30,43956.50,307769.90,476805.66,219660.57,48706.61,130605.74,461581.54,352543.95,380763.29,95096.45,112875.20,143779.21,207373.10,110952.73,165543.89,125002.14,161734.46,152779.04,91381.47,156391.46,162000.47,115778.68,1438597.15,19828.02,15558.92,123663.33,221879.82,149.99,1275697.53,3779917.26,30764.90,710477.70,465168.41,56020.93,48820.47
Scenario 1,1077,4,Strong Growth (FOMO),177,TRADING,149131.65,1861254.51,168963.41,265740.37,548761.21,447913.00,301640.29,500822.95,735188.79,918211.40,449071.02,297587.36,1633609.50,20483.55,460274.88,43928.98,307377.34,476719.50,220534.81,48549.11,130532.27,461818.48,350742.08,380952.89,95034.13,112661.99,143918.55,207479.25,110882.34,165555.09,124886.38,161968.24,152698.15,91461.65,156642.16,161904.41,115881.51,1440942.15,19843.58,15593.26,123324.41,221464.14,150.23,1273489.21,3788163.72,30676.04,710214.64,464395.19,56196.28,48783.26
Scenario 1,1078,4,Strong Growth (FOMO),178,TRADING,148782.01,1865430.87,168748.91,265480.13,548434.01,447889.60,302487.46,500441.14,735038.29,915672.73,448361.11,297535.51,1633577.29,20468.66,460034.20,43905.32,307992.03,477030.18,221451.36,48414.26,130843.83,461765.24,350858.91,380125.10,95044.86,112684.35,143733.66,207475.36,110780.51,165531.11,124732.62,162426.43,152816.43,91354.16,156620.99,161431.88,115706.21,1443383.03,19823.89,15568.17,122646.29,221428.66,150.47,1273186.32,3799284.54,30595.32,709436.81,462917.33,56210.60,48621.53
Scenario 1,1079,4,Strong Growth (FOMO),179,TRADING,148679.06,1870668.53,169304.29,265196.55,549039.25,447880.25,302595.35,501773.57,735561.30,916445.65,447594.81,297124.48,1631553.09,20458.85,460026.85,43866.35,309024.88,477285.46,221374.63,48317.86,130725.18,461956.44,350417.66,379529.87,95120.21,112358.24,143730.33,207549.35,110898.09,165271.91,124656.67,162832.74,152717.50,91439.76,156578.99,161201.47,115614.79,1446638.25,19827.33,15569.71,122244.97,221643.06,150.26,1271565.61,3793132.29,30563.24,709160.43,462322.69,56335.62,48435.89
Scenario 1,1080,4,Strong Growth (FOMO),180,TRADING,148959.01,1871210.34,169600.84,264833.12,548752.55,447270.04,302330.40,502985.57,735527.95,919450.91,447126.37,296371.37,1630123.68,20463.05,460727.11,43840.28,308418.27,476891.34,221536.03,48192.36,130854.50,462332.82,350447.92,378939.64,95104.03,112544.95,143683.94,207626.81,110879.56,164926.75,124497.02,162962.26,153104.28,91494.75,156496.27,160868.26,115193.85,1447508.70,19798.92,15560.43,122439.06,222314.87,150.19,1270946.87,3806761.30,30505.01,709775.60,461297.07,56303.16,48387.67
Scenario 1,1081,4,Strong Growth (FOMO),181,TRADING,148979.90,1864316.31,169580.80,265051.67,548690.32,447688.69,302714.03,503001.76,734725.20,918071.44,446344.53,296243.22,1626929.13,20477.30,461292.15,43894.02,308948.37,475678.36,222272.51,48122.57,130739.23,462641.67,349056.69,378381.61,95296.72,112587.66,143522.57,207461.17,110950.53,164908.88,124531.30,163467.90,152959.21,91292.14,156439.49,160474.50,114811.43,1448573.28,19746.88,15540.16,122234.94,222454.15,150.43,1267077.53,3818054.22,30425.96,708866.08,459630.88,56309.46,48512.26
Scenario 1,1082,4,Strong Growth (FOMO),182,TRADING,149002.92,1869972.11,170132.71,264905.74,549159.97,447442.11,302195.48,502731.21,736070.91,918915.90,445900.69,296005.08,1625118.93,20479.15,461159.07,43912.67,309021.60,476286.49,223045.20,48050.73,130647.97,462374.83,349309.31,378489.56,95287.89,112380.95,142989.30,207651.92,111061.95,164932.52,124498.47,164166.59,153227.07,91225.93,156332.79,160315.72,114396.59,1450182.90,19714.97,15527.36,122605.03,222734.20,150.23,1264640.92,3838397.32,30373.65,708444.47,457493.35,56372.28,48315.87
Scenario 1,1083,4,Strong Growth (FOMO),183,TRADING,148744.04,1875910.44,170979.90,264674.87,548130.05,447310.66,301520.10,503789.20,739638.48,919587.67,446071.50,296271.08,1619604.70,20470.01,461092.92,43923.12,308479.12,476704.93,223940.53,47993.84,130616.50,461992.10,349241.77,379050.74,95237.13,112155.18,143260.37,207864.95,111123.67,165160.28,124458.60,164980.32,153022.99,91175.38,156358.29,160207.82,114053.19,1450877.29,19748.69,15499.01,122495.40,222631.17,149.80,1260269.86,3839613.90,30327.03,709646.63,454761.94,56370.06,48318.01
Scenario 1,1084,4,Strong Growth (FOMO),184,TRADING,148600.67,1877160.40,171153.59,264814.80,548251.97,447627.15,300801.41,503418.87,741219.66,916815.15,445802.21,297206.15,1621567.04,20466.76,460912.23,43933.06,307872.65,476449.32,225583.13,47890.00,130891.62,461468.38,348083.78,378609.60,95320.27,112235.61,143605.27,207864.13,111476.37,165033.06,124454.52,165286.52,152873.74,91204.96,156651.27,160469.04,113630.00,1452168.90,19753.02,15550.64,122495.92,222501.64,148.78,1261374.88,3834512.61,30242.17,709442.43,452109.56,56404.14,48295.92
Scenario 1,1085,4,Strong Growth (FOMO),185,TRADING,148636.05,1878080.12,171839.71,264852.61,547606.67,447881.97,300399.81,504732.15,741801.06,915756.93,445843.22,296710.72,1619884.25,20451.15,463748.19,43940.36,308602.49,476306.71,225825.71,47805.15,131139.34,464369.14,347462.99,378593.83,95329.29,112209.32,143566.86,207795.19,111344.80,165013.19,124368.85,165614.81,152906.37,91046.02,156530.29,160703.27,113213.74,1454261.65,19757.39,15526.63,122400.91,222992.64,149.21,1260820.11,3831237.82,30194.37,709989.71,448439.92,56481.48,48452.07
Scenario 1,1086,4,Strong Growth (FOMO),186,TRADING,148360.91,1879573.69,172255.04,264052.20,547502.66,447966.22,300301.52,505739.43,741725.41,915203.78,445481.60,295951.93,1618405.84,20457.25,463840.16,43927.32,308668.43,477251.46,226038.33,47741.05,131358.96,463541.72,348399.76,377759.17,95368.11,112397.21,143461.08,207737.91,111365.89,165536.12,124393.13,165991.81,152580.02,90800.89,156448.31,160801.25,112920.35,1454725.52,19781.55,15585.01,122594.69,223241.21,149.66,1257820.63,3826915.38,30127.30,710932.65,445108.86,56437.88,48313.79
Scenario 1,1087,4,Strong Growth (FOMO),187,TRADING,148303.77,1878862.97,172706.53,264201.13,546562.71,448057.84,300017.55,505693.43,743720.46,914530.89,444646.59,296698.10,1613303.01,20467.74,464060.12,43946.26,308723.82,476309.97,226123.34,47674.62,131341.98,464105.17,347605.61,378368.04,95582.95,112380.24,143034.82,207528.32,111108.62,165116.31,124494.86,166337.52,152560.95,90701.47,156451.77,160378.88,112643.10,1455029.98,19816.01,15646.20,122782.26,223204.01,149.12,1258598.17,3821250.19,30085.38,710025.11,442515.36,56515.43,48179.91
Scenario 1,1088,4,Strong Growth (FOMO),188,TRADING,147983.96,1882962.07,173672.38,264168.58,545154.61,447216.18,300633.35,504705.93,744111.73,917860.12,444267.88,297153.25,1611457.00,20478.77,465307.28,44074.89,308191.83,477996.63,226557.12,47626.54,131107.30,464215.83,346997.12,378259.59,95688.07,112090.13,142752.02,207569.76,111104.41,165377.90,124462.42,166555.00,152983.45,90594.06,156569.59,160041.89,112342.73,1456119.34,19803.91,15632.86,122419.79,223487.18,148.77,1256310.96,3818780.17,30044.05,708767.08,440055.41,56562.32,48279.63
Scenario 1,1089,4,Strong Growth (FOMO),189,TRADING,147504.53,1888073.59,174350.67,264381.10,545303.27,447368.73,300575.65,504738.41,744586.42,921094.30,444190.80,297390.88,1609655.75,20491.42,466201.83,44151.07,308490.55,477026.63,226618.79,47554.13,130844.95,465944.09,345949.99,378467.65,95747.11,111911.31,143180.69,207342.01,110867.51,165879.28,124372.88,166715.59,152842.48,90476.26,156546.52,160066.37,112115.46,1454129.28,19833.23,15571.27,122581.41,224128.96,149.18,1255667.26,3815059.98,29976.95,710123.19,437848.55,56661.12,48277.44
Scenario 1,1090,4,Strong Growth (FOMO),190,TRADING,147380.08,1887509.22,174341.30,264177.62,545412.33,447268.17,299793.04,504564.41,744929.96,923130.14,444426.90,297140.93,1609818.82,20476.27,466100.70,44129.43,308704.28,476607.85,227322.72,47483.04,130507.15,466415.79,346341.67,378507.90,95695.38,111661.64,142607.42,207337.29,111154.87,165948.74,124342.54,166841.73,152855.35,90245.59,156404.44,159821.51,112008.23,1453658.01,19838.06,15541.15,122863.96,224175.59,148.61,1255847.92,3817210.60,29914.78,709720.48,437184.71,56589.59,48438.96
Scenario 1,1091,4,Strong Growth (FOMO),191,TRADING,147087.72,1888465.61,175143.37,263964.56,544599.55,447165.02,299088.74,504093.74,743718.59,922786.31,444428.32,297575.46,1607296.51,20490.59,467286.74,44203.89,307848.80,476155.82,228228.13,47456.33,130629.70,468682.38,346960.26,378899.55,95683.11,111534.90,142108.48,207367.18,111175.84,166053.94,124278.99,167069.79,152445.35,90108.20,156293.57,160355.90,111957.89,1454131.62,19854.06,15526.83,123723.54,224240.52,148.09,1258686.51,3831130.20,29857.19,709563.13,436426.67,56608.71,48556.98
Scenario 1,1092,4,Strong Growth (FOMO),192,TRADING,146663.59,1885305.45,175311.67,263920.80,543739.34,447292.49,298778.12,504032.38,743445.70,919434.80,443261.34,297805.38,1604504.58,20476.08,467381.58,44289.04,307828.73,476219.38,228728.06,47418.40,129820.64,469733.59,347733.31,379523.20,95748.51,111389.76,141662.10,207345.38,111304.74,165411.14,124187.78,167524.20,152487.96,89761.41,156511.86,160284.05,111850.19,1451928.01,19862.50,15504.39,123243.39,224909.78,147.99,1257702.34,3830334.71,29824.09,709595.03,435608.03,56558.38,48672.74
Scenario 1,1093,4,Strong Growth (FOMO),193,TRADING,146753.14,1886548.96,175717.91,263583.92,543420.11,448189.28,298941.25,503216.74,742107.41,919712.38,444396.24,298589.50,1605234.72,20466.22,468143.20,44489.02,307387.44,478254.51,229073.76,47404.34,129558.18,469985.14,347399.37,379649.31,95852.03,111364.78,141579.33,207395.85,110983.41,165310.73,124137.17,167517.01,152307.12,89431.58,156670.58,161018.70,111789.17,1450221.73,19866.08,15534.04,123847.72,224726.48,148.16,1257620.32,3835770.61,29794.36,710826.07,435006.99,56677.91,48706.08
Scenario 1,1094,4,Strong Growth (FOMO),194,TRADING,146671.67,1888536.65,176881.95,263579.45,541825.96,448987.88,298313.81,503730.11,741964.59,921890.31,444145.29,299193.63,1603242.33,20465.96,468518.10,44569.96,306827.02,478189.02,229126.25,47451.44,129475.20,471233.23,345789.26,379943.08,95793.56,111575.97,141935.13,207680.11,111045.30,165137.19,123960.15,167783.46,152305.93,89034.93,156598.42,160995.29,111766.17,1449052.88,19871.19,15578.53,123677.49,224568.98,148.73,1257456.20,3830408.67,29782.54,710890.36,435140.18,56694.38,48908.41
Scenario 1,1095,4,Strong Growth (FOMO),195,TRADING,146350.51,1889051.57,177826.07,263522.36,540434.39,449571.78,297665.50,504456.52,741501.73,918223.24,444723.46,299369.90,1602403.33,20444.14,468304.53,44669.85,305675.03,479707.09,229140.10,47353.99,129549.23,471716.67,347429.09,380557.38,95886.73,111716.40,141826.08,207906.06,111001.52,165088.68,123958.94,167656.75,152183.14,88744.88,156761.72,161200.43,111693.78,1445416.43,19891.09,15607.76,123326.65,224750.46,149.53,1258749.83,3829092.15,29812.57,710051.25,436899.44,56660.85,48972.13
Scenario 1,1096,4,Strong Growth (FOMO),196,TRADING,146421.13,1882992.88,178916.68,263289.29,539513.01,449628.36,298003.12,506628.09,742114.31,920130.49,444679.61,299900.22,1603455.73,20440.91,468330.10,44809.90,305993.63,478452.52,228889.63,47274.96,130065.94,472559.90,347166.96,380766.19,95894.22,111953.55,141518.40,207897.65,111044.68,165245.48,123915.42,167414.40,152115.61,88354.33,156773.23,161693.00,111724.60,1446740.67,19888.91,15581.22,123285.95,224558.43,149.98,1259011.42,3831959.41,29787.84,709140.20,438366.80,56683.31,49062.83
Scenario 1,1097,4,Strong Growth (FOMO),197,TRADING,146235.54,1879999.27,179865.87,263264.12,539575.25,448894.76,298118.84,506054.00,741692.19,920655.72,445099.83,299755.26,1602997.67,20446.06,467969.17,44929.45,305791.48,479192.71,229303.51,47268.25,130444.95,472701.88,348181.94,380792.53,96011.54,112082.44,141059.19,207960.19,110891.74,165360.83,123869.61,166915.91,151957.05,88065.51,156823.27,161964.55,111627.83,1447115.94,19894.31,15541.98,123625.46,224370.37,149.59,1258088.06,3840841.10,29807.97,709571.54,440202.08,56767.16,49293.88
Scenario 1,1098,4,Strong Growth (FOMO),198,TRADING,145566.28,1884194.24,180411.52,263360.66,539345.49,448387.16,297719.17,506016.36,741494.83,915868.53,445414.97,299722.35,1602820.86,20440.22,466381.84,45028.80,306031.91,478861.55,229667.08,47204.77,130106.97,472734.20,348794.69,381645.24,96079.09,112258.29,141351.22,208055.10,110908.71,165310.45,123759.42,166973.67,151991.58,88034.01,156624.31,162245.30,111567.99,1447417.01,19914.50,15563.29,123543.53,224390.39,149.74,1259404.37,3834735.96,29855.50,712160.74,442833.75,56750.08,49406.68
Scenario 1,1099,4,Strong Growth (FOMO),199,TRADING,145230.65,1887517.50,180907.66,263103.55,539025.48,447972.54,296703.46,506271.69,740301.55,915057.99,446277.22,300485.10,1601053.50,20429.93,465428.19,45148.28,306375.22,479880.90,229187.51,47188.73,130136.53,475497.95,349622.24,381785.52,96115.28,112354.97,141400.18,207692.00,110753.49,165379.14,123717.20,167564.42,151969.90,88001.15,156624.93,162792.48,111393.35,1447225.32,19893.35,15541.39,122590.28,224512.81,149.61,1259031.79,3835114.69,29829.72,712523.27,445438.74,56869.28,49382.94
Scenario 1,1100,4,Strong Growth (FOMO),200,TRADING,145040.80,1885932.91,181952.90,262408.26,537648.74,448081.41,296134.75,505787.41,739821.20,915420.08,446571.61,300092.33,1599129.95,20423.00,464632.59,45241.84,306758.53,480573.60,228885.15,47209.42,129797.56,476524.94,349936.40,381933.23,96236.78,112470.11,141295.05,207625.23,110714.96,165123.18,123802.11,167562.47,152121.08,87587.28,156627.13,164365.96,111348.60,1444654.62,19903.92,15550.42,122423.47,224684.94,149.37,1261784.47,3824722.35,29857.14,712086.75,448962.55,57025.53,49526.08
Scenario 1,1101,4,Strong Growth (FOMO),201,TRADING,145180.82,1886748.60,182147.29,262929.41,536526.18,448522.60,296331.53,508894.62,741663.15,916669.34,446612.64,300806.89,1603870.08,20424.87,464973.63,45367.85,306371.39,481008.34,228881.92,47234.66,130146.07,476704.58,349781.64,382018.03,96258.45,112704.03,141453.73,207592.10,110673.97,164865.62,123800.93,167443.81,152095.30,87565.23,156785.67,164782.87,111310.95,1443067.98,19914.90,15526.98,122294.91,224739.40,149.28,1261150.39,3831927.98,29915.42,710677.85,451022.39,56919.79,49460.34
Scenario 1,1102,4,Strong Growth (FOMO),202,TRADING,145218.21,1892573.32,182368.89,262572.86,535611.98,448688.61,296351.00,510031.24,743090.30,914647.99,446980.46,301160.80,1603339.08,20422.99,466127.44,45474.55,305650.95,481360.93,229010.85,47248.21,130235.47,480132.55,348773.52,383125.64,96333.23,112898.14,141593.57,207638.52,110728.38,164977.63,123897.18,167774.39,152127.70,87849.74,156742.52,164972.94,111222.41,1440201.03,19906.40,15530.87,122269.17,225351.14,149.31,1262530.69,3841026.56,29911.55,710504.67,453281.63,56821.10,49487.56
Scenario 1,1103,4,Strong Growth (FOMO),203,TRADING,145260.10,1890007.28,182828.17,262503.11,534487.02,448136.83,296548.76,510857.68,744232.76,911255.68,447524.84,301436.37,1600656.32,20416.52,464677.44,45541.43,305636.49,481662.82,228618.32,47288.31,130175.15,481387.36,349486.51,383374.93,96433.46,112842.12,141741.91,207652.05,110805.89,164482.78,123988.01,167796.71,152045.76,88076.21,156750.10,165440.89,111135.16,1440583.29,19938.99,15558.83,122623.38,225228.99,149.57,1262543.03,3833247.54,29921.32,710731.82,455111.95,56757.88,49626.46
Scenario 1,1104,4,Strong Growth (FOMO),204,TRADING,145198.36,1892691.60,182819.78,262736.34,533571.50,448337.63,296280.53,510992.55,744388.70,912215.04,448276.17,300985.41,1600171.38,20422.39,463100.06,45613.41,306494.18,481011.75,228447.18,47298.70,130259.29,483600.41,350678.21,383555.17,96559.29,112551.77,141550.76,207470.98,110779.50,164316.07,123928.75,168200.89,152104.35,88230.87,156622.98,166087.37,111115.92,1438275.82,19896.25,15493.10,122384.16,224995.04,150.03,1265062.76,3838538.65,29972.38,710757.96,457152.90,56480.11,49576.73
Scenario 1,1105,4,Strong Growth (FOMO),205,TRADING,145163.58,1894072.01,182686.21,262928.92,532245.29,449026.72,297192.92,509775.73,744873.30,916063.53,448751.01,300413.60,1600642.07,20397.03,461637.44,45662.91,307412.76,482361.07,228248.47,47279.18,129679.24,484424.36,352167.28,382861.04,96542.24,112365.40,141712.36,207347.60,110973.79,164402.07,124032.93,167979.24,152094.70,88311.59,156492.91,166483.23,111124.13,1437120.14,19866.08,15554.23,121971.91,224900.83,150.50,1264184.29,3843214.25,30047.12,709392.77,457930.48,56394.89,49690.71
Scenario 1,1106,4,Strong Growth (FOMO),206,TRADING,145081.46,1892444.36,182464.49,263425.07,531026.06,448789.32,297905.82,510086.27,744246.41,917481.39,449326.75,300457.26,1600565.18,20398.68,459747.49,45608.52,306943.60,482790.48,227805.95,47277.31,129630.15,483179.55,352765.78,382426.64,96713.82,112090.90,141516.50,207135.64,110781.40,164104.55,124116.05,168423.68,152257.44,88454.03,156517.68,166655.93,111044.97,1437128.47,19838.05,15497.56,121973.57,225192.20,150.65,1266403.63,3850006.47,30156.07,710445.60,459370.90,56124.90,49702.03
Scenario 1,1107,4,Strong Growth (FOMO),207,TRADING,145026.41,1893591.62,181404.79,263141.75,531249.88,449206.55,298750.68,509772.43,744759.80,923154.19,449973.62,300964.04,1600698.19,20390.75,459007.91,45649.64,306325.68,481658.04,227559.25,47317.56,129043.33,481633.68,352582.65,382693.56,96848.81,112082.15,141496.66,206526.73,110660.78,164151.64,124004.80,168518.95,152042.02,88547.90,156497.96,166471.28,111096.98,1434734.88,19853.35,15454.13,122278.84,225224.39,150.46,1268199.83,3876084.02,30230.38,711144.13,459391.77,55937.90,49716.05
Scenario 1,1108,4,Strong Growth (FOMO),208,TRADING,145124.10,1896397.27,180423.70,263548.78,529874.67,448702.85,298073.28,508013.59,744997.15,922107.95,450549.73,300706.98,1599435.09,20383.38,458576.81,45648.57,306367.93,481188.72,226833.27,47326.27,129040.22,481448.72,353633.07,383219.55,96829.89,111889.08,141754.94,206171.39,110976.92,163909.90,123917.17,168773.32,152053.90,88994.13,156630.86,166663.09,111142.66,1432452.08,19857.72,15436.40,122355.29,224943.49,150.30,1270151.28,3882898.11,30287.84,711125.20,460932.16,55845.12,49757.92
Scenario 1,1109,4,Strong Growth (FOMO),209,TRADING,145331.06,1895169.58,179492.56,263489.09,529806.16,449215.06,298090.19,507277.74,744757.80,924664.70,451758.28,300298.43,1598185.03,20395.46,458306.52,45631.26,306087.36,480283.77,225934.64,47215.52,129373.27,481677.35,352541.24,382891.18,96899.00,111914.67,141812.79,205899.33,110854.70,163872.66,123662.29,169224.52,152104.10,89204.35,156758.70,165441.48,111073.39,1431876.10,19872.82,15408.95,122665.54,224476.60,151.04,1269452.16,3889775.15,30368.77,710609.94,461241.36,55749.39,49794.71
Scenario 1,1110,4,Strong Growth (FOMO),210,TRADING,145033.63,1896184.03,178240.82,263212.06,528961.09,449755.54,298339.49,506774.54,742101.58,925264.64,452253.45,299800.53,1598715.36,20372.30,457444.00,45629.52,306027.81,480246.54,224704.23,47194.92,129355.48,483617.14,353313.78,382887.04,96805.28,112013.44,141464.36,205680.98,110972.23,163524.70,123574.73,169785.34,152001.37,89323.10,156845.92,165549.03,111039.83,1430093.30,19914.34,15430.91,122560.98,224839.17,151.43,1268885.27,3894007.16,30458.14,711719.35,462087.13,55806.87,49945.21
Scenario 1,1111,4,Strong Growth (FOMO),211,TRADING,145156.26,1895604.24,176530.15,263271.66,528973.75,450063.36,298981.88,507399.85,741057.81,925872.01,453241.72,300190.21,1599353.48,20374.05,457552.04,45725.60,306772.64,478312.13,223640.06,47177.78,129628.86,483154.50,352851.15,383319.87,96813.66,112227.74,141017.13,205051.10,110833.71,163713.95,123460.15,169766.46,152043.45,89571.96,156713.46,166230.32,111068.22,1428789.85,19937.87,15459.05,123132.72,225176.70,151.77,1268109.58,3895884.75,30571.45,711800.86,461093.94,55779.44,49804.54
Scenario 1,1112,4,Strong Growth (FOMO),212,TRADING,145186.11,1902420.81,174761.15,263812.83,530049.42,449452.75,299337.18,506865.25,741624.91,922442.12,453335.44,300545.79,1601436.23,20367.78,456638.72,45799.14,306661.10,478554.24,222712.38,47206.13,129840.29,482091.68,351469.67,383793.43,96873.89,112443.55,140672.90,204661.04,110777.91,163717.53,123430.26,169910.01,151814.41,89689.70,156887.19,166531.44,111144.92,1428592.64,19879.36,15465.09,122825.26,225407.64,151.15,1267493.94,3895926.69,30653.17,711665.62,460586.92,55863.87,50044.29
Scenario 1,1113,4,Strong Growth (FOMO),213,TRADING,145310.40,1903585.18,173641.73,263924.58,531579.46,449508.68,301025.20,506587.00,742221.54,920871.84,453831.19,300094.51,1602858.27,20372.73,456684.94,45951.56,306399.98,479776.28,222008.10,47254.11,130047.79,480259.20,351551.45,384035.74,96894.98,112450.54,140692.43,204368.21,110827.53,163515.80,123720.62,170490.51,152047.62,89631.88,157005.46,166734.71,111099.51,1428434.13,19847.82,15467.58,123032.01,225593.30,151.26,1268502.76,3899686.43,30750.21,711914.39,460873.04,55865.27,50289.32
Scenario 1,1114,4,Strong Growth (FOMO),214,TRADING,145659.22,1903284.91,173249.65,264028.38,532917.81,448485.15,301774.42,507196.99,743111.69,921270.77,454025.45,299608.41,1604105.83,20383.44,456227.66,46003.18,306139.38,479140.74,221138.18,47185.85,130236.88,479192.63,351193.69,384497.18,96846.63,112429.31,141091.18,203836.64,110841.35,163804.61,123577.14,170583.39,151904.50,89746.99,157093.21,166358.55,111014.22,1424906.29,19803.54,15470.33,122990.50,225584.96,151.36,1267678.89,3909355.95,30841.38,712611.24,461056.80,56166.76,50455.32
Scenario 1,1115,4,Strong Growth (FOMO),215,TRADING,146027.59,1901792.79,172312.54,264200.12,533079.08,448388.00,303142.06,508782.57,744362.55,920041.61,454253.55,300079.64,1605284.30,20354.12,455329.76,46097.44,305852.01,479496.49,220299.99,47192.57,129981.12,479262.36,350910.55,384170.73,96962.89,112694.78,140812.29,202921.24,110915.76,163933.39,123740.00,171395.70,151882.96,89870.93,157092.97,167145.48,111107.09,1426842.47,19783.73,15494.38,122997.36,225336.54,151.38,1270245.73,3916436.01,30916.16,712223.60,460269.03,56421.38,50579.06
Scenario 1,1116,4,Strong Growth (FOMO),216,TRADING,146160.11,1903647.19,171346.86,264928.27,533581.90,448027.19,304091.33,508399.89,744663.26,924051.09,454371.80,300490.79,1609097.95,20394.95,455062.02,46155.42,306235.69,480692.86,219208.77,47172.57,130064.89,477918.35,352057.87,383883.41,97035.27,112928.11,141340.28,202246.44,110923.61,164211.54,123744.62,171807.01,151711.30,89851.55,156948.27,167552.52,111096.80,1427853.12,19853.02,15474.39,122707.26,225681.41,151.37,1271506.22,3921677.82,31034.85,712297.45,459186.75,56471.91,50812.98
Scenario 1,1117,4,Strong Growth (FOMO),217,TRADING,146312.11,1907436.61,170277.11,264998.46,535069.91,448213.16,305909.28,508231.12,745704.82,923756.15,454432.98,301078.42,1610696.14,20369.58,454704.63,46232.87,306218.96,480305.94,218071.49,47161.87,130555.30,476081.18,351884.83,383790.12,97062.78,113097.91,141432.36,201308.35,110768.02,164465.04,123677.34,171922.72,151622.39,89970.90,156732.25,167702.69,111192.07,1428318.13,19842.07,15398.44,122069.41,225608.71,151.44,1272820.63,3911289.77,31152.69,712843.21,459555.96,56357.08,50876.36
Scenario 1,1118,4,Strong Growth (FOMO),218,TRADING,146935.34,1915316.38,169533.48,265519.46,535632.88,448141.39,307485.24,508114.57,743450.71,921588.39,454028.18,301357.12,1611773.71,20387.21,453225.38,46324.68,305675.25,480062.54,217603.40,47169.22,131036.71,477014.37,350703.53,383449.92,97168.03,113474.04,141214.72,200501.52,110630.52,164366.49,123535.85,172473.13,151502.96,90025.88,156724.49,167696.01,111165.14,1431069.37,19814.84,15351.31,122340.19,225500.96,151.61,1270332.54,3910075.54,31242.51,712843.86,458993.02,56474.49,50847.80
Scenario 1,1119,4,Strong Growth (FOMO),219,TRADING,147267.63,1922703.23,168596.84,265702.11,536941.88,448330.49,307647.98,508934.63,744114.63,924013.77,454126.32,300683.35,1610751.15,20395.86,453112.21,46350.34,305523.93,480314.23,216737.40,47204.57,130814.40,476712.55,351261.55,383298.19,97184.11,113390.47,141630.47,199505.26,110963.69,164698.45,123628.81,172995.29,151481.15,90053.01,156681.75,167550.61,111188.35,1432817.32,19790.97,15430.80,122478.16,225881.71,151.45,1266731.57,3910621.87,31312.48,712371.53,459167.16,56599.71,50864.05
Scenario 1,1120,4,Strong Growth (FOMO),220,TRADING,147779.25,1920811.51,167875.69,266205.21,539137.25,448282.17,307692.24,509541.02,744268.82,922167.77,454317.01,301712.88,1612124.28,20402.27,453694.20,46381.50,306036.21,481266.50,215860.82,47222.35,130949.14,477214.72,350747.19,383356.92,97244.53,113563.73,141448.84,198659.33,110803.87,164774.35,123649.54,173582.08,151682.60,90214.56,156803.60,167831.31,111198.33,1435124.13,19813.36,15504.12,122299.96,226028.39,151.67,1265066.42,3913769.44,31401.45,713467.11,459958.37,56790.64,51190.57
Scenario 1,1121,4,Strong Growth (FOMO),221,TRADING,148360.32,1922461.90,167037.71,266234.36,540138.83,448306.67,307880.73,509757.38,743216.92,919886.54,453936.13,301917.27,1616019.45,20392.44,453955.84,46309.66,305876.95,480377.15,214691.48,47236.15,131220.19,477226.72,350067.76,382762.72,97214.94,114025.16,141500.76,197563.12,110803.92,164728.19,123663.90,173749.36,151691.35,90092.42,156759.17,168019.99,111226.31,1435369.97,19838.38,15475.14,122198.03,226331.40,151.15,1266318.58,3897782.02,31510.93,712968.60,461078.37,56845.19,51426.09
Scenario 1,1122,4,Strong Growth (FOMO),222,TRADING,148693.55,1927727.72,166553.10,266180.89,542167.45,448086.10,308141.49,508862.46,742940.21,920048.28,454464.24,301514.21,1619136.48,20388.24,453643.62,46297.78,305401.06,481050.35,214075.57,47262.80,130791.52,477858.58,349177.33,383062.63,97179.15,114772.22,141086.35,196537.02,110771.92,164414.14,123556.10,173897.09,151635.06,90096.87,156770.87,168361.04,111257.78,1435782.87,19854.22,15548.11,122588.94,225935.00,150.67,1269982.11,3910495.63,31636.11,713532.36,460456.34,56884.92,51514.54
Scenario 1,1123,4,Strong Growth (FOMO),223,TRADING,148890.71,1930723.85,166368.70,266021.86,544384.01,447600.78,306462.26,508462.38,743548.89,918770.18,454524.47,301693.19,1621732.89,20405.76,453533.35,46204.40,305346.70,482033.07,213571.88,47240.46,131485.60,478324.90,349446.15,382434.38,97223.70,115047.74,140645.38,195741.67,110643.18,164408.71,123571.16,174281.40,151603.29,90209.52,156690.01,168708.44,111292.98,1438669.71,19843.96,15569.67,123181.59,225733.12,151.20,1270188.15,3908638.31,31773.60,713143.10,459251.90,57072.23,51482.54
Scenario 1,1124,4,Strong Growth (FOMO),224,TRADING,149165.94,1930932.99,165958.64,265592.38,545628.56,447610.52,306601.89,508692.07,743803.73,916678.36,454513.74,301830.25,1626164.52,20402.23,453019.41,46144.42,305645.72,482030.55,213073.61,47120.72,131447.84,478893.10,348792.14,382510.49,97300.57,115510.63,140710.72,194961.89,110737.75,164266.35,123571.59,173794.40,151726.28,90136.14,156657.33,169146.97,111276.24,1440979.73,19826.99,15626.83,122827.90,225477.67,150.97,1271118.55,3907682.60,31869.89,714719.30,459270.11,57047.60,51491.58
Scenario 1,1125,4,Strong Growth (FOMO),225,TRADING,149355.85,1930480.47,165294.08,265980.34,547592.88,447265.65,307938.77,509316.85,745068.47,914855.65,453701.77,301030.42,1629877.19,20384.90,453863.40,45981.28,304855.91,482029.77,212506.16,47123.21,131596.48,479813.56,348651.49,382068.87,97378.55,115972.70,141090.66,194394.91,110528.38,164573.54,123625.00,173528.69,151812.44,90313.88,156675.05,168984.63,111360.31,1442351.79,19814.80,15601.52,122735.64,225347.54,151.31,1272291.93,3899826.15,31956.56,714267.55,459112.12,57100.87,51584.66
Scenario 1,1126,4,Strong Growth (FOMO),226,TRADING,149678.56,1932173.80,164837.37,265593.26,548809.52,447554.05,307394.75,509026.55,744993.93,915327.88,453348.58,300397.16,1633551.78,20388.44,452812.88,45918.84,305248.07,481945.92,212835.72,47102.62,132237.45,480244.49,348582.19,382377.23,97425.49,116138.92,141009.52,193674.29,110632.83,164229.23,123564.90,173467.76,151780.64,90228.09,156524.44,168979.67,111264.86,1443940.61,19846.00,15543.79,123098.97,225615.80,151.74,1272266.82,3892688.37,32099.84,714787.67,459366.81,57203.42,51629.15
Scenario 1,1127,4,Strong Growth (FOMO),227,TRADING,150062.44,1930850.18,164335.63,266105.96,550296.67,447716.62,307441.60,508066.07,743406.77,916406.65,453000.73,299342.50,1633918.78,20388.39,453198.55,45834.48,305238.83,481696.98,212370.75,47080.68,132796.46,479261.73,348243.72,382630.52,97349.83,116419.24,141610.34,193278.56,110862.62,164621.99,123642.60,174184.47,151704.91,90182.37,156346.86,168802.76,111208.38,1446133.58,19801.31,15582.72,122953.20,225707.54,151.94,1273086.47,3895555.24,32174.81,715680.05,459473.90,57448.78,51756.84
Scenario 1,1128,4,Strong Growth (FOMO),228,TRADING,150253.17,1938719.44,163848.09,266175.19,551546.68,448273.51,307802.60,507930.05,742653.17,918937.35,453844.96,300119.29,1636608.34,20392.89,452985.38,45681.55,305048.94,481789.35,211677.27,47080.35,132790.61,478962.30,347582.84,382956.30,97302.39,116867.92,142066.37,193038.79,110962.21,164319.29,123601.44,174753.01,151535.60,89987.56,156204.22,168952.94,111149.25,1449327.94,19827.64,15571.54,122694.65,225824.88,151.32,1275424.76,3897783.11,32263.71,715396.19,459244.37,57390.75,51860.47
Scenario 1,1129,4,Strong Growth (FOMO),229,TRADING,150217.16,1943345.81,163719.03,266124.86,553207.16,448675.45,307819.44,507177.52,743609.70,919257.25,454167.06,300807.27,1636468.39,20364.76,453183.39,45566.29,305657.96,482919.15,211666.36,47049.35,133342.13,478509.86,347261.83,382106.22,97289.10,117071.98,142203.74,192983.35,110794.16,164343.65,123561.37,174725.00,151443.57,90080.69,156025.54,169309.61,111336.77,1450439.52,19787.19,15628.33,122445.33,225320.81,151.44,1274931.64,3893424.33,32389.91,715623.31,459372.08,57789.53,51992.79
Scenario 1,1130,4,Strong Growth (FOMO),230,TRADING,150441.75,1946925.01,163430.02,266042.74,556173.81,449076.44,307802.58,506235.19,744844.59,919853.96,455205.46,300551.10,1637590.60,20343.59,451728.06,45435.11,305698.23,482631.89,211804.88,47044.95,132892.98,479914.40,346773.28,383129.11,97299.20,117522.80,142257.28,193102.75,110962.25,164817.52,123527.98,174266.46,151610.31,90021.47,156020.21,168690.77,111340.22,1452851.69,19789.11,15631.10,122669.08,225393.49,150.99,1273475.67,3892517.53,32457.61,715989.04,459722.80,57925.02,51900.81
Scenario 1,1131,4,Strong Growth (FOMO),231,TRADING,150401.58,1953996.39,163762.46,266171.29,558376.04,449454.39,308305.62,506152.39,745366.48,920542.82,456160.27,300339.88,1637869.58,20347.35,453584.86,45328.18,305886.80,481345.17,212043.52,47028.58,132854.98,477712.59,346165.71,382685.23,97206.23,117995.61,142139.08,193152.48,110889.18,164078.82,123721.45,173575.48,151425.74,90044.38,155833.82,169170.41,111398.09,1454436.22,19772.60,15634.33,123277.73,225133.98,151.24,1273548.31,3887870.53,32527.00,716383.91,459643.53,58199.73,51695.87
Scenario 1,1132,4,Strong Growth (FOMO),232,TRADING,150531.04,1948176.24,162747.25,266229.44,558239.22,449982.67,308651.97,506585.86,743932.87,919773.16,456199.90,300637.75,1636978.87,20336.68,453838.91,45252.79,306303.55,480123.69,211958.28,47030.66,132748.17,476717.82,346436.07,383078.39,97274.66,118479.33,141964.06,193406.02,111167.05,163958.57,123507.23,173538.20,151395.17,90028.86,155840.14,169545.28,111408.14,1456741.63,19772.82,15655.88,122841.69,224501.29,151.38,1274713.52,3886841.23,32600.76,715661.14,459542.85,58197.33,51668.61
Scenario 1,1133,4,Strong Growth (FOMO),233,TRADING,150457.00,1949536.24,162747.76,266609.87,559330.58,450506.27,309319.36,507232.10,744073.88,921036.66,457497.83,299928.23,1639035.88,20331.46,453476.18,45163.96,306164.79,480092.98,211384.05,47076.61,132548.96,474894.97,346300.60,382441.28,97280.77,118886.03,142051.03,193747.30,110984.80,163925.36,123403.53,173217.05,151599.36,89958.12,155768.71,169976.79,111388.89,1460117.57,19771.65,15608.25,122643.58,224140.53,150.97,1274815.67,3883783.66,32673.73,715933.75,458962.66,58098.99,51526.93
Scenario 1,1134,4,Strong Growth (FOMO),234,TRADING,150541.81,1949640.89,162459.58,266679.62,560271.98,451080.93,309446.20,506021.70,743483.74,921853.55,457669.89,298668.90,1638919.14,20326.66,452664.45,45036.15,305612.21,480675.88,211100.70,47092.31,132581.63,474999.08,345838.11,381970.64,97324.20,119407.70,141880.16,194488.65,110917.59,163809.89,123393.07,173321.59,151916.45,89701.24,155527.18,169914.77,111381.37,1461957.43,19792.07,15639.31,122484.52,224055.86,150.39,1273750.04,3873864.89,32714.76,715994.96,459215.30,58200.42,51381.57
Scenario 1,1135,4,Strong Growth (FOMO),235,TRADING,150605.08,1955781.87,163061.44,266712.47,560828.41,451805.33,309941.13,505508.65,743076.51,921969.51,458230.01,298322.84,1642552.65,20331.71,452527.01,44880.60,305745.27,481311.95,210681.05,47099.59,132303.32,475293.02,346309.09,381962.78,97300.89,120138.23,141434.94,195077.57,110672.58,163616.77,123363.27,173558.14,151960.33,89745.29,155544.06,170171.76,111366.82,1464461.23,19838.44,15663.52,122380.66,223280.55,149.99,1269997.28,3875131.76,32797.51,716576.81,459624.45,58442.45,51240.17
Scenario 1,1136,4,Strong Growth (FOMO),236,TRADING,150425.81,1959592.00,163480.06,266265.21,560738.77,452362.02,311358.66,505351.93,743493.00,921371.50,458105.59,298250.74,1644374.21,20351.42,451144.86,44733.62,305849.45,481686.28,210057.32,47079.89,132130.19,473963.65,346649.43,381733.29,97246.50,120627.31,141816.91,195853.48,110474.93,163695.42,123394.77,173353.96,152294.30,89854.90,155585.57,170712.95,111278.47,1466791.12,19834.06,15676.55,123132.92,222811.28,149.46,1270290.79,3868885.76,32871.02,715688.43,458922.44,58273.79,51309.67
Scenario 1,1137,4,Strong Growth (FOMO),237,TRADING,150354.59,1957981.76,163199.69,266380.54,562152.40,453587.71,311968.67,506100.29,741535.14,922002.83,459195.88,297918.39,1645428.88,20360.23,451902.14,44622.54,305354.31,481819.59,210047.84,47032.53,131967.41,473196.72,346693.89,381468.45,97392.37,121102.21,141607.80,196704.92,110268.10,163937.68,123297.35,173159.56,152451.15,90027.79,155422.29,170966.34,111396.53,1468570.42,19796.51,15715.86,123104.12,222123.33,148.62,1268774.77,3852254.78,32929.26,714057.71,458970.18,58246.00,51414.96
Scenario 1,1138,4,Strong Growth (FOMO),238,TRADING,150296.17,1953272.82,163174.94,266647.70,562476.80,454637.85,313312.87,507954.17,740384.78,919477.78,460136.45,298224.46,1648572.93,20329.94,453114.28,44531.25,305045.06,482686.29,210037.04,47025.26,132119.50,472908.34,346770.32,381417.00,97433.25,121323.55,141152.42,197803.12,110344.23,164068.30,123306.75,172962.86,152779.44,90108.64,155409.38,171973.27,111305.42,1469842.68,19752.97,15706.89,123194.11,220844.99,148.49,1269013.52,3846483.73,33006.27,713383.28,458709.70,58275.87,51415.72
Scenario 1,1139,4,Strong Growth (FOMO),239,TRADING,150230.51,1951324.01,162849.48,267060.82,561970.78,455514.64,314283.21,509952.27,737194.39,922517.64,461513.21,298684.08,1648822.25,20309.83,453633.03,44473.18,305090.37,482782.53,210001.75,47014.33,132015.02,470875.07,346197.60,381654.25,97302.72,121349.63,141098.57,198673.76,110569.04,164258.32,123209.70,172564.18,153154.12,89975.78,155326.19,171822.67,111393.13,1471892.51,19772.89,15665.82,123664.61,220440.67,148.46,1269044.33,3845582.63,33078.22,713254.51,458584.65,58227.86,51392.52
Scenario 1,1140,4,Strong Growth (FOMO),240,TRADING,150149.33,1952155.95,162894.77,266957.25,560617.19,455634.44,315980.71,509373.93,735726.81,922255.24,462378.96,298964.00,1645887.01,20301.20,453874.08,44342.60,305066.58,483206.79,209843.29,47099.12,131613.18,470115.32,347173.02,381745.58,97363.41,121678.67,141351.92,199307.12,110670.20,164477.39,123178.14,172220.82,153567.68,89925.42,155251.79,172787.25,111438.74,1474547.61,19793.12,15653.93,123786.33,219520.47,148.55,1269630.48,3845784.51,33165.17,712946.89,457407.80,58159.10,51229.51
Scenario 1,1141,4,Strong Growth (FOMO),241,TRADING,150295.98,1960489.53,163109.95,267418.44,558889.08,457084.60,317597.36,510576.60,736084.35,920707.01,463645.02,298267.16,1646472.94,20296.27,453966.35,44228.67,305677.65,483755.54,209624.02,47056.32,131447.68,469722.97,348141.59,381679.67,97538.89,121466.27,141262.39,200066.38,110678.46,164891.59,123128.69,172179.18,154114.85,89789.30,155157.73,172590.46,111478.00,1477144.60,19808.86,15673.34,124256.28,219069.93,148.61,1271399.66,3844161.83,33211.10,713684.00,457011.00,58166.57,51221.62
Scenario 1,1142,4,Strong Growth (FOMO),242,TRADING,150215.33,1956148.99,162644.28,268061.48,558551.49,457986.91,319291.54,510710.12,732738.25,922191.26,464938.25,298151.59,1642712.82,20297.92,454597.07,44167.68,304955.53,483841.18,209775.59,47082.85,131664.37,469232.14,348085.01,381297.59,97517.85,121563.85,141450.77,200986.50,110635.45,164851.12,123141.50,172216.02,154243.07,89972.03,155119.50,172318.76,111463.34,1480578.82,19819.18,15673.27,124285.85,218272.04,147.53,1272983.72,3844326.07,33254.90,713973.56,455610.05,58248.54,51070.44
Scenario 1,1143,4,Strong Growth (FOMO),243,TRADING,150222.61,1962879.25,162258.54,267914.18,556710.53,459140.31,320531.66,510598.39,731479.40,920557.47,465873.34,298059.22,1640268.51,20292.81,453732.74,44072.48,304452.05,485413.26,209833.55,47111.55,131729.58,467970.07,348878.39,381218.53,97588.06,121391.47,140980.06,201866.09,110431.48,164849.97,123132.48,172283.28,154217.30,89972.39,154946.99,172845.80,111462.37,1483084.44,19839.25,15733.26,124131.95,218017.04,147.38,1272807.17,3830748.37,33324.92,714314.36,454201.61,58367.21,51108.12
Scenario 1,1144,4,Strong Growth (FOMO),244,TRADING,150089.92,1971424.39,162374.90,267940.74,554416.98,459396.38,321004.56,510938.03,731253.07,918280.87,466456.12,298766.99,1634378.76,20287.32,453469.17,43918.62,303967.46,484414.49,209924.66,47096.01,131399.74,467470.63,349347.26,381480.36,97713.82,121128.79,140623.09,202636.22,110442.45,165292.76,123282.88,172808.27,154517.73,90106.27,155107.32,172083.80,111467.53,1484592.46,19832.96,15688.29,124100.61,217640.82,147.41,1270783.41,3824339.45,33361.18,713238.09,452939.36,58375.90,51012.32
Scenario 1,1145,4,Strong Growth (FOMO),245,TRADING,150277.48,1971335.12,162525.52,268247.42,553919.65,460417.62,320909.43,510466.92,731047.62,917049.02,467055.55,298395.17,1631249.44,20274.40,454732.64,43825.48,303886.29,485026.27,209930.25,47165.15,130673.14,468209.11,349605.20,381687.46,97761.45,121069.46,140453.67,203519.96,110546.77,165401.36,123274.00,173253.99,154518.24,90173.16,154909.91,173141.51,111419.82,1486696.56,19856.20,15687.05,124359.57,218214.43,147.03,1273612.00,3819628.13,33422.96,714214.57,452008.25,58385.41,50882.97
Scenario 1,1146,4,Strong Growth (FOMO),246,TRADING,150251.27,1976054.06,162707.42,268038.40,551875.05,460780.73,320933.13,510557.43,729346.82,916141.59,468120.13,298629.58,1632712.91,20294.96,454297.05,43724.45,304111.41,485361.02,209654.78,47182.36,131220.17,470621.55,349449.02,381635.58,97803.48,120638.52,139997.91,204256.92,110761.31,165192.65,123184.80,173183.38,154506.64,90035.22,154831.96,172987.77,111542.78,1490627.75,19863.71,15627.75,124033.06,218288.98,147.62,1272439.07,3809136.03,33447.56,713288.09,450862.12,58344.61,50912.05
Scenario 1,1147,4,Strong Growth (FOMO),247,TRADING,150119.49,1980438.75,162376.05,267692.26,551497.08,461411.75,320749.14,512366.51,729007.80,913658.12,468593.13,298602.75,1629839.09,20276.36,453107.33,43674.29,303958.74,484890.82,209227.64,47133.99,131362.08,469771.39,350629.45,380868.23,97877.22,120411.73,140498.63,204963.58,110609.93,165334.17,123280.50,173557.90,154436.96,90047.49,154971.76,172780.80,111603.02,1492761.58,19864.62,15571.95,123947.35,219387.43,148.23,1273034.45,3797304.31,33441.36,710705.01,448871.72,58402.87,50693.43
Scenario 1,1148,4,Strong Growth (FOMO),248,TRADING,149919.85,1983124.48,162564.95,267539.16,548934.03,461531.58,321643.93,512134.72,727942.98,910600.75,469453.96,298327.00,1626202.40,20269.67,452300.37,43591.73,303345.01,484341.80,209139.54,47087.21,130792.84,469495.71,351278.58,379810.33,97868.59,120046.98,140417.67,205758.83,110755.17,164733.95,123360.25,174349.00,154937.46,89879.08,154790.14,172900.07,111615.69,1495650.33,19869.10,15556.24,124325.28,219912.93,148.47,1273909.61,3803764.31,33460.55,710647.30,446849.90,58340.30,50746.29
Scenario 1,1149,4,Strong Growth (FOMO),249,TRADING,149979.59,1992486.35,162641.73,268433.89,546961.22,460964.91,321293.09,512030.87,726959.45,913939.02,469895.27,297747.32,1621037.12,20256.31,452662.71,43548.54,303292.40,484588.39,209447.14,47061.84,131075.09,470797.18,350524.62,379324.14,97837.44,119591.60,140396.67,206263.23,110553.83,165083.04,123267.72,174647.29,154905.74,89686.40,154836.48,172754.21,111537.16,1497677.54,19866.59,15570.66,124216.33,221040.06,148.51,1274536.08,3814885.37,33460.94,710169.25,446432.15,58503.60,50626.21
Scenario 1,1150,4,Strong Growth (FOMO),250,TRADING,150146.92,2000777.07,161819.11,268433.39,544753.95,460807.85,320970.74,511467.59,728715.59,912168.74,469686.48,297603.73,1616944.22,20264.88,453023.87,43508.60,301800.48,484933.13,209494.93,46991.49,131066.95,469657.80,350080.99,379291.94,97922.98,119062.36,140513.02,206449.75,110615.82,164545.08,123428.85,175074.72,155029.62,89962.34,154956.57,173488.54,111690.32,1499367.30,19864.14,15506.40,123897.42,222184.90,148.18,1274232.32,3807785.37,33489.91,711473.58,443239.15,58615.74,50448.22
Scenario 1,1151,4,Strong Growth (FOMO),251,TRADING,150281.14,2010872.53,161840.29,268733.11,541992.22,460251.50,320033.77,511600.01,729236.85,910073.29,469904.27,298085.51,1613907.54,20242.05,452978.30,43456.87,301396.39,485022.37,209085.39,46934.74,131231.63,469096.11,350900.03,380033.55,98078.45,118722.16,140264.01,206701.14,110597.46,164191.56,123381.33,175710.19,154855.39,89995.28,155014.61,173206.14,111647.99,1500528.16,19822.27,15562.74,123502.41,222485.44,148.64,1275679.24,3802088.49,33515.11,711725.06,441777.41,58707.52,50595.33
Scenario 1,1152,4,Strong Growth (FOMO),252,TRADING,150474.07,2014294.80,162156.24,267854.10,538893.64,459765.57,319977.56,510764.30,730423.98,908254.77,469445.63,297161.96,1612165.70,20243.86,452622.85,43383.26,301781.70,484908.82,208322.88,46890.71,131338.68,467855.37,350866.80,380439.30,98171.56,118341.90,140077.97,206781.34,110565.89,163962.08,123244.14,176013.24,154630.05,90055.08,154936.64,173598.29,111826.02,1501190.90,19799.46,15616.52,123682.52,223376.87,148.62,1275815.69,3785117.34,33561.78,711305.79,439281.64,58760.97,50737.19
Scenario 1,1153,4,Strong Growth (FOMO),253,TRADING,150714.85,2014759.13,162599.02,267504.93,536614.84,458158.45,319942.49,511590.95,732155.25,909915.85,468673.68,297363.59,1608729.24,20261.49,452194.37,43334.22,301472.30,484967.30,207802.05,46835.26,131347.97,468162.03,351266.74,381242.41,98209.25,117779.52,140060.48,207095.09,110402.74,163746.70,123286.58,176116.55,154526.81,89909.91,154953.72,173178.53,111903.57,1501593.83,19797.52,15623.82,123459.47,223721.91,148.64,1272317.41,3773940.08,33584.04,710246.23,437873.42,58888.43,50839.62
Scenario 1,1154,4,Strong Growth (FOMO),254,TRADING,150378.33,2015126.18,162300.73,267028.13,533469.10,456986.41,320797.20,511533.69,732340.51,911224.52,468174.54,296226.91,1608386.42,20280.94,451982.24,43303.18,301613.22,486169.83,208007.03,46828.54,131179.11,467915.13,351743.08,381303.01,98361.15,117226.46,140119.98,207218.99,110613.70,163760.87,123430.97,176356.14,154130.84,89844.29,155049.76,173267.94,111898.64,1502578.84,19750.55,15611.79,123510.69,224388.59,148.27,1271300.60,3779720.85,33570.05,709535.65,437059.19,59086.54,50794.31
Scenario 1,1155,4,Strong Growth (FOMO),255,TRADING,150383.87,2020941.94,162320.60,266986.50,532072.13,455461.09,320397.43,512358.54,733142.83,911241.45,467625.77,295861.56,1608538.18,20274.70,452043.04,43341.90,301494.39,485387.53,207643.17,46810.48,131302.32,467390.19,352316.42,381432.21,98388.76,116502.14,139917.99,207269.02,110338.07,163976.75,123498.55,176947.08,154146.73,89674.48,155035.32,173919.44,112173.05,1503588.56,19736.99,15585.62,123393.15,224682.31,148.07,1269910.36,3783998.57,33573.18,708634.21,435631.29,59080.44,50763.65
Scenario 1,1156,4,Strong Growth (FOMO),256,TRADING,150449.98,2031172.76,162524.28,267040.01,528671.02,454790.08,320122.52,512120.99,734642.15,907207.90,466035.91,296004.76,1608305.58,20276.83,451838.11,43294.91,301440.41,486259.54,207471.04,46733.95,131305.01,466833.48,351542.47,381946.20,98537.90,115952.71,140742.56,207684.97,110447.03,164026.98,123339.38,177788.00,153898.74,89577.47,155119.64,174268.36,112240.11,1503925.41,19738.29,15574.76,123368.16,224216.03,148.19,1268743.23,3784279.61,33570.88,708589.44,434169.63,59173.32,50786.03
Scenario 1,1157,4,Strong Growth (FOMO),257,TRADING,150508.33,2034347.72,163069.96,266917.20,526888.88,454513.02,319938.28,511852.86,736666.33,907213.21,465144.28,295698.26,1606585.49,20280.30,452056.40,43325.05,301765.62,485736.89,207180.24,46652.54,131115.20,467859.57,351351.23,381422.48,98715.94,115343.77,140688.99,207692.19,110172.34,164248.42,123316.83,177577.93,153533.70,89716.44,155216.37,174790.55,112467.87,1503046.39,19751.11,15599.49,123202.47,224353.51,148.16,1270786.72,3801265.73,33537.32,708122.60,434082.10,59577.83,50879.09
Scenario 1,1158,4,Strong Growth (FOMO),258,TRADING,150682.02,2039484.34,162828.61,267176.50,523524.66,453576.67,320067.77,511636.84,737120.23,905643.42,464269.66,295153.87,1602009.88,20280.22,452672.35,43365.47,301694.49,485434.39,206556.88,46621.60,131065.98,467451.22,351515.91,381230.83,98701.71,114966.94,140480.52,208041.34,110115.98,164534.34,123198.02,178225.17,153319.83,89817.84,155444.06,175629.09,112728.67,1502268.41,19723.75,15588.27,123021.37,224468.75,148.96,1271892.36,3804614.27,33504.41,708220.55,433879.68,59718.99,51079.30
Scenario 1,1159,4,Strong Growth (FOMO),259,TRADING,150294.47,2045341.75,162566.25,266981.45,521176.22,453152.96,319116.62,512794.40,738808.50,909966.10,463725.36,295857.48,1598934.26,20304.31,452729.99,43336.11,301713.32,484666.90,206289.37,46543.66,130795.89,466039.31,351559.74,380819.65,98771.27,114595.14,140231.31,208194.78,110205.86,164275.32,123161.53,178691.33,152925.36,90174.63,155440.52,176347.51,113077.83,1500931.48,19674.36,15585.37,122699.99,224020.02,148.66,1274307.96,3796024.10,33472.92,708086.59,434285.38,60024.53,51180.53
Scenario 1,1160,4,Strong Growth (FOMO),260,TRADING,150337.89,2054557.09,162791.22,266808.50,517667.80,452254.81,320025.97,513719.84,739090.72,909059.51,463158.83,296378.66,1598603.86,20299.56,452288.85,43245.70,300850.20,484942.78,206377.09,46535.03,130323.47,466348.42,352562.86,380128.04,98909.55,114057.21,140656.42,208268.77,110217.74,164592.16,123119.41,178638.79,152657.34,90200.88,155413.78,176610.84,113319.48,1500141.85,19663.13,15586.54,122226.28,224078.29,148.25,1278060.67,3800979.38,33444.24,707773.35,435410.92,60330.72,51245.27
Scenario 1,1161,4,Strong Growth (FOMO),261,TRADING,150454.23,2065212.36,162413.91,266544.14,514955.83,451043.01,320278.65,514135.95,738841.82,906163.76,461662.18,295428.22,1596163.56,20310.05,452236.72,43203.07,300353.29,485987.95,206621.08,46501.54,130610.54,466782.30,353972.53,380621.74,99049.80,113666.78,140800.26,208150.59,110365.17,164314.08,122952.91,178766.28,152094.64,90389.57,155649.71,176985.87,113554.51,1499464.87,19681.20,15610.57,122130.98,224408.84,148.40,1277106.93,3800523.10,33425.27,707784.41,434914.82,60600.61,51390.52
Scenario 1,1162,4,Strong Growth (FOMO),262,TRADING,150358.19,2070434.94,161742.86,266270.96,512782.63,451291.08,320687.81,513198.74,739506.32,905718.39,460809.96,296410.40,1596592.78,20297.81,452806.15,43187.65,300530.14,485102.71,206835.96,46364.51,130494.09,469256.56,353418.27,380291.71,99145.80,113388.79,140234.33,208189.09,110321.41,164592.49,122919.40,179648.79,151677.94,90282.62,155628.23,177342.97,113689.45,1499620.81,19709.88,15607.72,122175.23,224124.53,148.88,1274706.32,3807797.81,33402.58,706634.43,435310.11,60802.63,51466.75
Scenario 1,1163,4,Strong Growth (FOMO),263,TRADING,150573.08,2068838.64,161753.89,266771.86,510178.39,450231.74,321754.70,514393.19,739771.16,905444.82,459838.64,295528.25,1597343.17,20304.61,452513.38,43223.15,300476.66,485705.12,206610.45,46297.85,130300.68,469625.73,354314.69,380305.27,99200.06,113029.22,140420.95,208133.26,110287.42,164664.08,122958.54,179627.72,151777.17,90321.61,155831.68,177815.45,113739.22,1496122.65,19727.64,15628.00,121785.13,223952.35,149.34,1273845.59,3812208.51,33330.12,706120.54,436212.67,61022.71,51602.51
Scenario 1,1164,4,Strong Growth (FOMO),264,TRADING,150513.11,2071321.37,161535.98,266789.68,508435.55,450023.62,322580.05,515276.73,740322.06,906399.48,459146.40,295704.77,1594593.96,20307.44,452310.83,43184.34,300495.46,486046.90,206379.02,46270.25,130435.67,469291.03,354853.84,379409.34,99277.30,112769.35,140684.44,207979.24,110288.05,164663.98,123006.09,179615.33,151718.90,90388.87,155975.95,177247.43,113849.42,1492006.45,19757.51,15624.94,122165.40,223663.18,150.12,1275290.32,3817788.52,33272.07,705672.51,437941.18,61298.53,51650.94
Scenario 1,1165,4,Strong Growth (FOMO),265,TRADING,150760.48,2079567.11,161879.55,266645.57,506734.37,449601.64,323105.09,515333.48,740286.25,905387.33,458188.19,295582.22,1595655.06,20315.40,452503.97,43145.08,300345.41,485877.24,205952.96,46205.49,129887.61,468129.52,355391.78,378997.17,99210.60,112227.72,140634.83,208011.46,110341.86,164397.60,123105.24,179577.71,151587.63,90472.56,155791.24,178276.34,113817.20,1487259.97,19698.27,15612.10,122460.32,224011.73,149.48,1276917.70,3826752.64,33263.15,706321.23,438444.20,61326.34,51935.43
Scenario 1,1166,4,Strong Growth (FOMO),266,TRADING,150844.16,2090258.07,162154.29,266578.49,504147.48,449255.17,324079.25,515102.59,740455.43,902544.03,457477.04,295918.67,1595675.08,20331.68,452609.68,43125.35,300336.92,485751.40,205824.87,46206.87,130180.07,469186.52,354834.33,379041.63,99247.03,112185.16,140210.92,207985.47,110091.72,164320.19,123116.36,179450.53,151337.12,90471.83,156129.84,179231.72,113599.80,1486730.45,19705.13,15586.37,121879.74,223903.42,149.05,1280319.35,3823637.38,33224.85,705697.13,439921.73,61465.13,52029.03
Scenario 1,1167,4,Strong Growth (FOMO),267,TRADING,150619.13,2095078.98,162545.03,267116.88,502874.00,448857.99,323881.52,514549.10,741790.61,906206.19,457508.79,296378.33,1594074.01,20328.74,452999.80,43124.69,300165.70,485630.65,205556.88,46152.34,129542.87,469799.98,354813.69,379154.99,99343.41,111963.45,139943.72,208010.79,110085.98,164281.96,123220.95,179044.40,151383.06,90408.11,156159.68,180229.42,113416.64,1484378.25,19686.84,15560.81,122212.53,223908.90,148.78,1277686.32,3814436.09,33184.15,705149.88,441511.21,61806.89,51910.99
Scenario 1,1168,4,Strong Growth (FOMO),268,TRADING,150535.52,2099843.10,163027.46,266833.17,500697.08,449123.84,325284.70,515211.54,741755.96,906712.25,456523.08,296065.45,1592863.84,20313.77,452030.15,43176.26,300344.50,484606.39,205705.85,46128.93,129557.84,471493.38,354251.42,378527.87,99391.53,111804.77,140064.76,208138.01,110120.22,164311.17,123104.37,179503.24,151266.41,90397.75,156325.73,179675.17,113048.69,1481088.63,19671.33,15494.88,122811.42,224256.38,148.15,1277485.53,3824657.26,33170.86,705848.48,442986.62,62051.81,52130.02
Scenario 1,1169,4,Strong Growth (FOMO),269,TRADING,150412.11,2102579.53,162879.56,266919.41,499916.45,449411.73,324816.48,517138.08,741095.94,909095.04,455968.25,296225.34,1592705.96,20289.34,452746.98,43188.35,299653.38,483428.42,205546.80,46083.23,128702.44,471972.09,353102.55,378389.71,99452.39,111705.50,139964.99,208058.28,109988.23,164339.31,123129.45,179577.18,151208.23,90403.63,156454.21,179634.88,112739.31,1478588.35,19675.25,15449.08,122859.10,224624.14,147.55,1274534.60,3833371.44,33114.27,706516.63,445081.70,62186.99,52222.13
Scenario 1,1170,4,Strong Growth (FOMO),270,TRADING,150244.31,2110735.96,163119.96,267181.09,499235.13,449897.09,325782.40,517099.29,741385.44,913958.78,454658.50,296633.67,1594518.24,20300.70,453552.42,43238.57,299672.62,484384.31,205953.85,46059.99,128848.80,472291.01,353299.74,378674.26,99499.23,111576.12,139940.42,208051.93,109851.15,164212.79,123253.39,180148.64,151286.32,90461.30,156534.24,181029.30,112520.44,1475670.67,19657.11,15461.61,123139.22,224501.58,147.32,1276687.81,3838291.89,33032.04,706892.57,445146.94,62304.02,52266.35
Scenario 1,1171,4,Strong Growth (FOMO),271,TRADING,150265.87,2117329.75,162850.41,267298.46,497663.15,450265.40,326639.95,517230.58,742087.11,914589.73,454343.62,296391.97,1593613.59,20311.35,454071.08,43246.91,300138.26,484141.05,205957.98,46116.63,128442.58,472535.87,353915.33,378652.94,99399.04,111528.72,140090.33,207922.61,109641.44,164241.83,123181.77,180550.44,150985.10,90406.09,156559.29,181129.81,112163.02,1471854.61,19657.64,15458.64,123536.83,224762.36,147.93,1273484.16,3842155.79,33032.48,705699.97,446627.19,62233.07,52299.60
Scenario 1,1172,4,Strong Growth (FOMO),272,TRADING,150314.57,2118979.83,162325.49,267398.15,495619.55,449767.85,327140.31,518834.57,742443.68,913190.72,453664.76,296426.59,1594613.73,20322.83,453812.29,43267.73,300462.31,483415.50,206227.34,46086.54,128662.02,473288.01,351392.46,379070.50,99206.25,111347.10,139989.96,207811.70,109656.86,164543.55,123203.41,181396.26,150681.20,90332.58,156717.09,181472.10,111885.83,1469843.60,19712.85,15438.66,123688.40,225151.92,148.17,1272089.49,3833338.36,32990.88,705048.16,448024.62,62393.76,52549.33
Scenario 1,1173,4,Strong Growth (FOMO),273,TRADING,150505.52,2124930.97,162682.56,267476.78,495250.41,450368.19,326983.05,519219.43,743887.05,912669.44,453137.38,297030.60,1592610.75,20320.04,453116.80,43300.03,301346.37,483564.44,205965.37,46160.35,128773.73,474041.85,350841.91,379031.36,99158.75,111116.44,140028.70,207866.24,109679.63,164630.65,123108.04,181001.06,150458.74,90380.16,156668.55,181521.78,111582.77,1467737.60,19689.87,15478.71,123506.78,225148.57,147.93,1275157.52,3829484.28,32924.83,705763.85,448652.10,62522.40,52648.57
Scenario 1,1174,4,Strong Growth (FOMO),274,TRADING,150522.35,2133473.51,162489.28,267523.14,493844.27,450507.57,326571.66,519608.60,745920.91,912503.01,452300.14,297258.67,1592771.61,20316.81,453559.23,43377.64,301058.13,484791.50,206375.43,46178.68,129145.89,473503.57,350514.99,378450.71,99140.96,111100.47,139987.73,207875.36,109647.47,164716.44,123037.94,181767.26,150127.65,90230.62,156843.60,182653.00,111389.36,1465082.37,19713.63,15526.34,123529.84,225592.87,148.53,1273518.37,3820907.19,32889.30,704376.11,449779.56,62559.78,52580.51
Scenario 1,1175,4,Strong Growth (FOMO),275,TRADING,150326.28,2138174.14,162297.10,268004.28,493826.71,450792.18,327229.50,519993.03,747218.40,913224.27,452224.07,298076.55,1594630.62,20319.73,454966.21,43397.94,301169.55,485832.61,206442.57,46212.54,129217.83,473101.17,349965.83,378604.49,99119.05,111055.28,139830.48,207771.56,109751.78,164744.68,122933.36,181945.98,150096.81,90004.14,156989.95,182330.22,111337.42,1464649.12,19720.85,15444.41,123457.75,225372.65,148.23,1274493.97,3826974.09,32835.60,703963.46,450385.78,62546.24,52572.00
Scenario 1,1176,4,Strong Growth (FOMO),276,TRADING,150250.69,2138041.05,162513.03,268209.23,494550.98,450324.20,327267.47,519348.13,747982.78,915645.25,451738.53,298696.12,1595589.81,20330.65,454818.20,43500.57,300692.58,485444.92,206270.66,46237.63,129011.50,472494.47,350646.28,378781.89,98972.87,111059.48,139496.26,207604.34,109700.35,164877.53,122963.85,181540.24,150192.80,90034.91,156889.90,182513.17,111264.24,1462435.06,19756.71,15474.77,123085.98,225569.23,148.35,1276879.11,3825408.90,32764.46,703942.28,452182.25,62439.10,52341.49
Scenario 1,1177,4,Strong Growth (FOMO),277,TRADING,150281.43,2143309.70,162504.15,268067.61,494246.31,450588.74,327651.87,520534.28,747967.33,918149.18,451947.78,298426.90,1592636.46,20315.84,455188.09,43538.06,300604.95,485096.22,205920.05,46275.33,128980.73,472921.31,350873.25,379069.68,98726.10,111004.75,139735.25,207856.95,109844.09,164904.87,123029.56,181294.85,150317.74,89823.57,156934.56,182282.34,111300.83,1459486.36,19762.58,15462.60,123117.82,225412.40,147.96,1274883.66,3829106.20,32726.47,702921.42,453461.15,62364.90,52270.68
Scenario 1,1178,4,Strong Growth (FOMO),278,TRADING,150281.61,2142574.36,162572.40,268010.84,493829.25,450397.48,328587.40,520144.50,747727.36,916564.89,451814.61,298246.80,1591039.63,20299.17,454851.81,43661.61,300122.61,485496.04,205892.16,46299.02,128780.52,473943.32,350839.05,378873.55,98490.06,110733.20,139706.23,207822.34,109925.47,165630.16,122955.53,180782.83,150035.24,89649.75,156974.60,181741.50,111153.86,1458391.62,19718.48,15485.59,122960.94,225213.29,147.47,1276518.02,3840023.17,32689.83,702596.66,455318.81,62341.36,52296.05
Scenario 1,1179,4,Strong Growth (FOMO),279,TRADING,149904.19,2144399.99,163207.26,268235.61,492040.09,450211.97,329195.15,520787.52,746914.29,918104.40,451187.92,298257.55,1592525.29,20293.61,453375.16,43706.44,299974.73,485721.24,205893.72,46387.67,129149.34,475301.26,352216.96,379131.17,98368.19,110692.24,139815.79,207811.19,109867.08,165297.68,122937.15,181233.36,150238.33,89601.65,156946.16,181785.99,111352.08,1457624.80,19710.95,15489.04,123506.27,225194.26,147.73,1276699.41,3839337.90,32654.03,702894.51,455382.85,62617.57,52365.23
Scenario 1,1180,4,Strong Growth (FOMO),280,TRADING,149652.09,2153648.47,162983.10,267708.04,492636.10,450369.36,330359.62,520487.72,746777.32,916946.99,450747.48,297529.76,1593887.81,20281.84,454813.40,43774.13,299694.56,486443.63,205957.05,46448.72,129104.58,473865.68,353042.78,378749.47,98306.01,110551.14,139607.48,207917.09,109830.00,165340.41,122944.07,182127.47,150060.65,89556.19,157101.46,182831.92,111395.22,1456399.08,19714.74,15451.87,123333.99,225282.80,147.46,1276045.65,3837614.93,32605.22,703451.13,455565.83,62605.05,52115.50
Scenario 1,1181,4,Strong Growth (FOMO),281,TRADING,149546.70,2153767.92,162826.80,268071.28,491965.44,451259.24,330334.31,521350.12,748015.46,918904.31,450422.95,298460.36,1594981.72,20260.55,456114.75,43768.64,299381.04,485906.39,206075.90,46452.34,129212.89,474167.57,353458.04,379149.87,98131.13,110583.95,139141.81,208051.03,109922.36,165323.57,123029.14,182487.56,150275.24,89429.05,157025.31,182948.48,111346.79,1457369.73,19691.64,15426.01,123686.96,225058.40,146.74,1274108.32,3838252.49,32561.28,702288.59,455723.60,62462.22,52092.12
Scenario 1,1182,4,Strong Growth (FOMO),282,TRADING,149698.19,2150755.22,162382.41,268109.31,492106.93,450869.66,330777.89,522132.48,748774.44,917587.69,450334.44,298326.45,1596866.54,20251.73,457188.56,43692.71,299505.77,486303.32,206347.16,46559.59,129314.10,474052.31,354507.33,379616.87,98011.48,110667.70,138897.02,207887.62,109571.81,165570.93,122880.53,182225.00,150529.60,89714.16,156965.87,183515.27,111364.64,1456349.05,19688.91,15438.35,123569.47,224897.79,146.95,1273991.93,3838004.69,32524.10,702836.99,456205.02,62657.69,51842.42
Scenario 1,1183,4,Strong Growth (FOMO),283,TRADING,149788.34,2152599.43,162313.32,268000.51,491500.72,450264.66,330843.41,523396.36,748027.99,919729.40,450787.04,298042.02,1595343.42,20228.85,455921.28,43609.96,299019.80,487224.74,206001.89,46665.19,129002.23,473630.45,355056.22,379281.42,97834.31,110653.16,139047.53,207692.48,109558.76,165937.21,122949.79,182765.00,150558.28,89619.18,157004.81,183605.22,111358.32,1456399.01,19694.34,15469.29,123771.88,225386.60,147.00,1274514.15,3835064.55,32489.25,702351.46,456248.12,62580.29,51690.65
Scenario 1,1184,4,Strong Growth (FOMO),284,TRADING,149558.04,2166952.26,162722.97,267932.28,492614.08,449742.09,332133.41,523653.36,748087.11,921375.00,450769.35,297633.27,1593288.29,20209.25,455258.41,43492.39,299917.88,486664.20,205886.75,46760.58,129425.71,472344.35,355157.34,379453.40,97716.34,110849.86,138872.60,207822.09,109581.87,165515.30,122881.24,183160.26,150694.73,89809.97,156861.72,183777.35,111421.32,1456896.50,19695.45,15509.44,123488.76,225090.35,147.31,1274244.11,3848901.93,32406.78,701250.93,456400.91,62661.59,51426.97
Scenario 1,1185,4,Strong Growth (FOMO),285,TRADING,149502.38,2166729.09,162872.72,267970.86,493034.33,449581.64,331809.18,523397.71,748246.20,921201.73,450597.48,298141.32,1596000.92,20221.27,454785.73,43378.00,299217.31,486301.84,206455.19,46834.77,129431.47,471322.42,355315.70,379952.61,97552.87,110761.82,138101.62,207632.85,109195.25,164914.09,122945.31,183456.21,150729.06,89856.82,156684.83,184000.94,111463.38,1458255.15,19687.19,15507.32,123673.44,225098.48,147.57,1271832.34,3857100.79,32363.88,700805.89,456796.93,62703.17,51253.57
Scenario 1,1186,4,Strong Growth (FOMO),286,TRADING,149535.61,2160369.33,162865.94,267272.82,493830.70,449846.39,331720.72,522970.09,747935.50,923467.42,450352.34,299175.57,1594739.39,20232.45,454953.02,43249.07,299847.85,486661.75,206009.50,46971.08,129479.11,471132.85,355814.29,380677.93,97370.41,111047.63,137877.68,207603.94,109241.57,164858.41,122898.09,183623.09,150725.98,89962.56,156670.19,184069.72,111526.65,1457880.94,19686.83,15479.50,123450.44,225303.68,148.22,1269784.37,3858953.14,32321.02,700653.02,456271.76,62716.47,50982.60
Scenario 1,1187,4,Strong Growth (FOMO),287,TRADING,149800.09,2164410.33,162494.75,267331.83,495401.78,449641.91,331870.16,522789.61,746194.78,920388.48,450784.01,299317.43,1594592.68,20218.41,454164.36,43162.36,300011.75,484332.56,205871.98,47072.06,129342.67,471635.30,355633.05,380078.81,97161.68,111493.41,138102.65,207707.13,109262.93,164674.59,122866.09,184111.12,151069.09,89956.88,156774.39,184976.52,111510.00,1460238.52,19626.88,15462.32,123651.62,225624.37,148.42,1271506.38,3856230.17,32282.97,700746.54,456227.51,62728.97,50738.54
Scenario 1,1188,4,Strong Growth (FOMO),288,TRADING,149923.01,2168959.88,161993.60,267043.35,495080.79,449553.04,331846.41,521542.25,746239.06,916703.53,449859.38,299573.58,1591529.76,20222.78,452411.86,43074.49,299407.34,485923.32,205755.28,47141.36,129282.63,471269.22,355714.02,379689.01,97067.17,111464.70,137521.28,207592.38,109694.76,164834.59,122980.01,184588.40,150990.45,89880.22,156859.35,185089.35,111366.44,1457800.85,19621.12,15471.88,123179.42,225336.31,147.79,1271615.04,3852964.11,32234.19,702144.50,456557.38,62657.66,50550.23
Scenario 1,1189,4,Strong Growth (FOMO),289,TRADING,149812.70,2172271.96,162122.69,266969.52,494973.32,449746.09,332387.74,520955.84,744595.53,915428.16,450007.37,299259.47,1591572.11,20229.84,452463.95,43004.01,299931.07,485943.58,205342.82,47193.12,129160.03,472019.70,355891.85,380028.88,97072.54,111426.96,137781.65,207453.38,109637.69,164344.76,123031.81,185106.52,150928.17,89861.94,156595.11,184836.95,111351.62,1459185.97,19605.76,15425.86,123370.96,225352.40,146.95,1274835.38,3863520.08,32190.87,702344.51,455683.21,62785.31,50372.55
Scenario 1,1190,4,Strong Growth (FOMO),290,TRADING,149738.01,2170272.61,161740.28,266656.64,495783.10,449421.37,333208.30,521758.48,744623.51,913163.80,449677.68,299362.04,1590812.26,20206.62,452580.92,42906.50,300823.43,484468.22,204945.96,47244.45,129426.94,472437.86,355239.13,379954.12,96875.99,111397.21,137854.67,207442.14,109618.18,164198.09,122868.99,185274.31,150788.86,89943.50,156794.43,184773.25,111393.36,1459866.42,19613.11,15476.93,123907.62,225049.93,146.36,1276192.28,3866537.57,32129.13,703543.01,455223.90,62787.85,50152.89
Scenario 1,1191,4,Strong Growth (FOMO),291,TRADING,149614.37,2175450.25,161614.00,267010.76,496091.91,449958.86,334104.34,522380.89,745419.06,914704.50,449008.67,299957.30,1591780.47,20202.25,452362.58,42842.41,301924.60,484002.22,204405.53,47359.90,128811.83,471385.69,356247.13,380179.00,96734.44,111308.79,138071.51,207214.24,109861.36,164156.77,122755.60,185528.27,150684.95,90086.62,156744.32,183984.15,111252.74,1459604.80,19632.11,15496.62,123982.98,224053.41,145.79,1274354.10,3870088.44,32121.83,705874.31,456215.81,62650.99,49898.70
Scenario 1,1192,4,Strong Growth (FOMO),292,TRADING,149482.30,2181106.74,161160.12,267051.05,496976.12,450624.12,335502.32,523050.14,746064.09,915772.63,450008.79,300295.27,1591394.81,20181.32,451674.91,42844.08,301792.14,484698.16,204518.60,47370.48,128613.92,471563.95,355440.32,379913.36,96611.54,111515.53,138373.91,207274.42,109702.14,163994.04,122906.85,185322.31,150536.02,89918.29,156711.56,183854.88,111279.75,1459771.85,19639.10,15492.52,123442.60,223969.44,145.91,1272504.18,3860455.34,32046.12,705783.83,457138.82,62753.97,49836.28
Scenario 1,1193,4,Strong Growth (FOMO),293,TRADING,149206.81,2177604.02,160941.03,267358.05,497879.73,450087.11,335585.77,524732.51,747065.15,916579.18,449858.60,299580.73,1594540.64,20181.69,451555.35,42753.71,301178.45,484370.48,204622.25,47400.11,128618.78,471414.88,355047.36,379740.88,96535.63,111371.53,138655.32,207250.89,109741.21,163721.09,122889.34,185279.10,150482.26,89813.60,156746.74,183755.51,111264.39,1460599.24,19656.01,15501.28,123854.43,224185.03,146.68,1270013.96,3858329.49,32039.16,705670.54,456980.63,62795.69,49679.51
Scenario 1,1194,4,Strong Growth (FOMO),294,TRADING,149026.13,2174182.48,161228.42,267723.86,498733.57,450582.86,334891.80,526566.51,746291.55,914595.94,449948.12,299234.15,1597808.03,20174.84,452109.86,42704.20,300875.11,484359.54,204503.79,47492.19,128737.61,469378.35,355862.59,380041.44,96444.55,111368.24,138716.75,207275.30,109729.11,163078.71,122729.38,185864.74,150857.32,89691.85,156792.18,184356.01,111220.85,1460749.98,19654.90,15457.91,124059.93,224276.03,146.98,1270179.55,3854617.65,32037.95,705907.07,457095.96,62750.08,49405.28
Scenario 1,1195,4,Strong Growth (FOMO),295,TRADING,149143.58,2174837.39,161122.67,267993.33,499506.33,450519.30,335514.81,525559.02,747444.81,912921.52,450428.41,299897.33,1599339.98,20176.89,453062.48,42638.56,300787.12,484725.47,204186.65,47525.07,128484.45,470306.81,354824.06,379439.72,96556.29,111208.91,138908.86,207337.12,109718.48,163210.11,122851.17,186212.18,150722.39,89642.04,156775.71,184571.57,111227.87,1458875.10,19683.77,15454.86,123846.29,224420.09,147.27,1270948.07,3853856.40,32022.26,705806.10,456658.34,63004.57,49360.39
Scenario 1,1196,4,Strong Growth (FOMO),296,TRADING,149219.17,2173947.70,161105.42,268112.42,499067.70,450021.45,336037.82,524854.37,747445.97,911864.23,450794.32,300477.06,1598898.31,20158.27,453174.02,42641.72,299632.54,484929.82,204626.52,47600.81,128879.71,469663.47,355262.14,379681.09,96471.64,111354.19,139357.48,207228.33,109934.52,162972.87,122759.04,185952.11,150666.98,89568.47,156735.23,184729.20,111282.96,1458925.26,19679.92,15490.03,124216.37,224052.02,147.64,1270852.22,3856581.28,31995.23,705521.34,456929.93,63210.97,49127.89
Scenario 1,1197,4,Strong Growth (FOMO),297,TRADING,148939.34,2179385.92,160934.29,268351.18,499959.18,449979.71,336665.80,524691.00,746257.98,913845.94,450857.55,301338.87,1596611.67,20155.80,454035.83,42664.93,299596.66,484860.69,204337.00,47603.77,129471.62,470023.55,355865.11,380154.23,96353.82,111029.62,139947.95,206985.14,109797.45,163270.99,122801.66,186160.35,150720.32,89640.26,156731.26,184898.57,111231.53,1457300.64,19702.40,15501.16,124740.31,223659.24,147.83,1271078.05,3853945.79,31973.57,704868.23,458516.43,63178.02,49027.87
Scenario 1,1198,4,Strong Growth (FOMO),298,TRADING,149056.44,2178930.11,160601.80,269357.76,500956.38,450048.70,337009.91,524990.12,745227.90,911099.86,450750.20,301096.12,1598041.90,20167.80,453659.66,42629.73,299444.54,485128.64,204457.21,47605.94,129846.60,470286.29,354768.92,380173.82,96337.72,111061.77,139735.39,207019.71,109414.73,163107.71,122768.44,186338.35,150751.14,89497.88,156697.75,184305.95,111331.95,1457583.70,19730.26,15532.78,124537.06,224126.19,147.84,1270251.71,3851267.71,31953.01,704247.72,458025.58,63334.57,49007.87
Scenario 1,1199,4,Strong Growth (FOMO),299,TRADING,149127.01,2179482.18,160211.08,269258.27,500332.74,449987.09,336604.46,526142.73,746052.22,910652.69,450794.59,300260.67,1596854.25,20193.58,453064.11,42597.73,300506.88,484718.94,203954.19,47599.78,129717.43,471586.85,354701.27,379561.35,96237.11,111087.63,139634.36,207259.08,109278.56,162445.83,122901.99,186793.89,150872.11,89368.49,156691.23,184369.35,111449.60,1456475.21,19723.55,15519.40,124734.14,224425.56,147.65,1271523.36,3846423.71,31969.39,702778.20,458678.59,63411.15,48971.95
Scenario 1,1200,4,Strong Growth (FOMO),300,TRADING,148823.24,2183164.87,160346.55,269473.71,502713.06,449048.81,337816.93,525951.25,743516.46,908995.39,450212.81,299940.30,1597507.98,20212.98,454530.23,42565.28,299638.81,481949.96,204060.79,47632.15,129720.44,471354.62,354892.02,380042.38,96229.60,111080.20,139402.41,207540.43,109219.42,162397.11,122941.75,186920.85,150731.90,89295.89,156596.68,184339.14,111338.54,1456525.44,19690.40,15466.71,125258.06,224154.31,147.57,1272286.89,3849008.49,31833.92,702840.07,459714.96,63452.87,48749.55
Scenario 1,1201,5,Market Euphoria,1,TRADING,148823.24,2183164.87,160346.55,269473.71,502713.06,449048.81,337816.93,525951.25,743516.46,908995.39,450212.81,299940.30,1597507.98,20212.98,454530.23,42565.28,299638.81,481949.96,204060.79,47632.15,129720.44,471354.62,354892.02,380042.38,96229.60,111080.20,139402.41,207540.43,109219.42,162397.11,122941.75,186920.85,150731.90,89295.89,156596.68,184339.14,111338.54,1456525.44,19690.40,15466.71,125258.06,224154.31,147.57,1272286.89,3849008.49,31833.92,702840.07,459714.96,63452.87,48749.55
Scenario 1,1202,5,Market Euphoria,2,TRADING,149084.88,2185375.14,159861.04,269033.60,502323.46,449666.42,337323.21,526351.26,743338.81,908392.55,450511.55,300585.77,1595340.85,20224.70,453136.03,42538.22,300204.81,483462.27,203975.71,47685.70,130071.01,472615.97,356059.10,380312.54,96244.87,111008.89,139188.51,207590.85,109113.83,162165.06,122929.80,186976.88,150764.22,89318.19,156652.37,183532.26,111343.35,1458375.84,19705.92,15444.54,125637.23,224329.05,147.26,1273155.23,3839177.78,31837.76,701938.62,460452.91,63206.63,48749.79
Scenario 1,1203,5,Market Euphoria,3,TRADING,149233.09,2187065.70,160141.44,269260.48,502101.51,449086.13,337053.67,524370.04,742858.79,907826.20,451076.38,300019.06,1595545.69,20228.50,452800.34,42509.83,300240.70,482593.69,204033.35,47697.20,129218.32,471664.48,356109.55,380963.38,96118.34,111249.52,138840.60,207541.31,109341.28,162188.89,122988.53,187021.66,150954.32,89199.00,156860.46,182811.87,111362.07,1458111.14,19720.47,15425.51,126593.28,224419.78,146.39,1272910.20,3833573.07,31831.43,702522.34,461192.53,63135.61,48821.09
Scenario 1,1204,5,Market Euphoria,4,TRADING,149117.16,2190167.12,160225.36,268835.14,501547.44,449112.91,336978.23,524953.76,744289.94,906965.57,450305.46,298716.72,1594154.72,20204.43,452545.65,42491.85,300477.86,482705.55,204002.18,47688.65,128881.16,471577.18,355426.59,381332.39,96184.97,111197.46,139384.90,207665.24,109728.54,162327.56,122934.31,186479.65,150993.78,89453.25,157043.61,182709.49,111353.99,1456723.70,19721.92,15510.58,126363.49,224299.35,146.58,1272066.75,3824550.37,31791.19,703454.96,460400.89,63017.85,48667.06
Scenario 1,1205,5,Market Euphoria,5,TRADING,149213.35,2199741.81,160098.54,269403.73,501760.43,448539.38,335773.13,523996.97,745381.64,905435.30,450211.90,298734.98,1593627.80,20211.61,452763.29,42523.35,299570.74,482786.65,203851.30,47747.04,129248.19,473099.77,355646.06,380721.49,96127.79,111110.15,139637.55,207528.86,109610.55,162483.35,122891.62,186805.08,150880.28,89426.62,156884.58,183142.55,111317.58,1455712.85,19709.70,15506.73,125988.58,224476.77,146.04,1270579.29,3817786.16,31825.07,704212.54,462101.79,62884.93,48687.09
Scenario 1,1206,5,Market Euphoria,6,TRADING,149631.61,2195671.63,160261.63,269676.09,502165.96,448115.26,334290.00,523744.99,744268.03,905264.55,451163.94,297701.75,1594091.97,20220.03,452940.31,42484.14,299536.62,482824.76,203535.52,47697.68,129208.34,472215.85,355794.72,380509.10,96227.34,111013.62,139415.25,207398.75,109477.69,162428.82,122947.89,186478.92,150919.07,89479.52,157020.54,183606.52,111335.37,1455178.09,19727.04,15492.99,126104.14,224621.20,146.02,1273688.56,3816124.47,31827.15,703606.78,461714.89,62834.28,48609.90
Scenario 1,1207,5,Market Euphoria,7,TRADING,149643.65,2183787.25,160339.87,269653.59,502033.90,448542.26,334366.34,524478.93,744884.05,906812.34,451291.05,297919.65,1594967.82,20222.16,452798.35,42471.24,300157.07,483262.89,203638.40,47730.43,129772.28,472598.16,355816.65,380448.05,96295.90,110984.43,139689.83,207414.24,109445.55,162404.05,123124.29,185762.64,151143.89,89209.92,156902.59,183922.80,111411.20,1453845.01,19736.61,15538.15,126678.13,225287.15,146.18,1276861.34,3824456.99,31799.41,703026.29,462093.66,62731.07,48569.25
Scenario 1,1208,5,Market Euphoria,8,TRADING,149610.03,2189724.38,160241.05,270074.86,502909.69,449042.66,334526.62,523934.64,746012.35,908377.07,451401.32,297712.05,1594858.57,20225.44,452956.44,42445.47,300431.46,482879.85,203538.09,47759.81,129733.47,470964.87,356138.21,380606.55,96411.12,111034.10,140154.01,207377.20,109580.31,162544.55,123102.17,184717.62,151478.49,89484.27,156740.22,184393.90,111462.95,1454178.39,19744.77,15576.20,126855.70,225319.72,145.81,1277099.04,3823568.26,31781.41,703085.91,461873.62,62862.27,48411.89
Scenario 1,1209,5,Market Euphoria,9,TRADING,149667.13,2201396.98,160183.95,270830.66,503024.38,449038.39,335606.10,523223.39,746952.29,906407.92,451178.03,298530.06,1592686.85,20202.91,453679.70,42426.95,301413.92,483128.50,203805.51,47743.08,129466.64,469714.90,354990.01,381697.98,96405.71,110964.04,140159.10,207454.49,109741.37,162530.19,123259.37,184082.98,151377.24,89559.94,156845.31,184581.27,111463.83,1451867.64,19711.62,15600.44,126733.03,225634.65,146.24,1278114.67,3814400.23,31819.36,703582.85,460607.26,62878.99,48386.15
Scenario 1,1210,5,Market Euphoria,10,TRADING,149590.96,2202553.48,160054.34,270765.95,503357.25,448252.43,336217.25,521765.66,747402.33,909792.89,450697.90,297755.61,1591163.09,20169.65,452624.66,42432.47,301514.97,484079.89,203783.89,47754.78,129412.12,469124.61,356955.14,381171.81,96627.80,111014.78,140389.09,207267.97,110015.26,162685.82,123295.25,184209.57,151673.94,89406.79,157101.02,184564.70,111469.86,1451278.88,19758.75,15566.59,126503.28,225231.43,146.44,1278649.79,3814010.28,31853.16,704514.57,460435.60,62807.63,48356.40
Scenario 1,1211,5,Market Euphoria,11,TRADING,149601.62,2206422.19,160490.37,270576.04,503208.42,448791.04,338008.34,522080.23,746229.12,909463.44,450628.36,297657.66,1594648.42,20165.38,452304.51,42439.79,301010.50,483902.87,203788.14,47799.99,129276.38,469216.66,357384.75,380986.82,96609.78,111018.97,140167.39,207381.60,109826.93,162815.97,123433.50,183650.69,151710.55,89450.67,157092.59,184816.69,111448.69,1449612.81,19735.97,15547.46,126506.74,224897.74,146.07,1280180.05,3818814.90,31853.13,703125.20,461119.74,62970.78,48223.49
Scenario 1,1212,5,Market Euphoria,12,TRADING,149654.32,2209322.26,160462.33,270736.36,503106.94,448951.61,338731.22,522145.89,747494.57,908240.89,450491.77,297110.50,1591139.25,20158.79,451960.71,42420.85,301085.65,484434.14,203696.81,47770.63,129044.54,468635.58,357167.06,381001.62,96669.44,110857.80,140389.78,207513.88,109844.35,162576.87,123603.11,183544.43,151628.91,89430.17,157004.05,185092.98,111390.35,1448926.21,19731.16,15587.65,126006.49,224866.30,145.56,1282391.07,3824809.26,31864.77,704030.58,460645.17,63009.04,48106.13
Scenario 1,1213,5,Market Euphoria,13,TRADING,149906.80,2200459.72,160721.14,270872.71,503124.67,448697.48,337847.97,522504.08,747107.62,906688.75,450660.69,297046.66,1590647.57,20183.08,452760.20,42445.09,301506.75,486214.71,203797.77,47747.23,128890.03,468636.12,357634.62,380897.34,96692.95,110492.05,139970.65,207422.21,109842.84,162369.13,123534.51,183338.94,151786.94,89333.01,157029.96,184409.07,111368.53,1447145.24,19697.38,15580.12,125904.57,224584.09,145.47,1281651.78,3817569.56,31896.48,705238.94,460075.50,63001.71,48192.53
Scenario 1,1214,5,Market Euphoria,14,TRADING,149883.02,2202768.34,160252.53,270959.66,503429.34,448545.00,338151.24,520868.06,745812.96,908557.87,449800.47,296865.99,1588243.71,20180.55,451343.98,42461.88,301045.81,485538.13,204270.56,47759.17,129075.06,467444.17,356439.05,381167.19,96717.10,110468.64,140052.22,207233.37,109663.02,161856.41,123622.36,182805.00,152058.26,89296.70,157175.51,184330.49,111280.52,1447151.60,19685.85,15590.51,125784.82,223920.87,145.04,1280362.54,3811533.46,31850.37,704805.98,460213.02,62959.23,48137.74
Scenario 1,1215,5,Market Euphoria,15,TRADING,149710.05,2205966.93,160229.57,271684.51,504660.49,448206.66,337008.85,520869.48,744871.64,907160.26,449397.73,297395.02,1588728.01,20167.33,451462.24,42444.03,300482.01,485021.13,204304.80,47797.40,129039.86,466393.28,356348.20,380941.27,96754.94,110498.24,139706.59,207263.15,109388.59,162121.30,123682.74,183167.40,151956.15,89104.89,157382.12,185151.23,111301.04,1447602.77,19684.60,15599.35,125416.89,223617.28,144.66,1277053.81,3809952.89,31856.50,705964.94,460213.53,62864.09,48292.96
Scenario 1,1216,5,Market Euphoria,16,TRADING,149776.65,2204389.62,160293.40,271219.51,504482.11,448328.69,337650.66,520319.51,743903.05,905536.85,448332.55,297889.17,1588357.57,20168.15,451707.94,42456.48,300493.39,484010.61,204362.39,47795.19,128568.47,466852.78,356614.85,380885.06,96797.18,110683.85,139424.15,207204.74,109599.92,162199.38,123646.98,182963.33,151943.12,89256.86,157202.59,186230.65,111186.12,1448016.89,19677.62,15607.83,125184.73,223782.03,143.90,1277329.63,3799964.64,31860.50,706107.42,459401.62,63034.88,48249.11
Scenario 1,1217,5,Market Euphoria,17,TRADING,149682.48,2205898.99,160424.24,271454.39,504098.26,448636.35,336436.40,520209.84,744316.62,906520.00,447912.49,297292.63,1588657.84,20176.84,450872.45,42504.52,299857.49,483274.48,204775.53,47842.23,128496.98,467613.05,356837.32,381819.14,96745.91,110587.98,139251.71,207274.44,109839.71,161651.08,123623.65,182966.73,151785.33,89245.14,157017.16,185590.40,111082.58,1447102.33,19668.88,15545.78,125443.41,223749.53,144.02,1278258.99,3792320.40,31865.02,706079.57,458536.08,62804.08,48274.17
Scenario 1,1218,5,Market Euphoria,18,TRADING,149850.93,2213649.16,159815.69,271647.32,504454.58,449382.18,336552.79,518352.84,745050.51,905321.38,448010.58,298777.69,1589270.15,20158.95,451086.98,42514.89,300231.12,483268.39,204689.06,47832.07,128669.55,467341.07,358613.40,382136.55,96749.82,110546.58,139734.52,207290.35,109817.93,161542.72,123709.72,183387.29,151921.53,89222.17,156917.14,185652.71,111113.04,1445760.15,19691.25,15582.34,125893.77,223503.89,143.00,1277744.94,3789897.24,31895.74,705819.55,458399.99,62817.91,48394.49
Scenario 1,1219,5,Market Euphoria,19,TRADING,149908.63,2221246.30,160414.35,272348.44,505258.95,449608.08,336358.92,518050.65,745817.03,905920.91,447728.45,298206.96,1590740.93,20163.19,450530.19,42427.97,300188.45,483938.00,204585.79,47811.38,128244.02,467620.58,359332.45,382217.10,96734.70,110679.43,139658.57,207452.73,109765.18,161262.49,123713.80,183378.58,151754.81,89120.11,156961.06,184775.89,111185.78,1448057.30,19684.58,15535.81,125654.70,223985.62,142.50,1280214.44,3789287.01,31908.44,706044.90,457459.22,62951.21,48365.23
Scenario 1,1220,5,Market Euphoria,20,TRADING,149928.71,2222953.83,160770.38,273072.76,505870.68,449266.21,336734.61,518063.05,747133.25,908114.93,447200.45,299103.83,1590506.28,20168.99,451457.45,42422.11,299997.73,483812.82,204413.56,47810.23,128545.64,468529.18,359124.79,382100.14,96919.25,110717.43,139515.07,207383.25,109830.52,160917.33,123780.74,184294.81,152076.03,89115.77,157105.38,184627.83,111213.05,1446946.27,19674.87,15554.54,125837.45,224040.38,142.15,1282892.12,3793893.94,31886.22,706400.92,458882.21,63104.94,48368.15
Scenario 1,1221,5,Market Euphoria,21,TRADING,149690.55,2212244.79,160755.70,272771.37,505795.98,449476.31,337386.26,518141.47,747582.31,908952.53,447778.44,299014.77,1589659.78,20142.18,451881.47,42397.41,299510.46,483248.38,204725.09,47800.91,128478.14,467661.45,358942.87,381957.78,96769.25,110694.81,139821.38,207485.36,109733.46,160974.23,123674.21,184469.51,152247.91,89100.22,156955.88,184853.66,111198.71,1446056.59,19652.79,15548.78,125392.87,223856.47,140.68,1282222.78,3794353.66,31920.42,706627.44,458700.94,63027.11,48490.72
Scenario 1,1222,5,Market Euphoria,22,TRADING,149656.79,2200917.25,161178.54,273101.42,505243.42,449601.34,337263.77,518240.85,747711.13,911052.74,447499.02,299282.31,1589206.92,20141.96,451540.91,42417.11,299349.07,483578.09,204747.47,47795.37,128540.86,466389.34,359372.86,381873.40,96821.53,110520.34,139540.38,207559.49,109738.48,161361.92,123740.78,184322.11,152102.84,89284.76,156813.63,185589.61,111159.36,1445848.83,19660.12,15570.14,125437.12,223885.07,139.76,1282537.24,3791270.63,31918.21,705785.21,459269.22,62982.50,48485.98
Scenario 1,1223,5,Market Euphoria,23,TRADING,149405.25,2209690.36,160843.71,273219.71,505506.42,449215.35,336049.16,517911.65,748043.41,909412.77,447688.55,299732.82,1589208.26,20116.24,452275.92,42395.98,298779.34,483775.12,204821.36,47856.85,128888.71,467064.90,358858.26,382054.10,96761.14,110573.36,138978.83,207633.96,109679.57,160990.09,124007.11,184276.03,151968.20,89402.34,156798.89,186127.19,111164.92,1446649.82,19614.89,15613.98,125565.91,224015.52,138.96,1281618.23,3800284.34,31941.10,705191.18,458606.17,62918.10,48353.79
Scenario 1,1224,5,Market Euphoria,24,TRADING,149697.98,2207122.25,160652.32,273124.66,505656.38,449811.67,335908.64,518876.84,748173.30,905985.61,446694.33,299640.69,1590424.70,20112.48,453056.71,42396.74,298224.71,485127.12,205007.92,47840.78,129145.16,467645.55,357816.60,381773.94,96810.72,110573.60,139231.65,207963.09,109911.78,160989.84,123985.71,184295.94,152246.29,89241.37,156823.00,186745.60,111295.97,1447231.47,19631.69,15624.57,126121.55,224180.67,138.18,1282649.13,3801786.17,31920.84,704472.69,459282.35,62866.24,48356.18
Scenario 1,1225,5,Market Euphoria,25,TRADING,149383.40,2215577.49,160386.55,272811.01,505508.80,450077.05,335894.32,518462.97,747481.78,901273.06,446017.75,300168.28,1590637.86,20116.17,453503.23,42387.80,297697.32,485046.37,204686.55,47869.06,129232.98,468120.29,357924.02,382270.84,96810.05,110513.80,139179.05,207867.40,109807.05,161019.54,123965.19,183981.63,152260.74,89297.06,156656.15,186328.40,111310.52,1445850.65,19612.17,15628.10,125951.62,224218.24,138.07,1283821.71,3789982.27,31936.74,704256.35,458008.52,62980.46,48278.54
Scenario 1,1226,5,Market Euphoria,26,TRADING,149495.74,2216656.78,159694.07,273163.85,505468.23,450054.41,336471.67,517810.25,746536.08,901673.99,445812.65,300836.45,1589568.31,20104.69,453392.92,42404.04,297667.91,485752.71,204860.76,47913.74,128778.30,468581.11,358927.23,382047.79,96681.63,110438.66,139402.11,207988.66,109837.61,161037.36,123950.32,184685.07,152297.63,89314.60,156604.25,185976.83,111388.61,1444749.87,19584.22,15701.37,126227.86,224202.89,137.79,1284211.41,3797206.08,31920.17,704719.79,458515.97,63122.79,48304.19
Scenario 1,1227,5,Market Euphoria,27,TRADING,149646.65,2204598.77,159313.66,272760.46,505686.23,450300.73,336838.04,517729.91,747325.67,902220.06,445817.82,301166.73,1587379.71,20118.83,453611.51,42448.42,297922.91,486414.39,205078.19,47844.11,129124.38,467712.24,359591.48,382128.83,96560.77,110425.93,139137.77,208263.29,109884.40,161080.55,124114.27,185303.10,152483.65,89138.10,156527.76,185742.49,111528.68,1444194.41,19560.49,15681.01,125926.06,223875.24,137.42,1284231.61,3783520.14,31927.10,703502.90,457761.75,62997.20,48294.56
Scenario 1,1228,5,Market Euphoria,28,TRADING,149710.95,2198828.05,158928.54,273021.43,504798.86,450074.30,336779.26,519125.19,748354.51,903225.91,445735.12,301175.59,1587381.37,20121.72,453469.20,42452.32,298570.88,486922.21,204593.99,47917.98,128743.53,467406.97,359150.49,382113.37,96590.49,110369.14,139309.41,208735.65,109421.75,160733.85,124101.61,185786.53,152753.47,89191.66,156542.36,185566.80,111711.77,1445671.32,19551.18,15758.77,125842.80,224465.51,137.15,1285314.14,3786528.18,31952.10,701525.49,458010.56,63131.45,48184.88
Scenario 1,1229,5,Market Euphoria,29,TRADING,149775.92,2202217.99,158918.86,272627.67,504426.44,450509.96,336820.59,518741.31,748224.39,902763.29,445855.44,300155.10,1587153.20,20106.04,453210.03,42464.02,299035.48,487643.54,204599.18,47890.82,129041.41,467382.26,359142.30,382465.52,96654.80,110274.62,139879.61,208629.24,109367.28,160722.75,124053.27,185936.80,153129.31,89185.31,156463.67,184814.65,111773.26,1444591.27,19534.86,15686.86,125963.74,223942.55,137.10,1286165.46,3785898.81,31936.42,700958.78,458932.38,62979.55,48387.87
Scenario 1,1230,5,Market Euphoria,30,TRADING,150064.56,2197495.91,158962.16,272429.08,504066.15,450618.33,336331.20,518617.44,749349.01,902130.67,447209.37,299602.20,1586652.25,20101.20,454732.95,42471.07,299399.14,488767.46,204520.45,47872.84,129126.70,468856.40,360629.76,382795.65,96610.58,110314.15,140410.26,208770.06,109436.33,160546.04,124033.66,186642.49,153004.67,89364.21,156479.87,184178.70,111788.82,1444696.09,19557.94,15643.00,125684.36,224058.09,136.86,1290298.20,3779414.90,31928.73,700262.94,459087.38,63214.89,48414.04
Scenario 1,1231,5,Market Euphoria,31,TRADING,149850.86,2192340.90,158811.44,272383.41,503604.42,451031.94,335949.35,516931.17,749534.17,904836.71,447934.24,299070.65,1584805.45,20108.38,454400.45,42401.24,299269.93,488601.61,204485.51,47849.49,129178.25,467815.23,361139.38,382874.77,96530.04,109940.66,140675.60,209326.32,109423.82,160378.46,124065.37,186599.02,152707.25,89411.67,156676.07,185036.75,111815.22,1443467.17,19555.24,15670.65,125634.75,223917.40,136.71,1290576.12,3785424.03,31942.27,698243.13,459440.27,63258.45,48344.63
Scenario 1,1232,5,Market Euphoria,32,TRADING,149866.27,2202387.28,158397.38,272989.19,503026.26,451090.38,337230.46,516084.82,749469.35,903267.81,448872.12,298447.71,1584701.21,20125.23,453270.42,42376.00,299051.90,490768.56,204438.88,47785.40,128681.14,467084.44,361474.99,383180.67,96672.35,109707.38,140793.92,209656.60,109621.36,160329.83,124129.85,186242.03,152516.29,89329.03,156539.48,185837.03,111961.39,1442939.75,19556.06,15721.38,125885.49,223905.44,136.37,1291791.49,3777677.79,31949.46,697317.43,460005.16,63372.42,48470.58
Scenario 1,1233,5,Market Euphoria,33,TRADING,149799.84,2202250.65,158623.27,273551.18,503162.36,451354.91,336419.19,516726.65,749388.30,901020.60,449392.71,299253.37,1587071.13,20130.22,453775.24,42413.93,298795.54,492213.45,203990.73,47825.77,128872.29,465966.20,362761.27,384004.81,96699.55,109696.36,140938.19,210152.86,109562.02,159923.76,123839.11,185908.48,152389.60,89366.45,156355.57,187106.47,111902.38,1443118.94,19533.28,15710.28,125764.37,223547.59,135.98,1291716.43,3774374.14,31960.97,694997.51,460958.68,63429.01,48448.17
Scenario 1,1234,5,Market Euphoria,34,TRADING,149748.64,2201471.03,158396.65,273320.58,502014.44,452480.40,335951.87,515993.97,749443.70,899654.88,450443.90,299861.15,1586276.65,20159.28,451368.19,42463.15,298598.19,494480.56,204183.73,47841.53,129026.33,465552.37,364162.58,383608.10,96732.65,109793.70,140861.03,210593.23,109645.39,159797.86,123914.29,185763.89,152551.36,89153.00,156429.82,186298.22,111979.92,1441527.25,19559.58,15707.23,125898.07,223326.49,135.45,1292995.83,3780462.43,31959.86,693276.77,460870.43,63547.82,48390.79
Scenario 1,1235,5,Market Euphoria,35,TRADING,149272.73,2201963.43,158532.55,272711.33,501588.55,452476.16,336177.55,515392.69,749152.12,898792.26,452244.64,299879.92,1585362.67,20164.40,450299.92,42443.33,298903.88,496587.26,203792.64,47795.78,128730.62,466513.36,366009.93,383172.99,96664.82,109967.49,140981.64,210872.26,109431.95,160020.85,123871.25,186105.21,152442.98,89040.21,156190.67,186040.42,112064.69,1444196.43,19571.55,15684.01,125702.49,223626.14,135.94,1291897.86,3774985.15,31969.38,691029.48,461476.38,63392.58,48246.49
Scenario 1,1236,5,Market Euphoria,36,TRADING,149466.56,2197534.99,158780.07,272421.42,501327.43,452772.12,334617.90,514993.76,749228.17,898170.22,454338.28,300940.43,1585970.23,20183.57,448791.57,42474.83,298778.59,499338.28,203773.33,47828.97,129257.79,466254.22,367504.85,382944.20,96722.98,109707.56,141041.16,211176.64,109401.42,160225.27,123760.15,186506.36,152535.36,89188.99,156096.65,186093.16,112057.23,1446623.17,19535.91,15694.59,125359.07,223972.03,136.11,1292006.52,3786747.56,31978.30,690014.94,460812.12,63352.37,48232.17
Scenario 1,1237,5,Market Euphoria,37,TRADING,149830.52,2183578.49,159127.00,272065.40,501422.58,452501.34,335828.58,512846.89,748269.09,900014.52,456366.00,301954.46,1584018.96,20170.16,449393.85,42503.93,299400.62,501597.43,203570.43,47836.28,129320.00,465418.85,369277.78,383185.01,96655.68,109668.04,141162.13,211358.40,109365.82,160085.22,123852.97,186920.67,152714.06,89298.79,156119.99,185338.07,112037.36,1446144.34,19495.84,15698.73,125265.25,224257.60,135.83,1295335.02,3792363.66,32037.25,688795.73,459944.48,63413.78,48170.60
Scenario 1,1238,5,Market Euphoria,38,TRADING,149959.30,2180195.74,159321.76,272431.41,501931.55,452655.97,334682.28,513033.54,746347.04,901854.83,458996.27,302247.35,1583682.99,20149.54,450168.68,42530.44,298333.53,502386.90,203813.65,47846.64,129267.73,464937.11,370596.28,382892.29,96685.24,109744.88,141658.79,211653.93,109709.75,160188.18,123718.08,187676.09,152619.93,89295.12,156066.76,185399.25,112046.92,1445092.23,19484.37,15598.32,125616.92,224853.98,135.79,1295305.44,3802495.04,32059.46,686775.09,459948.27,63600.37,48033.78
Scenario 1,1239,5,Market Euphoria,39,TRADING,150056.02,2168996.66,159815.99,271960.24,502653.89,452533.84,334801.92,512930.78,745412.03,900348.06,461238.01,302000.88,1584130.41,20140.27,449420.90,42519.87,298645.81,503040.15,203657.94,47821.08,129536.62,464843.93,370573.65,382630.61,96702.59,109819.22,141307.48,212299.07,109506.88,160026.47,123848.37,187732.66,152648.10,89083.35,156127.18,184974.40,112090.90,1445894.07,19462.66,15661.56,125469.51,225287.53,135.95,1296707.97,3797680.39,32062.64,684250.45,461678.71,63363.32,48106.00
Scenario 1,1240,5,Market Euphoria,40,TRADING,149998.15,2160171.44,160342.14,271751.43,502474.64,452463.63,334586.17,512763.12,743668.70,901005.75,463550.98,302727.64,1583496.51,20112.86,449458.56,42520.13,298650.50,502955.48,203173.16,47780.95,129190.07,461695.88,371820.58,383003.17,96617.35,109854.95,141170.37,212544.59,109699.25,160172.60,123794.61,188080.01,152546.95,89230.35,155999.76,184994.40,112153.02,1446103.91,19451.15,15635.36,125132.07,225127.24,135.88,1297123.78,3789266.33,32043.81,682258.09,461095.31,63255.60,48190.83
Scenario 1,1241,5,Market Euphoria,41,TRADING,149855.35,2160564.75,161356.28,272010.48,502157.59,452535.94,335272.74,511236.35,743854.73,901428.96,465170.39,303192.27,1582875.77,20118.79,449396.81,42521.00,297888.77,502920.16,203110.49,47759.51,129287.49,460533.31,373604.76,383061.25,96620.71,109863.55,141187.61,212690.81,109538.87,160451.91,123828.62,188297.41,152493.47,89232.52,156032.39,185411.48,112072.70,1448417.27,19458.51,15564.23,125145.60,225410.48,135.75,1294804.28,3790359.16,32063.33,680355.69,460175.45,63015.69,48158.91
Scenario 1,1242,5,Market Euphoria,42,TRADING,149806.20,2153082.27,161687.75,272285.62,501499.13,452676.26,335275.72,510948.07,744339.74,902738.23,467073.45,303603.69,1583965.91,20143.24,449954.87,42485.80,298250.83,502804.98,203198.60,47742.68,129221.29,462264.45,374020.60,383605.47,96688.49,109843.02,140819.09,213107.05,109414.88,160189.04,123903.86,188037.69,152291.83,89449.61,155821.37,186105.45,112170.56,1449367.40,19486.12,15576.60,125382.51,225000.56,135.67,1293886.45,3788917.97,32079.48,677742.47,460315.19,63052.10,48212.66
Scenario 1,1243,5,Market Euphoria,43,TRADING,149989.12,2159382.11,162731.00,272952.27,501572.61,452593.26,335334.35,510081.34,745088.82,901445.79,468238.17,303727.81,1585830.54,20122.76,450614.11,42479.35,298569.78,499609.93,203691.97,47689.91,128686.75,460692.78,376289.31,383484.32,96752.56,109628.73,140828.11,213206.14,109618.41,160556.34,123739.61,188068.52,152238.91,89510.81,155659.53,188220.02,112094.03,1446970.96,19487.56,15593.88,125154.76,225238.32,134.86,1295444.94,3788597.41,32095.18,676149.47,460794.90,62807.47,48172.85
Scenario 1,1244,5,Market Euphoria,44,TRADING,150042.50,2159617.61,163009.51,273564.95,502157.32,452592.84,335347.61,510231.95,745236.96,900451.16,468027.05,303985.11,1584698.98,20146.99,450875.99,42524.23,298360.69,496855.14,203485.80,47663.51,128491.37,459700.02,375557.35,383516.64,96819.66,109482.62,140390.95,213290.91,109360.35,160891.85,123657.27,187608.05,152117.98,89511.59,155385.26,189292.93,112118.66,1446817.29,19471.54,15607.97,125627.28,225019.74,134.56,1297067.98,3782906.33,32100.70,674944.13,462240.62,62921.34,47886.90
Scenario 1,1245,5,Market Euphoria,45,TRADING,150062.31,2163373.15,163296.06,273502.38,502223.13,452777.01,334752.64,509824.05,746303.19,902927.07,466406.71,304645.14,1585692.01,20139.16,451474.32,42536.37,298264.32,494201.67,203350.55,47693.22,129207.15,460773.92,375872.08,383338.53,96797.73,109463.12,140379.42,213518.46,109478.84,160956.29,123689.91,187546.97,152066.36,89710.27,155399.69,188836.85,112036.12,1444897.35,19452.23,15607.78,125368.06,224885.68,134.07,1296059.50,3787647.25,32075.63,674250.64,462751.16,62948.65,47716.97
Scenario 1,1246,5,Market Euphoria,46,TRADING,150420.63,2159526.16,163688.55,273398.03,503285.87,452158.24,335882.40,508200.56,746759.01,900512.94,464463.60,304995.15,1583939.14,20136.24,451748.76,42521.00,299285.79,491345.98,203362.93,47743.38,128600.56,460820.29,374731.53,383796.89,96834.75,109342.39,139885.06,213629.58,109449.84,160999.69,123713.85,186815.44,151990.90,89972.58,155577.49,188728.42,112046.67,1447225.68,19432.55,15585.45,125326.99,224406.39,134.15,1297890.55,3786367.32,32090.68,673738.21,462744.61,62971.98,47568.51
Scenario 1,1247,5,Market Euphoria,47,TRADING,150660.85,2154400.92,163603.54,273808.92,502359.30,452101.50,335001.28,506587.94,747068.55,900688.37,461829.33,304176.34,1580898.86,20152.11,452031.65,42503.13,299596.67,488830.66,203258.64,47737.46,128188.37,460050.18,372964.23,383440.89,96918.98,109253.49,139497.04,213797.70,109516.58,161310.55,123856.70,186978.40,151845.82,90120.82,155525.79,189238.12,112060.19,1446184.19,19418.52,15601.95,125071.86,224187.39,134.61,1297867.89,3779950.09,32097.97,672165.99,462674.04,62930.58,47576.29
Scenario 1,1248,5,Market Euphoria,48,TRADING,150598.70,2150742.14,163189.59,273938.42,501980.76,452062.12,335909.55,506116.03,747390.58,899560.48,459840.17,304111.21,1576859.82,20171.93,451016.25,42519.45,300280.92,487851.23,203693.46,47753.60,127796.67,458944.88,370242.08,382850.05,96910.04,109197.00,139673.20,213653.38,109500.20,161452.35,123981.26,187004.10,151740.86,90309.01,155592.83,190104.02,112218.80,1445284.41,19387.90,15629.43,125378.09,223848.79,135.39,1299180.81,3779118.23,32110.10,672433.50,463017.40,62963.70,47546.79
Scenario 1,1249,5,Market Euphoria,49,TRADING,150445.66,2145278.96,162873.86,273767.05,502553.22,452161.57,335954.99,506248.29,747220.69,900474.55,458096.54,303992.98,1575319.04,20165.35,451765.77,42574.61,301234.29,486461.80,203583.42,47790.03,127516.28,459495.96,368806.84,383130.96,96885.96,109087.18,139599.26,213547.19,109483.76,161380.85,123949.16,187958.74,151879.68,90290.01,155537.79,190540.20,112192.05,1445461.17,19362.30,15652.52,124795.10,224041.59,135.33,1299524.75,3788173.12,32120.12,671799.89,462468.98,63120.51,47584.90
Scenario 1,1250,5,Market Euphoria,50,TRADING,150555.63,2145058.81,162676.66,273646.46,502897.87,451768.93,335302.02,505383.98,747603.66,898470.02,455415.07,304801.86,1573648.97,20173.05,453160.01,42549.25,300907.46,485569.60,203413.41,47770.54,127474.27,460692.18,366906.01,383032.07,96914.98,109140.44,139750.38,213641.24,109454.88,161797.55,123889.13,187707.81,152001.51,90691.46,155652.15,190271.42,112268.15,1443444.43,19367.15,15650.75,124722.26,223764.13,135.25,1297145.46,3787877.32,32111.32,670911.79,463090.40,63103.03,47504.57
Scenario 1,1251,5,Market Euphoria,51,TRADING,150302.65,2140952.20,161901.82,273751.20,503561.33,452184.85,335920.68,504560.25,748760.12,899058.11,453447.05,304180.68,1570950.76,20184.35,454463.32,42573.60,301460.12,485484.06,203243.05,47812.33,127645.70,459954.99,365244.27,382913.45,96764.30,109100.25,139609.00,213298.17,109402.40,161804.69,123761.09,187834.94,152028.29,90822.55,155488.20,190174.55,112331.67,1443263.60,19393.54,15648.76,125616.11,224423.61,134.95,1295349.86,3784265.51,32106.11,670319.50,464287.82,62940.96,47540.28
Scenario 1,1252,5,Market Euphoria,52,TRADING,150322.96,2146894.79,160911.67,273191.54,504367.18,451863.60,335948.66,503582.54,749409.16,900136.41,451674.42,304461.86,1571152.89,20193.92,454159.02,42580.72,301881.73,485681.08,203297.79,47831.67,127122.35,461132.34,363747.12,383589.01,96654.81,108989.60,139191.86,213503.55,109239.55,161882.51,123721.45,187520.00,152087.96,91015.20,155443.11,191008.94,112310.53,1445763.38,19414.02,15592.61,125794.44,224101.45,134.84,1296160.81,3791424.08,32094.89,670587.68,464747.59,63048.14,47562.83
Scenario 1,1253,5,Market Euphoria,53,TRADING,150337.37,2166943.15,160513.23,273355.16,505327.20,451955.19,336482.54,503611.60,748556.18,900966.84,450078.44,304229.85,1573234.20,20192.20,454317.97,42551.18,302025.77,485248.08,203691.72,47857.87,127320.66,461176.19,362153.87,384099.65,96520.95,108955.98,139660.09,213546.71,109128.66,161674.04,123912.81,187092.65,151684.20,91197.58,155531.16,190943.38,112341.01,1445509.95,19392.94,15571.16,125416.42,224206.78,135.88,1295785.30,3790533.22,32107.91,670879.62,464438.93,62936.95,47716.52
Scenario 1,1254,5,Market Euphoria,54,TRADING,150396.23,2173313.11,160212.56,273287.59,506146.62,451245.63,334911.32,505108.94,749613.20,901541.25,448205.92,304562.60,1570847.06,20204.25,453379.23,42574.91,302715.79,486578.16,203579.10,47846.97,127153.70,460898.19,360989.57,384187.90,96435.56,109141.04,139600.97,213501.84,109346.74,161528.27,123871.03,186775.83,151447.29,91458.51,155672.29,190710.79,112400.62,1444417.37,19420.60,15549.37,125069.68,224710.33,136.24,1292037.11,3794775.65,32108.37,672039.16,464169.46,62883.28,47672.31
Scenario 1,1255,5,Market Euphoria,55,TRADING,150356.58,2166074.36,160076.09,273893.73,505571.91,451581.26,334823.87,504069.49,750094.54,899095.59,447845.36,304985.61,1570068.35,20201.35,453040.99,42571.40,303826.14,486719.72,203795.74,47882.32,126408.10,461251.38,358652.66,384173.69,96423.53,109048.76,139059.96,213410.06,109571.68,161770.43,123889.42,187028.93,151014.42,91446.21,155858.98,191476.30,112412.38,1444392.65,19386.70,15534.02,125217.12,224600.76,136.14,1293341.46,3788091.71,32114.92,673108.59,464594.53,62923.76,47543.67
Scenario 1,1256,5,Market Euphoria,56,TRADING,150553.73,2167863.61,159356.88,274138.03,506180.53,451268.94,333159.74,505714.76,749297.41,898730.31,447925.13,306190.34,1571029.95,20192.56,452881.92,42577.09,304132.59,486290.94,203695.29,47911.71,126668.32,459006.98,357577.01,384579.31,96358.35,109195.51,138975.68,213192.21,109279.85,161981.94,123953.27,186465.99,151140.49,91501.47,155605.46,192573.79,112472.58,1444389.36,19365.05,15502.99,125307.65,224964.36,136.76,1289558.07,3787421.67,32121.59,674310.23,464533.25,63074.70,47694.51
Scenario 1,1257,5,Market Euphoria,57,TRADING,150443.38,2169813.94,159702.72,274615.83,505475.24,451608.27,332157.40,505268.41,749676.40,900842.06,447369.28,307173.22,1572015.79,20211.88,452439.87,42573.44,304996.30,486819.86,203326.55,47960.79,126564.50,458435.01,357497.04,384849.60,96294.36,109167.56,138986.69,212924.23,109025.42,161908.43,123956.60,185953.81,150975.75,91518.30,155571.27,192297.44,112545.47,1445274.71,19381.40,15533.61,125368.81,225180.99,137.92,1287328.30,3788098.94,32139.33,675413.77,464643.52,63082.54,47774.78
Scenario 1,1258,5,Market Euphoria,58,TRADING,150571.29,2182119.84,159613.89,274446.81,504348.55,452237.79,332469.37,503398.16,749742.34,904288.82,447777.18,308321.60,1572431.45,20209.94,452791.88,42592.63,306166.25,486739.50,203395.80,47946.69,126781.22,456795.88,356457.59,384248.43,96357.15,109249.76,139497.41,212721.98,108829.58,161866.73,124006.61,186042.33,150978.29,91324.62,155644.26,193070.70,112471.43,1443915.78,19394.26,15635.22,125270.20,225032.57,138.28,1289526.03,3772063.75,32157.68,676800.63,464784.39,62833.02,47547.41
Scenario 1,1259,5,Market Euphoria,59,TRADING,150619.29,2166521.79,159227.70,275083.41,504429.00,452086.50,332329.86,503761.75,749879.36,903104.62,447202.91,308562.51,1570602.91,20212.98,453127.29,42595.73,307151.93,486907.17,203275.31,47977.27,127843.72,457577.02,355445.63,383743.26,96309.76,109116.08,139661.48,212468.66,108673.45,161610.34,123990.76,185671.74,151004.32,91010.54,155592.39,192442.29,112422.46,1442643.56,19395.44,15647.52,125016.41,225153.13,138.70,1290337.70,3768939.68,32116.45,677410.21,465148.58,63075.36,47639.11
Scenario 1,1260,5,Market Euphoria,60,TRADING,150782.49,2162324.76,159085.53,274587.05,504272.95,451881.80,332780.28,503184.27,748837.83,904935.03,447478.75,309010.19,1569869.28,20223.85,452922.83,42597.16,308572.98,487228.60,202878.80,47975.86,128119.59,457547.98,353457.71,383353.97,96340.48,109455.33,139238.68,211916.69,108671.80,161261.74,123952.44,185334.62,150933.61,90826.43,155485.81,193377.92,112444.88,1440543.24,19391.24,15636.33,125458.80,224529.05,139.98,1288959.22,3766069.27,32118.14,678898.13,465415.17,63076.52,47657.07
Scenario 1,1261,5,Market Euphoria,61,TRADING,150620.55,2150135.03,159180.53,274402.57,503500.18,452047.48,333584.67,502258.43,747232.56,902290.26,447125.67,309399.37,1569301.67,20225.47,454035.55,42617.77,309758.28,485962.24,202630.96,48009.53,128565.13,458139.85,353809.52,382153.99,96317.92,109513.29,138783.81,211423.06,108724.23,161047.33,123958.47,185663.49,150922.63,90704.93,155568.46,193144.93,112536.95,1440907.03,19395.04,15639.87,125379.46,224625.01,139.81,1293157.04,3764713.96,32117.11,680443.90,465454.16,63076.57,47537.18
Scenario 1,1262,5,Market Euphoria,62,TRADING,150346.63,2141750.59,158981.75,274464.50,503808.79,452114.23,334021.20,504168.02,747480.37,900888.72,447602.39,309842.16,1569477.20,20216.38,453649.73,42597.81,310599.88,486244.19,202232.36,48087.30,128665.84,457948.58,353425.07,381912.01,96365.57,109608.61,138828.04,211204.55,108681.58,161099.44,123909.40,185789.80,150564.59,90563.04,155432.64,192318.35,112532.25,1441883.12,19399.93,15616.61,125246.48,225345.43,139.57,1294601.24,3776493.36,32145.60,681685.98,465963.20,63299.98,47547.73
Scenario 1,1263,5,Market Euphoria,63,TRADING,150391.33,2138399.05,159559.86,273762.78,503132.86,451741.83,333893.49,504441.02,748506.00,903152.55,447930.78,310470.33,1569400.84,20234.84,453112.12,42582.21,311472.73,484436.45,202409.13,48098.45,128529.49,456332.71,351909.45,382619.24,96369.31,109551.40,138370.29,211022.87,108663.31,161244.15,123909.82,185864.15,150144.25,90490.50,155222.58,190505.53,112483.42,1442230.78,19416.78,15584.89,124705.22,225767.38,140.16,1295941.51,3787847.68,32139.75,683591.70,465237.25,63209.02,47512.34
Scenario 1,1264,5,Market Euphoria,64,TRADING,150282.42,2143952.20,159818.34,273551.14,502173.56,451504.18,332750.81,504355.06,749507.71,899618.40,447986.29,310956.61,1567680.94,20240.79,452788.46,42610.69,312207.28,486123.25,202330.68,48050.37,127607.96,457001.25,351500.23,383141.83,96428.31,109766.80,137792.67,210802.24,108702.27,161411.27,123769.47,184943.47,149927.87,90422.13,155094.30,190668.48,112561.77,1441399.76,19383.82,15559.76,124500.51,225847.75,140.72,1296778.96,3777698.52,32159.56,684662.85,464753.64,62984.42,47650.97
Scenario 1,1265,5,Market Euphoria,65,TRADING,150266.02,2145954.31,159822.03,273917.20,502937.48,451490.34,333494.05,503683.66,750341.28,898499.13,447205.61,310675.53,1567647.52,20238.81,452510.93,42613.44,313478.55,485887.05,202593.33,48032.20,127204.14,458524.36,350636.40,382943.31,96485.71,109937.55,137460.11,210653.15,108486.85,161390.43,123809.41,184827.53,149639.29,90428.03,155003.40,189790.20,112577.38,1440258.08,19413.66,15503.12,124696.50,226157.58,140.84,1292477.05,3774512.16,32141.94,684802.41,465058.53,62776.40,47738.49
Scenario 1,1266,5,Market Euphoria,66,TRADING,150161.16,2143176.73,160349.81,273528.58,503407.86,451641.11,333561.04,503302.34,750779.32,898089.03,447790.39,310465.82,1570002.06,20217.82,453213.59,42572.56,313456.31,485740.63,203076.62,48025.46,127011.24,457640.20,350038.57,382610.59,96498.00,110333.66,137654.27,210287.97,108566.18,161945.01,123709.12,185065.93,149631.16,90358.45,154830.54,189268.14,112612.77,1439812.76,19380.55,15508.00,124378.04,225926.83,140.94,1289948.06,3772310.09,32109.86,686079.61,464956.80,62755.67,47585.21
Scenario 1,1267,5,Market Euphoria,67,TRADING,150360.48,2145259.09,160387.88,273215.11,503535.69,451399.32,334946.15,503277.83,752461.08,900884.90,448053.82,309711.40,1569209.75,20213.88,453465.27,42555.46,314123.00,485446.33,202792.71,48133.68,126225.27,457454.95,349044.72,382548.25,96478.46,110530.81,137676.27,209998.95,108456.15,162192.13,123670.38,185714.06,149593.29,90274.49,154760.25,189851.42,112629.73,1439767.15,19335.78,15537.90,124155.22,225681.28,141.51,1291269.06,3765676.20,32130.33,687922.91,463950.63,62482.03,47551.48
Scenario 1,1268,5,Market Euphoria,68,TRADING,150373.74,2148424.19,160232.90,273659.14,502822.49,451548.04,335938.81,502787.29,751025.16,902591.81,448510.08,308626.01,1571094.17,20197.00,453181.54,42601.57,314467.32,486474.96,202524.83,48235.95,126300.74,456867.14,349045.38,383039.13,96405.75,110706.65,137852.63,209934.10,108492.70,162630.47,123844.76,185375.17,149449.79,90195.16,154889.60,189688.60,112654.10,1440926.89,19381.65,15511.75,124066.79,225736.91,141.67,1289916.94,3756983.71,32116.33,690336.34,464756.88,62429.60,47557.52
Scenario 1,1269,5,Market Euphoria,69,TRADING,150498.65,2154075.90,160055.48,273855.94,501882.99,450932.07,336598.44,503493.23,752604.39,906621.43,448942.87,307732.08,1571570.21,20212.17,452874.31,42573.71,314799.46,486054.91,202388.79,48352.91,126669.96,455834.24,347954.53,382705.35,96440.72,110810.40,137851.59,209613.12,108508.61,162521.82,123969.58,185845.48,149535.56,90209.90,154805.08,190130.71,112715.48,1441132.25,19382.51,15492.81,124187.81,225762.94,142.19,1289715.06,3749079.91,32110.49,692863.01,464952.50,62791.40,47274.05
Scenario 1,1270,5,Market Euphoria,70,TRADING,150627.29,2157681.64,159985.91,273739.06,502416.20,450855.84,337821.76,503713.44,752060.14,907696.42,448541.96,307681.44,1570556.80,20232.01,452290.64,42584.73,314599.78,487364.16,202555.34,48506.46,126576.96,455968.45,348359.43,382362.17,96441.04,111227.05,137933.77,209809.38,108365.79,162660.82,124056.04,186812.10,149421.49,90243.21,154546.19,189224.11,112880.91,1443317.53,19411.57,15472.24,124190.94,226750.62,142.97,1288846.24,3752763.62,32100.71,693789.76,465473.47,62725.98,47217.01
Scenario 1,1271,5,Market Euphoria,71,TRADING,150810.62,2154928.26,159489.26,273214.80,503265.64,451118.20,338516.97,502578.20,752592.04,907154.28,448444.40,306629.32,1572495.80,20228.17,454189.82,42625.72,315087.49,487153.46,202690.12,48621.43,127033.98,456023.77,347751.17,382028.47,96400.52,111471.86,138133.20,209787.25,108377.80,162502.97,123819.01,186661.04,149904.68,90110.44,154321.10,188276.60,112814.83,1442635.42,19419.29,15515.25,124427.76,226893.13,143.54,1288625.96,3744420.71,32101.46,694625.72,466235.59,62643.73,47071.95
Scenario 1,1272,5,Market Euphoria,72,TRADING,150674.94,2155861.83,159892.99,273041.46,502880.03,450828.35,339440.22,502906.19,752505.11,910006.16,448689.76,306958.22,1570933.74,20239.54,453932.37,42650.56,315478.85,488000.35,202901.52,48666.03,127045.38,454265.85,348210.56,381917.48,96439.95,112030.95,137916.64,209956.60,108326.98,162903.85,123904.33,186617.25,149919.25,90019.14,154066.88,187797.31,112942.69,1442618.24,19429.89,15533.21,123941.58,226438.19,144.84,1285008.08,3752104.36,32148.43,695253.20,466079.20,62456.84,46996.89
Scenario 1,1273,5,Market Euphoria,73,TRADING,150798.53,2161585.38,160036.14,273232.70,502770.19,451255.64,339696.79,501219.99,752840.31,910125.21,448185.47,306914.56,1572597.54,20252.60,454471.70,42640.53,316875.78,487880.99,202753.46,48678.20,126990.49,454266.74,348079.70,382073.86,96447.22,111979.62,138309.96,209943.67,108295.07,163247.82,124134.34,187041.95,149875.72,89761.00,153983.66,188777.55,113045.46,1440903.05,19418.60,15562.84,124166.68,226628.36,144.56,1282562.73,3747165.88,32149.97,695894.12,465802.61,62383.97,46981.86
Scenario 1,1274,5,Market Euphoria,74,TRADING,150691.86,2167909.81,159855.18,273295.24,502239.17,451469.84,340153.01,502130.72,751255.93,909809.57,448123.46,306586.34,1575193.84,20290.00,455336.07,42583.38,317542.70,487499.91,202857.27,48698.30,127452.50,454148.20,347286.31,381625.68,96332.68,112260.24,139149.48,209989.36,108713.37,163449.69,124179.21,187426.05,150096.63,89611.24,153917.02,189130.72,113015.93,1441097.69,19425.24,15593.43,124140.44,226494.94,144.78,1281665.21,3747554.70,32141.70,697345.01,466589.38,62470.95,46709.98
Scenario 1,1275,5,Market Euphoria,75,TRADING,150418.38,2168478.09,159927.13,273568.95,503007.37,451183.73,341926.58,500304.89,752014.54,911097.37,447920.16,306735.26,1578036.21,20314.01,454170.50,42654.19,316731.69,486053.16,202478.58,48632.59,127337.82,456373.75,347720.77,381296.68,96319.56,112475.22,139270.37,209783.87,108724.60,163577.57,123979.18,187588.19,150047.35,89782.76,154175.52,188710.61,113014.54,1442127.05,19406.46,15584.62,123963.31,226466.01,145.81,1281085.76,3745753.97,32102.91,699180.81,465749.55,62834.92,46605.62
Scenario 1,1276,5,Market Euphoria,76,TRADING,150335.85,2169184.83,160255.12,273335.24,503037.63,450434.48,341156.46,501226.64,752870.85,910726.79,448646.55,307038.29,1580425.19,20322.16,455194.45,42629.62,316969.89,486529.84,202614.61,48604.65,127756.78,456156.10,347892.53,381222.38,96425.04,112549.40,139289.16,209863.31,108783.29,163450.93,123812.87,187798.39,150189.95,89800.35,154495.48,189067.91,113106.90,1441870.33,19421.57,15657.79,124593.47,226626.28,145.54,1278236.07,3742997.43,32119.13,698462.36,466594.30,62621.09,46563.48
Scenario 1,1277,5,Market Euphoria,77,TRADING,150775.52,2171019.08,160450.45,273661.20,503234.58,450197.35,341905.37,500686.86,752657.30,908165.76,448219.13,306704.36,1585319.42,20293.82,454390.81,42633.73,316985.00,487067.08,202627.69,48526.91,127516.20,458670.40,347178.58,381361.84,96399.00,112975.50,139307.19,209791.43,108567.58,162823.36,123817.16,187761.12,150394.54,89636.92,154794.78,188488.63,113042.76,1441875.95,19437.97,15611.51,124752.66,226495.48,146.39,1272363.29,3744591.34,32118.30,698826.15,466424.49,62741.73,46567.02
Scenario 1,1278,5,Market Euphoria,78,TRADING,150996.06,2167604.97,160333.32,273383.07,503603.03,449829.23,342140.08,500252.86,751447.16,908079.92,448869.15,307021.50,1589314.26,20311.08,455630.01,42614.99,317183.01,486964.85,202389.77,48439.09,127776.97,460435.40,347840.38,382079.10,96433.24,113402.53,139453.04,209880.13,108659.99,162623.07,123749.88,188078.54,150592.77,89577.83,154981.81,188208.60,113097.25,1444341.07,19447.15,15617.14,125230.46,227423.05,147.91,1268992.70,3749349.54,32130.79,699310.67,466254.35,62643.29,46554.00
Scenario 1,1279,5,Market Euphoria,79,TRADING,151093.37,2171613.11,160304.63,273633.21,503894.98,449830.13,343093.24,499810.07,751309.36,904761.26,448984.88,307603.98,1596992.85,20306.68,456646.22,42610.97,317839.89,485240.20,202073.90,48308.75,127827.46,461882.91,347018.24,381910.06,96545.76,113658.53,139167.37,209781.86,108760.76,162596.88,123861.77,188477.16,150715.48,89506.46,155386.90,188211.26,113001.22,1444437.39,19419.23,15582.45,125733.55,226901.40,148.45,1264211.46,3748063.18,32164.57,700322.13,466241.72,62693.57,46406.56
Scenario 1,1280,5,Market Euphoria,80,TRADING,151037.74,2178271.81,160186.68,273328.98,503966.63,449661.02,343499.48,499313.37,750277.38,907472.86,449271.51,307089.63,1600655.68,20310.94,457086.39,42582.79,318177.31,485049.23,201872.84,48206.33,128041.80,462602.27,346688.34,381914.74,96648.71,113804.79,138794.59,209851.62,108625.60,162822.06,123767.27,188339.05,151026.18,89716.70,155938.05,188027.36,113028.94,1444309.81,19426.83,15551.14,125669.71,226939.78,148.82,1262024.04,3762092.73,32217.98,700140.60,466898.82,62756.17,46271.53
Scenario 1,1281,5,Market Euphoria,81,TRADING,151024.50,2180678.39,160065.49,273580.24,503543.45,449235.41,343406.41,497509.30,748718.38,909072.44,449487.24,307156.25,1609105.58,20339.91,456960.55,42570.90,317841.16,484956.08,201467.48,48126.02,127898.59,463644.77,346178.54,382331.81,96711.84,114146.70,138706.38,209832.48,108623.12,162756.35,123668.94,188589.53,151326.90,89754.75,156578.39,187552.17,112981.22,1444380.03,19383.85,15635.35,125806.00,226660.22,149.27,1260025.34,3767972.70,32212.28,699207.14,466423.10,62591.04,46295.65
Scenario 1,1282,5,Market Euphoria,82,TRADING,151458.91,2178215.55,160360.98,274070.03,504697.57,448888.70,342872.82,496051.27,749070.73,912361.46,449159.21,307546.84,1615692.04,20328.77,455473.44,42570.79,316776.59,485004.39,201583.31,48102.57,127138.66,465257.06,346080.80,382188.69,96822.30,114427.74,138717.20,209929.61,108527.99,162915.32,123532.57,188938.50,151244.69,89652.47,157173.67,187003.74,113008.73,1443168.23,19396.26,15624.66,125982.33,226707.99,149.96,1260256.22,3773994.30,32233.55,699082.13,465650.64,62608.19,46285.81
Scenario 1,1283,5,Market Euphoria,83,TRADING,151566.88,2179163.64,160700.60,275029.13,505598.48,449102.50,343093.15,494318.08,748502.00,913500.55,449536.87,308951.69,1620081.06,20349.33,455358.62,42633.89,316543.06,485859.34,201684.20,48079.07,127851.81,467509.90,345815.56,382914.68,96848.33,114739.25,139001.83,210018.93,108428.54,162803.71,123385.16,189402.40,151318.70,89485.15,157821.08,188027.28,113179.00,1444622.45,19391.48,15637.38,125819.35,226378.86,150.36,1256397.25,3779072.44,32249.56,700206.80,464823.10,62724.49,46230.72
Scenario 1,1284,5,Market Euphoria,84,TRADING,151318.71,2172710.96,160659.28,275911.91,504846.37,448557.15,343152.70,494340.59,746737.54,914274.26,449806.58,309545.96,1623575.06,20369.91,454377.80,42635.67,315798.65,485731.06,201712.38,48097.10,127981.40,467746.58,345594.00,383387.51,96804.34,114840.19,138919.26,209765.98,108274.70,162790.99,123274.27,189576.02,151296.59,89373.38,158523.16,187202.68,113272.08,1445288.69,19368.87,15634.55,126264.60,226292.08,150.70,1253923.67,3783379.93,32282.71,700565.65,465588.68,62999.34,45804.87
Scenario 1,1285,5,Market Euphoria,85,TRADING,151334.42,2175634.02,160799.23,275976.60,504577.84,448642.09,344609.08,494789.77,747021.64,912660.89,449958.85,309530.63,1629193.07,20387.86,453913.52,42678.59,314476.94,484453.85,201646.81,48020.96,128038.94,467268.13,346470.37,383278.75,96813.84,115051.08,138847.88,209538.38,108357.50,162683.39,122910.51,190071.48,151174.29,89306.05,158994.16,187162.92,113415.89,1444841.10,19373.37,15645.82,126695.61,226763.58,150.90,1254856.30,3791419.86,32254.72,701700.43,465665.01,62930.72,45669.01
Scenario 1,1286,5,Market Euphoria,86,TRADING,151703.37,2172902.02,160740.49,276340.21,504379.21,448629.67,345579.11,493746.30,746714.14,914913.58,449133.27,309228.54,1632724.34,20406.96,453191.71,42689.84,313755.39,485616.64,201825.72,48065.32,128340.63,468720.56,346327.88,382522.06,96841.76,115192.31,138303.29,209699.72,108650.62,162403.30,122689.31,189977.91,151496.27,89255.61,159232.09,187395.96,113495.45,1445848.48,19307.84,15663.24,127188.87,226323.42,150.99,1256615.36,3805401.04,32252.23,702161.38,465977.84,62778.21,45555.90
Scenario 1,1287,5,Market Euphoria,87,TRADING,151863.88,2186179.18,160515.32,276497.73,505530.63,448720.41,345620.17,492416.16,746424.78,913733.25,449502.77,309553.24,1633102.70,20413.39,454599.83,42726.05,312146.92,485077.98,201677.80,48099.25,128270.42,468793.89,346800.06,381955.69,96814.65,115435.39,138367.54,209693.42,108722.30,162018.17,122394.64,190184.09,151716.79,89236.80,159230.87,185966.98,113458.28,1445475.87,19290.20,15675.18,126933.79,226238.32,152.06,1259014.26,3817567.68,32271.23,701945.77,465650.58,62894.09,45520.99
Scenario 1,1288,5,Market Euphoria,88,TRADING,151888.26,2185103.20,160678.48,276013.07,506575.35,448998.69,345816.13,492010.55,747580.67,913354.51,449533.54,309876.02,1630897.00,20409.22,455144.14,42748.88,310851.19,484724.48,201843.08,48095.64,128847.72,468399.50,346890.84,381695.27,96813.63,115567.87,138097.51,209629.85,108661.03,162104.19,121926.18,190040.06,151779.55,89321.66,159110.83,185997.06,113494.62,1445383.38,19299.51,15641.42,126434.58,225986.22,151.31,1263467.02,3812234.04,32265.95,702571.68,465477.48,62896.15,45549.86
Scenario 1,1289,5,Market Euphoria,89,TRADING,151756.04,2184171.81,161094.02,276119.06,507392.23,448579.11,345176.83,492521.09,747669.57,911890.31,449531.70,309194.15,1625981.53,20407.86,455011.39,42725.95,309550.30,484389.87,201860.32,48089.60,129166.78,468715.37,347340.92,381592.19,96863.30,115326.65,137737.17,209611.29,108732.14,162210.27,121540.59,190733.26,151886.48,89312.70,158819.96,186570.24,113534.17,1445470.42,19317.75,15662.83,126806.18,225720.06,152.09,1264818.33,3816651.93,32292.28,702096.88,465622.35,62964.13,45490.01
Scenario 1,1290,5,Market Euphoria,90,TRADING,151834.03,2189941.34,160213.78,275802.34,507875.23,448362.00,345981.66,491688.01,746309.40,910809.78,449322.79,308839.15,1618629.70,20415.12,455424.72,42695.51,308948.87,485148.86,202040.00,48169.62,129271.11,468973.67,346795.74,382426.51,96851.74,115510.57,137717.40,209666.06,108480.34,162078.91,121152.25,191127.80,151992.54,89588.78,158139.92,186986.95,113597.26,1445078.43,19290.89,15700.23,126705.98,225616.51,152.35,1268799.51,3815017.49,32317.51,702090.82,465473.05,63085.94,45533.17
Scenario 1,1291,5,Market Euphoria,91,TRADING,151823.94,2185045.23,160072.67,275694.69,508834.18,448446.98,345859.17,492872.36,746568.39,912409.30,449862.10,308502.37,1613126.62,20426.65,456268.96,42709.88,307616.97,484821.57,201610.42,48161.88,129802.92,468715.17,347359.33,381629.60,96838.69,115664.91,137789.08,209499.53,108386.66,162274.32,120741.68,190819.58,152219.01,89692.81,157305.16,187039.61,113551.13,1445766.84,19279.83,15745.87,126147.06,225539.63,152.83,1265889.15,3833175.95,32303.31,702621.50,466183.13,63198.77,45628.54
Scenario 1,1292,5,Market Euphoria,92,TRADING,151787.20,2184392.75,160194.12,275366.14,510194.47,448495.72,346408.35,492241.73,745433.07,915550.86,449509.65,307391.77,1602275.70,20424.34,456701.28,42772.65,306224.76,483424.23,201911.76,48166.86,129611.50,468308.67,346648.91,381880.32,96933.44,115826.79,138263.34,209456.79,108361.95,162736.25,120596.15,191938.17,151985.65,89644.66,156308.90,186190.29,113785.78,1447027.34,19241.52,15747.18,125765.39,225064.32,152.69,1265271.12,3847367.66,32308.11,702445.07,465302.09,63452.36,45719.83
Scenario 1,1293,5,Market Euphoria,93,TRADING,151774.49,2190702.05,160518.43,275291.31,512146.16,447465.62,345306.35,491292.46,744800.01,916552.93,449861.69,306759.42,1597038.43,20429.05,457585.19,42787.29,305858.57,483556.98,201780.72,48148.64,129775.53,468154.16,346659.90,381452.63,96959.77,115849.82,139034.75,209483.84,108291.66,162634.83,120541.07,191287.81,151913.92,89460.22,155176.65,186818.21,113854.17,1449732.62,19238.89,15778.92,125836.38,224774.24,152.46,1262710.10,3851765.95,32316.12,702373.67,464683.65,63377.85,45746.36
Scenario 1,1294,5,Market Euphoria,94,TRADING,151965.32,2193799.45,161076.05,275171.60,515132.17,447093.73,344103.70,491368.57,745722.23,916533.58,449381.36,306651.57,1592691.01,20401.83,459737.18,42794.77,304329.37,481848.37,201924.60,48075.27,130351.59,468654.76,346722.95,381633.74,97011.74,115667.53,139023.77,209568.53,108571.49,162779.75,120600.90,191605.11,152000.91,89432.12,153885.81,187248.21,113970.54,1449637.86,19229.56,15717.64,125687.69,225085.12,152.39,1263804.67,3858785.02,32321.35,703001.76,464374.12,63429.00,45737.13
Scenario 1,1295,5,Market Euphoria,95,TRADING,151777.47,2194341.63,160740.26,274785.55,516327.98,447059.20,343466.60,491228.31,744988.41,917738.98,450131.98,306656.24,1584727.22,20413.54,458829.16,42838.40,303252.39,481619.36,202018.54,48143.72,130098.71,468284.47,348507.83,381689.59,97073.60,115694.84,139139.69,209560.49,108574.59,162831.18,120765.05,192141.62,152019.36,89327.15,152713.86,187377.04,114013.43,1447841.57,19236.55,15799.65,125643.85,224243.91,152.54,1264023.12,3861016.21,32343.71,703132.10,464215.01,63293.61,45939.77
Scenario 1,1296,5,Market Euphoria,96,TRADING,151659.19,2198510.37,160811.08,275094.20,517927.40,447140.56,343168.34,491686.01,744262.07,919022.30,449994.40,306016.23,1577652.53,20420.60,458461.34,42854.74,301918.10,480994.79,201963.31,48151.63,129496.16,467361.08,349204.15,381705.47,97048.44,115638.07,139180.61,209587.73,108687.89,162916.07,121056.88,191997.68,152199.64,89270.47,151481.49,186831.62,114159.47,1447620.09,19257.55,15764.14,125402.74,224845.11,152.25,1263458.03,3861091.80,32349.22,704233.71,464277.69,63318.01,45947.03
Scenario 1,1297,5,Market Euphoria,97,TRADING,151546.07,2200338.87,161124.35,275118.39,518977.18,447339.57,342628.98,490810.93,743335.08,916741.92,449338.50,306837.37,1568621.65,20413.26,459467.96,42854.03,299858.05,480401.75,202014.12,48127.08,129193.48,465476.28,350530.98,381983.27,97012.64,115179.77,139341.27,209527.84,108697.61,163228.42,121349.08,192260.29,152297.59,89167.03,150506.31,186583.52,114359.87,1446285.37,19306.74,15760.19,125331.46,225519.12,152.76,1265447.41,3872259.94,32368.11,703488.28,464254.26,63469.65,46193.84
Scenario 1,1298,5,Market Euphoria,98,TRADING,151421.11,2206267.38,160870.82,275373.03,520930.77,447381.08,342219.53,489831.73,742627.83,915728.36,448928.81,306451.12,1564797.91,20423.82,460407.74,42841.44,298301.25,480071.66,202440.58,48102.49,129503.56,465054.46,351105.00,382327.29,96903.14,114783.78,139740.46,209698.88,108960.59,162733.78,121622.29,191913.15,152523.77,89266.58,149669.40,187192.04,114327.94,1447073.03,19327.83,15733.97,125495.64,226146.75,152.69,1263360.17,3866729.82,32393.67,702016.30,463546.13,63435.84,46038.95
Scenario 1,1299,5,Market Euphoria,99,TRADING,151497.82,2212370.65,160753.30,275877.98,521958.29,447870.29,341286.00,489070.88,742588.36,915326.22,449126.70,307388.59,1560879.20,20418.90,460345.71,42843.32,296301.07,479878.44,202141.78,48094.30,129281.43,465944.95,351807.13,382608.41,96872.70,114847.83,139942.13,209680.30,108795.10,162483.82,121963.03,191701.60,152322.95,89173.25,148753.64,186084.51,114443.70,1446895.33,19283.49,15734.02,125341.17,225191.00,152.79,1264726.41,3873880.59,32391.12,700990.01,463873.39,63615.43,45929.63
Scenario 1,1300,5,Market Euphoria,100,TRADING,151417.76,2213925.39,160586.23,275774.39,524029.91,447797.87,340415.23,488696.10,743231.33,913352.21,449395.64,306618.50,1553747.47,20396.19,461390.62,42914.53,295098.16,480743.13,201955.18,48141.11,129838.10,464977.67,352435.40,382441.78,96800.85,114717.83,140185.13,209874.68,108839.24,162493.35,122310.57,191468.69,151910.23,89055.17,147967.02,187229.69,114499.68,1447348.72,19265.05,15709.34,125907.84,225449.88,152.47,1265888.83,3872789.29,32360.58,702411.62,463097.49,63543.24,46008.14
Scenario 1,1301,5,Market Euphoria,101,TRADING,151214.22,2214911.02,160253.35,275949.24,523895.03,447780.99,340482.35,488172.59,744387.50,915302.63,449422.93,305809.95,1549910.19,20395.21,461497.08,42919.65,293064.07,481091.62,202151.90,48147.95,129442.29,467403.11,352985.81,382168.13,96689.86,114558.21,140336.40,209738.13,108770.11,162255.84,122630.65,192220.59,151967.34,88780.57,147202.11,187524.87,114516.94,1444497.01,19276.16,15715.01,125815.03,224994.76,151.88,1265068.37,3865325.40,32393.71,702212.24,463702.77,63611.29,46026.50
Scenario 1,1302,5,Market Euphoria,102,TRADING,151289.03,2214732.84,160184.47,275295.60,523979.65,447228.85,340139.74,487952.08,744749.75,912424.32,449667.70,305624.07,1546272.08,20397.94,461874.49,42892.88,291691.82,482211.46,202414.06,48205.50,129757.70,465971.72,353562.85,382182.08,96664.19,114334.39,139263.00,209798.14,108739.79,162618.86,123014.79,191672.79,151672.85,88585.30,146296.10,188356.36,114557.74,1443471.24,19329.17,15707.69,125518.48,225198.82,151.49,1263777.55,3863257.53,32394.04,701833.94,464636.52,63829.74,46067.26
Scenario 1,1303,5,Market Euphoria,103,TRADING,151248.25,2223855.18,160199.04,275173.24,524454.27,447044.30,340325.89,487830.58,745108.17,910094.59,450248.14,305799.56,1544037.94,20409.36,461839.55,42821.10,291040.40,482230.50,202674.97,48119.82,129749.38,465174.22,353312.91,382364.94,96692.13,114132.60,139472.29,209858.32,108798.73,162833.54,123288.97,191714.64,151717.33,88491.27,145854.05,187852.52,114475.81,1441800.02,19318.37,15719.16,125690.42,224742.74,151.28,1264277.46,3860755.69,32425.18,702127.58,464789.41,63907.95,46123.35
Scenario 1,1304,5,Market Euphoria,104,TRADING,151390.05,2235271.06,160261.84,274583.49,524676.08,447655.06,339932.87,487771.86,744264.96,908186.02,450377.34,305406.63,1542482.69,20402.79,462962.74,42835.22,290497.38,483497.15,202522.66,48148.87,130151.21,464973.80,352838.88,382681.06,96690.44,114030.23,139769.19,209891.58,108797.88,163177.39,123503.14,192066.57,152122.23,88676.00,145375.06,188009.97,114456.16,1442160.38,19345.26,15714.55,125804.64,224703.08,151.19,1265567.91,3860887.85,32439.64,701680.99,464697.07,64015.38,46132.54
Scenario 1,1305,5,Market Euphoria,105,TRADING,151284.65,2238190.09,160408.98,274506.60,522915.64,447240.02,340177.96,488454.80,745834.03,904313.21,450607.30,305907.80,1541369.45,20392.33,462304.28,42847.63,290261.99,482557.59,201967.80,48058.60,130216.14,462779.04,353576.97,382984.80,96692.12,113794.39,140706.05,210092.30,109048.27,163464.14,123659.15,191393.37,152015.35,88574.46,145074.14,187379.52,114433.06,1440255.79,19298.60,15727.50,126012.54,224818.07,151.82,1264504.38,3861554.20,32435.38,701284.50,464313.72,64243.80,46200.30
Scenario 1,1306,5,Market Euphoria,106,TRADING,151384.61,2249921.58,160487.47,275105.68,522310.85,447375.45,341424.25,488404.19,745571.44,907218.77,450963.02,306095.93,1539609.15,20415.27,461562.12,42867.93,291018.78,482390.66,201793.40,48081.71,130462.97,462601.89,354317.41,382596.72,96556.35,113514.77,140855.67,210087.07,109068.99,163467.14,123737.53,191492.28,151836.34,88437.76,144726.88,187821.24,114366.45,1439839.26,19324.16,15731.11,125732.47,224800.05,151.87,1264447.36,3852739.64,32430.15,700479.22,464012.96,64182.47,46375.89
Scenario 1,1307,5,Market Euphoria,107,TRADING,151641.58,2251339.70,160022.37,275229.28,522004.22,447274.93,342244.24,488359.08,744619.59,904683.26,450925.30,305770.90,1539065.51,20385.88,461549.11,42903.67,292343.21,481509.86,201896.58,48089.42,130194.37,464200.75,354747.94,383188.40,96489.07,113474.04,140407.69,210043.56,109192.61,163815.17,123587.01,191460.93,151898.91,88530.39,144365.75,188376.64,114275.51,1438971.04,19329.36,15758.85,125913.60,224963.82,150.96,1266753.91,3849246.33,32454.18,700201.85,463624.12,64372.92,46424.17
Scenario 1,1308,5,Market Euphoria,108,TRADING,151502.64,2253924.48,159794.76,275358.73,520994.45,447385.80,341915.00,487964.87,743639.87,906218.84,450720.94,305661.70,1537461.83,20396.38,460475.92,42961.34,293571.43,481894.81,201584.62,48119.64,130385.17,465041.38,355788.79,383272.10,96410.98,113091.60,140770.94,210070.70,108921.69,164256.57,123572.92,192259.14,151740.01,88580.52,143836.05,189539.82,114301.67,1437418.57,19310.06,15796.19,125760.19,225194.80,149.89,1266874.17,3838871.69,32446.25,700210.85,463904.16,64265.68,46558.86
Scenario 1,1309,5,Market Euphoria,109,TRADING,151382.97,2259157.46,160570.31,275311.11,518669.65,447499.92,342400.08,487966.40,743393.96,902984.35,451775.87,305089.86,1533905.47,20396.05,461698.71,42957.06,294134.74,481511.67,201504.93,48107.67,129884.60,466851.19,358668.68,383071.11,96246.13,112950.04,140879.26,209956.18,109022.54,164162.19,123403.28,192275.77,151847.98,88389.32,143538.18,190164.85,114317.11,1436919.99,19279.96,15788.99,126103.21,225494.98,149.07,1267191.00,3836517.24,32447.43,700395.31,463990.35,64310.43,46612.18
Scenario 1,1310,5,Market Euphoria,110,TRADING,151547.09,2262324.07,160648.32,275271.60,516100.32,447985.17,342198.52,488349.79,743248.78,904471.96,452210.82,304670.78,1531883.30,20389.16,463205.88,42975.18,294137.54,482072.43,201478.21,48132.52,129705.16,466479.63,359130.42,383128.05,96205.67,112916.96,140659.53,210063.40,108904.35,163939.90,123464.50,191561.18,151411.37,88222.39,143248.34,190281.30,114207.43,1435435.67,19288.54,15770.08,125875.13,226228.82,147.99,1269722.04,3831955.09,32453.17,700081.68,463564.59,64541.33,46528.95
Scenario 1,1311,5,Market Euphoria,111,TRADING,151337.84,2266880.24,160517.27,275072.77,513772.19,447580.93,342725.90,487603.65,744174.21,901604.82,451883.91,304167.67,1527797.82,20391.60,463646.63,42996.34,294458.87,481487.84,201469.84,48140.23,129930.34,466307.86,360141.33,383055.36,96324.99,112734.30,140249.09,210093.11,109106.89,163777.50,123498.91,192251.30,151723.38,88195.23,142880.01,189560.49,114245.28,1433606.84,19285.74,15775.08,125807.53,226494.63,147.00,1270185.40,3828220.03,32441.10,701368.56,463047.46,64689.76,46617.46
Scenario 1,1312,5,Market Euphoria,112,TRADING,151171.63,2262941.20,160217.05,274720.44,512481.26,447759.72,342022.30,486413.73,744376.01,902015.57,452348.58,302781.40,1526308.95,20407.30,463479.41,43042.53,294099.00,481867.96,201668.81,48167.23,129698.86,466931.09,360032.17,382856.24,96352.37,112317.50,140280.39,210265.97,108949.56,164366.74,123473.22,191796.25,151504.59,88250.03,142489.33,190873.37,114325.91,1432993.21,19265.67,15831.35,125849.87,226948.56,146.53,1271401.89,3829483.52,32436.45,701643.80,462150.26,64855.96,46691.49
Scenario 1,1313,5,Market Euphoria,113,TRADING,151052.20,2258626.49,160860.97,274363.26,510705.59,447969.68,342401.69,485211.54,743620.20,900094.13,452872.70,302763.30,1521538.65,20402.31,464523.43,43012.00,294164.55,481184.41,201931.29,48224.47,129666.36,468184.53,360815.17,382881.59,96347.99,112074.62,139750.43,210411.12,109121.06,164357.03,123454.91,191288.02,151373.51,88236.88,142429.44,189769.61,114200.68,1432545.85,19255.23,15848.63,126240.14,227254.63,145.97,1271333.23,3818069.59,32406.53,700788.72,461215.75,64540.12,46732.78
Scenario 1,1314,5,Market Euphoria,114,TRADING,151101.37,2259064.98,160506.37,274034.18,509221.11,447432.39,342298.31,485407.81,742814.90,897828.04,452293.53,302950.54,1521367.87,20412.67,464546.26,43018.55,294263.38,480518.77,202037.98,48296.70,130233.05,469213.84,361959.20,382706.26,96354.00,111999.50,139616.92,210365.21,109176.79,164557.82,123427.77,191315.64,151277.87,88328.80,142265.43,190287.48,114209.33,1431794.71,19207.97,15818.36,126387.37,227145.06,145.56,1273651.14,3806524.39,32376.08,701092.91,461005.63,64225.38,46737.61
Scenario 1,1315,5,Market Euphoria,115,TRADING,151224.91,2263466.33,160376.21,273540.48,507067.28,447325.36,343027.69,485379.03,743906.97,895622.79,452331.20,303138.44,1521068.39,20421.34,463952.82,42997.92,293836.74,480730.98,201687.57,48404.78,130073.92,472221.09,361990.45,382471.34,96291.04,111892.11,139671.75,210257.27,109020.10,164812.20,123464.62,191554.76,151321.26,88218.53,141886.97,190589.56,114188.51,1432278.88,19189.69,15795.12,126161.14,227282.38,145.25,1275040.29,3799106.17,32406.71,699563.55,461222.87,64493.78,46713.15
Scenario 1,1316,5,Market Euphoria,116,TRADING,151357.36,2270806.11,160887.51,273792.04,506558.79,447214.38,343025.98,486441.96,744579.11,894999.64,451826.83,303406.79,1520359.71,20426.49,463797.47,42968.01,293568.19,481232.16,201739.74,48523.22,130434.40,472047.61,361815.82,382790.76,96324.62,111842.56,139742.55,210182.12,109224.08,164690.14,123292.63,191379.21,151451.67,88418.89,141704.98,190033.85,114214.95,1432707.91,19121.75,15721.12,126158.49,227262.66,144.88,1276934.46,3785896.55,32410.74,699725.85,460498.33,64727.52,46806.42
Scenario 1,1317,5,Market Euphoria,117,TRADING,151380.99,2273281.54,161001.56,274017.20,505934.27,447334.16,344335.47,486028.90,744409.71,895702.04,451646.12,303657.49,1516031.07,20411.57,464951.44,42964.64,293014.22,480289.57,201879.49,48534.52,130571.07,472684.96,362029.02,383734.46,96232.77,111570.54,140188.57,210327.30,109104.44,164536.71,123271.69,192349.91,151591.22,88452.84,141355.90,189934.15,114184.80,1431362.40,19021.35,15679.62,126032.78,227731.40,145.27,1277269.33,3788489.71,32416.68,699455.51,461152.00,64795.99,46764.34
Scenario 1,1318,5,Market Euphoria,118,TRADING,151076.10,2279794.08,161006.33,274081.39,505743.96,446786.35,343360.68,485289.96,745718.10,895511.04,451389.13,303229.51,1515102.88,20407.87,464479.07,43003.10,293029.73,481267.91,201850.92,48602.20,130719.69,473103.40,362413.94,384316.48,96317.41,111430.10,140263.11,210354.21,109179.16,164279.08,123214.45,192578.27,151663.02,88629.52,141045.19,188228.98,114021.97,1430510.71,18951.97,15665.18,125902.79,227726.70,145.12,1278197.50,3786629.54,32418.05,698897.12,461359.61,64756.90,46863.39
Scenario 1,1319,5,Market Euphoria,119,TRADING,151165.05,2288121.53,161189.64,274174.52,504936.01,446915.59,345020.37,485773.89,745255.39,892956.47,451563.01,302523.50,1511659.65,20418.22,464342.32,42967.05,292607.52,481316.93,201823.70,48694.47,130373.49,476455.43,363086.85,384414.77,96121.62,111444.74,140237.37,210442.95,109031.44,164145.13,123259.02,193156.05,151959.13,88695.60,140989.00,189217.24,114028.10,1428994.10,18906.82,15637.55,126321.13,227172.59,144.75,1275024.40,3787744.31,32423.49,698391.91,461463.52,65049.14,46734.44
Scenario 1,1320,5,Market Euphoria,120,TRADING,151035.99,2288920.48,161015.23,273990.28,504046.40,446761.57,344790.07,486982.44,746138.96,892866.29,451457.79,302353.41,1510643.89,20427.47,463908.73,42966.83,292348.54,483232.63,201633.69,48807.27,129845.40,476267.23,363155.16,384216.67,96091.87,111316.44,140453.57,210621.46,109036.13,163856.29,122983.01,192621.65,151972.37,88723.87,140837.84,188514.81,113955.84,1428783.34,18828.94,15578.11,126388.52,227439.72,144.73,1275450.03,3784644.79,32431.20,698803.94,460137.44,65003.83,46863.20
Scenario 1,1321,5,Market Euphoria,121,TRADING,150944.35,2299955.66,160577.96,273906.71,503441.89,445760.28,343850.33,486347.30,744722.94,892918.71,451614.95,303009.57,1513356.66,20434.12,463713.68,42993.57,291587.66,483953.56,201317.96,48887.64,129470.56,477904.13,363652.87,384050.46,96060.51,111135.83,141065.83,210607.75,109172.98,163770.77,122965.20,193093.45,152087.97,88714.24,140734.71,188651.65,113989.87,1428278.30,18734.59,15523.69,126185.96,227598.31,143.99,1277532.10,3783141.86,32426.41,698939.27,460171.17,65176.64,46780.04
Scenario 1,1322,5,Market Euphoria,122,TRADING,150932.12,2308520.09,160358.74,273809.59,503808.75,446066.50,343908.87,486655.76,745097.37,896042.82,451396.97,304129.11,1513465.29,20429.52,463773.92,42960.27,291729.73,483588.76,201582.03,48924.75,129366.22,480304.98,364807.42,384173.51,96041.50,111155.29,141115.46,210791.55,109187.52,163614.60,123052.98,192949.41,152038.91,88615.88,140828.23,188286.23,113968.01,1427728.77,18674.55,15488.07,126413.03,227545.74,144.17,1278442.92,3776080.82,32434.35,698658.68,460871.45,65394.12,46802.62
Scenario 1,1323,5,Market Euphoria,123,TRADING,151063.12,2313468.03,160755.70,274044.18,502066.54,445647.56,344955.29,487730.65,746056.72,895078.64,451093.97,303866.48,1515081.47,20429.61,462586.82,43001.05,290912.04,483365.26,201800.53,49045.98,128694.89,480850.26,365814.59,384352.36,95949.67,111171.10,140856.91,210846.14,109216.02,163189.85,123201.36,193102.10,152245.22,88615.88,140879.31,189170.48,114009.55,1424897.30,18599.67,15423.75,126224.07,227385.95,144.23,1276758.51,3783969.80,32373.88,698810.85,460278.34,65318.88,46922.88
Scenario 1,1324,5,Market Euphoria,124,TRADING,150978.94,2309726.64,160760.71,274218.67,501536.12,446383.77,345410.74,486465.31,745207.51,897080.72,451499.34,303952.30,1516681.69,20436.97,461723.04,43047.11,290125.02,483737.90,201928.64,49181.60,128542.92,481727.00,366749.62,383655.06,96015.62,111237.96,141075.61,210629.01,109078.91,162526.12,123034.59,192516.32,152335.22,88506.76,141097.06,189591.10,113944.12,1423086.22,18576.50,15385.10,125906.37,226979.16,143.82,1275048.03,3780379.96,32432.10,699233.77,460511.65,65449.77,46989.92
Scenario 1,1325,5,Market Euphoria,125,TRADING,150724.14,2317880.26,160396.34,273593.53,500764.42,446456.58,345343.90,487138.97,744127.84,899167.10,451632.27,303505.07,1516301.75,20434.42,460996.89,43046.38,290191.92,484824.48,201411.58,49292.96,128447.11,481752.46,367261.05,384330.95,96055.11,111054.72,141547.52,210701.58,109134.15,162736.26,122991.80,191855.01,152258.87,88536.67,140970.38,190025.18,113920.57,1423439.05,18585.72,15323.79,126040.20,227033.80,143.92,1275403.10,3774144.97,32392.72,699286.31,460546.53,65382.41,47024.71
Scenario 1,1326,5,Market Euphoria,126,TRADING,150844.94,2321224.78,160208.75,273675.38,501699.69,446449.52,344881.47,487557.09,745807.53,896221.03,451647.36,303451.10,1517821.83,20423.35,460844.93,43021.10,289377.88,484968.87,201625.66,49369.43,128059.66,484247.11,366036.97,383718.73,96055.45,111005.28,141283.95,210739.92,109133.56,162625.84,122995.85,192268.97,152204.29,88611.62,141066.14,190354.18,113900.31,1420749.84,18551.44,15323.21,125889.09,226713.31,142.91,1276060.69,3788236.06,32421.51,699673.62,460563.54,65378.53,47120.15
Scenario 1,1327,5,Market Euphoria,127,TRADING,150697.20,2326368.53,159968.12,273950.56,502020.38,446487.50,345550.80,487923.97,746862.93,896556.31,451421.66,303336.97,1516843.87,20413.36,461547.84,43032.74,289467.52,484119.40,201629.27,49406.21,127762.97,485285.28,366552.91,383923.29,96140.08,110945.83,141008.83,210827.73,109104.31,162653.15,122989.36,192240.85,152220.05,88869.78,141205.44,189740.84,113903.57,1418685.87,18558.94,15287.54,125696.11,227170.07,141.74,1277523.38,3786165.41,32435.25,699409.93,460322.37,65233.40,47183.47
Scenario 1,1328,5,Market Euphoria,128,TRADING,150596.41,2336383.56,159865.47,274017.32,501348.34,446516.51,346244.71,487862.98,746583.70,898414.40,451726.16,303156.00,1515523.90,20406.59,460977.24,43061.60,288566.02,483295.53,201782.55,49540.39,127761.94,485610.50,365490.42,384289.57,96076.65,111102.16,140489.75,210818.11,109056.76,162669.05,122951.99,192406.03,152339.85,88717.64,141586.70,190479.47,113817.53,1418237.22,18631.07,15287.34,125379.78,227404.66,141.74,1280518.98,3779379.45,32419.63,699995.98,460683.49,65141.62,47182.72
Scenario 1,1329,5,Market Euphoria,129,TRADING,150598.68,2313716.40,160093.90,273983.05,502293.74,446783.19,346045.42,485559.23,747337.85,896686.17,451753.14,302779.31,1516999.53,20402.14,461222.09,43120.98,288793.54,482818.68,201781.50,49668.72,126736.73,486832.47,364644.38,385330.90,96190.05,111053.58,140001.59,211060.03,108965.62,162085.80,123049.82,193007.98,152525.94,88744.83,141867.11,190494.77,113915.09,1419363.95,18644.68,15226.29,125396.52,227438.77,141.01,1279183.82,3779018.89,32407.28,701344.61,460881.31,64925.95,47260.17
Scenario 1,1330,5,Market Euphoria,130,TRADING,150329.33,2316865.81,160642.58,274308.00,502259.13,446287.13,346138.51,485307.50,747318.52,895915.40,452118.07,303137.19,1516776.82,20390.01,462319.50,43138.26,288327.34,483149.84,201377.08,49845.16,126150.08,486086.41,364670.13,385731.64,96212.38,110931.70,139068.15,211031.97,108863.44,162398.83,123032.07,193607.52,152799.92,88876.59,142403.68,190523.89,114058.96,1417478.22,18692.27,15230.57,125241.77,226857.25,140.73,1279956.56,3775388.39,32358.60,701100.94,461304.27,65083.65,47144.01
Scenario 1,1331,5,Market Euphoria,131,TRADING,150532.52,2318876.44,161030.25,274793.12,501274.59,446172.76,346127.24,486023.07,747457.61,894202.99,452857.86,303729.63,1519328.46,20384.35,462531.82,43143.93,288385.38,484433.32,201137.50,49983.49,126736.64,486239.92,363191.50,385757.48,96221.47,110771.25,139127.86,211114.61,108779.83,162415.75,123182.45,194041.58,153091.10,88866.48,142790.16,191223.94,114200.09,1415793.51,18713.46,15178.45,125464.34,226889.44,140.09,1280470.59,3772225.52,32358.28,701169.25,461684.57,64946.14,47214.02
Scenario 1,1332,5,Market Euphoria,132,TRADING,150428.22,2314832.11,160879.50,275017.11,501048.86,446294.16,346233.80,486193.34,748183.73,895650.18,452930.56,302869.33,1523204.07,20393.19,462848.50,43210.32,288117.76,482545.05,201231.05,50122.98,126556.44,485664.29,363061.13,385618.61,96258.49,110716.23,139041.64,211277.68,108950.49,162184.46,123254.06,194600.62,153045.12,88902.06,143269.91,190287.44,114250.30,1414208.03,18730.26,15142.87,125212.85,226894.07,139.63,1279217.12,3775933.49,32375.50,700589.29,461331.24,64822.96,47032.10
Scenario 1,1333,5,Market Euphoria,133,TRADING,150646.82,2306677.41,161003.90,275506.59,500659.85,446644.93,347225.93,485795.69,749062.82,894509.39,453227.82,303188.03,1524811.91,20388.40,463893.25,43275.04,286358.35,482242.39,200981.07,50188.25,126349.29,484855.60,363417.77,384821.65,96358.46,110670.75,139082.65,211495.94,108818.20,161856.73,123292.64,195811.28,153074.84,88845.75,143718.30,190147.25,114463.81,1413188.68,18801.74,15101.04,125436.66,226842.85,139.62,1281167.25,3771292.67,32393.59,699732.61,461836.49,64912.35,47101.88
Scenario 1,1334,5,Market Euphoria,134,TRADING,150671.82,2312767.17,160909.55,276067.18,501474.35,446713.50,348094.14,485997.71,749906.78,896091.27,453301.23,303361.66,1525699.69,20404.62,464147.21,43270.88,286583.97,482990.77,201305.72,50279.00,125501.24,485333.67,363743.65,385195.56,96598.91,110511.89,138904.18,211788.08,108700.62,162051.50,123346.60,195568.25,152928.51,89058.14,144462.71,190125.87,114759.42,1413479.31,18875.74,15075.60,125862.19,226523.20,140.31,1279078.78,3773808.60,32406.36,699342.97,461391.08,65107.23,47039.67
Scenario 1,1335,5,Market Euphoria,135,TRADING,150654.53,2303378.89,160654.43,276568.81,502040.68,446556.73,347629.83,485934.34,753499.79,895700.92,453342.35,304445.94,1526425.46,20424.21,464824.08,43278.24,285324.85,483077.98,201388.75,50385.23,125554.07,486483.52,364016.25,385717.69,96883.96,110156.50,138567.97,211628.72,108781.88,162200.37,123302.75,196148.70,153048.94,89128.77,145024.75,188988.26,115240.87,1412468.34,18906.15,15045.10,124968.02,226557.23,140.71,1280602.62,3768428.93,32390.47,700143.22,462133.45,64808.81,46987.22
Scenario 1,1336,5,Market Euphoria,136,TRADING,150621.27,2310114.93,160631.82,276749.07,501959.21,446758.77,346812.33,486315.52,751840.72,895390.56,453528.45,305656.74,1528826.09,20414.85,464171.21,43293.18,284165.76,482964.17,201443.27,50520.22,125697.65,487022.73,364919.94,385249.56,97159.65,110056.36,138414.19,211345.94,108853.93,162265.86,123364.88,196274.66,152778.24,89185.16,145599.79,189886.49,115754.62,1412956.93,18965.97,15050.89,124965.32,226882.65,140.65,1280305.01,3757955.96,32385.15,700057.17,462527.91,64874.55,47242.78
Scenario 1,1337,5,Market Euphoria,137,TRADING,150662.76,2308318.35,160834.97,277003.76,501922.58,446786.36,348173.26,485852.23,750022.83,897571.02,453061.99,305399.39,1531936.06,20400.64,464048.33,43252.71,283262.20,483307.62,201144.70,50600.98,125641.84,486349.61,363741.36,385277.94,97606.82,110110.54,138454.97,211154.77,108823.92,162163.61,123294.82,196297.15,152934.28,89130.94,146438.33,190459.32,116209.78,1412646.53,19006.12,15014.31,125568.30,226841.76,139.81,1280949.23,3755618.35,32402.45,700186.88,463002.51,65102.34,47238.85
Scenario 1,1338,5,Market Euphoria,138,TRADING,150611.80,2317593.40,160457.63,277416.64,502156.41,446445.48,347536.18,486026.17,750746.18,898801.27,453312.07,305062.38,1536842.58,20398.34,462324.45,43262.67,282343.08,483658.62,201181.34,50734.18,125674.45,486839.55,364282.31,385146.08,98095.75,110069.45,138778.36,211438.75,108906.84,162362.51,123228.91,195837.88,153088.82,88853.36,147169.77,190676.02,116779.61,1414222.34,19067.00,14986.00,125708.99,227003.67,139.89,1280135.23,3755204.63,32432.83,700963.37,462769.00,64780.13,47112.40
Scenario 1,1339,5,Market Euphoria,139,TRADING,150613.46,2323230.02,159803.70,277299.97,502409.03,447733.29,348056.23,486064.98,751819.84,899947.90,453126.49,304765.25,1537944.38,20401.35,463158.89,43244.21,280893.97,483172.64,201112.54,50835.55,126219.95,486719.46,364283.02,385491.44,98623.88,110136.09,138358.06,211627.52,108952.94,162360.90,123408.71,196257.90,153152.36,88815.01,147774.39,191056.37,116996.16,1414798.84,19126.68,14961.41,125540.98,227499.35,139.63,1280701.74,3761323.35,32455.30,700448.79,462987.93,64827.86,47022.40
Scenario 1,1340,5,Market Euphoria,140,TRADING,150889.75,2326387.15,159867.34,277163.30,502159.40,448046.67,346437.13,487252.86,752895.43,898868.42,453595.11,304889.33,1543450.95,20407.22,462015.65,43198.81,281047.54,483916.40,200902.45,50943.24,126360.60,486463.55,363137.18,385501.95,99164.31,110155.07,138548.97,211863.64,108956.16,161814.24,123429.11,196609.12,153265.75,88834.73,148531.16,191440.69,117127.83,1415152.04,19158.81,14979.01,125322.92,227401.20,139.22,1280963.65,3768317.02,32477.37,699445.59,462353.88,64494.50,47011.30
Scenario 1,1341,5,Market Euphoria,141,TRADING,150702.25,2325325.19,159672.20,277896.36,503073.34,448057.54,345894.71,487261.96,751722.33,903174.86,453523.60,304286.91,1542783.00,20415.94,461352.25,43211.51,279872.55,484025.62,200516.93,51067.01,127121.18,485717.33,363129.39,385664.50,99794.27,110329.52,138291.84,212081.99,109022.28,161372.30,123565.87,196581.19,153174.56,88826.89,149309.49,191414.29,117108.32,1415032.85,19180.67,14976.99,125437.27,227505.71,138.68,1281646.94,3765004.02,32497.20,699394.07,461840.08,64415.20,46854.04
Scenario 1,1342,5,Market Euphoria,142,TRADING,150863.22,2325744.10,159680.22,278501.68,502966.58,447527.46,345305.11,488061.69,751437.78,905743.01,453436.36,304071.93,1543651.36,20422.27,461767.03,43160.95,278865.05,483466.71,200553.84,51180.27,127912.12,486715.10,362794.67,385605.78,100393.94,110318.16,138275.62,212065.87,109256.82,161100.82,123779.16,197159.94,153178.81,88938.51,150098.23,191572.81,116762.86,1415376.61,19188.76,15025.40,125397.92,227707.30,138.55,1284137.88,3767034.52,32496.93,699903.61,462489.26,64565.76,46624.72
Scenario 1,1343,5,Market Euphoria,143,TRADING,150731.93,2329573.09,159606.85,278561.88,503170.68,447541.80,344650.15,488334.25,751772.54,907675.95,454169.20,303633.83,1545513.97,20389.88,460596.43,43169.47,276671.21,482254.50,200459.08,51251.74,128590.52,486797.17,361948.90,385503.64,101014.05,110117.74,138589.45,212095.52,109178.54,160953.88,123640.97,197578.47,153382.48,88826.20,150786.00,192714.71,116308.50,1412729.36,19177.84,15093.73,125603.24,228596.05,138.45,1283108.31,3768650.47,32502.93,700249.85,462883.35,64974.78,46647.91
Scenario 1,1344,5,Market Euphoria,144,TRADING,150601.68,2332605.40,159898.40,278396.38,503507.13,447953.25,344323.52,487642.54,751328.57,910650.91,453739.92,304643.68,1546183.11,20404.17,460879.48,43181.71,274989.22,483041.03,200624.42,51361.71,129540.99,487336.04,361352.38,385383.35,101618.90,110056.87,138735.80,211997.71,109112.49,161057.14,123711.72,197865.43,153774.83,88800.36,151546.11,192743.54,115743.78,1412615.93,19236.26,15141.38,125474.30,228957.68,137.74,1289332.94,3762330.07,32551.21,700049.04,462849.60,64782.96,46582.82
Scenario 1,1345,5,Market Euphoria,145,TRADING,150375.67,2336073.29,159850.60,278633.71,503637.89,448491.03,344344.18,487869.04,751686.62,913573.09,454196.53,304713.85,1548435.52,20410.25,460362.48,43224.20,274193.79,483281.01,200048.73,51423.81,130045.99,486348.57,361432.15,385204.11,102004.23,110107.72,138885.37,212119.31,109256.30,160788.64,123747.98,198077.44,153986.81,88759.86,152458.63,192532.84,115024.85,1413364.35,19225.18,15130.55,125785.65,229530.74,137.74,1291202.62,3765986.37,32574.37,699849.42,463299.19,64646.59,46588.52
Scenario 1,1346,5,Market Euphoria,146,TRADING,150205.94,2336682.69,159821.33,278684.81,504283.26,448290.01,345870.23,487686.32,753072.78,911619.09,454822.20,305349.73,1554212.99,20416.30,459911.19,43230.39,272674.18,484673.23,199874.70,51499.63,130596.62,486805.82,359230.67,385033.09,102305.39,110309.69,138888.15,211955.51,109390.72,161119.62,123806.58,197697.32,153872.92,88715.13,153445.88,194242.10,114531.76,1412373.12,19210.46,15173.99,125736.71,230360.01,138.09,1295394.43,3759965.05,32559.86,699775.13,462812.06,64570.23,46457.78
Scenario 1,1347,5,Market Euphoria,147,TRADING,150157.57,2337574.86,159575.03,278801.56,504276.94,447880.63,346406.70,487103.93,752448.38,916068.01,455411.39,306143.05,1558394.20,20427.11,460328.31,43227.33,271712.67,484489.56,199452.67,51583.22,130591.07,486545.37,358616.61,384464.27,102413.05,110314.41,138759.69,212215.60,109346.75,160721.66,123831.87,198184.90,154084.62,88859.33,154069.09,194533.30,114104.03,1413658.89,19210.29,15231.60,126472.86,231199.52,137.93,1300301.86,3755820.97,32573.91,699736.58,462754.17,64375.47,46545.85
Scenario 1,1348,5,Market Euphoria,148,TRADING,150234.89,2344931.26,159828.73,278187.17,503638.91,447946.08,345799.70,485532.50,753051.30,919238.09,455618.95,307319.61,1560489.47,20420.96,459173.63,43284.19,270777.30,485606.35,199514.36,51611.60,130615.18,487507.99,358441.02,383615.22,102277.34,110073.15,138665.84,212115.68,109469.34,160695.48,123842.80,198592.54,153799.29,88725.54,154597.73,195279.31,113755.17,1416226.81,19235.40,15259.13,126413.56,231490.07,137.68,1304583.43,3750167.41,32593.75,701521.94,463031.32,64581.55,46368.95
Scenario 1,1349,5,Market Euphoria,149,TRADING,150254.73,2344934.97,159587.00,278726.89,504193.96,448073.80,346924.10,483821.33,751863.16,918548.31,455635.19,306971.09,1563197.48,20434.33,459433.57,43317.92,268528.06,484681.23,199770.59,51615.13,130810.12,489061.39,357100.42,383541.58,102078.67,109914.99,138743.98,212254.15,109464.60,160832.84,123762.40,198019.78,153653.78,88646.22,155180.66,194561.54,113582.56,1418415.39,19231.76,15306.39,126164.64,232089.34,138.22,1311357.42,3750562.20,32601.14,701781.88,461914.98,64553.93,46247.73
Scenario 1,1350,5,Market Euphoria,150,TRADING,149912.55,2353069.21,159842.69,279069.43,503435.02,448069.08,346950.47,482439.43,752230.71,917149.43,456003.14,308030.39,1566762.83,20441.25,460252.99,43322.85,267106.69,486094.12,199946.79,51645.89,131295.06,489589.63,355279.62,383522.67,101695.24,109878.06,138488.09,212185.59,109195.06,160703.11,123859.77,198455.13,153468.95,88854.64,155691.90,193549.60,113473.09,1418127.30,19240.90,15334.83,126189.12,232813.39,137.10,1316807.94,3746612.37,32630.79,701013.92,462778.45,64353.30,46226.64
Scenario 1,1351,5,Market Euphoria,151,TRADING,148823.24,2183164.87,160346.55,269473.71,502713.06,449048.81,337816.93,525951.25,743516.46,908995.39,450212.81,299940.30,1597507.98,20212.98,454530.23,42565.28,299638.81,481949.96,204060.79,47632.15,129720.44,471354.62,354892.02,380042.38,96229.60,111080.20,139402.41,207540.43,109219.42,162397.11,122941.75,186920.85,150731.90,89295.89,156596.68,184339.14,111338.54,1456525.44,19690.40,15466.71,125258.06,224154.31,147.57,1272286.89,3849008.49,31833.92,702840.07,459714.96,63452.87,48749.55
Scenario 1,1352,5,Market Euphoria,152,TRADING,149303.37,2187351.77,160899.01,268889.68,502279.36,448425.74,339539.23,525933.92,741488.61,912180.38,450249.18,299910.19,1604020.14,20186.91,453830.31,42505.10,297241.55,481182.52,203587.67,47719.16,129681.08,470719.18,354579.06,380221.47,95263.19,111131.68,139316.04,207520.27,109174.40,163080.16,122892.97,186565.37,150629.13,89459.81,157838.99,187343.78,111258.28,1457263.15,19708.19,15460.12,124625.09,225009.51,146.47,1283956.09,3836742.71,31847.80,701758.59,460187.53,63261.79,48940.82
Scenario 1,1353,5,Market Euphoria,153,TRADING,149279.98,2192755.39,160908.57,269646.02,502764.94,448383.03,340031.72,525870.40,742358.28,910281.79,451100.27,299422.12,1607551.71,20189.93,453226.74,42481.41,295938.10,481856.13,203679.66,47688.99,129029.78,472792.92,354369.26,379813.03,94818.08,111096.36,139356.03,207354.30,109190.51,162643.77,122841.02,186439.54,150802.74,89404.74,158335.78,186785.07,111360.88,1457954.47,19677.83,15441.05,124453.17,225466.79,146.16,1289349.86,3834179.06,31876.45,702255.81,461195.43,63499.19,49196.30
Scenario 1,1354,5,Market Euphoria,154,TRADING,149240.07,2185235.19,160554.24,269533.73,503291.04,448137.40,339800.27,525142.74,742635.53,913876.89,450752.93,299770.41,1607967.97,20177.92,453955.85,42443.22,295781.15,481982.39,203657.02,47721.66,128949.86,473081.66,353259.34,379169.80,94335.06,111110.44,139851.56,207538.15,109341.65,162585.86,122816.18,187124.32,150895.03,89196.89,158852.11,187004.51,111440.41,1457596.87,19697.59,15335.26,124322.24,225764.91,145.78,1293606.53,3847332.22,31859.27,703103.01,461958.73,63565.49,49377.07
Scenario 1,1355,5,Market Euphoria,155,TRADING,149050.74,2183088.97,160368.85,269087.01,503320.31,448468.10,339477.42,526258.45,743600.96,915879.81,450781.07,299401.27,1611546.78,20192.80,454613.01,42449.71,296126.02,481302.62,203574.23,47720.17,128857.54,472767.25,353639.00,379303.52,93741.60,110916.68,140147.68,207492.44,109334.62,162879.53,122902.84,186744.62,150908.85,89351.95,159383.98,187242.47,111431.89,1458987.41,19731.06,15363.05,124108.28,225489.14,145.26,1299345.47,3859706.01,31855.10,703093.81,462152.96,63649.92,49401.77
Scenario 1,1356,5,Market Euphoria,156,TRADING,149152.61,2187291.54,160340.03,268606.37,502668.84,448411.51,340378.24,526749.42,742675.62,916521.66,449869.93,299606.54,1614489.44,20210.16,455962.87,42430.67,295471.59,481982.94,203847.50,47719.18,129403.09,472678.93,353869.44,379674.15,93181.02,110711.41,140390.46,207583.33,109363.18,163026.63,122924.58,186732.18,151300.26,89467.08,159866.11,187748.29,111375.11,1459645.88,19723.32,15310.05,124055.16,225853.51,145.41,1298897.34,3860361.23,31881.60,704558.28,462395.90,63732.37,49362.68
Scenario 1,1357,5,Market Euphoria,157,TRADING,149203.74,2183148.83,160350.08,268768.64,502705.61,447835.28,340610.50,528367.90,742037.61,916769.12,449711.21,299134.37,1616770.89,20206.11,456109.94,42472.33,295200.41,482730.87,204114.13,47771.75,129137.13,474191.87,353476.57,379878.22,92985.32,110578.93,140597.87,207764.48,109251.66,162885.47,122867.32,186895.34,151379.27,89350.44,160142.27,188612.25,111506.72,1462091.17,19738.28,15335.22,124293.73,226354.56,145.88,1300571.52,3862115.50,31861.07,704881.66,463310.90,64008.04,49501.48
Scenario 1,1358,5,Market Euphoria,158,TRADING,149288.90,2183504.09,160136.89,269241.03,502767.12,447706.63,341036.62,528108.34,741661.94,917688.40,450002.92,299121.89,1619890.77,20190.09,455091.00,42491.72,295039.01,482320.89,204002.30,47776.37,129460.44,473755.27,352260.36,380055.12,92668.10,110694.93,140657.41,207447.56,109275.01,162357.49,122937.59,187041.20,151286.65,89355.97,160331.29,189713.07,111441.25,1459936.85,19725.64,15345.25,124790.21,226247.36,145.52,1299498.18,3868611.15,31832.92,704664.47,463495.92,64143.88,49363.51
Scenario 1,1359,5,Market Euphoria,159,TRADING,149396.62,2206170.43,160198.01,269948.73,502011.06,447973.12,339849.05,528692.39,743100.62,920276.64,449302.38,300026.95,1622930.44,20209.46,453582.35,42497.90,296341.44,481345.81,204175.00,47724.91,129291.22,474681.88,351523.10,380186.67,92550.46,110644.70,140273.12,207652.57,109182.31,162948.31,122900.94,187004.50,150987.51,89174.57,160435.70,189457.89,111468.94,1460425.39,19715.68,15374.86,124580.68,226169.82,145.63,1295888.32,3876979.78,31857.46,705068.37,461982.45,64038.07,49294.44
Scenario 1,1360,5,Market Euphoria,160,TRADING,149350.68,2205709.68,159783.11,270057.50,502162.94,447983.02,340002.77,528446.96,743390.23,922004.13,449377.98,299898.47,1623220.84,20225.91,452587.66,42503.14,297303.65,480945.44,204424.15,47680.17,129194.24,473592.02,350583.00,380192.92,92442.30,110330.69,141020.20,207683.85,109110.31,162559.72,122794.93,186898.57,150758.41,89263.38,160328.29,189527.20,111504.62,1458867.63,19705.13,15401.87,124506.71,226256.42,145.36,1291918.04,3885802.61,31860.76,704790.09,462305.16,64095.64,49161.39
Scenario 1,1361,5,Market Euphoria,161,TRADING,149210.47,2211184.28,159973.92,270664.63,502154.27,447897.20,340641.38,529174.13,743392.43,925256.18,448930.18,300798.95,1626177.11,20228.00,451955.49,42448.76,298568.88,480955.41,204961.27,47689.79,129707.16,470977.40,349434.28,380049.57,92243.87,110393.48,140211.40,207741.66,109308.62,163015.28,122718.61,187523.98,150763.48,89291.11,160218.01,189813.51,111515.81,1458541.73,19667.86,15350.32,124240.98,226469.67,145.19,1285612.48,3888857.61,31860.91,705862.09,462179.94,63922.85,49151.79
Scenario 1,1362,5,Market Euphoria,162,TRADING,149201.76,2217299.73,160540.58,270508.21,501069.89,447245.31,340989.32,530906.49,743942.83,926065.77,449055.89,300901.77,1628562.11,20203.05,451842.31,42438.39,299652.30,481322.10,204620.87,47673.38,129447.45,470982.22,349994.93,380036.88,92188.07,110444.81,140099.01,207627.22,109205.04,162807.86,122716.89,187568.69,150604.09,89547.57,160201.01,189906.07,111571.62,1458800.02,19651.38,15312.75,124584.41,226151.75,144.95,1281026.44,3883997.48,31865.75,705462.12,462266.66,64080.07,49203.14
Scenario 1,1363,5,Market Euphoria,163,TRADING,149250.50,2221463.74,160479.30,270517.65,499880.11,447293.38,340446.47,530756.94,744345.67,925899.18,448543.64,301018.07,1629143.92,20203.45,451568.61,42484.64,301365.29,482287.27,204632.92,47644.75,129597.70,470385.75,349449.56,379735.07,92226.41,110428.30,139909.09,207445.28,109262.33,163258.54,122835.79,187544.90,150807.48,89590.94,160165.94,190497.22,111460.16,1459494.95,19659.65,15300.68,124433.63,225588.87,145.51,1276192.40,3886901.93,31862.86,705948.69,462792.03,64121.48,49269.80
Scenario 1,1364,5,Market Euphoria,164,TRADING,149468.42,2217162.60,160294.18,270453.63,499401.12,447965.46,340609.18,531503.78,745935.89,926710.60,448794.33,300099.03,1633398.95,20202.21,452220.27,42487.40,304394.10,482619.24,204571.26,47600.40,129557.76,470793.90,350002.54,380669.51,92295.91,110527.34,139751.49,207435.27,109170.58,162631.40,122822.63,187012.13,150552.45,89502.49,159927.80,190571.37,111445.47,1459667.38,19611.78,15293.27,124059.74,224973.56,145.68,1273276.59,3874105.36,31874.22,706109.28,462066.76,63806.05,49212.05
Scenario 1,1365,5,Market Euphoria,165,TRADING,149650.28,2215357.95,160575.29,271057.90,499163.32,447827.96,339471.36,531108.76,746146.20,927651.00,448393.88,300124.84,1639228.36,20217.74,452661.70,42519.15,306385.59,482032.77,204187.27,47564.00,130098.03,469967.23,350184.55,380873.69,92383.89,110466.48,139843.30,207504.76,109310.68,162958.39,122837.32,186665.26,150613.96,89498.55,159831.60,191212.96,111472.96,1462883.36,19595.90,15274.10,123647.66,224365.07,146.06,1269463.81,3878993.80,31854.73,705315.09,461877.45,64089.30,49361.12
Scenario 1,1366,5,Market Euphoria,166,TRADING,149673.67,2213850.17,160685.65,270923.91,499537.26,447168.78,339628.98,531280.60,746724.70,928923.60,448927.03,300992.61,1643088.37,20232.84,453423.55,42520.85,308847.89,480921.57,204582.78,47410.93,129554.32,470841.84,348997.50,381578.22,92521.07,110370.70,139466.17,207481.44,109157.51,163272.35,122745.13,186186.65,150806.62,89517.21,159540.38,191464.93,111377.56,1464760.11,19600.47,15306.32,123322.69,223584.38,146.62,1264641.32,3892684.91,31855.04,704760.95,461146.00,64194.66,49271.02
Scenario 1,1367,5,Market Euphoria,167,TRADING,149626.48,2226760.38,160521.75,271309.85,499988.07,446744.64,338378.12,530679.27,747015.04,929284.05,448177.38,299980.16,1643245.59,20231.95,453081.74,42512.86,310830.29,481484.34,204374.32,47366.84,129522.90,472584.43,348108.22,381458.63,92666.40,110376.40,139893.47,207633.62,109454.87,163080.65,122899.41,187461.45,150975.28,89579.48,159420.75,191140.38,111372.30,1466019.45,19587.77,15264.02,123168.18,222915.83,146.16,1261277.29,3891322.28,31871.65,704892.47,460828.59,64367.77,49349.09
Scenario 1,1368,5,Market Euphoria,168,TRADING,150034.53,2235612.60,160394.99,271330.14,500478.63,445913.17,337999.46,530291.08,746835.85,928164.85,448724.20,299790.79,1647244.09,20222.75,452778.22,42520.99,313262.68,480871.87,204437.88,47296.10,128950.01,471797.73,347457.43,381224.33,92662.98,110468.88,140348.73,207673.00,109393.16,162766.79,122829.72,187594.30,150892.46,89671.37,159224.24,192018.76,111414.27,1463782.70,19593.33,15299.12,123369.52,222590.86,146.59,1257146.24,3897026.34,31852.37,705330.79,460302.30,64250.70,49332.43
Scenario 1,1369,5,Market Euphoria,169,TRADING,150193.96,2237352.55,160184.03,272328.98,501412.23,444629.63,337653.21,529832.10,745538.91,928445.98,449191.65,299046.85,1645228.44,20223.19,452381.87,42558.55,316314.20,481736.09,203757.12,47262.46,129008.91,472462.93,348016.46,381994.54,92645.16,110615.72,140565.66,207886.67,109159.40,162759.89,122894.29,188183.75,150630.32,89760.63,159122.74,192810.05,111324.14,1463901.04,19602.36,15266.19,123078.22,221590.52,147.01,1256395.93,3905089.07,31853.93,705007.06,459880.86,64335.83,49421.96
Scenario 1,1370,5,Market Euphoria,170,TRADING,150357.87,2242260.40,160413.34,272804.70,500930.14,443035.04,338633.11,529761.90,745825.96,931219.53,449518.64,299627.58,1644311.21,20213.46,452309.54,42544.49,318724.75,481737.69,203326.90,47243.45,129162.83,473110.21,347516.67,382526.34,92532.86,110576.61,141104.79,208062.95,109533.93,162477.05,122981.79,188204.69,150465.74,89894.63,158753.31,192666.18,111322.77,1465322.20,19635.27,15254.36,122704.87,220969.29,146.78,1252726.69,3916667.65,31835.71,705055.98,459994.88,64414.49,49464.48
Scenario 1,1371,5,Market Euphoria,171,TRADING,150582.32,2244160.96,160636.77,272675.81,501385.44,442123.81,337825.26,528924.33,746460.55,925749.07,449575.48,299041.92,1648119.76,20228.90,452364.47,42573.69,321186.03,481347.30,203544.85,47272.04,129218.32,473609.20,347631.18,383060.25,92523.61,110567.15,140410.51,207962.62,109643.35,162505.15,122921.02,188693.31,150445.35,89934.63,158507.90,193394.64,111213.51,1467426.26,19619.63,15221.03,122544.76,220639.07,146.76,1252062.42,3920377.53,31860.68,705217.95,460639.35,64415.86,49447.25
Scenario 1,1372,5,Market Euphoria,172,TRADING,150192.92,2250513.17,160895.18,273004.34,501407.41,440834.30,337145.34,528662.31,744755.89,925683.06,449726.63,298739.26,1649377.96,20219.00,452934.66,42549.74,323318.34,480718.40,203686.90,47247.87,129449.48,472541.27,346961.72,382953.44,92396.55,110442.38,140319.07,207872.21,109478.55,162023.36,123026.62,189722.26,150306.74,90217.53,158390.00,193017.26,111144.48,1468527.15,19624.85,15193.98,122940.97,219779.03,146.14,1251944.49,3928177.28,31855.19,704912.72,460574.48,64527.17,49529.23
Scenario 1,1373,5,Market Euphoria,173,TRADING,150255.64,2253896.93,160788.23,273216.79,501786.75,439587.48,336015.63,530033.14,743461.10,928077.71,450252.57,298059.70,1652124.52,20201.29,453925.75,42466.94,326290.78,481210.83,203354.75,47220.44,129670.30,473837.26,346719.22,383020.75,92195.92,110500.83,140069.57,207813.47,109505.09,161868.52,123155.27,190417.77,150037.48,90153.41,157995.89,193716.21,111173.49,1467126.87,19636.14,15243.41,122869.36,219543.26,146.22,1250562.40,3930300.29,31830.41,704395.26,459830.25,64793.56,49183.70
Scenario 1,1374,5,Market Euphoria,174,TRADING,150213.65,2262668.75,161117.36,274030.74,502612.79,438003.90,335950.04,528925.72,744584.74,927076.31,449231.50,298889.65,1654912.06,20192.66,453662.04,42426.87,328814.42,480742.42,203354.72,47194.37,129842.48,475337.43,346442.79,383307.56,91987.80,110679.98,140071.24,208042.25,109476.47,161782.40,123199.41,190361.08,149977.53,90254.63,157829.04,194349.91,111145.00,1467142.36,19642.24,15280.76,123280.99,219671.06,146.17,1249537.86,3926566.12,31823.65,704964.35,459811.37,64768.88,49139.17
Scenario 1,1375,5,Market Euphoria,175,TRADING,149992.54,2261496.79,161454.62,274756.74,502759.58,436327.40,336264.06,529518.28,744426.90,927696.81,449696.02,298641.57,1661808.01,20193.41,455785.43,42380.70,332049.58,479467.80,203128.59,47211.83,129970.72,474960.95,347323.83,383065.64,91914.80,110715.98,139802.51,207912.07,109273.83,161836.82,123229.67,190934.76,149848.07,90240.22,157351.85,195021.76,111183.26,1468547.37,19615.74,15247.20,123738.65,219603.03,146.98,1248988.94,3937904.97,31823.64,703845.31,459436.73,64940.48,49233.57
Scenario 1,1376,5,Market Euphoria,176,TRADING,149984.19,2268939.67,161723.43,274947.63,503128.31,435369.21,336853.98,530704.20,744465.57,933416.66,449896.30,298669.29,1665380.03,20169.78,457276.74,42359.68,333557.68,480035.95,203551.50,47229.09,130467.32,473796.20,348446.52,383795.22,91735.05,110737.63,140143.46,208055.04,109379.44,161945.89,123123.03,191148.51,149765.56,90137.65,157137.26,194880.78,111209.12,1469087.80,19602.48,15227.74,124776.64,219488.10,147.34,1247995.48,3926937.20,31840.66,703524.99,458070.80,65152.89,49240.23
Scenario 1,1377,5,Market Euphoria,177,TRADING,149967.73,2265680.74,161768.25,274629.40,502643.71,434843.43,337666.61,532336.82,746498.71,934243.25,450231.39,298357.52,1670207.66,20167.73,458069.66,42377.26,335721.16,478923.59,204273.27,47198.73,130466.62,472633.43,348915.31,383676.60,91630.45,110571.13,139697.16,207575.83,109479.31,162179.66,123210.90,191372.88,149911.42,90127.01,156762.46,194043.51,111333.53,1468179.26,19643.74,15242.15,125571.22,218868.26,147.74,1249406.64,3923401.70,31819.51,702857.50,458299.78,65407.99,49081.48
Scenario 1,1378,5,Market Euphoria,178,TRADING,150156.86,2262396.13,161995.46,274840.55,502831.33,434304.87,338228.69,534418.63,746939.66,933399.80,449988.72,298871.64,1675376.89,20147.16,458529.11,42356.08,337259.65,479657.42,204530.89,47146.11,130938.73,472653.85,347671.94,383657.35,91430.60,110961.47,139757.79,207708.23,109648.56,161666.09,123289.79,191981.05,149808.10,89918.32,156351.66,195331.20,111346.92,1468440.33,19674.81,15275.24,126047.02,218425.63,146.91,1249575.50,3919371.15,31838.96,703710.02,458232.28,65676.88,49047.40
Scenario 1,1379,5,Market Euphoria,179,TRADING,150052.38,2266634.54,162212.07,274679.28,502534.10,434684.35,339306.61,536172.48,747697.28,928578.96,449591.02,298762.63,1677381.14,20145.58,457971.76,42385.45,339209.93,479948.86,204679.11,47134.43,131197.26,471784.87,348179.34,383076.66,91250.23,111242.92,139636.02,207552.16,109794.96,161574.65,123478.10,192283.99,149646.74,89973.41,156107.72,195658.69,111372.60,1467232.53,19741.00,15270.69,126378.05,217451.79,147.03,1247628.46,3920552.29,31837.29,703488.81,457075.61,65790.86,48952.06
Scenario 1,1380,5,Market Euphoria,180,TRADING,150327.13,2279837.84,161954.59,274241.70,501718.14,435052.96,340121.94,537270.42,747949.10,928653.57,449736.80,298843.99,1680012.82,20139.20,457468.14,42361.32,340950.22,479775.74,204612.67,47114.89,130354.45,471561.72,348495.56,383015.81,91170.45,111408.45,138803.52,207654.55,109813.06,161547.29,123532.98,192520.78,149816.06,89901.27,155824.58,195436.17,111216.47,1466076.47,19810.85,15260.10,127201.98,217715.44,146.91,1248767.49,3916330.72,31844.67,703496.68,457507.88,65424.59,48730.87
Scenario 1,1381,5,Market Euphoria,181,TRADING,150600.97,2285326.76,162178.97,274479.93,501158.77,435820.70,340208.42,539045.71,748249.57,928383.83,448908.28,299172.33,1680715.25,20150.10,458645.37,42387.16,341640.33,479033.59,204815.72,47058.26,129764.82,469830.33,348608.38,383080.67,91029.89,111506.02,138557.96,207487.19,109819.22,161609.60,123742.59,192529.43,149994.03,89668.93,155519.60,196268.45,111203.03,1467075.31,19830.53,15262.42,127316.31,217644.58,146.99,1246294.85,3913830.95,31832.60,702652.51,456866.15,65750.72,48623.40
Scenario 1,1382,5,Market Euphoria,182,TRADING,150746.38,2291677.20,161609.77,274166.33,500847.67,436139.76,340732.63,541280.94,748096.04,924111.28,449192.39,298296.66,1683819.07,20157.22,458526.74,42405.74,343007.31,479085.41,204464.31,47023.77,130204.87,469156.62,348837.27,382948.69,90964.10,111668.06,138342.69,207315.34,109840.36,161711.22,123780.43,192722.81,150090.43,89791.14,155339.74,196257.46,111254.62,1466104.99,19889.53,15248.88,126530.58,217137.49,146.48,1243566.18,3907762.74,31848.78,702501.72,457408.64,65860.86,48687.52
Scenario 1,1383,5,Market Euphoria,183,TRADING,150661.89,2299674.54,161913.45,274265.81,500992.02,437983.98,341500.31,543505.32,748464.93,919648.35,448881.57,298438.63,1687083.62,20174.15,459304.84,42361.76,343550.03,479928.42,204822.77,47010.65,129897.64,466791.39,349219.18,382845.54,90880.80,111823.52,138261.63,207381.12,109856.21,161396.13,123662.09,193229.93,150283.73,89729.91,155092.80,196183.81,111354.43,1464908.49,19946.38,15321.46,126429.53,216848.70,146.26,1245990.62,3911325.61,31868.31,701800.86,457207.47,65771.93,48707.52
Scenario 1,1384,5,Market Euphoria,184,TRADING,150503.39,2299267.92,162284.45,273487.87,500412.96,439034.27,341199.17,544865.97,748023.68,918175.26,449217.50,298305.27,1689383.96,20169.93,458838.49,42377.37,344922.89,479721.01,204683.65,46939.43,129980.08,466615.19,349593.94,383066.06,90868.45,111930.45,138437.88,207785.69,109985.37,161709.25,123749.31,193740.20,150531.59,89614.49,154961.94,196705.77,111282.97,1464847.05,20011.06,15276.74,126603.47,216888.55,146.53,1248563.77,3923095.98,31828.45,700865.54,457386.71,66096.09,48711.68
Scenario 1,1385,5,Market Euphoria,185,TRADING,150505.19,2299325.72,162047.90,273135.54,500723.88,440136.34,341608.61,546253.14,747333.17,918642.50,448977.08,297523.31,1691973.06,20160.78,458851.40,42326.19,346050.98,479500.20,204378.86,46900.63,130177.07,465901.70,349711.84,383238.14,90887.64,112179.19,138989.73,207850.35,110249.21,161825.65,123802.66,193254.55,150659.51,89686.00,154950.15,196149.08,111320.29,1466622.06,20062.07,15263.32,126496.84,216934.92,146.72,1248397.81,3936329.42,31856.11,700581.83,456813.92,66295.96,48812.52
Scenario 1,1386,5,Market Euphoria,186,TRADING,150324.74,2300921.38,162099.12,272773.59,500499.34,440431.04,343119.75,547775.30,746876.60,918968.71,449901.13,297298.32,1690850.17,20132.34,458292.32,42330.88,347000.13,478649.40,204857.60,46821.75,130451.66,464455.43,349794.64,383391.88,90941.05,112334.70,138958.31,207932.33,110201.97,161838.68,123882.57,193486.99,150695.40,89593.16,154950.90,196098.26,111325.77,1466630.31,20086.11,15243.50,125969.46,216827.35,145.92,1248833.41,3930153.73,31873.01,700007.04,457273.98,66496.13,48936.23
Scenario 1,1387,5,Market Euphoria,187,TRADING,150435.62,2294686.88,161879.36,272058.06,500917.15,442013.02,342523.78,548273.78,746048.24,916699.82,450225.92,297350.10,1692302.81,20121.87,459361.58,42321.00,347218.64,477562.60,205090.01,46816.84,129848.02,463115.53,349733.17,383270.93,90996.54,112507.10,139438.28,207916.62,110492.07,161766.77,123804.07,193180.87,150388.78,89819.10,154745.71,198997.90,111311.72,1466295.22,20105.82,15256.78,125147.93,216973.71,146.53,1249037.88,3929536.89,31868.06,701066.03,457380.32,66761.58,48791.28
Scenario 1,1388,5,Market Euphoria,188,TRADING,150233.67,2301914.80,162391.73,271666.79,501128.78,443060.39,344615.15,550515.34,745515.29,913433.45,450974.44,296828.83,1693772.57,20122.79,461057.08,42364.85,347476.33,476471.50,204812.95,46775.89,129906.97,462417.85,349003.07,383525.46,90913.58,112663.08,139064.52,207684.43,110441.71,161560.20,123716.89,193075.98,150464.47,89571.94,154492.08,198550.28,111215.58,1465819.30,20057.03,15197.86,124754.22,216608.59,146.72,1249564.30,3933147.63,31850.03,700285.71,456342.25,66783.67,49043.68
Scenario 1,1389,5,Market Euphoria,189,TRADING,150522.61,2303387.69,162290.32,271142.05,500832.96,443722.74,345032.47,550935.75,745126.12,911416.02,450979.15,296600.09,1693434.58,20125.07,463546.51,42361.82,346975.28,475685.38,204838.90,46726.18,129801.52,461888.38,349951.56,383698.70,90806.73,112925.15,139066.10,207841.60,110579.27,161245.07,123683.17,192659.59,150350.28,89344.32,154283.02,198511.87,111217.25,1464202.82,20017.83,15211.75,123870.39,216906.56,146.94,1251781.92,3925211.87,31878.85,701072.87,456948.01,66727.39,49081.98
Scenario 1,1390,5,Market Euphoria,190,TRADING,150804.02,2307443.86,161959.78,270592.53,501476.56,445185.05,345273.04,550849.00,746148.58,908247.81,450559.67,296257.03,1693405.31,20137.04,465205.56,42351.70,346635.81,473054.82,205293.70,46707.00,129807.26,461165.06,351218.69,383459.60,90797.01,113050.34,139015.38,207873.96,110674.30,161746.38,123854.07,193264.89,150220.16,89460.31,154066.82,197690.78,111306.61,1462128.48,19978.00,15159.94,123608.12,216906.10,147.69,1251785.05,3931237.60,31875.25,700487.02,457856.45,66578.30,49168.18
Scenario 1,1391,5,Market Euphoria,191,TRADING,150965.79,2311821.30,162068.80,270034.49,501212.28,446235.70,347749.52,549149.55,745501.15,909082.01,450890.89,295829.45,1691815.27,20150.03,466532.18,42386.73,346030.56,472899.74,205258.95,46675.08,129470.38,460160.51,351667.18,383887.05,90792.61,113258.04,138894.92,207991.77,110546.87,161608.43,123660.07,194238.90,150188.81,89405.59,153772.64,197903.50,111375.39,1463783.90,19910.76,15166.07,123114.97,216230.25,148.33,1250389.51,3932565.00,31890.98,700037.01,458365.87,66760.19,48999.65
Scenario 1,1392,5,Market Euphoria,192,TRADING,151001.36,2310656.75,162337.32,269929.48,501879.23,446495.19,348006.05,549650.04,745577.71,906590.18,451073.15,295637.93,1692374.73,20176.32,467273.69,42342.88,345549.62,472246.41,204549.31,46626.82,129348.09,460373.06,352739.08,383982.31,90878.06,113449.83,139152.66,207807.53,110511.25,161663.56,123650.76,194572.24,150016.37,89305.58,153787.18,198956.49,111412.44,1463184.61,19881.02,15171.03,123198.55,215899.02,148.52,1250605.26,3920979.28,31872.61,700162.92,458127.84,66914.50,49036.38
Scenario 1,1393,5,Market Euphoria,193,TRADING,151029.68,2326858.62,162003.37,269804.54,500559.84,446546.18,349379.52,550725.98,746517.24,909326.92,451189.02,295242.32,1689605.39,20172.70,469518.34,42328.40,344646.13,472513.70,204491.39,46570.35,129522.06,459400.43,352589.73,384148.98,90872.16,113737.60,138883.99,207867.75,110754.08,161537.00,123484.02,195122.75,150219.85,89284.13,153631.58,198903.30,111346.19,1463943.85,19800.99,15162.45,122904.92,216263.44,148.08,1250786.08,3925217.92,31860.36,700158.97,458916.67,66985.77,48991.38
Scenario 1,1394,5,Market Euphoria,194,TRADING,151040.31,2335290.40,162350.19,269794.12,501137.81,446662.42,350852.49,549923.35,746465.10,904077.82,450288.38,294881.09,1691872.63,20182.79,469697.69,42298.07,343315.48,473193.60,204789.88,46526.12,130262.92,459453.80,351290.73,384143.31,90871.77,113824.57,139605.19,207876.65,110759.85,161636.04,123510.55,195607.93,149931.44,89068.84,153786.74,198634.92,111515.11,1463620.26,19742.53,15138.63,122830.32,216003.13,148.72,1251431.95,3932935.49,31848.20,700883.73,459202.36,67052.57,48931.15
Scenario 1,1395,5,Market Euphoria,195,TRADING,150965.70,2332691.52,161665.51,269058.09,501970.13,446615.12,351832.03,548818.90,747462.10,904471.79,450327.31,295669.42,1694972.56,20191.51,469130.67,42284.18,342094.90,472784.06,205010.72,46529.76,130013.96,459258.12,352069.33,384202.34,91035.83,113831.12,139943.96,208104.30,110649.25,161632.16,123605.39,195617.90,150043.19,89336.17,153808.66,198063.73,111466.00,1463897.70,19683.06,15158.95,122559.75,216015.90,149.83,1250163.02,3931812.71,31870.20,701157.63,459324.32,67087.74,48955.81
Scenario 1,1396,5,Market Euphoria,196,TRADING,151020.98,2345577.32,161363.28,269440.69,501595.52,446749.11,352714.79,549291.64,747282.54,906926.63,450206.56,295590.43,1696050.49,20176.20,469908.42,42282.04,341753.98,473363.04,205149.70,46488.56,130306.25,457786.30,350189.48,384051.69,91036.59,113649.86,139637.53,208149.16,110696.78,162067.12,123545.79,195537.11,150063.13,89213.33,153835.43,197966.00,111556.76,1464122.44,19652.56,15160.57,122971.23,215811.95,149.27,1250194.60,3935040.42,31871.00,700653.13,459629.15,67082.80,49149.64
Scenario 1,1397,5,Market Euphoria,197,TRADING,151104.84,2347523.74,161325.54,269190.33,501466.37,446462.99,353278.58,548130.03,748439.04,908165.24,450080.04,296203.90,1698738.77,20173.04,470250.11,42304.82,339787.78,473637.35,205317.75,46484.11,130621.94,459247.52,349419.52,384677.84,91152.46,113906.30,139869.27,207956.83,110737.97,162210.01,123636.80,196405.84,150003.36,89394.72,154020.69,197368.07,111430.11,1464138.43,19612.05,15180.54,122921.37,216062.30,149.51,1254467.47,3936391.98,31880.11,700293.76,458793.39,67071.67,49166.52
Scenario 1,1398,5,Market Euphoria,198,TRADING,151152.69,2360392.97,161034.88,268679.32,500374.75,446579.52,354620.58,546859.58,748723.91,908532.07,449932.65,296216.16,1699409.99,20163.61,470020.33,42276.11,338540.84,473430.41,205588.23,46434.55,130600.26,458133.44,348751.82,385227.67,91164.86,113812.27,140485.71,207881.20,110853.35,161997.78,123465.30,195878.63,150059.89,89464.54,153783.03,198470.78,111445.63,1462637.80,19558.19,15151.95,122765.39,216478.69,149.68,1254293.02,3934732.49,31853.63,699818.08,459287.64,67138.91,49176.47
Scenario 1,1399,5,Market Euphoria,199,TRADING,151273.55,2366141.08,160375.61,268454.49,501305.46,446859.40,354749.89,545582.65,748040.02,905980.23,450079.57,295915.76,1699105.20,20151.82,469909.26,42274.70,335924.29,471730.59,205412.37,46305.24,130289.27,457977.05,349447.77,385587.13,91137.42,113840.57,140369.75,207863.04,110838.37,161836.10,123410.62,195666.31,150056.94,89535.04,153976.08,199117.30,111406.85,1462173.45,19545.37,15202.87,122775.68,216621.84,149.45,1254516.64,3929437.96,31850.46,698680.59,459152.02,67181.61,49230.52
Scenario 1,1400,5,Market Euphoria,200,TRADING,151298.53,2365812.56,160071.40,267869.32,501283.14,446243.02,354387.84,544560.48,749502.00,903303.21,450614.43,295396.69,1700744.19,20165.27,470258.97,42275.05,333814.31,471730.38,205344.32,46262.32,130451.50,456215.26,349036.80,386084.90,91100.79,113778.45,139452.31,207909.89,110856.08,161478.96,123445.67,196928.29,150103.86,89476.78,153984.72,200001.83,111265.35,1465665.49,19530.40,15255.00,122397.42,217046.35,149.45,1253618.37,3917759.65,31842.42,698110.59,459488.64,67359.34,49216.15
Scenario 1,1401,5,Market Euphoria,201,TRADING,151667.39,2366108.03,159941.90,268138.57,500511.70,445889.54,355493.85,542253.90,750270.65,901385.53,449915.08,295885.92,1700627.91,20188.58,467906.01,42259.87,331187.17,471357.87,205266.72,46180.42,130488.26,455085.08,349401.72,386950.88,91187.87,113674.53,139976.46,207983.24,110816.83,161965.01,123596.23,196634.31,150048.42,89506.69,153760.86,200534.68,111204.70,1465648.69,19521.15,15253.23,122398.82,216891.55,149.90,1249821.56,3922292.34,31852.89,697261.04,459897.87,67273.39,49173.06
Scenario 1,1402,5,Market Euphoria,202,TRADING,151709.07,2358058.71,159840.97,267879.72,499932.56,445632.33,354643.97,541270.95,751143.94,898553.84,450104.25,294815.39,1700658.41,20168.46,467147.82,42331.02,328806.63,471253.58,205173.84,46192.83,131006.47,454570.66,349220.28,387021.58,91288.34,113897.49,139902.53,207814.86,110750.95,162207.13,123620.80,196786.83,149979.70,89586.68,153647.18,200779.85,111099.15,1466382.34,19544.15,15248.76,122319.31,216527.45,150.44,1250860.82,3919133.47,31849.92,697509.01,460291.22,67396.33,49083.12
Scenario 1,1403,5,Market Euphoria,203,TRADING,151970.29,2369666.78,159779.22,267518.73,499887.41,445844.16,355589.20,541314.51,749456.79,900382.14,449596.34,292613.54,1703373.20,20192.16,466701.92,42305.47,326766.84,471434.12,205594.21,46077.08,131349.94,454306.39,348703.33,387869.13,91419.00,113620.02,140205.62,207803.81,110812.13,162148.08,123662.24,196571.03,150061.61,89457.18,153653.79,200041.76,111140.27,1467351.61,19523.52,15219.62,122227.86,216598.88,150.30,1252678.36,3928684.16,31843.55,697660.58,460458.05,67530.37,49038.13
Scenario 1,1404,5,Market Euphoria,204,TRADING,151830.07,2381898.31,159735.29,267205.01,499862.59,446003.01,355841.13,541446.94,751105.62,898777.08,449951.97,291452.43,1706590.75,20192.15,464869.00,42261.03,323992.85,472259.68,205749.18,46039.37,131100.40,454702.52,349268.05,388433.87,91406.84,113899.52,140013.46,208140.43,110868.90,161912.05,123620.58,197056.67,150124.24,89257.93,153507.44,200527.43,111202.70,1467522.71,19580.87,15229.87,122003.78,216835.23,150.07,1251443.44,3931397.80,31850.56,698281.45,460687.29,67453.85,49179.26
Scenario 1,1405,5,Market Euphoria,205,TRADING,152168.87,2380887.57,159915.15,266925.04,500509.04,445997.84,357484.41,543947.19,752708.34,900384.28,449257.39,291128.15,1704254.11,20203.22,463423.08,42312.99,322170.97,472853.96,206132.50,45994.39,130600.55,454718.12,349595.73,388701.47,91364.18,113865.06,140120.81,207874.62,111103.43,162190.54,123592.06,196237.56,150258.84,89256.23,153552.57,201358.78,111291.70,1469014.61,19618.53,15219.41,121878.75,217077.09,149.93,1249484.61,3940330.98,31883.29,698295.19,460985.22,67674.80,49089.45
Scenario 1,1406,5,Market Euphoria,206,TRADING,152422.63,2393059.57,159794.55,266608.60,500294.06,446001.47,358280.81,545822.94,752674.54,896964.54,449309.37,290599.33,1705430.12,20197.78,461532.61,42320.46,319818.47,473732.12,206538.30,45898.44,130837.20,455916.44,349352.69,388830.58,91302.66,113903.65,140011.30,207951.50,111072.83,162033.67,123634.07,196609.01,150124.11,89027.91,153556.95,202090.64,111249.44,1468087.25,19614.94,15215.76,122147.52,216855.73,150.55,1251258.45,3941911.51,31913.03,696898.37,460892.46,67684.12,49165.69
Scenario 1,1407,5,Market Euphoria,207,TRADING,152635.79,2388669.25,159968.96,266174.38,500383.52,446412.06,358540.21,548357.82,751042.18,897330.22,449500.35,290071.55,1702735.44,20184.12,461109.51,42267.43,317075.71,474134.44,206332.54,45860.51,130970.06,456172.31,348328.05,388651.32,91297.45,114017.58,139682.70,208191.45,111197.80,162178.88,123582.31,196472.31,150192.15,89082.51,153656.68,200977.45,111353.01,1466252.86,19609.45,15201.45,122031.46,217341.58,150.33,1250469.46,3936860.82,31900.46,696754.73,460135.03,67688.85,49278.83
Scenario 1,1408,5,Market Euphoria,208,TRADING,153276.81,2400963.12,159160.00,266179.48,499880.44,446784.03,358791.41,551022.94,752933.09,900308.20,450422.60,289623.77,1703354.96,20182.48,458733.76,42223.58,315129.24,474375.45,206643.86,45812.49,130598.05,455003.93,348872.51,389206.87,91291.97,114217.59,139244.24,208360.67,111022.15,162156.00,123358.97,196449.75,150187.87,89041.61,153309.02,201670.34,111303.47,1466498.66,19605.38,15209.16,122194.00,217141.50,150.40,1250409.29,3937092.67,31911.05,697430.29,460477.67,67980.52,49207.70
Scenario 1,1409,5,Market Euphoria,209,TRADING,153736.86,2402092.04,159641.22,265871.12,499983.82,447227.32,359407.72,554077.59,752482.76,902105.82,450787.13,289471.14,1705195.04,20161.64,456704.48,42263.88,313210.04,474503.67,207313.18,45755.72,130554.07,455235.17,347216.74,389446.29,91263.03,114383.09,139288.64,208526.06,111195.14,161453.32,123584.09,196573.75,150117.03,88859.76,153234.42,202045.06,111252.97,1464963.98,19615.98,15223.88,122473.68,216767.89,150.18,1252285.34,3941491.77,31932.12,697657.16,459814.74,67861.23,49000.61
Scenario 1,1410,5,Market Euphoria,210,TRADING,154042.66,2400400.20,159532.54,266197.86,500346.62,447439.48,360078.59,554718.00,753737.86,900932.41,450472.22,289320.31,1707700.29,20161.23,456956.80,42269.18,311510.70,475380.37,207189.26,45719.62,130361.15,454112.67,348098.40,389822.51,91456.62,114776.90,138911.48,208529.37,111098.07,161505.35,123524.07,196745.89,150338.85,89058.74,152983.03,202049.50,111201.90,1465499.07,19670.82,15184.00,122578.93,216778.47,150.41,1252793.13,3938729.58,31899.55,697727.70,460225.08,67732.89,49096.76
Scenario 1,1411,5,Market Euphoria,211,TRADING,154619.96,2404855.22,159720.77,266905.64,500253.04,446561.12,359401.29,557043.60,754638.45,901981.10,450333.67,289231.82,1710814.58,20161.99,455555.17,42297.69,309514.15,477383.64,207097.80,45677.83,129874.55,453705.51,346876.55,389681.89,91496.36,114723.12,138554.23,208528.49,111477.87,161026.04,123483.43,196282.22,150293.73,89169.50,153054.64,202765.78,111305.86,1465037.63,19683.36,15134.78,122253.76,216568.89,150.12,1250258.20,3940032.47,31898.26,698172.88,459565.40,67986.48,49048.89
Scenario 1,1412,5,Market Euphoria,212,TRADING,155534.64,2412141.65,159361.05,267108.30,499934.49,446906.20,361322.20,558959.69,754333.20,903870.40,450217.20,289013.20,1713178.05,20163.81,455105.50,42301.17,308843.08,477219.80,207075.72,45617.76,130324.69,454235.15,347376.01,389053.63,91602.48,114873.55,138259.62,208568.07,111562.63,160455.60,123351.85,195955.95,150303.65,89188.99,152925.50,202808.59,111282.80,1465498.48,19679.44,15122.83,122392.87,216965.15,150.73,1252348.43,3944215.13,31886.51,697963.96,460054.45,67800.47,49150.26
Scenario 1,1413,5,Market Euphoria,213,TRADING,155965.00,2413292.25,159454.71,267947.33,499701.72,447031.50,362146.89,560996.18,755486.74,900308.43,450695.35,288426.78,1716888.64,20133.02,454065.61,42264.74,307762.91,479168.33,207430.61,45553.95,130455.21,453851.66,346941.78,389826.07,91756.03,115173.69,137821.31,208918.42,111305.51,160132.29,123300.39,195951.20,150293.27,89162.88,153033.56,202768.11,111247.44,1464824.71,19679.07,15155.69,122515.69,216750.15,151.08,1251533.40,3936929.29,31930.00,699886.48,460576.60,67973.27,49082.68
Scenario 1,1414,5,Market Euphoria,214,TRADING,156270.90,2411653.23,159377.69,267856.94,500459.73,446949.04,362203.35,562321.52,754699.19,902237.99,451151.56,288631.92,1720325.31,20129.01,453575.27,42233.91,306131.07,480324.93,207553.72,45500.78,130890.17,452917.97,346036.71,390062.25,91795.99,115493.12,138303.86,208741.36,111044.01,159746.82,123186.26,195838.91,150287.92,89409.91,152944.25,202139.47,111321.75,1463938.75,19694.38,15132.17,122547.10,217307.65,151.68,1250720.24,3927506.56,31909.82,699166.78,459805.49,67887.92,49212.53
Scenario 1,1415,5,Market Euphoria,215,TRADING,156521.12,2404800.24,159518.84,268049.15,500154.92,447417.23,362520.92,563792.16,754721.02,906064.36,451418.97,287460.18,1725851.50,20147.96,453732.06,42249.34,305517.72,480936.29,207742.00,45453.89,130388.56,453690.28,345974.92,390465.10,91883.54,115847.78,138556.62,208919.31,110967.68,159928.55,123128.58,195990.15,150383.94,89525.59,152963.62,203382.37,111203.66,1464347.25,19689.77,15158.89,122528.89,217669.95,151.64,1252492.98,3927995.60,31912.30,699163.77,459754.99,68342.30,49081.73
Scenario 1,1416,5,Market Euphoria,216,TRADING,156528.94,2397110.51,159218.00,268288.52,500067.89,447634.06,363856.82,565468.72,756663.80,907452.67,451274.47,287539.68,1729474.68,20147.15,453065.49,42250.03,304491.64,483423.01,207540.54,45418.42,130418.64,453612.79,346719.07,389159.57,91955.84,115781.17,139108.45,208960.90,111085.10,159437.90,123178.78,196388.42,150621.64,89632.61,152929.49,204477.20,111157.14,1465184.10,19688.09,15194.69,122011.05,217677.63,151.75,1252283.85,3922938.05,31890.32,699016.17,460331.01,68522.28,49194.33
Scenario 1,1417,5,Market Euphoria,217,TRADING,156104.74,2402099.51,160079.40,268853.81,500858.83,447309.98,364579.49,568954.55,758153.13,906497.39,451353.12,287114.06,1731073.36,20163.52,452207.16,42287.45,305563.74,484067.99,207827.42,45407.50,129950.44,453509.10,346058.84,388817.80,92063.53,115723.38,139286.09,208963.83,111298.96,159349.01,123214.58,196278.13,150311.03,89635.31,152847.56,204924.02,111130.87,1466220.47,19710.33,15191.02,121802.65,218248.35,152.05,1252940.86,3951293.89,31900.52,698396.45,459473.56,68601.57,49042.96
Scenario 1,1418,5,Market Euphoria,218,TRADING,156016.25,2403209.18,160056.07,268408.16,501253.83,446462.16,363921.96,572288.12,758799.41,902802.26,451253.39,287368.37,1733968.06,20187.58,452239.14,42273.03,305825.13,485239.01,207816.91,45380.26,130315.65,453792.66,347118.14,388677.41,92259.92,115806.89,138926.77,209082.65,111362.14,159479.94,123235.91,196673.07,150182.70,89535.34,152779.96,206602.55,111099.71,1462708.79,19694.39,15162.98,121918.38,218170.45,152.13,1249611.18,3945939.90,31909.70,698478.53,459111.19,68779.05,49089.38
Scenario 1,1419,5,Market Euphoria,219,TRADING,155567.33,2397777.25,160091.43,268466.94,501363.75,446593.79,363236.01,574741.24,757322.51,902425.58,451032.73,287301.68,1736547.63,20184.15,451891.78,42277.95,305412.07,485549.81,207960.50,45347.65,129835.17,454257.56,347909.71,388256.77,92338.64,115684.56,138898.53,208767.96,111215.20,159669.05,123375.33,197473.88,150211.63,89381.94,152660.80,206899.81,111123.75,1459295.35,19651.10,15101.96,121757.13,218303.47,152.61,1249647.78,3951013.50,31935.75,698671.91,458724.03,69061.13,49039.50
Scenario 1,1420,5,Market Euphoria,220,TRADING,155488.04,2398833.68,160187.91,268604.76,500410.10,446352.57,364120.51,578241.88,757855.82,902030.43,450796.57,287618.72,1740842.26,20193.48,452511.70,42302.89,305780.63,486054.30,208016.57,45322.01,129544.56,454467.04,348174.04,387020.51,92429.97,115623.89,139028.88,208834.59,111261.68,159356.86,123383.55,197380.62,150369.49,89232.66,152729.31,207330.87,111106.93,1457977.53,19635.29,15149.81,122022.27,218112.12,152.57,1248796.95,3959062.21,31949.13,698014.57,458915.51,69315.92,49213.64
Scenario 1,1421,5,Market Euphoria,221,TRADING,155215.93,2401381.83,160382.15,268966.86,501396.27,446380.62,364827.80,580670.82,757595.16,906477.77,450473.08,287543.49,1743488.58,20186.79,452165.77,42297.37,305801.95,485196.61,207764.31,45234.63,129666.05,453192.65,348283.79,386605.65,92476.36,115559.12,138896.09,208658.33,111314.46,159377.69,123283.26,197037.26,150313.30,89186.64,152560.63,208123.40,111054.98,1459186.94,19641.26,15165.07,122655.14,218093.70,152.35,1249019.78,3958902.30,31956.77,697514.32,458724.84,69518.31,49144.29
Scenario 1,1422,5,Market Euphoria,222,TRADING,154620.32,2404943.23,160566.80,268300.17,500646.81,445878.43,364972.17,583566.11,756960.44,906870.83,450473.41,288522.70,1749861.83,20217.96,453040.47,42270.19,307205.23,485443.27,207793.36,45197.92,130119.12,453699.68,348547.55,385807.24,92592.19,115373.78,139431.74,208754.56,111405.54,159518.78,123469.65,196572.28,150498.09,89195.83,152530.99,208918.69,111144.19,1458359.94,19648.60,15130.68,122847.35,218224.54,152.64,1249743.93,3967322.15,31921.42,697983.49,459208.62,69579.59,49125.34
Scenario 1,1423,5,Market Euphoria,223,TRADING,154178.75,2403609.45,160190.80,268009.27,501439.82,445888.56,366563.54,587523.97,757101.84,906782.89,450467.84,289550.69,1753904.36,20239.95,453981.72,42323.23,307794.77,486280.22,208107.56,45140.64,129872.43,454425.81,347741.65,385622.00,92652.20,115397.16,139784.23,208776.82,111552.27,159162.38,123399.92,196226.82,150324.64,89254.62,152466.65,208566.23,111092.59,1459531.86,19546.52,15135.29,122368.93,218736.25,152.56,1247170.36,3976324.37,31929.98,698846.10,459356.15,69684.74,49409.24
Scenario 1,1424,5,Market Euphoria,224,TRADING,153360.84,2403408.88,159941.65,267992.11,501566.66,446367.36,367184.21,590789.41,757332.44,909520.80,451074.48,289844.46,1752801.95,20291.54,454851.70,42295.78,308177.91,486983.00,207570.09,45058.17,130332.72,455732.25,347713.85,385354.66,92690.19,115132.76,139687.88,208999.54,111630.94,159107.34,123334.75,195944.48,150179.48,89140.20,152623.46,207333.76,111076.81,1459345.03,19575.26,15179.69,122482.26,218831.18,151.86,1248651.42,3971850.80,31900.92,698285.01,459723.04,69861.07,49323.64
Scenario 1,1425,5,Market Euphoria,225,TRADING,152727.33,2394788.81,159623.99,267621.54,502552.95,446797.99,366924.23,596363.03,755581.28,910452.62,451603.74,289400.09,1755620.46,20321.10,455585.95,42371.17,308659.56,487309.97,207656.99,45024.27,130590.13,454860.59,347150.26,384576.57,92711.98,115029.74,140233.08,208938.36,112114.03,158904.29,123281.46,195882.52,150626.88,89218.66,152595.61,208227.42,111216.78,1459178.89,19598.24,15212.75,122629.83,219017.06,152.12,1248161.47,3973001.45,31889.28,697557.37,460005.58,69997.05,49242.85
Scenario 1,1426,5,Market Euphoria,226,TRADING,152177.87,2403477.59,159332.38,267429.15,502105.69,446353.17,367394.09,599471.24,754664.43,906156.26,451679.15,289706.33,1758226.29,20351.98,457102.54,42376.53,310013.89,486605.16,207293.45,44949.01,130824.51,455890.22,345492.17,383843.55,92882.63,114745.25,139804.90,208590.38,112541.72,159311.31,123175.70,196036.54,150744.04,89231.44,152525.01,207564.28,111283.12,1458313.12,19601.39,15223.43,122449.26,219147.92,150.77,1248816.63,3969864.48,31910.37,697451.22,460341.97,70077.11,49347.35
Scenario 1,1427,5,Market Euphoria,227,TRADING,151645.05,2405541.15,159523.86,267191.53,501356.03,446655.40,367173.16,604858.07,752786.62,904366.94,452179.69,288639.62,1761534.84,20395.76,457426.63,42387.00,310848.41,487874.50,207123.97,44960.43,130917.63,455946.80,345956.26,382314.96,93039.81,114730.56,139192.13,208628.69,113018.02,159380.45,123186.04,196380.96,150790.82,89297.06,152567.72,206914.45,111331.27,1457913.26,19638.63,15243.87,122173.78,219621.76,151.03,1246071.17,3965127.15,31878.45,697139.10,460810.40,70227.78,49372.09
Scenario 1,1428,5,Market Euphoria,228,TRADING,151064.69,2405011.75,159791.13,266528.94,501216.45,446198.05,367197.11,609783.40,751151.51,906999.49,451855.43,288240.42,1765084.65,20439.13,457783.74,42354.93,311837.63,488110.75,207465.98,44975.12,130518.94,455624.68,345745.24,380831.81,93148.22,114504.22,139402.27,208621.36,113448.21,159483.02,123152.98,196306.08,151001.99,89303.68,152811.28,207903.63,111452.47,1458783.85,19605.92,15265.36,121995.43,220337.88,151.67,1243881.78,3969400.67,31881.47,697375.56,460856.59,70258.16,49287.86
Scenario 1,1429,5,Market Euphoria,229,TRADING,150629.10,2400527.14,159481.21,266979.81,501209.78,446780.18,368011.07,613772.67,751135.21,910996.32,451930.49,288782.58,1765773.76,20489.69,458076.94,42349.57,313555.67,487139.56,207716.48,44921.91,130469.33,456063.87,345951.21,380995.37,93299.65,114121.82,139166.23,208704.32,114047.15,159375.31,123006.55,196949.94,151221.60,89275.21,152806.96,208333.51,111445.45,1458865.20,19570.04,15264.54,122045.00,219828.15,150.64,1239908.27,3978326.70,31887.77,697809.45,460628.67,70478.27,49187.62
Scenario 1,1430,5,Market Euphoria,230,TRADING,150329.64,2389861.36,159974.42,266903.61,501327.52,446794.80,367617.72,617928.93,750379.76,911520.34,451823.12,289685.51,1767294.30,20541.41,460041.15,42380.49,314921.08,486162.35,207913.33,44923.91,130200.21,455230.19,345766.86,381009.63,93507.98,113717.98,139295.66,208834.15,114580.67,159534.73,122996.45,197609.74,151289.12,89207.71,152811.94,208815.35,111451.09,1458518.58,19582.99,15282.08,122092.68,219964.91,151.62,1241355.17,3966170.65,31893.61,698038.67,459713.35,70464.71,49344.25
Scenario 1,1431,5,Market Euphoria,231,TRADING,150201.36,2390474.22,160008.77,266394.74,501114.31,447119.41,367665.11,619535.53,748877.46,913620.86,452003.75,289369.45,1766546.40,20604.48,459945.13,42369.33,316057.60,487229.40,207975.36,44814.92,130228.74,454804.10,345878.81,380551.67,93609.81,113325.50,139102.68,208729.85,115044.35,159387.88,122975.00,197901.41,151175.28,89210.85,152720.41,208472.17,111565.35,1458722.37,19586.71,15272.37,121191.88,219676.01,151.38,1241048.20,3958669.57,31889.86,697832.16,458713.10,70460.34,49313.51
Scenario 1,1432,5,Market Euphoria,232,TRADING,149894.30,2393049.16,159442.14,265939.99,500719.96,447664.91,368917.71,621917.34,747078.72,914050.65,452105.08,288695.77,1764918.61,20666.36,461404.85,42392.78,316370.17,487723.98,208253.84,44752.78,130453.84,455226.94,347157.87,380551.09,93888.60,112930.24,139168.56,208602.16,115428.83,159548.35,122971.28,198185.37,150703.24,89086.49,152465.40,208006.24,111596.93,1456752.34,19589.04,15283.87,120990.80,219873.03,151.37,1240771.88,3953475.54,31927.17,697402.04,458900.76,70590.48,49117.61
Scenario 1,1433,5,Market Euphoria,233,TRADING,149805.81,2398943.50,159827.55,266011.26,500797.36,448301.24,371183.17,623622.37,744962.51,913777.79,451941.98,289294.32,1765001.73,20722.32,462868.92,42371.89,318256.49,487211.31,209015.28,44748.76,129780.53,456657.41,349008.73,380685.50,93968.14,112554.57,139628.41,208616.61,115427.59,160241.66,123023.41,198233.16,150657.85,88866.02,152420.90,208572.69,111601.65,1455543.18,19603.96,15309.73,121350.64,219389.84,151.52,1239983.31,3957366.50,31926.64,697278.81,458723.80,70492.56,49017.69
Scenario 1,1434,5,Market Euphoria,234,TRADING,149536.94,2400831.79,159541.25,266015.23,501206.86,447747.19,371337.80,624853.59,745057.94,915237.57,452515.45,288565.05,1767365.35,20765.34,464275.69,42285.19,318982.42,487501.32,209179.59,44625.54,130063.16,457000.58,349074.09,381158.58,94182.73,111895.05,140011.36,208381.84,115347.86,160223.13,122904.62,198806.26,150759.13,89029.25,152344.46,208343.70,111639.75,1452418.40,19593.75,15315.94,121965.93,219271.32,151.84,1239362.26,3958386.47,31965.05,696474.54,458266.72,70657.02,49108.77
Scenario 1,1435,5,Market Euphoria,235,TRADING,149313.32,2405740.59,159333.75,265804.13,500611.75,447767.98,371169.43,626197.64,744282.08,915314.57,453170.77,288843.52,1766712.83,20827.66,464059.59,42290.05,320118.14,486005.81,209396.53,44608.12,130062.11,457486.80,348587.01,381532.03,94468.15,111464.67,139709.21,208318.65,114797.29,160674.02,123024.91,199081.02,150758.07,89003.83,152168.90,208918.44,111632.30,1450909.06,19590.77,15433.31,121554.28,219125.08,152.17,1240396.35,3960396.65,31994.97,696946.94,458964.69,70716.90,49290.69
Scenario 1,1436,5,Market Euphoria,236,TRADING,149405.07,2409220.52,159219.28,264940.71,501414.09,447598.12,372111.58,625376.96,743418.52,915941.76,453489.74,289234.19,1767216.70,20871.13,465027.97,42318.37,321211.79,486400.56,208659.40,44615.77,130411.22,457526.60,348535.22,381287.20,94596.29,110953.27,138973.53,208129.30,114488.18,160966.92,123161.18,199574.12,150690.10,88823.91,152168.87,208956.21,111669.91,1449854.16,19624.50,15431.00,121833.47,219447.91,152.14,1241291.58,3957292.24,31989.78,698011.25,459728.12,70679.52,49243.55
Scenario 1,1437,5,Market Euphoria,237,TRADING,149454.29,2410787.57,159365.99,265074.19,501606.75,447419.39,372693.91,626094.60,742585.11,919514.91,453781.36,289030.15,1766689.19,20920.86,465989.78,42289.58,322362.84,486526.35,208244.20,44597.97,130829.03,457421.52,348977.43,381266.48,94781.83,110633.69,139370.16,208034.64,113827.26,161068.28,123016.42,200698.73,150732.88,88721.26,151996.70,209332.12,111710.31,1449655.16,19611.06,15452.06,121697.01,219576.90,152.22,1243155.10,3949778.12,32019.04,698161.30,460968.96,70844.85,49367.27
Scenario 1,1438,5,Market Euphoria,238,TRADING,149451.44,2413639.08,159133.88,264797.37,500933.18,447241.98,373967.80,627561.63,742143.02,920101.02,454342.70,289779.36,1765595.56,20960.97,467829.26,42285.23,322449.87,487012.86,208285.66,44567.42,130404.88,457854.19,348381.01,381881.39,94946.66,110053.98,139531.01,208063.79,113197.33,161531.26,122910.85,201230.63,150975.34,88680.73,151869.85,208361.95,111646.96,1450841.97,19584.63,15482.08,122065.58,219339.22,151.72,1244134.41,3952816.38,32010.18,698475.63,461240.01,70691.77,49311.05
Scenario 1,1439,5,Market Euphoria,239,TRADING,149634.79,2420217.54,159219.84,264708.32,500909.43,447018.07,375347.76,627720.35,743745.68,920528.22,453436.99,291195.35,1761828.02,20974.76,468095.99,42319.61,324096.37,487743.69,208526.49,44512.08,130236.98,457491.91,346447.09,382041.79,95147.47,109886.84,139803.44,207904.13,112816.32,162056.12,122911.71,202232.85,150679.72,88812.37,151763.74,208547.41,111638.77,1450978.66,19596.40,15560.36,121942.80,218867.51,152.38,1242997.73,3958642.94,32000.25,698065.99,461747.14,70753.15,49380.54
Scenario 1,1440,5,Market Euphoria,240,TRADING,149821.12,2419655.44,159361.73,264422.38,501037.61,446745.81,375527.60,626722.99,742540.38,919498.46,453848.73,290787.42,1756268.88,21000.88,469433.27,42306.58,324704.37,486887.81,208538.35,44550.99,130187.21,458863.05,348426.30,382057.16,95328.72,109594.85,139502.16,207828.83,112241.10,162971.26,122997.32,201894.41,150595.67,88749.25,151649.17,208939.72,111777.01,1451697.65,19569.25,15575.37,122568.80,218898.75,152.58,1240928.50,3956444.90,32012.79,698068.88,461715.99,71022.79,49425.68
Scenario 1,1441,5,Market Euphoria,241,TRADING,150237.59,2418985.08,159141.66,263757.92,501031.66,446632.24,376426.73,624374.42,742615.67,917421.76,454306.77,289941.07,1750616.92,21025.27,470422.40,42294.29,325848.43,486136.39,208478.12,44538.53,129639.72,459218.63,348173.41,382385.00,95409.82,109470.66,139608.23,207618.89,112092.76,163523.59,123100.76,202668.04,150446.04,88973.14,151532.00,208790.27,111814.81,1452491.22,19624.86,15589.00,122424.38,219416.24,153.12,1240899.64,3960046.62,32031.59,697791.90,461279.51,71487.33,49314.43
Scenario 1,1442,5,Market Euphoria,242,TRADING,150599.74,2427177.53,159156.38,263241.03,500951.41,446447.80,376289.90,621862.49,743119.02,915322.70,454176.59,288950.41,1747084.23,21032.57,469759.43,42263.75,325594.86,485455.80,208404.37,44483.08,129299.02,459285.97,347834.15,382486.34,95475.18,109369.88,139742.03,207624.69,111763.57,164368.53,123228.01,202004.56,150142.21,88806.16,151486.74,209642.45,111982.21,1453822.84,19632.56,15584.78,122214.08,219392.95,153.66,1238368.38,3966371.11,32027.32,695605.49,462608.53,71761.33,49223.80
Scenario 1,1443,5,Market Euphoria,243,TRADING,150595.75,2432011.05,159558.00,262959.56,501262.74,446292.25,376874.40,619039.37,742934.19,913926.46,454309.02,288386.92,1740729.13,21033.79,470129.68,42269.11,326129.00,486490.79,208831.58,44465.63,129423.29,459493.79,347524.16,382127.88,95679.24,108963.37,139750.73,207480.57,111284.11,165002.92,123076.02,201897.38,150399.67,88777.30,151325.24,210806.91,112004.78,1454070.18,19637.94,15667.06,122182.57,219302.76,153.58,1238512.10,3967586.57,32057.47,694924.16,463340.46,72027.71,49409.04
Scenario 1,1444,5,Market Euphoria,244,TRADING,150530.20,2449376.42,159908.24,262744.51,500153.77,445779.71,377402.06,614422.52,742500.65,915175.94,454057.05,288787.36,1734254.75,21032.07,469814.38,42252.15,326260.28,485580.66,209026.14,44440.96,130026.23,460701.94,347045.23,381841.67,95837.66,108858.73,139483.04,207522.79,111224.87,165395.32,123352.49,202545.34,150372.47,88643.51,151431.51,211056.17,111997.91,1454218.72,19651.01,15664.88,121447.61,219156.73,153.48,1240432.13,3965519.70,32053.53,696092.79,462797.01,72553.98,49366.74
Scenario 1,1445,5,Market Euphoria,245,TRADING,150892.36,2463970.17,160483.01,262192.36,499374.33,446486.83,377835.74,610619.06,742441.18,917847.10,453129.27,289073.03,1729071.61,21007.96,470615.71,42259.85,326850.18,485882.50,209089.10,44460.28,129799.32,462822.69,348152.75,382109.36,95942.02,109078.59,139507.47,207541.87,111180.55,165642.48,123264.11,202520.47,150462.63,88764.29,151557.53,211025.89,112013.57,1453629.03,19607.75,15631.15,121801.03,219278.54,153.33,1236963.64,3984423.19,32051.39,696811.30,463325.93,72926.10,49274.33
Scenario 1,1446,5,Market Euphoria,246,TRADING,150964.04,2470733.89,160490.52,261779.74,499199.90,446136.87,378168.68,608092.82,743951.20,918570.52,453500.17,289065.71,1724886.08,20960.28,469997.96,42297.94,327250.21,485267.29,209425.03,44461.01,130123.29,462788.24,347711.07,382245.84,96180.71,108921.67,139566.59,207729.23,110994.45,166183.92,123307.40,202592.48,150236.48,88757.20,151253.87,211105.47,112079.26,1453607.25,19600.01,15587.43,122781.32,219415.69,153.95,1237989.19,3995270.70,32082.45,696631.76,463253.41,72984.46,49264.62
Scenario 1,1447,5,Market Euphoria,247,TRADING,151071.80,2474019.06,160915.16,261391.26,499515.43,446489.41,379569.51,606313.55,743693.53,917296.25,453874.91,289615.43,1714587.16,20916.10,469643.04,42318.54,326574.67,485542.66,209262.85,44461.16,130774.86,463338.15,348902.79,382447.11,96396.53,108650.69,139152.87,207666.11,111049.66,166448.25,123484.65,202525.12,150336.67,88843.03,151210.05,211016.76,111954.15,1453723.27,19602.93,15536.92,122546.17,219530.63,154.60,1237966.50,3995267.02,32107.22,696991.31,463051.35,72961.03,49371.41
Scenario 1,1448,5,Market Euphoria,248,TRADING,151181.50,2470976.96,160545.43,261112.60,498815.14,446284.82,380260.07,602385.30,741181.41,923124.36,454334.24,289351.92,1706139.02,20868.30,469140.17,42274.43,327320.96,485230.60,208844.05,44487.11,130905.01,464239.36,348698.95,381581.80,96504.77,108481.90,139099.03,207661.23,110840.88,166037.51,123729.24,202822.56,150131.66,88963.93,150959.08,211537.83,111908.57,1456031.64,19545.88,15532.76,122666.45,219517.35,154.73,1238594.58,4012680.96,32088.37,697450.24,463611.67,72831.82,49442.33
Scenario 1,1449,5,Market Euphoria,249,TRADING,151204.68,2471748.66,160746.27,260342.32,498797.97,446462.17,380279.40,598265.45,738147.45,921996.59,454831.00,288806.24,1695750.18,20818.43,469346.51,42284.05,327116.72,486472.26,208698.36,44424.97,130856.65,467579.39,348712.26,382075.65,96554.78,108724.52,139357.02,207718.48,110981.56,165780.56,123883.15,202967.43,149966.41,88921.23,150926.36,211897.13,111837.95,1455816.93,19500.26,15605.26,121559.06,219760.59,154.52,1240355.70,4019435.89,32087.43,697551.53,463345.36,73029.96,49461.59
Scenario 1,1450,5,Market Euphoria,250,TRADING,151204.03,2471138.46,160243.69,260080.33,497752.98,446385.26,380711.65,595828.92,738145.49,923358.80,454204.28,289145.95,1687273.70,20759.62,468628.24,42273.98,326601.72,485853.66,208683.46,44438.18,130263.83,468641.64,348735.14,381481.72,96587.33,108717.68,139453.00,207950.74,111071.55,165627.99,124137.76,203679.92,150184.95,88730.94,150727.48,212067.56,111887.99,1454882.49,19525.06,15626.61,122045.29,220476.33,154.86,1240870.34,4028332.66,32080.15,697823.88,463349.05,73118.25,49457.00
Scenario 1,1451,5,Market Euphoria,251,TRADING,151527.28,2476195.63,160766.33,259482.30,497242.08,446355.58,382227.55,593095.55,738956.97,924025.55,454979.11,289358.60,1678160.41,20709.27,467263.29,42299.29,326776.03,487160.25,208788.72,44415.42,130600.86,469460.63,350636.50,381537.57,96590.88,108589.20,139671.65,208079.04,111190.84,165341.60,124289.12,204236.57,150042.52,88844.84,150588.48,212407.10,111961.82,1456466.20,19465.53,15661.01,122638.25,220936.17,154.44,1237345.87,4038192.30,32110.70,696817.76,462897.90,73048.29,49558.57
Scenario 1,1452,5,Market Euphoria,252,TRADING,151752.72,2477603.92,160687.77,259249.72,497186.30,446515.55,383756.20,591597.46,740055.41,926941.17,454684.11,289350.23,1669634.72,20644.31,466215.62,42317.81,326471.94,486823.23,208286.82,44391.31,130956.77,471941.04,351200.38,380626.39,96751.57,108486.84,139469.55,207968.88,111429.11,164833.96,124262.50,204930.67,150504.40,88916.96,150662.66,212046.77,112004.87,1456478.65,19455.17,15689.10,122445.90,222411.92,154.63,1237309.94,4045850.01,32113.08,697874.25,462402.33,73288.46,49337.17
Scenario 1,1453,5,Market Euphoria,253,TRADING,151484.14,2478211.37,161009.38,259072.97,498173.44,446529.98,384481.97,589060.65,740757.52,924813.44,455209.73,289359.91,1661128.15,20557.13,464391.40,42294.61,327698.29,487390.07,208706.01,44405.30,130673.62,474036.80,351479.13,380520.97,96826.23,108382.91,139492.53,207983.88,111415.74,163833.12,124487.59,204553.96,150521.59,89069.88,150728.21,212432.06,111906.10,1457817.08,19481.06,15688.04,122798.98,222487.61,154.37,1237230.59,4059526.13,32148.96,697493.55,462632.14,73160.91,49331.57
Scenario 1,1454,5,Market Euphoria,254,TRADING,151264.80,2486693.38,160842.17,259079.41,497962.33,446691.14,385856.25,585641.83,740484.76,926384.06,455028.81,289543.07,1651892.41,20511.15,463231.99,42314.50,327320.03,485396.62,208600.29,44363.37,131036.48,476458.56,350205.82,380769.17,96848.78,108379.80,139642.07,208188.57,111560.21,162643.05,124674.88,204888.31,150696.49,89044.07,150814.68,213020.68,111936.93,1458357.85,19502.86,15755.12,123088.21,223710.19,154.61,1236546.69,4065984.60,32193.31,696855.06,463689.40,73262.09,49322.73
Scenario 1,1455,5,Market Euphoria,255,TRADING,151041.02,2483650.84,160484.97,258724.31,499305.14,446967.38,386328.08,583905.08,741146.40,920974.05,454832.56,290300.04,1644753.25,20475.94,462236.38,42268.40,327573.28,485239.91,208714.09,44389.01,131378.26,477385.73,350229.60,380800.48,96810.22,108703.49,139992.61,208022.27,111582.14,162103.84,124944.07,206209.90,150574.92,89103.21,150678.27,212468.88,111829.61,1456311.84,19540.61,15747.99,123237.95,224816.59,154.86,1237518.24,4070159.39,32229.58,697954.45,463385.20,73233.74,49343.80
Scenario 1,1456,5,Market Euphoria,256,TRADING,151111.86,2484563.85,160766.16,259224.46,499685.43,446945.25,386945.93,580452.27,741840.99,922891.13,455485.76,289976.32,1636628.13,20425.24,461423.83,42297.42,327589.11,485524.68,208834.64,44384.16,130868.30,478197.81,351384.45,380786.98,96798.33,108645.66,140226.76,207897.85,111468.57,161698.29,125236.32,207175.95,150527.41,89138.83,150553.62,212320.13,111861.25,1456372.76,19564.83,15734.61,123395.80,226045.05,154.77,1236091.00,4063997.93,32258.70,697410.85,462726.89,73553.58,49592.74
Scenario 1,1457,5,Market Euphoria,257,TRADING,150871.72,2477340.80,161322.65,258977.65,499925.72,446702.86,386967.05,576836.43,739686.51,921143.98,455226.33,289576.03,1626277.87,20376.98,460715.73,42290.71,327848.66,487519.75,208428.53,44375.90,130939.21,478980.32,352088.60,380720.47,96730.04,108941.43,140163.09,207899.76,111609.83,161275.80,125502.56,207176.85,150656.63,89220.38,150551.42,212270.05,111874.11,1455981.55,19572.11,15752.90,123230.47,226812.64,154.53,1235656.73,4051827.30,32274.88,697593.20,464008.08,73739.16,49659.84
Scenario 1,1458,5,Market Euphoria,258,TRADING,150805.39,2472593.48,161115.38,259197.35,501108.46,446459.73,387945.42,574381.73,741702.90,919475.59,455151.28,289558.06,1617220.08,20363.95,459634.66,42274.46,328376.93,488223.46,208042.99,44364.23,130815.98,480251.38,351704.82,380731.99,96659.80,108757.28,140371.16,207632.75,111347.71,161223.79,125813.79,206990.03,150926.44,89446.79,150457.76,212578.57,111893.26,1456235.53,19552.47,15754.26,123334.25,228041.87,154.26,1235980.58,4057583.37,32263.00,699211.00,464837.39,74006.50,49441.36
Scenario 1,1459,5,Market Euphoria,259,TRADING,150798.65,2470885.99,160579.81,259764.87,502546.55,446912.93,387464.70,571683.26,740100.43,924913.01,454962.85,289702.72,1609821.15,20336.06,458926.52,42252.62,327780.46,487987.22,208364.40,44353.46,130944.77,480592.72,351297.54,380943.97,96659.95,109064.42,140016.90,207493.98,111630.43,160574.15,126081.19,207673.42,150961.15,89456.16,150444.22,213042.24,111934.94,1455403.02,19545.33,15763.56,123235.21,228715.87,153.61,1232511.31,4050185.77,32298.84,698723.36,464537.87,73957.70,49360.81
Scenario 1,1460,5,Market Euphoria,260,TRADING,150739.66,2468464.48,160487.13,260648.18,504475.24,447022.66,388248.84,568706.22,742220.34,925058.44,455011.46,289600.70,1603037.86,20306.43,458466.64,42271.41,327889.32,488189.04,208468.22,44377.39,131052.41,480745.10,351721.81,381756.66,96679.02,109162.43,140178.00,207481.23,111542.72,159945.48,126230.91,207924.30,150864.87,89447.47,150579.24,212322.86,111967.88,1455565.71,19513.15,15784.64,123351.26,229185.60,154.26,1233590.30,4035752.73,32341.53,698234.87,464255.13,73964.34,49525.40
Scenario 1,1461,5,Market Euphoria,261,TRADING,150631.33,2470192.01,160077.41,261384.38,506591.84,447783.23,389998.42,566115.61,742711.52,926505.74,455064.83,289349.67,1595924.73,20284.25,456969.61,42270.31,327755.40,488617.39,208215.85,44420.48,131197.21,483232.17,351768.82,381841.89,96677.18,109002.64,139597.79,207295.98,111620.62,160183.91,126492.89,207468.84,150863.87,89292.82,150759.71,212475.02,111865.54,1456198.51,19492.62,15776.02,123618.49,228681.52,153.61,1234673.51,4026259.15,32369.81,698232.90,464352.00,74167.16,49601.55
Scenario 1,1462,5,Market Euphoria,262,TRADING,150273.69,2471459.45,159924.90,261182.38,508947.25,447487.10,390670.64,563779.73,740495.73,922600.72,455014.01,288338.17,1588983.73,20261.19,456777.01,42269.08,328687.72,490530.76,207900.70,44409.09,131960.62,487410.62,351927.78,381324.50,96590.64,108985.85,139281.23,207099.71,111928.95,159896.51,126767.60,207891.09,151015.04,89076.85,150766.81,212790.06,112018.27,1456121.30,19552.67,15802.58,123523.67,228412.34,152.84,1231623.21,4017623.36,32395.77,698847.23,464942.93,74297.41,49546.05
Scenario 1,1463,5,Market Euphoria,263,TRADING,150129.29,2482634.43,159429.02,261257.73,510330.12,447279.11,392020.62,561646.74,742180.08,919672.57,455058.71,288895.20,1578700.07,20248.39,455853.86,42308.13,328925.35,490449.80,207585.11,44366.81,131492.39,487776.19,352182.45,380657.34,96433.81,108955.58,138783.80,207130.88,112110.77,159642.29,126989.86,207783.09,150892.54,88844.75,150709.54,213233.00,112094.14,1457253.55,19571.59,15738.60,124055.77,227461.98,152.66,1231070.03,4004667.73,32398.48,698236.98,464887.75,74371.43,49471.86
Scenario 1,1464,5,Market Euphoria,264,TRADING,149887.04,2488281.42,159019.46,261632.84,512701.85,447247.81,393616.98,560433.09,742488.97,921853.87,454713.74,289236.72,1570720.40,20257.31,454466.00,42215.41,328788.73,489459.87,207474.73,44374.72,131748.63,487925.24,352665.33,381784.66,96302.95,108756.96,138679.75,207027.74,112006.12,159149.60,127113.16,208144.82,150927.12,88735.24,150659.36,213320.21,112196.08,1454614.03,19558.18,15763.93,124429.87,226869.57,153.15,1228699.84,4007925.24,32421.60,697079.13,464668.54,74538.98,49420.84
Scenario 1,1465,5,Market Euphoria,265,TRADING,149986.65,2502247.16,159114.45,261719.79,513087.05,447340.53,394533.09,557247.38,744905.36,919961.46,454542.44,288759.98,1564004.33,20272.61,454426.23,42201.66,330367.43,489943.76,207550.67,44377.54,132132.01,487905.74,353831.05,381966.06,96275.23,108789.67,138658.98,207049.32,112017.27,159331.48,127277.89,208664.13,150486.82,88755.32,150796.58,212447.38,112247.10,1453733.21,19572.37,15722.36,124174.60,226479.88,154.05,1230024.72,3994238.67,32444.16,697247.52,465479.17,74529.44,49314.64
Scenario 1,1466,5,Market Euphoria,266,TRADING,150035.83,2506791.95,159377.81,261994.38,513585.12,446934.86,396192.87,554966.16,744034.18,917857.74,454707.25,288458.44,1559824.45,20253.68,454205.53,42205.82,330391.26,490338.21,208151.91,44392.86,132212.03,488111.51,353002.88,382503.47,96222.51,108752.81,138656.09,207171.68,111983.67,159624.08,127347.96,208543.77,150717.62,88820.98,150923.26,213070.61,112320.03,1454152.25,19562.52,15724.72,124112.26,225351.97,154.57,1227699.16,3999877.96,32456.10,695927.53,466220.78,74890.63,49351.15
Scenario 1,1467,5,Market Euphoria,267,TRADING,150155.48,2512837.67,159254.78,262188.40,513394.09,447380.73,396295.12,553108.09,743275.62,917610.73,454438.14,288833.31,1552618.34,20244.99,452896.95,42227.73,330433.28,491112.82,207692.19,44384.53,131790.90,486647.10,353454.52,381489.81,96112.21,108738.21,138734.04,207186.50,112105.70,159433.27,127451.83,208545.93,150768.34,88789.61,150885.03,212368.66,112315.52,1453934.71,19544.19,15693.76,123476.84,224403.91,155.32,1229471.47,4006046.26,32474.31,696409.53,466866.61,75052.39,49445.70
Scenario 1,1468,5,Market Euphoria,268,TRADING,150010.54,2506634.71,159507.75,262655.68,512355.33,447735.37,396689.17,550841.12,744746.31,917197.02,454670.68,288389.82,1550425.87,20222.30,451750.84,42166.90,331191.29,491032.74,208002.09,44397.04,132071.30,486188.51,352517.24,381861.32,95951.39,108869.06,138608.69,207089.63,112192.91,159517.89,127351.95,209095.46,150914.63,88746.62,150700.98,212816.95,112372.32,1453737.12,19517.23,15668.00,123636.58,223765.92,156.09,1228316.35,3993414.29,32449.65,696181.82,466422.03,75282.03,49436.54
Scenario 1,1469,5,Market Euphoria,269,TRADING,150268.82,2512382.47,159764.61,263046.48,511514.54,447426.67,397380.21,548061.00,745367.43,914420.98,454698.98,288527.26,1546086.43,20217.50,451274.88,42145.42,331569.83,491268.81,207991.57,44463.81,131900.84,486139.98,352866.64,382320.44,95820.10,108831.43,138711.74,207092.82,112091.83,159765.32,127296.55,210140.82,151014.33,88736.57,150614.44,213009.31,112378.05,1453129.46,19552.13,15689.27,123071.40,223172.83,155.69,1228598.74,3992180.48,32435.46,696518.11,466776.99,75414.94,49448.69
Scenario 1,1470,5,Market Euphoria,270,TRADING,150088.87,2510861.31,159899.29,263773.62,509954.16,447204.46,398306.17,547257.06,744763.49,916861.12,454985.80,287560.60,1541890.40,20220.47,451476.92,42121.16,332443.08,493284.61,207593.64,44484.65,132066.47,485188.88,353549.38,382248.74,95633.77,108756.87,138767.77,207104.30,112211.81,160078.39,127102.70,210977.51,150834.15,88874.47,150503.88,211655.26,112432.54,1452892.77,19525.29,15694.56,124285.08,222964.13,155.52,1228998.65,4002749.24,32406.51,696512.13,466391.14,75632.56,49607.51
Scenario 1,1471,5,Market Euphoria,271,TRADING,150148.80,2511075.68,159285.43,263739.37,506677.93,447222.55,398600.13,545260.70,743760.94,918210.19,454962.85,288594.62,1537421.14,20207.04,449504.57,42095.11,332961.26,494115.25,207643.71,44501.42,131508.51,483717.33,352407.13,381540.94,95468.41,108849.93,138278.64,207025.55,112037.43,160104.78,127175.22,211779.88,150676.30,88906.56,150537.34,212725.23,112434.96,1452302.04,19518.46,15711.39,123440.59,222955.99,155.75,1227017.07,4001200.53,32391.68,695979.78,467703.49,75951.98,49619.53
Scenario 1,1472,5,Market Euphoria,272,TRADING,150209.37,2513657.15,158878.27,264271.64,505231.89,447203.21,399297.26,542943.82,742823.91,919988.73,454407.34,288219.52,1532339.15,20214.28,448761.53,42108.83,333560.78,493915.22,207603.79,44482.25,131789.13,482067.09,351943.72,381579.19,95272.54,108619.57,138860.99,206980.87,112052.58,160066.30,127133.03,212654.72,150799.94,88945.52,150449.02,211829.14,112415.09,1454233.15,19540.92,15782.94,123404.79,222798.39,155.94,1227049.90,3989603.25,32379.99,696907.14,467324.27,76110.09,49646.03
Scenario 1,1473,5,Market Euphoria,273,TRADING,149853.69,2511846.66,158852.55,263959.41,502871.05,447102.86,402055.55,543787.32,743467.24,921827.66,455219.57,287635.58,1529866.32,20232.17,447508.12,42121.31,333049.43,494028.84,207400.86,44406.28,131361.38,481043.78,351064.05,381182.40,95036.77,108664.16,138540.64,207047.19,112110.16,160135.27,126937.41,212842.89,150901.28,89032.50,150292.17,213432.14,112430.16,1451997.12,19560.25,15765.80,123380.21,222129.28,155.71,1227484.49,3982075.76,32339.66,696960.03,466868.03,75991.60,49800.60
Scenario 1,1474,5,Market Euphoria,274,TRADING,150225.61,2518927.09,158635.41,263939.51,501070.82,446830.13,402216.19,542602.00,743789.80,922043.18,455642.32,287480.16,1524967.61,20218.80,448115.75,42075.55,333273.43,494215.21,207015.79,44409.02,131139.88,479764.90,351036.73,381569.62,94768.58,108625.01,138018.12,206934.50,111944.55,160305.90,126620.45,213188.16,150776.00,88931.73,150127.95,213242.14,112389.09,1450539.12,19563.12,15767.71,123222.26,221904.59,155.79,1228354.44,3985887.87,32315.47,696395.73,466852.85,76067.99,49922.38
Scenario 1,1475,5,Market Euphoria,275,TRADING,150210.17,2531821.78,158965.64,263922.70,501407.98,446740.57,403412.69,542223.05,744603.51,921759.70,455874.56,287630.01,1522702.95,20217.31,448542.08,42050.50,332363.24,493964.85,207174.10,44369.87,130616.00,477577.60,350336.23,382052.32,94554.89,108634.45,138011.53,207192.12,112014.74,160471.77,126423.14,213892.65,150733.37,88723.09,150134.37,213887.53,112325.15,1451646.62,19487.11,15816.98,123025.87,221993.14,156.47,1230724.81,3989493.85,32302.26,696907.15,467585.37,76138.26,50022.11
Scenario 1,1476,5,Market Euphoria,276,TRADING,150062.00,2534256.47,159032.50,263896.32,500398.63,446305.61,405222.92,539500.37,746034.90,923123.89,455517.65,287737.04,1519265.19,20193.52,447666.75,42042.24,331273.81,495099.48,207334.50,44330.69,130455.77,474705.47,349725.23,381624.11,94357.19,108636.29,138019.09,207122.39,112035.11,160208.62,126146.78,213759.32,150775.27,88685.94,150273.60,213856.88,112379.85,1450660.79,19494.50,15840.72,123450.39,221621.83,156.37,1231020.27,3995890.54,32246.38,696028.45,468282.92,76032.86,49923.57
Scenario 1,1477,5,Market Euphoria,277,TRADING,150190.50,2546891.68,159154.97,263458.83,499505.24,446809.82,406209.57,538137.47,746517.66,922962.17,455169.04,288414.73,1518624.50,20205.61,447802.37,42079.27,332765.06,494795.44,207177.89,44300.72,130868.36,473038.39,350812.76,382087.94,94249.90,108650.68,138286.29,207178.48,112219.36,160623.29,126016.85,213544.56,150737.30,88531.89,150414.49,214721.50,112364.97,1451232.57,19502.64,15798.69,123358.44,221817.40,156.27,1230974.19,4002446.29,32212.25,696381.20,468674.68,76132.57,49786.68
Scenario 1,1478,5,Market Euphoria,278,TRADING,150181.30,2552888.18,159312.85,263918.66,500147.08,447594.59,406608.30,537358.57,747504.05,925295.24,455204.93,288107.53,1512115.18,20198.50,446995.74,42092.85,333951.90,494796.14,207075.07,44312.75,130451.20,472316.29,351739.17,382490.90,93961.71,108634.32,138720.51,207365.29,112316.77,160708.49,125725.84,214020.37,150803.77,88606.13,150371.12,213748.45,112298.38,1449061.27,19489.47,15843.85,122908.62,221242.12,156.07,1231588.20,4009199.68,32179.60,696441.15,468249.64,76118.30,49923.32
Scenario 1,1479,5,Market Euphoria,279,TRADING,150228.82,2554246.54,159207.57,263812.62,500677.05,447515.12,407243.48,536825.03,747316.59,923620.09,456218.52,288261.79,1513506.68,20193.67,446947.20,42092.06,333190.64,494880.49,207342.58,44328.31,130306.54,470474.30,352962.66,382543.17,93739.67,108910.72,138875.50,207115.72,112431.86,161004.32,125532.59,214048.52,150826.06,88581.53,150266.01,213745.52,112287.56,1448912.29,19528.19,15813.81,123159.88,221258.31,156.31,1234017.15,4012995.60,32156.39,696753.18,468028.13,76259.20,49867.72
Scenario 1,1480,5,Market Euphoria,280,TRADING,150198.33,2564412.16,158943.24,263156.46,499672.39,447743.12,407180.23,535185.81,746029.95,923479.40,456687.63,288651.23,1511675.58,20197.40,446978.57,42096.20,332453.91,494267.70,207651.66,44280.06,130247.61,469333.61,353964.25,382618.66,93549.16,108509.59,139198.62,207289.20,112430.44,161133.90,125184.34,214251.13,150894.71,88632.96,150061.33,213658.95,112270.74,1449228.64,19452.98,15857.08,123296.68,221176.97,155.91,1233097.78,4017071.01,32151.63,696003.00,469221.04,76238.91,49884.48
Scenario 1,1481,5,Market Euphoria,281,TRADING,150129.37,2571712.02,158896.18,262971.27,498537.71,448293.21,407403.25,534438.63,746764.04,921205.56,456292.11,288808.95,1509578.47,20184.25,447728.47,42098.92,331927.38,493599.87,207497.05,44270.07,129347.16,469067.37,354987.22,382466.39,93365.82,108832.48,139156.84,207387.01,112441.48,161136.20,124900.74,213954.70,150936.59,88852.75,150063.06,214804.93,112300.67,1447931.46,19465.40,15811.01,122840.69,221552.98,156.05,1231994.21,4014710.05,32156.10,697301.66,469421.56,76394.67,49944.54
Scenario 1,1482,5,Market Euphoria,282,TRADING,150331.59,2579298.83,158487.30,263191.73,498411.40,448125.05,409295.08,533160.36,747980.34,923330.45,456558.22,288882.65,1508796.56,20177.14,447500.52,42104.67,331867.72,492795.31,207594.27,44191.18,128669.71,470550.30,354396.41,382526.40,93170.39,108818.83,139230.28,207414.81,112498.95,161277.40,124752.36,214362.15,151021.21,89044.67,149988.87,214783.63,112158.45,1449030.87,19490.04,15813.05,122620.74,221286.02,155.90,1229545.76,4017356.15,32117.22,698341.57,468974.98,76629.96,49896.96
Scenario 1,1483,5,Market Euphoria,283,TRADING,150418.87,2577080.59,158315.55,263342.98,498279.69,447910.04,410740.98,531843.90,747389.48,921246.48,456275.68,288191.56,1505609.90,20164.96,447223.12,42101.56,331573.07,493306.85,207268.84,44229.11,129302.96,469824.50,354645.18,382410.60,93022.79,109216.40,138998.23,207401.22,112296.91,161810.16,124723.56,214658.20,150947.54,89163.89,150041.95,215317.25,112149.59,1448872.70,19489.80,15801.29,122672.44,221385.21,155.83,1230342.86,4026094.51,32100.53,698881.94,468677.21,76770.07,49931.67
Scenario 1,1484,5,Market Euphoria,284,TRADING,150360.40,2581031.55,158370.23,263685.05,498671.69,448010.01,411545.27,530862.54,747259.10,920126.31,457016.39,288742.91,1502882.05,20160.89,448083.54,42072.35,331901.78,494191.75,207403.30,44219.87,129608.56,469702.42,355896.53,382354.26,92920.56,109180.03,139644.93,207364.28,112146.21,162232.43,124539.22,214935.92,151087.52,89010.12,150014.50,214581.01,112095.71,1447746.27,19433.67,15846.36,122998.74,221333.08,157.00,1231608.38,4030228.19,32089.08,699281.86,468547.00,76836.02,50050.99
Scenario 1,1485,5,Market Euphoria,285,TRADING,150364.83,2592899.32,158236.82,263510.52,499282.96,448087.34,412499.10,530217.26,748870.17,919854.14,456962.50,288155.03,1501500.91,20149.35,447646.88,42074.34,332215.11,495301.68,208052.00,44300.49,130081.48,468025.31,356073.19,382122.97,92829.53,109257.88,139155.78,207535.33,112233.71,162621.29,124235.37,215100.48,151010.18,89072.08,150132.20,214258.60,112092.97,1449538.01,19466.09,15832.64,123050.61,221037.09,156.93,1230450.79,4036061.63,32110.89,699064.02,469098.08,76849.94,50064.98
Scenario 1,1486,5,Market Euphoria,286,TRADING,150531.58,2590406.55,158819.71,263250.56,498720.36,448201.13,413220.12,528787.07,749022.32,919690.59,456900.73,288355.28,1498835.44,20150.75,447344.39,42091.80,331350.47,495208.35,208045.83,44237.42,129788.67,467535.24,356229.73,382660.27,92644.49,109295.14,139289.09,207598.92,112355.78,162293.25,124043.63,215788.18,151108.50,88837.91,149928.04,215834.06,112037.71,1448233.96,19483.64,15878.90,123115.64,221482.66,157.64,1230090.92,4042488.30,32116.94,699670.46,469209.86,77025.45,50020.59
Scenario 1,1487,5,Market Euphoria,287,TRADING,150368.70,2599775.35,158814.28,262980.35,498146.47,448174.40,415755.60,527844.93,748697.44,922913.74,456900.90,287016.97,1500597.56,20139.32,447726.62,42068.77,332124.45,495879.81,208241.09,44211.62,130028.08,465975.91,355552.91,382657.08,92417.06,109204.70,138825.71,207676.42,112522.76,162066.19,124038.27,216842.57,151197.44,88925.80,149754.24,215826.17,111995.62,1447686.98,19506.01,15864.83,123248.69,221473.44,157.15,1228715.17,4040740.00,32119.25,699068.69,469234.86,76908.02,50059.99
Scenario 1,1488,5,Market Euphoria,288,TRADING,150790.95,2595773.25,159117.36,263422.55,498145.01,448348.22,417552.24,527277.58,749332.98,924220.88,456227.10,287023.63,1498906.05,20164.81,447922.64,42089.76,332816.45,496513.62,208548.72,44185.21,130107.71,464293.03,356241.73,382793.77,92264.56,109223.90,138195.16,207906.39,112131.56,162051.27,123843.18,217256.97,151307.80,89052.52,149753.23,215718.31,112014.99,1445565.19,19502.81,15799.06,123481.87,221452.95,157.84,1227523.72,4031666.74,32107.24,698680.93,469326.34,76949.72,49961.74
Scenario 1,1489,5,Market Euphoria,289,TRADING,150743.65,2598485.70,159312.95,262986.73,497856.87,447972.41,418073.11,525913.34,749180.05,923984.68,456444.55,287370.00,1499398.56,20167.19,447635.70,42097.27,332842.85,496268.74,208871.77,44199.89,130013.18,462580.98,355928.39,383059.06,92095.44,109060.75,137567.56,207774.02,112072.65,162268.69,123819.64,217778.65,151045.45,89021.74,149632.56,215751.13,111951.95,1446950.14,19474.09,15818.24,123885.86,221107.54,158.01,1227173.60,4022550.78,32103.36,698944.10,469230.34,77032.14,50160.54
Scenario 1,1490,5,Market Euphoria,290,TRADING,150952.62,2597102.29,159910.11,263161.10,497040.47,448065.57,417976.00,524749.59,748677.28,923078.72,455524.64,286750.70,1498946.70,20177.84,448582.93,42150.64,332883.94,496196.49,209154.96,44241.55,129927.06,464067.22,355708.12,383646.94,91934.59,109276.25,137386.35,207900.82,111925.70,162424.27,123849.59,218179.85,150813.83,89015.87,149411.80,215479.32,111993.45,1447288.92,19511.99,15795.53,124013.49,220578.33,158.12,1228146.52,4016580.04,32100.86,698486.97,469422.31,77240.07,50142.34
Scenario 1,1491,5,Market Euphoria,291,TRADING,150972.52,2596456.53,159925.43,263758.31,497367.67,447874.48,418860.98,524066.08,746601.42,921114.36,455119.06,287037.04,1502690.56,20179.32,448785.28,42165.46,332803.08,496636.31,209477.42,44255.35,130234.22,463426.52,354234.90,383993.76,91830.94,109290.93,137315.05,207822.95,111690.39,162617.54,123805.59,218317.24,150698.61,89119.00,149418.74,215619.09,111962.34,1445171.40,19516.14,15817.76,124224.86,220498.59,158.24,1226685.01,4020499.61,32084.50,699105.80,469471.27,77430.85,50114.88
Scenario 1,1492,5,Market Euphoria,292,TRADING,150947.66,2603788.37,160332.13,264172.84,497298.78,447557.93,420134.33,525161.72,744942.84,921596.14,454959.62,287606.47,1496844.10,20178.81,448236.12,42149.31,332802.84,496130.75,209639.29,44275.36,130333.30,464751.37,353367.96,383884.82,91641.35,109624.15,137423.37,207867.09,111884.65,162777.80,123891.05,218842.21,150400.70,88833.99,149382.35,215959.84,112136.76,1444336.29,19543.87,15788.37,124432.58,220340.53,158.34,1224787.14,4010236.32,32085.81,699038.11,469573.76,77676.32,50202.63
Scenario 1,1493,5,Market Euphoria,293,TRADING,150839.13,2611400.29,160238.59,264099.36,496818.73,446668.12,421481.27,525053.17,744706.71,924517.86,454384.89,287449.19,1496325.38,20165.03,449754.39,42176.80,333302.17,494595.70,209828.16,44260.79,130206.02,464324.24,354020.32,383977.94,91491.21,109559.13,136884.44,207954.55,111778.79,162788.14,123761.95,219113.49,150447.59,89177.05,149333.52,216989.31,112103.35,1445690.55,19563.13,15796.46,123965.25,220576.58,158.32,1224894.17,4009237.25,32092.16,697955.21,469578.01,77951.00,50311.86
Scenario 1,1494,5,Market Euphoria,294,TRADING,150809.99,2610188.77,160986.99,263830.24,495922.71,446232.94,420394.08,522871.39,745774.56,924363.39,453747.83,287265.16,1496069.10,20156.79,450565.40,42146.41,333469.46,493494.97,209665.27,44208.63,130483.72,463276.12,355762.19,383927.24,91356.69,109491.82,137087.01,208038.07,111854.98,163002.93,123759.37,219152.31,150465.71,89071.30,149439.88,216791.34,112092.20,1446963.65,19572.82,15824.14,124021.25,221041.38,158.12,1226600.40,4001340.02,32085.31,696920.80,469637.66,78171.63,50279.09
Scenario 1,1495,5,Market Euphoria,295,TRADING,150486.06,2615924.19,160995.55,263395.01,495801.53,446364.46,421415.48,520735.95,745930.65,926498.54,453538.51,287663.16,1495064.93,20165.01,451149.49,42139.92,333538.44,494051.86,209259.00,44174.14,130185.42,461792.29,356067.10,384320.08,91317.48,109560.33,137194.83,208176.76,111639.93,163300.43,123868.86,218654.78,150576.47,89044.46,149490.65,216645.91,112103.36,1448718.22,19597.23,15832.50,124221.61,220855.31,157.92,1227379.45,4008319.89,32089.92,697338.64,469320.77,78333.21,50529.43
Scenario 1,1496,5,Market Euphoria,296,TRADING,150602.37,2616994.86,161198.68,263648.00,495650.28,445781.59,422875.93,520806.22,746292.44,928196.23,454130.26,287925.53,1496311.45,20170.31,450790.36,42118.46,334220.43,493109.89,209267.13,44212.69,130047.33,461799.33,356614.01,384139.06,91200.86,109737.95,136677.68,208138.57,111614.93,163170.76,123773.39,219722.51,150539.14,89056.46,149206.01,217930.15,112214.79,1447514.45,19643.54,15811.06,124098.14,220213.99,158.62,1229593.05,4008688.73,32107.01,696438.15,469167.62,78365.88,50397.76
Scenario 1,1497,5,Market Euphoria,297,TRADING,150413.29,2621221.05,161538.10,262956.14,495161.19,445717.49,424616.93,519441.23,746745.91,929407.80,453638.67,287791.92,1495451.05,20167.18,450386.72,42076.64,335083.67,493094.52,209140.31,44161.00,130259.03,461941.17,356645.48,383773.42,91152.85,109806.86,136492.39,208515.97,111958.92,162851.36,123814.02,220522.77,150231.78,88966.98,149205.57,219102.44,112240.43,1446893.46,19634.33,15790.58,125021.01,220527.42,158.79,1229906.86,4006447.23,32122.04,696666.82,468952.19,78395.79,50523.35
Scenario 1,1498,5,Market Euphoria,298,TRADING,150694.52,2638150.02,161422.65,262773.39,495343.77,445521.07,423586.92,519888.90,748193.95,925764.43,453981.12,287973.94,1495112.11,20189.53,451485.03,42066.54,335921.29,492411.98,209283.32,44174.40,130724.13,461285.18,355647.18,383420.17,91087.23,109637.05,136719.23,208446.00,112047.18,163215.77,123670.54,220252.00,150340.28,88931.90,149272.89,220271.86,112212.77,1446007.85,19660.00,15756.83,125388.26,220310.05,158.83,1233019.94,4016651.44,32144.86,696782.14,468904.09,78889.08,50526.07
Scenario 1,1499,5,Market Euphoria,299,TRADING,150994.47,2638493.52,161675.71,263029.57,496021.09,445564.19,425358.29,520099.13,748115.46,927811.28,453208.45,288170.37,1494424.78,20177.51,452331.05,42084.28,336175.93,492114.39,209197.61,44190.67,130224.34,458956.54,356307.87,383768.41,90993.24,109743.37,136461.53,208231.39,112228.28,163019.15,123829.68,220820.99,150129.97,89100.01,149266.38,221080.75,112160.71,1445799.48,19634.35,15790.36,124943.58,220039.97,158.95,1234575.10,4025284.85,32142.75,696512.68,468199.90,78669.75,50557.12
Scenario 1,1500,5,Market Euphoria,300,TRADING,150917.42,2636174.25,161999.99,262911.51,496345.98,445424.76,439162.00,517255.78,750117.61,926567.40,452899.30,288724.50,1495982.99,20191.69,453547.04,42126.63,336887.04,491575.67,209218.57,44116.01,130060.67,459937.10,357048.42,383714.09,89980.82,109809.80,136183.33,208015.53,112347.85,162783.36,123663.63,221889.69,150095.53,89071.28,149317.48,222488.17,112047.04,1444689.11,19637.32,15760.95,125262.66,220173.30,159.50,1234580.68,4014462.31,32132.82,697721.09,467903.35,82488.73,50578.25
Scenario 1,1501,6,Negative Shock,1,TRADING,150917.42,2636174.25,161999.99,262911.51,496345.98,445424.76,439162.00,517255.78,750117.61,926567.40,452899.30,288724.50,1495982.99,20191.69,453547.04,42126.63,336887.04,491575.67,209218.57,44116.01,130060.67,459937.10,357048.42,383714.09,89980.82,109809.80,136183.33,208015.53,112347.85,162783.36,123663.63,221889.69,150095.53,89071.28,149317.48,222488.17,112047.04,1444689.11,19637.32,15760.95,125262.66,220173.30,159.50,1234580.68,4014462.31,32132.82,697721.09,467903.35,82488.73,50578.25
Scenario 1,1502,6,Negative Shock,2,TRADING,151024.47,2630652.97,162534.46,261552.74,496263.60,444646.12,438308.29,515434.50,745615.22,924254.50,453074.01,289357.00,1493201.40,20195.23,453502.08,42089.05,336205.50,490625.15,208856.94,43946.99,129439.39,461093.55,357997.64,382149.21,90052.19,109820.81,136695.16,207551.65,112431.15,162080.29,123635.56,221935.39,149831.31,88999.66,149485.27,222901.13,112156.88,1445554.83,19593.76,15690.88,124385.45,221090.47,159.32,1238378.63,3996562.95,32081.60,700710.52,468218.86,82159.45,50174.06
Scenario 1,1503,6,Negative Shock,3,TRADING,151385.63,2636394.29,162741.94,261038.84,495402.25,444253.67,436164.12,517323.65,746977.91,932386.11,453251.43,288131.36,1494731.15,20173.59,454628.53,42154.28,336452.31,491784.10,208313.99,43831.38,130537.42,457847.75,356364.20,382761.35,90138.95,109450.67,136113.44,207678.06,112449.57,162793.66,123326.86,221900.76,149477.59,89228.68,149759.26,223072.66,112019.43,1445650.84,19572.84,15721.65,124331.14,221094.28,159.14,1236205.37,4007846.19,32056.31,700692.20,466697.27,82132.72,50352.13
Scenario 1,1504,6,Negative Shock,4,TRADING,151647.62,2634878.22,162619.38,260866.35,493234.52,444337.54,436586.53,517206.53,745247.66,936033.66,454703.14,289194.72,1486554.80,20218.87,454990.44,42134.62,336871.05,490704.87,208159.83,43914.80,131503.73,461034.93,358329.64,382166.25,90128.40,109366.71,136586.83,207841.16,112872.23,162195.45,123235.93,222398.13,149482.78,89250.47,149710.28,222167.19,111730.27,1445619.23,19603.70,15721.92,124177.02,219622.68,160.35,1231548.34,4002480.98,31983.20,702439.59,467867.05,81886.41,50781.55
Scenario 1,1505,6,Negative Shock,5,TRADING,151188.43,2639304.68,163145.76,261421.71,490764.99,444380.42,438091.47,518267.46,744428.05,930494.46,455646.84,288849.33,1485474.97,20247.33,453760.54,42143.03,335465.00,489504.99,208089.63,43912.65,131717.62,460866.27,359063.36,381359.42,89911.04,108759.07,136420.25,207870.60,112906.92,162058.39,122820.59,221517.51,149031.54,89387.23,149674.49,220779.77,111638.53,1448469.84,19602.18,15633.06,123323.96,218935.13,159.43,1227883.19,3979186.00,31968.80,702037.53,467065.83,81970.08,50728.86
Scenario 1,1506,6,Negative Shock,6,TRADING,150964.82,2636565.40,162244.47,261879.88,490152.58,444410.79,434606.78,519596.28,742928.57,928000.63,455022.59,288962.36,1482002.72,20228.81,452919.40,42104.88,334103.46,489611.64,207480.64,43822.12,131873.89,459414.71,355591.50,379962.33,89657.80,108256.04,136665.19,207675.29,112864.25,161326.14,122841.65,220573.67,149081.40,89281.97,149539.15,218393.42,111463.45,1449068.81,19517.54,15676.91,122285.87,219702.39,159.02,1224433.00,3965643.96,31906.02,699075.94,467061.66,81800.29,50512.63
Scenario 1,1507,6,Negative Shock,7,TRADING,150901.93,2653083.22,161945.58,262191.95,488264.91,444443.66,433905.26,520788.95,742586.10,927963.09,454535.01,290737.57,1484045.11,20191.19,450990.59,42089.99,336016.19,488986.09,207641.34,43804.67,130621.42,458830.90,356329.16,380192.76,89619.15,107661.94,136393.82,207632.83,112463.74,160268.19,122627.35,220429.87,148598.80,89032.78,149244.05,217732.42,111319.68,1445523.94,19450.28,15559.11,121411.94,219794.94,159.67,1226428.68,3950702.07,31817.95,698863.66,464648.22,81949.26,50510.74
Scenario 1,1508,6,Negative Shock,8,TRADING,150776.86,2650338.96,161633.83,261694.18,488286.65,444873.99,432238.95,518703.34,738192.56,931499.65,454679.00,290768.42,1480115.11,20143.34,451196.90,42043.91,335423.40,488598.25,207773.66,43726.05,130556.22,457984.84,358888.37,380030.24,89586.59,106998.32,136692.96,207237.07,112202.01,160175.40,122531.89,219646.95,149020.43,88807.09,149016.07,218829.89,111065.02,1441461.75,19517.51,15487.49,120123.58,220068.29,158.34,1224137.10,3938808.22,31791.53,698545.22,463632.08,81624.18,50654.95
Scenario 1,1509,6,Negative Shock,9,TRADING,150943.73,2659128.44,161717.64,260854.98,488824.73,443971.82,432952.04,515962.48,737261.43,927291.30,453852.35,290443.96,1480732.77,20080.52,450275.26,41894.03,333828.37,487299.65,207764.47,43713.14,130850.67,461501.95,356942.70,379793.64,89431.91,106767.65,137132.73,206552.36,112088.11,159756.56,122524.74,218612.17,148941.69,88203.18,148848.73,216957.58,110989.16,1438778.38,19484.60,15537.45,120374.42,219681.64,156.68,1226687.14,3923450.07,31775.01,698776.77,462944.41,81356.47,50804.66
Scenario 1,1510,6,Negative Shock,10,TRADING,150966.40,2652039.52,160821.53,259458.61,489890.82,443765.51,432688.90,514321.68,737958.50,927758.20,454968.67,289996.93,1483793.22,20040.09,449736.23,41941.70,333087.93,484208.22,207059.35,43647.62,129480.87,464392.30,353608.88,378678.22,89564.84,106712.07,137228.72,206291.25,112492.80,159322.10,122211.37,217447.29,148323.85,87995.60,148448.97,217454.82,110876.11,1438303.49,19491.90,15586.97,120666.09,218796.27,157.23,1228889.51,3919283.42,31704.54,698571.07,462593.92,81039.66,51010.12
Scenario 1,1511,6,Negative Shock,11,TRADING,150652.14,2663943.55,160121.14,259138.24,490208.45,444310.26,435108.86,511186.03,735682.00,921339.11,456168.97,291481.25,1479799.90,20024.38,450444.38,41898.64,333864.38,480138.59,207140.13,43559.65,128606.81,462387.81,352306.01,379544.91,89404.69,107145.99,138405.50,206450.63,112017.52,160696.47,121981.02,216518.30,148496.31,87967.16,148175.79,218374.70,110791.09,1436834.76,19587.32,15595.82,120849.68,218246.52,155.89,1223841.37,3913090.03,31679.74,697945.65,461231.40,80587.69,51077.51
Scenario 1,1512,6,Negative Shock,12,TRADING,150884.46,2648131.94,160062.66,258908.09,491252.87,443707.32,434987.83,508708.65,735470.31,916452.22,456044.52,291161.85,1481556.75,20022.34,447986.07,41864.44,332324.97,480440.22,205549.81,43443.90,128441.84,460181.41,352450.02,377110.63,89491.29,107429.00,137349.93,205877.34,112370.16,161201.49,121668.21,215837.53,148434.36,87648.36,148057.09,216716.22,110601.32,1435229.72,19613.39,15427.60,120422.82,218599.99,155.58,1227878.93,3919055.02,31684.19,695454.32,459648.16,80490.67,51091.94
Scenario 1,1513,6,Negative Shock,13,TRADING,150573.28,2651050.91,160129.46,258562.04,489563.18,442333.91,435800.91,509520.62,733796.94,912807.00,456039.25,292166.91,1480996.97,20023.72,448488.86,41869.59,332752.39,480576.60,205569.46,43247.35,128813.23,458040.77,351046.69,376964.14,89578.49,107005.61,137514.25,205809.94,111984.79,160929.53,121664.64,215437.89,148007.55,87818.90,147945.58,214869.40,110374.30,1432361.29,19654.91,15366.14,120087.37,218954.55,155.31,1221409.52,3912507.06,31690.80,693439.78,458421.28,80384.89,51210.52
Scenario 1,1514,6,Negative Shock,14,TRADING,150616.20,2643145.12,159354.67,258776.08,488580.06,442230.46,435828.03,506270.06,737402.03,907761.92,455596.32,292302.56,1484055.30,19980.76,449358.40,41869.42,333381.48,481105.78,205212.35,43119.25,128297.75,460490.73,350301.51,376851.68,89640.68,106716.47,137597.65,205600.58,111843.86,160757.50,121511.91,213605.00,147775.27,88016.91,147862.72,213703.64,109956.13,1430210.69,19607.94,15371.77,120020.07,218932.91,155.01,1226188.67,3900576.60,31631.36,691865.31,457983.66,80685.99,51418.73
Scenario 1,1515,6,Negative Shock,15,TRADING,150340.59,2648920.95,157905.54,258175.19,489197.06,442035.99,435934.95,508059.14,737589.86,903731.30,454992.72,292485.41,1480544.97,19943.94,448704.89,41814.09,333646.99,481477.02,205133.42,43069.16,128141.57,459020.59,348770.71,377532.10,89625.28,106639.23,137920.46,205717.25,111318.13,160801.90,121406.38,212420.89,148068.68,87592.44,147504.91,212326.95,109676.91,1430558.42,19583.00,15379.71,120167.90,217400.95,153.02,1221391.37,3918359.78,31581.09,691139.73,458075.68,80530.52,51497.13
Scenario 1,1516,6,Negative Shock,16,TRADING,149883.55,2645497.11,157075.90,257756.69,487676.05,442070.49,434412.27,508424.87,738324.73,899100.36,455555.69,291770.80,1484533.87,19879.21,447983.18,41807.65,332488.19,481909.40,204586.87,43015.31,127615.12,462144.77,347318.75,377494.64,89480.34,106014.25,137767.31,205736.57,110601.33,160969.73,121382.24,212663.72,147719.46,87446.39,147331.76,212201.91,109500.68,1426409.63,19565.44,15322.04,118862.44,217741.11,153.51,1227735.05,3884944.06,31515.19,688133.22,458737.86,80618.92,51301.08
Scenario 1,1517,6,Negative Shock,17,TRADING,149467.16,2624596.47,156349.41,257451.52,486071.39,441632.18,432414.57,505309.86,738880.41,894701.38,454392.48,292912.71,1483502.42,19855.23,447681.48,41751.65,331837.37,479779.52,204798.08,42926.59,127571.29,463830.91,346528.13,377548.10,89167.63,105553.27,138604.48,206021.40,110487.02,161789.62,120907.85,212047.43,147765.59,87492.81,147301.28,211079.10,109528.98,1426342.40,19535.99,15380.71,119446.08,217687.87,153.96,1224280.58,3883846.04,31553.34,684431.34,459084.54,80564.73,51401.81
Scenario 1,1518,6,Negative Shock,18,TRADING,149247.82,2650006.66,155901.31,257229.96,485474.74,440770.78,432400.61,506231.40,736409.24,895026.25,456371.11,290466.07,1479783.92,19835.50,447222.01,41745.20,330170.35,479957.62,203672.38,42829.90,126692.99,464908.42,343317.11,378058.32,88855.86,105642.19,137796.88,206290.95,110356.91,162013.09,120759.05,212611.43,147690.97,87428.98,147173.18,208588.19,109392.09,1427701.39,19446.23,15298.02,119906.94,217598.73,152.68,1220646.51,3886024.79,31556.34,685688.77,460173.34,80457.16,51418.86
Scenario 1,1519,6,Negative Shock,19,TRADING,148917.20,2618464.76,156470.66,256848.70,484033.86,440600.43,431379.20,504893.22,736794.10,892933.65,455665.92,291889.89,1472848.08,19785.89,447035.96,41713.38,330673.04,479759.68,204159.04,42816.85,127408.56,467867.75,342577.02,378378.70,88791.62,105798.16,137644.87,206549.19,110423.91,162072.51,120446.32,211589.64,147076.02,87430.51,147516.52,208475.39,109492.78,1429376.39,19401.10,15375.14,119774.65,217917.86,152.92,1217146.61,3880240.43,31558.93,685844.74,459926.96,80338.48,51596.88
Scenario 1,1520,6,Negative Shock,20,TRADING,148604.03,2613613.09,157174.19,256707.89,484241.54,439786.18,429637.47,503312.00,737460.17,891392.46,455493.50,291857.69,1473579.86,19776.05,445036.22,41686.10,331347.11,481180.21,203952.24,42714.41,127929.66,467062.29,342343.42,377856.38,88663.55,105685.91,138547.87,206696.35,109985.23,161973.07,119971.88,210724.22,147251.38,87707.76,147342.84,207429.59,109379.01,1426170.37,19424.04,15288.96,119761.22,218974.48,152.71,1224051.46,3864319.61,31536.84,683639.03,462088.30,80715.67,51669.31
Scenario 1,1521,6,Negative Shock,21,TRADING,148522.30,2617435.59,157644.47,255595.85,481777.47,438715.59,429066.73,501202.98,739341.70,891616.62,455373.52,292455.65,1479319.94,19753.85,444590.66,41677.91,330173.85,479615.94,203892.91,42712.85,128080.66,466041.79,342544.58,377956.05,88711.48,105259.21,138804.71,206465.52,110377.47,161379.13,119624.08,210250.28,146488.90,87562.24,147230.55,205902.12,109124.16,1425822.97,19500.77,15217.10,119980.52,219312.84,152.97,1225245.51,3850912.43,31456.44,679714.64,461043.33,80138.22,51668.44
Scenario 1,1522,6,Negative Shock,22,TRADING,148768.44,2615975.30,158173.34,254631.06,482647.39,436808.55,427939.93,501319.23,737511.10,893208.46,456977.87,293315.48,1476491.78,19740.90,444589.92,41661.58,331132.75,481479.91,204385.57,42719.66,126755.79,465972.38,343381.21,376977.97,88560.12,105594.40,138481.62,206137.87,110073.75,160835.99,119373.31,210777.86,146091.38,87672.74,147633.99,207088.99,108963.04,1427777.03,19518.39,15151.62,119658.33,220028.87,152.80,1222949.26,3848393.74,31434.49,682072.84,460095.42,79916.13,51817.84
Scenario 1,1523,6,Negative Shock,23,TRADING,148805.24,2631339.18,157501.36,254782.25,482318.64,434654.64,426388.45,502882.06,738533.39,894284.37,456990.85,293241.28,1479989.31,19735.74,445386.56,41698.37,331501.10,481147.20,204321.92,42719.82,126583.92,466805.67,342650.51,377099.04,88485.83,105990.00,139303.64,205682.57,109996.24,161787.21,119197.25,210290.80,145951.14,88100.07,147575.68,206700.81,108838.28,1425003.08,19551.92,15128.11,120071.89,220550.97,151.54,1223345.59,3875139.94,31431.37,681478.10,460381.70,80135.39,51404.14
Scenario 1,1524,6,Negative Shock,24,TRADING,148572.97,2647120.61,157448.91,254864.11,482174.70,434013.00,423262.34,500518.42,737736.30,907264.15,456984.92,290795.91,1473932.87,19735.72,445042.84,41659.98,332666.51,483026.89,204557.05,42674.05,127306.87,467300.01,341293.41,377445.22,88703.81,105970.69,139226.83,205284.49,109880.33,161569.65,119084.99,209945.10,145414.74,87804.87,147179.58,207308.35,108731.52,1426779.16,19532.57,15073.12,120049.80,220551.15,150.47,1220001.03,3865002.54,31405.29,682028.19,459359.40,80020.84,51281.78
Scenario 1,1525,6,Negative Shock,25,TRADING,148510.44,2665738.34,157555.08,255724.76,483172.49,433688.84,426142.06,501306.99,738438.41,905861.35,455280.34,289710.61,1467283.28,19727.71,443849.10,41673.40,331684.85,483054.42,204199.47,42577.77,127539.73,464866.06,342673.06,375495.63,88510.25,106735.90,138314.97,205645.52,109887.40,160703.24,118820.50,208774.03,145370.60,87321.84,146978.15,208947.90,108544.02,1425829.12,19537.42,15172.27,118999.99,219643.84,148.63,1222652.01,3868647.83,31400.84,681344.96,458518.51,80024.00,51276.97
Scenario 1,1526,6,Negative Shock,26,TRADING,148398.26,2669887.59,157807.68,255449.20,481674.36,434296.56,427388.10,498586.24,742027.01,901543.05,456290.25,289389.39,1461437.74,19692.71,444050.60,41853.51,332617.05,482163.86,204675.89,42455.36,127908.73,464788.88,342319.68,375784.26,88638.51,106386.80,137593.93,205537.90,110187.97,161620.42,118917.58,208590.47,145122.97,87384.28,146970.25,209012.89,108477.88,1425549.75,19450.88,15131.01,118595.72,219270.98,147.89,1221046.63,3868553.00,31378.67,678936.29,458884.88,79681.23,51424.28
Scenario 1,1527,6,Negative Shock,27,TRADING,148392.73,2690251.94,156575.88,254934.49,481841.29,434505.24,425057.16,496413.47,741391.01,900103.09,456677.71,288361.79,1459222.53,19616.58,443066.95,41881.49,332792.30,483058.81,205378.69,42428.97,128269.00,463497.79,341290.16,374816.15,88528.34,105581.15,137764.83,205615.46,110411.98,161645.65,119001.82,207378.76,144334.43,86931.27,146715.01,208383.24,108472.76,1427414.70,19401.29,15114.53,117992.98,218948.15,147.85,1217863.87,3888346.99,31355.17,677743.64,460272.06,79452.07,51260.48
Scenario 1,1528,6,Negative Shock,28,TRADING,148272.89,2679109.37,156852.87,255428.42,482499.87,434810.68,425906.60,496325.60,738917.11,898226.36,457813.24,286976.24,1457966.42,19629.66,443600.45,41991.77,333060.78,483252.36,205337.00,42380.23,128342.11,461706.09,342415.09,374843.73,88479.10,105110.97,137789.64,206075.42,110439.84,161804.26,118984.62,207149.41,144207.42,86847.83,146405.05,209219.72,108467.88,1428500.99,19381.89,15089.81,118708.51,218526.75,147.44,1221336.19,3889900.45,31355.13,678918.64,462482.47,79510.77,50902.08
Scenario 1,1529,6,Negative Shock,29,TRADING,148951.45,2672178.69,155573.17,255267.13,481684.20,434215.72,425291.81,498499.15,739641.48,892422.49,459132.19,286851.87,1461295.23,19603.66,443751.68,41864.19,331682.20,483152.85,204686.23,42422.49,127793.63,458659.33,343295.90,373403.92,88366.77,104830.93,136149.66,206064.63,110367.75,161139.69,119115.26,207702.48,144206.77,86581.93,146456.26,208198.66,108393.02,1431031.37,19337.30,15092.89,119133.57,218263.45,146.12,1219564.04,3862467.84,31387.53,677623.29,461091.90,79285.60,50600.10
Scenario 1,1530,6,Negative Shock,30,TRADING,148790.81,2671791.92,156185.99,254845.18,479970.14,435017.87,424882.56,497100.78,740608.78,892541.73,458907.28,286262.06,1455160.40,19606.10,443978.10,41898.29,331810.25,483036.27,204499.79,42325.20,127416.38,454950.04,343078.40,373609.76,88306.82,104489.89,136023.85,205618.61,110525.52,161210.33,119003.81,207863.78,144304.62,86705.01,146646.04,207197.21,108384.44,1428872.98,19329.69,14940.86,118572.37,217530.17,144.75,1218376.86,3850182.90,31378.74,678114.50,463427.88,79612.44,50907.29
Scenario 1,1531,6,Negative Shock,31,TRADING,148759.29,2647632.48,155570.39,254917.71,479909.32,435014.28,424780.45,497013.99,740989.97,892965.65,459089.86,287346.59,1451877.98,19571.52,444663.42,41793.94,333046.66,483161.97,204239.26,42240.48,127686.03,455323.71,343520.10,372126.80,88318.47,104246.81,136618.12,205633.10,110229.55,162227.33,118954.74,207959.29,144411.63,86815.68,146470.46,205867.86,108331.57,1428129.67,19362.67,14808.21,118534.27,217109.93,143.97,1221258.67,3852314.77,31304.25,677682.02,464048.27,79519.79,51122.60
Scenario 1,1532,6,Negative Shock,32,TRADING,147961.16,2631316.53,155079.44,255269.81,478125.87,434480.14,425331.10,496691.87,742879.18,891752.71,458832.70,287210.64,1456960.92,19596.88,446531.57,41757.80,332641.65,480750.19,203965.54,42186.39,127580.88,454764.85,342782.63,373582.01,88286.81,104057.50,136966.01,205796.28,109903.16,163752.01,118883.02,207573.58,144540.23,86984.71,146584.09,204550.52,108306.60,1425521.17,19310.31,14804.64,118617.58,217886.76,144.71,1217038.41,3845661.68,31286.20,675836.92,465310.53,78907.24,50851.43
Scenario 1,1533,6,Negative Shock,33,TRADING,147391.31,2632668.07,156281.82,254868.99,476920.59,434024.86,425848.89,497247.67,741309.66,891479.24,457893.55,286971.63,1454982.89,19544.70,446054.62,41652.63,331389.21,479409.66,203721.94,42218.25,126244.26,455095.17,342644.63,372274.76,88410.09,104199.58,136414.76,206202.29,109731.37,162886.23,118592.81,208038.87,144498.25,87119.63,146440.36,202821.62,108263.92,1425435.73,19375.20,14857.01,118366.33,217539.34,145.06,1218254.60,3836665.90,31305.94,674299.19,464375.45,78897.11,51160.35
Scenario 1,1534,6,Negative Shock,34,TRADING,146883.08,2628496.67,155945.27,254572.41,477497.12,432531.84,423450.19,498399.79,741616.54,893216.52,457484.33,288145.56,1457949.30,19584.96,443875.67,41770.90,332149.72,477071.23,204005.09,42256.81,126185.34,456674.72,340483.97,373464.78,88467.97,104315.20,136358.34,205528.44,109426.67,161973.51,118581.89,207536.02,144467.65,86877.11,146342.62,201132.91,108174.83,1425205.07,19300.56,14938.95,117782.78,218710.36,144.78,1218328.33,3830254.61,31371.30,673795.85,462363.93,79083.29,50956.65
Scenario 1,1535,6,Negative Shock,35,TRADING,147251.02,2620094.04,155898.19,255390.33,476327.86,433897.23,422340.42,498121.87,742905.35,890496.27,456415.36,290300.86,1460331.96,19580.84,444611.51,41728.48,332864.08,477416.97,203204.59,42217.03,125534.21,459705.22,340960.68,373853.60,88656.91,104861.81,136199.31,205596.51,109172.29,161435.78,118752.30,205697.05,144590.01,86856.30,146018.72,200875.66,108196.73,1428595.79,19299.64,15032.64,117393.67,218843.71,144.06,1219459.87,3837746.16,31279.25,672703.76,462413.66,78472.40,50754.46
Scenario 1,1536,6,Negative Shock,36,TRADING,146800.98,2611677.61,155101.85,254384.26,476869.45,434088.21,422745.52,498685.21,742286.40,880859.28,456339.98,291668.23,1460195.99,19555.01,447422.50,41717.00,333591.48,476034.39,203189.77,42184.67,125226.88,462933.67,342344.88,373739.17,88599.70,104790.31,136232.28,205636.69,109025.28,161698.96,118646.84,204171.88,144551.55,86871.81,146094.03,202535.34,108265.33,1429125.28,19314.28,15116.36,116460.95,219413.13,144.16,1213286.13,3829959.52,31247.76,674134.39,462429.99,78128.48,50620.17
Scenario 1,1537,6,Negative Shock,37,TRADING,146560.42,2610706.27,155745.72,254803.07,477314.80,435114.40,423385.97,499878.43,741962.85,873831.68,455547.05,291524.34,1457002.08,19532.25,445257.82,41716.78,332787.95,473892.81,202989.15,42180.60,124907.62,461404.84,343497.20,374617.69,88664.30,104463.10,136141.77,206056.55,108612.21,162626.83,118707.29,204312.44,144904.82,86718.38,146510.60,203291.74,108129.88,1426942.43,19333.50,15070.66,117511.74,219207.34,142.93,1218368.15,3835017.50,31239.72,674541.55,463712.16,77851.43,50139.71
Scenario 1,1538,6,Negative Shock,38,TRADING,146080.66,2602029.72,156167.76,254473.73,480941.62,435009.40,423405.76,497490.46,741138.17,873340.40,455677.66,291074.10,1454722.15,19502.02,444644.51,41798.15,333849.13,472630.78,203299.18,42084.77,125181.36,462043.39,343188.64,374823.61,89001.43,104288.13,136447.28,206086.15,108661.10,162533.85,118794.61,204327.08,144666.25,86646.51,146008.04,202590.74,108150.74,1426041.44,19352.10,14946.15,116602.23,219293.99,141.47,1223562.57,3829249.68,31181.81,674142.70,464291.18,77585.21,49986.66
Scenario 1,1539,6,Negative Shock,39,TRADING,145840.90,2600631.65,156033.38,254588.22,482701.01,435764.19,425436.87,497874.33,738907.36,876601.46,456175.46,291084.59,1453629.11,19506.41,446917.42,41783.31,333957.03,471982.48,203195.22,42185.33,123935.53,461693.40,339521.69,375451.66,88916.74,104105.76,136987.71,206432.03,108862.29,162089.03,118817.00,204563.59,144985.69,86535.38,146346.48,203627.60,108219.93,1429044.05,19390.84,14956.47,116152.84,218975.62,141.78,1218265.21,3827501.77,31157.31,673727.93,464430.96,77523.54,50225.86
Scenario 1,1540,6,Negative Shock,40,TRADING,145542.30,2612523.85,156120.58,255014.53,480529.74,436564.28,422393.75,498083.00,736287.16,871516.57,457139.66,290880.74,1456060.92,19520.42,447464.97,41823.41,334359.56,471161.00,203669.53,42195.15,122922.01,462226.53,336315.06,375341.83,88946.45,104564.17,137555.88,206505.69,109096.20,161565.70,118685.08,204078.97,145468.51,86352.18,146501.42,203688.37,108349.31,1430906.05,19373.31,14884.91,115503.24,219784.20,142.08,1220439.26,3807176.16,31202.72,675170.93,465504.56,77520.55,50462.09
Scenario 1,1541,6,Negative Shock,41,TRADING,145226.41,2606993.78,155855.42,254853.14,481090.90,435897.81,422538.46,496984.16,736673.45,874413.44,456636.30,290547.64,1457289.21,19500.56,447104.98,41852.26,335502.87,469985.01,203804.93,42265.70,122824.07,463056.74,337028.38,376658.06,89179.23,104249.24,138359.08,206756.94,108869.52,161829.91,118841.79,204270.31,145882.13,86562.48,146368.05,205654.10,108320.16,1430958.19,19387.46,14903.05,117107.59,219383.43,142.44,1221377.73,3806180.74,31181.64,671974.61,467169.10,76929.07,50553.36
Scenario 1,1542,6,Negative Shock,42,TRADING,144896.02,2604106.55,156694.27,255673.63,478498.74,436645.74,421112.56,497366.04,735436.15,875405.98,456006.56,291276.16,1456108.81,19495.80,444168.37,41918.18,334550.91,468388.48,204248.37,42263.51,121650.50,465514.82,337252.84,377501.94,89105.35,104363.90,137100.77,207403.50,108701.40,161132.87,118906.89,205032.14,146208.45,86591.29,146126.82,204728.74,108442.74,1430499.38,19461.61,14905.29,118107.82,218860.62,142.70,1223699.19,3798029.36,31152.83,671573.28,467598.47,77170.14,50732.34
Scenario 1,1543,6,Negative Shock,43,TRADING,144531.88,2597316.67,156682.13,255004.54,478429.11,437232.49,421441.63,496025.35,736025.32,871108.49,456100.89,291728.52,1457082.19,19498.43,443364.37,41923.53,335449.64,468673.16,205365.75,42309.27,121849.51,463907.65,337753.60,377649.51,89171.70,104211.33,137619.93,207483.61,108729.45,162050.10,118840.36,206163.14,146600.82,86558.93,146043.53,205747.11,108392.47,1430339.70,19467.05,14865.77,118364.96,219754.55,142.19,1222096.04,3800510.17,31119.28,672065.03,468500.19,77185.77,51059.80
Scenario 1,1544,6,Negative Shock,44,TRADING,144932.03,2617096.61,155860.74,254923.52,480053.23,438099.99,422182.26,499309.58,735377.94,876784.36,455522.81,292965.31,1454507.88,19471.75,444284.14,41860.70,335015.16,467849.31,205346.26,42237.40,121873.73,461435.20,339035.79,378584.39,89506.15,104616.47,137612.04,207513.23,108757.11,161729.26,118946.44,204699.90,146771.72,86572.64,145852.10,205245.71,108531.84,1431904.48,19399.83,14845.68,116609.91,219890.32,142.19,1225342.09,3791277.49,31154.84,673922.08,467597.19,77479.83,50872.38
Scenario 1,1545,6,Negative Shock,45,TRADING,145463.22,2626025.84,156876.63,254330.30,480629.77,437345.11,423890.26,499741.88,732267.99,876886.70,457498.84,293259.48,1457598.83,19492.04,444325.34,41901.60,335627.16,465606.42,206575.11,42294.30,121612.35,464244.80,337844.42,378461.12,89537.75,104403.15,137463.32,207281.85,108801.79,162029.22,118897.41,203325.95,147076.88,86958.91,146278.57,206793.90,108482.68,1432833.86,19462.67,14949.44,116757.40,219950.65,141.32,1222576.22,3798184.62,31146.12,674123.58,469555.62,77119.19,50877.95
Scenario 1,1546,6,Negative Shock,46,TRADING,145389.45,2619730.32,157084.26,254053.92,480697.47,438295.84,421915.40,500850.78,731405.69,881544.57,457787.89,292250.69,1455065.59,19505.58,445237.17,41822.01,335529.77,464069.90,206819.39,42324.39,122467.13,465221.85,336994.36,377902.15,89588.84,104342.56,137382.71,207192.28,109198.04,161384.00,118888.27,204644.41,146536.03,87165.35,146328.33,210376.23,108454.37,1435003.52,19388.97,15087.61,116781.30,220335.53,140.64,1224382.18,3815274.81,31137.69,672799.85,470103.77,77283.58,50906.99
Scenario 1,1547,6,Negative Shock,47,TRADING,145146.60,2620542.09,156716.23,254670.27,481186.80,439606.42,420611.75,498353.07,729650.22,878570.63,458350.53,294068.81,1451643.49,19507.77,443333.61,41800.36,336939.22,465802.56,208050.14,42281.11,123312.54,464435.06,336213.16,379224.60,89610.29,104540.10,136891.68,207220.33,109053.22,162413.26,118914.83,205040.22,146333.49,87174.29,146415.66,209885.00,108532.65,1432195.73,19335.84,15092.95,117397.12,219603.52,141.53,1225677.41,3820223.19,31157.50,674229.98,471222.44,77576.90,51022.47
Scenario 1,1548,6,Negative Shock,48,TRADING,144997.44,2628777.74,156603.15,254889.75,482587.86,439302.21,422777.85,497818.49,730967.82,872820.99,459674.12,295089.87,1459089.80,19517.64,445101.17,41700.87,335885.49,463773.93,208341.96,42339.58,124337.54,462614.83,337121.51,380767.28,89534.94,104469.82,136254.37,207439.19,109598.55,162542.06,118896.61,204814.61,146351.50,87269.79,146326.61,208869.03,108590.48,1436294.51,19314.46,15110.88,116385.62,219718.47,142.16,1225445.03,3830579.81,31175.60,676372.19,472032.11,77655.47,51060.35
Scenario 1,1549,6,Negative Shock,49,TRADING,145417.62,2623019.35,157143.73,255415.89,482487.81,440426.78,423203.01,495677.29,728677.75,878195.29,459441.63,296493.22,1454135.38,19529.62,444753.94,41721.14,336465.49,463233.47,209098.73,42334.38,123855.60,463932.34,338720.27,381005.07,89775.53,104736.61,136891.26,207864.33,110062.48,162901.89,119029.53,204493.40,147022.46,87655.94,146296.27,208645.12,108593.14,1438766.21,19402.02,15046.92,116524.16,220127.77,141.93,1228938.17,3818696.62,31200.45,676039.41,472848.15,77225.08,50910.06
Scenario 1,1550,6,Negative Shock,50,TRADING,145359.03,2628702.80,156812.14,256032.22,482748.08,441039.31,424200.83,496613.01,728748.89,875010.85,459849.39,297249.39,1451186.68,19533.38,445128.45,41666.55,336164.15,462331.52,208949.74,42405.24,124784.52,464951.40,337355.81,381244.39,89725.90,104621.26,137025.45,208428.73,110058.29,163168.86,119341.55,204931.65,147245.70,87743.55,146118.83,209848.45,108744.11,1437979.33,19419.04,15052.23,116153.85,219757.92,141.72,1232837.10,3798355.41,31182.14,675169.49,474697.63,77393.15,50701.85
Scenario 1,1551,6,Negative Shock,51,TRADING,145762.57,2602219.75,156012.18,257566.54,480884.50,440844.28,423900.23,497621.93,733599.91,874893.62,461178.08,296517.10,1452256.46,19573.55,444777.70,41707.05,337701.62,461256.78,208417.22,42453.08,125618.08,467411.66,336665.66,381291.04,89747.65,104710.60,137165.21,208421.12,110439.19,162854.59,118957.49,204437.08,147481.08,87480.77,145822.52,212239.39,108748.37,1438680.51,19476.33,15061.32,117227.99,219926.47,140.97,1232464.55,3802534.01,31191.12,675308.03,475020.34,77268.63,50518.04
Scenario 1,1552,6,Negative Shock,52,TRADING,145485.95,2599715.99,155055.96,257643.93,481637.35,439976.12,425354.64,498969.65,736365.47,877847.51,460734.68,296207.65,1454684.05,19608.26,445223.28,41646.57,339482.03,463176.72,208810.02,42397.55,125904.34,469152.84,334519.13,381297.36,89845.10,104631.79,137221.40,208380.59,110664.67,162978.72,118899.98,204259.52,147551.43,87569.52,145731.40,212782.04,108777.04,1438470.39,19489.38,14916.11,116636.18,219860.73,141.71,1229548.50,3813845.35,31200.05,675839.61,477126.48,77423.65,50691.16
Scenario 1,1553,6,Negative Shock,53,TRADING,145348.80,2618620.72,154449.21,256140.35,480210.95,440000.55,424589.18,496517.38,735788.61,873688.33,460459.10,297251.10,1458819.93,19581.36,444903.41,41630.22,340103.17,460011.87,208486.98,42400.24,126481.09,470136.03,335626.51,381165.94,89946.90,104750.90,137312.25,208149.88,110209.84,163869.44,118819.91,204522.63,148020.41,87464.37,146232.91,212758.40,108824.92,1440470.48,19489.08,14920.14,116898.94,219329.25,143.63,1230045.89,3827282.11,31223.31,673416.41,476161.92,77398.30,50775.25
Scenario 1,1554,6,Negative Shock,54,TRADING,145680.22,2621883.69,155333.85,255168.33,479671.52,439782.42,422088.20,494702.26,734642.61,878411.62,460633.64,297806.75,1460230.38,19605.39,442986.26,41609.67,337727.42,458208.30,209378.27,42259.52,125968.37,470871.94,333335.20,380993.64,89911.76,104436.87,137911.82,207342.27,110297.54,163954.81,118944.44,204995.10,148523.02,87078.92,145988.93,212759.70,108558.58,1436372.97,19563.59,14965.03,117153.61,220328.60,144.71,1227276.29,3821329.10,31234.16,674994.82,475691.97,77086.17,50899.93
Scenario 1,1555,6,Negative Shock,55,TRADING,145436.40,2606415.14,156042.49,255724.03,477704.88,439327.18,423460.36,491450.79,737827.92,877179.36,460258.08,299294.49,1458082.72,19555.82,441195.43,41614.76,337275.18,458952.63,209256.87,42263.44,125839.64,467906.53,335910.58,380586.56,89857.10,104502.56,136564.35,206870.67,110366.95,163256.90,119265.30,205695.70,148449.43,86741.22,145949.46,212890.06,108681.46,1433211.05,19647.04,15009.41,116810.11,220328.91,145.65,1224904.09,3812950.76,31180.34,677321.52,476419.63,77232.09,50826.40
Scenario 1,1556,6,Negative Shock,56,TRADING,145264.82,2602109.28,156190.85,255716.64,477972.75,438769.63,424278.20,489581.92,739813.12,883135.74,460466.57,300039.62,1456854.61,19553.82,441266.75,41614.04,336837.45,456385.27,208644.13,42333.32,125236.07,467875.26,336454.17,379668.51,89792.64,103977.46,136256.84,206816.16,110002.53,162673.07,119097.87,205707.35,148268.02,86395.92,146278.36,212033.92,108679.41,1431795.65,19606.62,15001.35,117419.50,219416.70,145.17,1223787.87,3802730.69,31195.21,675328.25,475373.43,76752.12,50932.74
Scenario 1,1557,6,Negative Shock,57,TRADING,145519.89,2610449.34,156249.06,255995.16,477856.96,438105.21,421443.63,490453.63,740464.36,881881.06,461719.05,298840.10,1447008.96,19528.78,440865.22,41600.97,337512.91,454203.58,207855.71,42407.05,125311.16,467668.20,335718.93,379772.20,89542.07,103959.50,137013.90,206489.19,110255.05,163358.13,118869.17,205483.55,148163.86,86348.52,145901.15,210416.16,108475.85,1433911.98,19560.02,14968.63,116951.57,218492.43,145.15,1217741.83,3795364.94,31170.95,674033.43,472891.37,77005.73,51079.95
Scenario 1,1558,6,Negative Shock,58,TRADING,145704.67,2622268.90,156886.99,255980.30,476556.41,437567.36,420174.70,489348.67,741495.08,879023.29,460790.52,299445.47,1449181.16,19511.07,441003.07,41508.95,339142.62,451188.53,207591.87,42443.31,125354.68,468138.85,332942.22,379906.27,89315.97,104290.67,137098.62,206118.58,110029.92,162904.98,118562.88,205587.44,148014.15,86014.57,145927.27,211647.31,108361.22,1433180.95,19584.61,14954.90,116304.95,218604.37,145.30,1214829.20,3816314.87,31065.32,672320.54,471241.69,76479.42,51167.05
Scenario 1,1559,6,Negative Shock,59,TRADING,145261.91,2617149.66,157883.00,254580.94,474867.09,436516.97,416415.98,488454.16,740883.53,874413.72,460173.87,298648.55,1443272.26,19509.50,440435.91,41450.45,339594.16,450024.74,207558.85,42348.39,125566.71,466232.54,332195.52,379524.62,88959.79,104461.46,137716.49,205428.56,109982.58,162335.46,118275.04,206481.35,147635.48,86284.43,145751.80,211437.32,108142.79,1432381.50,19561.30,14752.24,116433.73,218266.97,144.70,1216037.23,3816753.02,31041.40,673517.50,471215.17,76454.72,51180.76
Scenario 1,1560,6,Negative Shock,60,TRADING,144666.72,2608614.65,158016.07,253067.76,474139.53,436460.44,417332.13,490399.71,737673.91,873982.43,459241.88,299186.03,1441735.30,19464.20,438584.44,41412.83,338235.34,449046.66,207143.90,42336.69,124178.75,462714.23,330313.03,377778.08,88742.60,103864.07,137553.95,205012.00,110113.85,162012.39,117853.85,205137.87,147645.93,86559.29,145722.82,210876.91,108043.09,1433665.24,19551.48,14629.92,116501.61,217391.37,144.50,1212484.16,3810920.61,30904.46,672470.51,470956.20,76125.05,50723.61
Scenario 1,1561,6,Negative Shock,61,TRADING,144633.24,2615241.21,158125.79,252067.32,471604.23,435644.43,416858.23,487472.51,737550.11,879352.85,458375.21,297811.16,1437824.00,19421.20,439253.03,41314.77,338909.54,447998.79,206624.73,42233.84,124113.75,461527.61,328835.06,376385.66,88589.82,103568.42,137273.98,204820.23,109801.36,161884.16,117536.06,204090.30,147133.86,85854.98,145611.49,209829.08,107652.88,1432996.86,19450.70,14731.07,115818.20,217354.81,144.28,1204237.57,3817058.12,30769.01,672203.59,469719.25,76472.65,50723.54
Scenario 1,1562,6,Negative Shock,62,TRADING,143914.30,2622646.89,157259.26,251306.58,470214.82,435034.34,413310.48,487380.12,734883.55,886902.87,456932.96,297060.37,1433985.67,19438.23,437020.29,41163.39,337365.39,446222.01,205804.28,42209.58,122690.28,462684.83,327363.60,373413.02,88299.31,103830.56,137591.23,204416.97,109703.12,161226.06,116863.41,203145.12,146768.97,85675.43,145320.59,207508.55,107488.90,1428817.53,19435.37,14660.43,114790.88,216692.79,144.89,1202241.46,3807426.47,30650.84,669627.70,467305.84,76303.52,50581.44
Scenario 1,1563,6,Negative Shock,63,TRADING,144093.55,2608180.96,156788.16,250574.71,468042.70,433751.15,411965.88,488205.00,737289.90,889665.63,454933.06,294684.84,1434237.36,19356.02,434623.74,41123.81,337963.55,441212.17,205309.57,42221.02,122705.96,463091.15,328663.07,373779.12,88060.50,104361.96,138071.52,203871.95,109472.26,159999.48,116499.69,202329.49,145853.28,85392.50,145414.30,207433.17,107178.82,1423351.44,19417.70,14680.65,114563.54,215591.79,144.50,1201215.70,3814190.71,30500.91,667876.56,466077.50,75793.95,51026.96
Scenario 1,1564,6,Negative Shock,64,TRADING,143535.54,2621413.02,156223.17,249677.42,466525.76,433876.08,411926.07,486071.40,732371.39,885357.86,453329.37,293820.84,1428574.68,19312.66,435143.03,41089.52,339288.75,440130.26,204638.79,42141.97,123060.36,461466.53,328490.81,371847.51,87786.65,103952.00,138036.03,203499.60,109448.40,159017.36,116254.28,203803.58,145958.99,85222.21,144948.53,208152.53,106835.18,1420129.80,19372.53,14726.51,113784.54,214929.13,144.39,1201561.95,3815297.33,30371.68,665953.60,464344.23,75806.91,51354.66
Scenario 1,1565,6,Negative Shock,65,TRADING,142842.15,2605971.54,156099.23,247649.46,466553.13,433515.72,412238.23,485189.63,731940.28,885051.08,453777.45,293316.44,1424765.53,19253.27,435006.34,41038.52,336183.34,439204.19,203756.51,42070.30,121923.09,460358.27,326945.87,370557.72,87520.14,103957.34,138444.44,203026.35,109499.60,158995.76,116125.95,202154.26,145824.60,85034.80,144621.83,207877.24,106532.08,1419185.61,19317.33,14771.28,113484.24,214091.96,143.39,1192461.51,3779783.25,30263.77,665115.21,463126.14,75325.89,51394.86
Scenario 1,1566,6,Negative Shock,66,TRADING,142397.34,2601889.51,155816.41,248132.44,465537.02,432865.04,410095.97,482752.10,730945.38,883409.09,451594.99,292983.09,1411974.11,19211.05,432991.54,40965.35,334046.78,437776.94,202758.44,42093.40,123445.71,462119.97,326400.73,370072.33,87375.96,103473.28,137504.99,202280.10,108933.93,158477.15,115854.90,201720.87,145912.82,84878.20,144291.03,207053.78,106269.06,1417197.34,19294.16,14650.43,112411.25,213403.83,143.83,1193662.91,3797124.35,30200.53,664764.37,462630.47,75334.37,51523.90
Scenario 1,1567,6,Negative Shock,67,TRADING,142436.73,2612750.33,154769.42,247124.17,464749.11,431309.47,408250.45,481744.72,728129.42,875402.89,450803.18,292344.21,1409247.76,19167.92,432909.44,40917.17,332175.06,437263.51,202481.30,42053.52,123630.26,461051.33,327993.09,370262.47,87229.31,103256.86,137364.51,202224.28,108400.67,157934.46,115791.34,199528.95,145377.68,84681.24,144019.83,204742.86,106045.75,1415085.99,19321.81,14681.48,112546.90,213346.57,143.43,1195577.29,3782639.52,30152.45,664447.42,462749.82,75176.34,51707.86
Scenario 1,1568,6,Negative Shock,68,TRADING,141931.88,2615658.15,153636.11,247255.43,464599.49,429654.61,407008.39,479634.04,725138.31,874692.62,449779.22,290799.74,1404590.81,19098.43,431096.69,40831.82,332728.83,438286.17,201748.60,41764.18,123140.78,463491.20,327900.44,369817.22,87247.50,103042.30,136377.85,202282.61,108178.57,157391.83,115558.87,199845.09,145069.06,84398.42,143761.89,205986.17,105651.56,1411577.36,19364.60,14596.88,112437.24,213694.87,141.10,1188621.15,3773242.85,30064.24,664459.61,461271.41,74724.03,51859.84
Scenario 1,1569,6,Negative Shock,69,TRADING,141879.36,2607281.16,154613.97,246639.12,463881.13,428301.02,402223.56,478057.81,722678.47,872377.78,448930.80,291201.20,1405311.65,19096.50,430704.02,40863.36,334834.78,435629.93,201041.97,41623.50,123217.27,466340.15,329704.25,369101.66,86919.30,102751.84,135448.01,201672.10,108599.02,156543.24,115606.82,198692.77,144531.59,83876.24,143308.06,204049.45,105635.32,1407806.26,19258.93,14601.71,111120.17,212870.69,141.14,1184608.21,3777248.44,30055.88,664982.29,460271.93,74668.63,51984.24
Scenario 1,1570,6,Negative Shock,70,TRADING,141009.22,2582849.16,152729.61,247113.49,461523.01,428652.24,402985.09,476983.72,719552.62,871608.47,448149.80,290629.02,1398717.47,19058.38,431255.00,40831.74,333713.02,435340.00,200316.61,41470.44,122467.41,464582.49,326128.79,367739.59,86522.68,102041.37,135962.46,201019.19,108699.42,155868.78,115375.93,198008.67,144247.88,83991.57,142928.92,204410.85,105243.69,1400523.41,19292.08,14535.98,110061.50,212831.52,140.86,1178584.56,3757608.94,29909.06,663373.74,460694.40,74256.04,51863.21
Scenario 1,1571,6,Negative Shock,71,TRADING,141160.32,2562767.00,152198.99,246284.45,459905.10,429183.01,400409.81,475843.23,718275.27,871325.06,446981.30,288653.26,1396756.58,19044.42,428533.00,40723.46,333787.88,435442.41,199928.72,41352.85,123170.33,464173.55,325709.00,367256.25,86160.28,101304.34,136363.35,200539.12,108839.91,155520.46,115123.74,197905.36,144047.94,83853.68,142551.42,202185.04,105118.80,1400353.07,19324.55,14583.25,110731.73,211546.85,141.66,1180857.17,3730779.11,29740.49,661091.27,459020.26,74564.22,51458.31
Scenario 1,1572,6,Negative Shock,72,TRADING,140538.06,2555928.69,152935.09,246764.05,456729.01,428332.83,400796.59,475128.62,717538.17,865438.25,446711.24,287170.21,1391016.90,19012.20,426472.02,40630.70,333751.76,432643.21,200113.35,41213.14,120906.81,462548.21,325897.36,367702.95,86029.35,100919.55,137013.59,200071.69,108550.23,154786.97,114948.65,196559.08,143021.63,83656.75,142415.14,201055.20,104733.61,1392601.36,19311.57,14555.21,112619.53,211409.62,140.70,1178733.37,3719348.47,29685.02,660396.01,460652.24,74490.28,51266.20
Scenario 1,1573,6,Negative Shock,73,TRADING,140624.09,2546383.34,152765.57,247562.52,454874.18,427334.31,399685.36,474600.13,718412.66,866892.47,444944.67,286554.96,1387690.95,19000.43,424784.07,40607.42,332044.86,428926.18,200565.56,41212.36,120458.41,459721.64,325245.74,367649.66,85888.10,100611.03,136276.72,199557.52,107915.99,154638.05,114677.87,195599.66,142974.78,83320.41,142190.29,201760.19,104517.27,1391718.73,19274.73,14533.62,113094.26,209745.47,140.05,1170430.45,3685412.57,29600.92,657899.01,459768.81,74035.04,51481.53
Scenario 1,1574,6,Negative Shock,74,TRADING,140321.69,2541153.40,152177.56,248016.46,451485.43,426694.72,397976.33,474096.01,714726.33,863605.32,445763.02,286617.26,1392210.49,18983.07,422901.39,40561.85,329132.29,428490.42,199996.04,41142.94,119788.47,460554.98,326703.71,368217.65,85792.01,100652.37,136314.87,199029.32,107724.62,153956.80,114447.83,195754.29,142477.97,82984.30,142268.39,202238.57,104167.48,1394986.14,19175.82,14444.60,112898.86,209910.38,139.91,1167284.00,3682397.27,29603.72,657335.55,459287.79,74232.91,51129.40
Scenario 1,1575,6,Negative Shock,75,TRADING,140763.99,2540719.06,152338.09,247551.59,450693.14,425237.19,396627.99,472513.34,713364.12,857475.14,444292.92,283787.64,1390214.66,18904.49,421409.64,40541.77,328168.69,424455.23,199761.51,41094.82,119291.84,458706.53,324816.06,367610.40,85797.17,100180.43,136914.35,198833.67,107113.03,153629.26,113978.95,194459.30,142379.33,83076.66,142025.78,201628.27,103917.73,1392117.76,19101.52,14454.73,112661.65,209025.19,140.26,1168116.03,3672056.08,29500.70,657234.46,457094.97,74089.00,50894.81
Scenario 1,1576,6,Negative Shock,76,TRADING,140453.61,2522512.03,151318.90,247138.52,447780.91,423915.09,396717.68,471066.18,712784.38,851122.45,442765.94,285033.14,1384959.84,18853.20,419875.81,40423.91,326797.46,424178.49,199291.37,41003.57,119017.18,460503.73,323909.18,367708.81,85648.63,100220.70,136461.99,198632.58,107158.82,152944.51,113791.33,194208.91,142253.28,82920.96,141634.29,202388.74,103763.88,1389182.38,19051.47,14355.56,112177.35,208883.00,140.76,1159863.21,3671783.20,29479.44,657138.81,455960.72,73817.26,50893.67
Scenario 1,1577,6,Negative Shock,77,TRADING,140149.83,2512999.16,150433.87,246695.67,446273.97,424640.47,396968.55,468846.76,709858.13,847432.62,442556.41,284964.17,1382615.12,18822.07,418079.37,40428.42,326773.02,422036.17,200211.27,40831.92,118642.46,458775.10,322586.45,366166.56,85702.50,99980.01,136488.97,198828.50,106777.20,152558.65,113581.63,193400.68,141831.95,83128.34,141843.43,201967.78,103777.09,1384732.86,18977.49,14249.89,111208.85,209968.54,139.98,1161998.11,3656298.15,29407.14,656090.26,458306.64,73655.28,50443.50
Scenario 1,1578,6,Negative Shock,78,TRADING,139710.19,2507108.41,149995.20,245583.32,447794.36,424395.22,397366.11,466683.03,708696.96,847791.34,441486.45,284946.83,1376980.41,18800.46,416822.43,40403.37,325969.02,420847.43,201081.41,40832.11,118877.14,457818.59,323573.27,365220.94,85724.89,99403.54,135776.40,198275.26,106181.91,152115.33,113292.39,192573.06,141376.99,83090.36,141456.16,201889.13,103594.32,1382238.92,18908.12,14113.43,110290.43,209793.98,140.38,1160439.35,3653183.27,29347.71,657489.04,457755.55,73060.39,50262.72
Scenario 1,1579,6,Negative Shock,79,TRADING,139858.29,2510821.45,149699.62,244584.07,446767.94,425935.48,397483.14,468908.91,710638.97,845104.65,441226.74,284784.41,1377575.28,18755.13,415744.88,40313.82,325605.79,419086.02,199356.06,40830.96,118390.05,456334.81,325184.70,364725.70,85732.02,98873.39,136336.85,197848.99,106434.02,151934.58,113213.59,191396.75,141247.96,82992.11,141024.33,199605.80,103388.86,1381585.21,18875.82,14143.71,110047.45,209211.50,139.82,1164010.76,3632905.17,29322.75,656143.32,455839.21,72973.84,49857.03
Scenario 1,1580,6,Negative Shock,80,TRADING,139435.54,2512889.75,149847.91,243563.57,446735.47,425958.02,400691.76,466100.36,708918.02,838481.84,442171.89,284743.76,1377305.31,18720.99,417144.25,40222.20,325796.42,419030.51,199514.32,40799.70,118105.42,455694.85,325262.48,365047.09,85551.83,98839.67,137146.91,198000.34,105760.14,151393.06,112997.05,191014.73,141069.05,82861.21,140913.79,198936.43,103095.68,1376448.03,18833.01,14101.60,110155.93,209298.81,138.90,1156177.52,3625363.63,29224.12,654911.35,452850.77,72828.37,49538.74
Scenario 1,1581,6,Negative Shock,81,TRADING,139029.90,2507020.76,149653.16,242686.06,445946.57,424142.66,397452.66,464595.16,703225.90,840415.95,442610.68,284199.85,1374502.74,18684.22,417164.65,40173.31,328500.75,416756.54,199203.33,40708.50,117221.50,454605.47,323382.78,364452.10,85398.88,98724.51,137325.85,197360.47,105435.34,149985.53,112659.36,191421.46,140828.56,82772.11,140685.64,198234.21,102836.90,1369092.69,18781.77,14122.14,109486.32,209319.60,138.26,1151931.01,3624866.09,29149.55,652712.73,450731.70,72611.19,49547.43
Scenario 1,1582,6,Negative Shock,82,TRADING,138632.27,2515944.87,149741.11,243163.03,445011.80,422133.37,398506.86,463604.92,700359.08,838304.23,442813.24,282500.12,1367229.82,18591.17,416980.99,40164.48,327486.90,416124.67,197893.98,40692.53,117139.46,454542.72,322936.20,363340.35,85241.53,99004.67,137496.69,196968.24,104627.34,150490.42,112379.80,190576.22,140889.80,81989.54,140246.69,197640.88,102644.12,1365056.24,18783.95,14053.37,107889.21,208961.28,138.42,1146322.97,3631088.03,29081.33,653782.41,452457.64,72114.01,49180.42
Scenario 1,1583,6,Negative Shock,83,TRADING,138058.81,2497116.36,149541.44,242175.70,443312.22,421430.09,395655.82,462399.75,700340.11,837707.40,440322.29,282811.43,1372106.24,18491.47,416971.07,40067.93,326763.86,412961.12,197550.36,40742.08,116296.70,454425.86,321521.48,362877.87,85174.27,98899.54,136313.09,196560.78,104251.64,148729.46,111823.81,190915.52,140513.24,82094.03,140072.99,199506.53,102213.48,1361371.01,18798.34,13954.08,107976.02,208166.03,137.45,1146335.18,3592233.81,28984.24,652484.91,451520.77,71898.53,49375.78
Scenario 1,1584,6,Negative Shock,84,TRADING,137104.90,2486891.00,150343.09,241972.00,442797.76,420674.50,392133.00,460584.27,699869.04,834673.56,441319.34,282265.11,1374204.46,18469.20,415384.46,39913.66,328217.57,414682.42,198438.54,40695.90,116137.82,457403.82,320850.25,360605.55,85361.50,98749.42,136455.71,196608.35,104274.89,148295.80,111657.94,190227.08,140064.59,81952.48,140173.58,197870.02,102004.32,1352985.80,18793.43,13951.21,107626.96,209109.64,137.19,1144827.54,3581686.52,28886.75,653104.03,450453.45,71447.25,49054.43
Scenario 1,1585,6,Negative Shock,85,TRADING,137151.97,2482107.22,150045.88,241192.77,442229.52,419705.90,394081.33,461649.39,696189.12,832955.51,440713.93,283229.76,1372259.86,18454.38,413151.52,39950.44,326692.78,414467.43,197985.88,40541.75,115040.35,458799.95,319690.34,361152.22,85290.19,98484.98,136120.42,196540.30,104278.48,147712.36,111473.79,190013.00,139554.97,81277.84,139799.64,196177.81,101531.63,1349413.54,18811.28,14013.62,106768.56,209050.87,137.10,1140534.97,3543013.67,28817.42,652340.38,452661.43,71551.46,48597.56
Scenario 1,1586,6,Negative Shock,86,TRADING,137208.61,2480725.20,149572.52,241417.74,442049.80,418124.23,391361.12,459804.54,693719.16,833033.47,440406.62,282909.53,1368131.24,18370.31,412489.12,39811.89,325238.84,414476.83,197476.27,40485.44,114357.94,457397.33,321473.43,358631.16,85237.54,98463.46,135705.47,196212.30,104468.44,146914.59,111309.87,190537.33,139673.07,81535.15,139370.15,194898.42,101210.79,1349743.69,18753.84,13917.54,106804.17,208599.95,137.39,1139462.72,3523134.20,28791.46,655166.49,452074.50,71072.56,48915.00
Scenario 1,1587,6,Negative Shock,87,TRADING,136546.28,2451841.00,149540.99,240465.99,442538.11,417700.18,392035.81,457658.63,693763.96,834439.05,441446.68,281680.05,1363807.08,18344.55,411916.81,39699.08,326173.82,413994.18,196610.08,40460.33,114313.34,454378.15,320120.34,357955.10,85123.69,97783.00,135530.96,196306.43,104266.38,146946.62,111106.56,190463.93,139290.91,81146.87,138725.01,195106.54,101003.71,1350337.49,18758.32,13712.28,107962.70,207293.46,135.41,1136934.78,3504047.68,28720.93,654802.30,451173.43,71149.66,48756.55
Scenario 1,1588,6,Negative Shock,88,TRADING,136239.36,2448048.66,148492.15,240869.96,440727.42,418071.02,390437.32,454132.11,691434.11,837568.93,442396.23,282348.61,1356492.23,18314.86,410741.40,39588.09,325542.84,415202.85,196464.44,40476.94,114813.30,450590.90,322049.78,357488.57,85145.68,97503.44,135132.39,196507.76,104302.53,146567.38,110861.56,190158.51,138749.39,81046.06,138455.12,194840.36,100686.17,1347796.06,18792.07,13702.72,108647.73,206342.25,133.84,1134113.89,3495300.17,28671.69,652425.64,450033.61,70574.79,48687.37
Scenario 1,1589,6,Negative Shock,89,TRADING,136095.90,2430546.10,148168.39,240148.76,442210.28,417431.34,390741.01,454035.24,690398.01,837449.68,442939.98,282124.21,1354844.18,18301.20,412283.13,39493.90,325131.09,412796.10,195859.34,40490.89,113849.05,450482.12,322138.25,356462.75,85055.27,97196.59,135152.69,196494.96,103743.64,146306.21,110498.07,189276.18,138668.38,81257.42,138025.28,193446.42,100480.75,1343275.57,18796.39,13695.56,108289.69,206241.92,131.48,1131944.03,3508651.36,28663.99,648585.25,449662.19,70617.31,48273.32
Scenario 1,1590,6,Negative Shock,90,TRADING,135981.95,2433963.59,148394.59,239412.10,442462.89,417478.84,389687.99,455146.40,684684.25,829583.44,442576.90,281597.36,1357145.22,18234.66,411056.57,39358.81,324391.55,412218.19,195568.32,40443.52,114092.27,452661.45,321935.94,354659.75,85104.59,96488.46,134822.79,196124.60,103506.90,146279.76,110371.57,188384.88,138642.60,81151.34,138102.14,193742.05,100380.32,1339858.58,18729.72,13710.39,108653.49,205390.55,131.11,1131942.69,3479000.75,28652.17,646328.03,447876.22,70592.65,48297.26
Scenario 1,1591,6,Negative Shock,91,TRADING,136289.88,2426605.20,148377.78,239141.68,443381.55,417473.87,389083.68,455357.43,683367.30,826917.68,442405.34,280731.39,1356641.56,18191.30,406965.37,39147.00,324841.68,410479.37,195959.05,40376.05,112180.14,453947.82,321164.33,354138.91,85111.87,96570.87,134207.94,195908.84,103610.96,146223.46,110236.08,187943.19,137859.73,81040.10,137622.06,193827.29,100142.82,1337086.28,18721.05,13724.52,108348.21,205346.96,131.23,1137618.26,3479045.44,28544.47,646347.67,445609.97,70151.28,48216.15
Scenario 1,1592,6,Negative Shock,92,TRADING,136506.86,2445899.14,147336.51,239165.01,444045.91,416899.72,388374.26,454445.84,681831.16,827853.70,442290.40,281098.60,1356308.06,18162.90,406583.07,39199.38,323145.92,410461.56,196257.43,40215.94,111721.77,455115.21,322475.85,353313.32,84969.53,96479.76,134214.07,195812.33,103356.67,146401.49,109776.86,187074.73,137671.76,80818.65,137399.86,192873.69,99767.35,1335342.26,18699.95,13607.20,108863.73,204492.68,129.95,1132635.95,3472973.23,28437.75,648546.32,446113.83,70361.40,48129.57
Scenario 1,1593,6,Negative Shock,93,TRADING,136306.76,2452553.36,147552.74,238734.41,442978.27,415931.79,384022.77,454674.51,678427.89,830270.01,441801.55,282672.01,1346010.71,18151.07,407190.06,39176.80,322431.52,408679.63,196577.65,40104.14,112045.66,456106.06,322220.60,352717.44,85161.20,96773.70,133022.19,195424.06,102711.54,146045.74,109452.41,186227.96,137850.47,80468.46,137546.90,193018.26,99583.21,1335598.51,18665.00,13575.52,108636.29,204011.56,131.36,1133091.34,3473533.35,28419.16,645196.26,447415.83,69995.59,48421.78
Scenario 1,1594,6,Negative Shock,94,TRADING,136161.49,2459529.02,147581.91,238961.19,443561.12,415393.37,384020.25,450880.49,676975.52,830364.28,441256.07,281320.45,1345928.37,18141.54,407188.52,39077.85,321965.86,407501.36,196453.40,40036.09,112483.30,454422.02,321870.99,353545.46,85092.11,97145.46,132592.23,195016.97,103013.54,145347.77,109265.16,186850.33,136888.36,80689.74,137500.53,192160.25,99411.61,1337540.58,18654.44,13470.33,107674.11,202736.58,130.73,1129901.82,3479964.99,28325.36,644641.72,447956.44,69787.00,48531.10
Scenario 1,1595,6,Negative Shock,95,TRADING,135872.60,2433665.91,146703.74,238675.23,441814.99,414842.53,383238.84,451049.80,676946.78,827820.48,440877.11,279361.48,1345147.76,18137.94,404850.40,39165.93,322945.17,404912.58,196511.77,40023.30,112101.80,454836.67,321701.20,353091.13,85110.41,97493.36,132061.63,194448.47,103024.38,144614.52,109097.24,186056.75,137249.50,80120.00,137539.32,192166.55,99157.20,1335553.03,18625.45,13381.20,107681.20,203114.81,130.49,1132683.48,3473227.96,28244.33,644388.91,446717.18,70014.32,48607.08
Scenario 1,1596,6,Negative Shock,96,TRADING,135969.32,2419733.15,147203.42,238743.33,440252.63,414575.95,382407.77,451966.62,675446.29,825361.39,441580.53,279453.08,1344940.72,18061.64,403837.60,39127.63,323472.35,403622.20,196687.64,39912.84,111734.78,455792.67,321718.02,352821.11,85033.67,97599.00,132210.33,194837.84,103395.88,144909.78,109039.79,184107.70,137300.43,80155.90,137144.07,193026.49,98692.15,1335112.28,18491.40,13369.53,106405.88,202824.73,129.17,1131921.66,3483362.01,28176.94,642557.59,445392.76,69864.48,48495.51
Scenario 1,1597,6,Negative Shock,97,TRADING,135801.44,2407119.36,147177.16,238372.86,439916.24,415120.83,382607.47,450771.81,674452.88,825529.67,442988.53,278979.19,1346339.85,18022.02,405684.91,39136.13,324803.32,403773.26,196269.05,39969.72,111804.37,453366.38,324651.08,353470.22,85033.05,97447.11,131651.88,194662.63,103261.52,145509.31,108940.77,183756.91,137140.35,80343.86,137032.23,191480.69,98568.50,1332733.30,18475.12,13461.28,106564.50,202066.54,130.18,1130681.86,3509345.94,28137.98,640528.41,447908.39,69605.73,48500.31
Scenario 1,1598,6,Negative Shock,98,TRADING,135428.68,2402989.48,147885.03,238405.95,439300.12,416419.53,383243.04,449439.23,671413.67,816644.27,442394.89,278082.21,1347933.72,18028.61,404013.67,39190.29,325040.70,406888.83,196126.09,39941.44,111912.26,450751.60,328419.90,352897.46,85192.93,97833.99,131889.72,194893.52,103228.38,144215.87,109061.74,183641.41,137170.46,80192.95,137335.09,192071.09,98643.03,1333906.27,18440.01,13533.51,107211.03,201641.15,130.96,1130074.53,3514744.00,28121.74,639216.10,446610.01,69322.74,48452.70
Scenario 1,1599,6,Negative Shock,99,TRADING,135801.88,2416653.80,148146.65,237778.90,438687.96,416578.21,385207.32,450570.27,669945.11,814510.66,442158.28,279058.17,1345081.57,18032.19,402452.81,39148.38,324591.48,404853.20,196272.38,39909.13,111707.07,449702.99,330560.68,352130.09,85294.04,98325.64,132331.26,194950.44,103491.67,144976.20,108955.27,183428.30,136910.14,79968.77,136904.90,191896.74,98580.02,1334368.28,18459.72,13554.28,107721.57,200031.94,132.65,1130194.45,3519309.15,28155.55,638200.03,447769.78,68895.06,48012.00
Scenario 1,1600,6,Negative Shock,100,TRADING,135333.44,2429178.19,148287.34,237217.27,439095.19,415892.29,384119.02,451896.87,667507.90,821097.62,443552.99,278349.25,1344807.94,18026.52,404521.18,39091.10,322536.40,402246.00,196146.59,39971.60,110292.24,449020.41,329086.47,352002.66,85536.00,97931.57,132633.14,195043.41,103115.35,145668.98,108912.40,182641.61,137089.72,80321.76,136789.10,192057.70,98369.70,1333617.13,18492.95,13540.70,108268.11,200613.98,132.44,1132218.36,3510301.74,28081.32,636915.88,448657.17,68472.08,48056.42
Scenario 1,1601,6,Negative Shock,101,TRADING,135917.47,2422586.24,148168.64,237463.58,440525.45,415622.55,381185.16,449980.28,669475.85,818406.78,444153.65,278744.87,1348471.65,18028.69,405898.16,39094.82,320244.43,400796.92,196499.81,40008.88,110934.69,450889.08,331457.81,351582.96,85408.75,97951.94,133410.86,195405.75,103412.05,145163.46,109014.06,182820.02,137066.54,80511.13,137059.36,191856.07,98191.27,1332904.74,18384.01,13620.53,107855.83,200952.81,133.21,1131086.64,3491384.84,28049.57,634094.66,450068.22,68615.66,47843.22
Scenario 1,1602,6,Negative Shock,102,TRADING,136055.70,2438584.83,148021.97,238315.83,441184.79,415891.98,384402.02,447858.04,669997.67,820623.81,444448.51,278946.09,1344749.98,18026.57,406264.36,38977.01,320698.78,400271.28,195897.00,40106.05,111744.58,450105.25,334489.70,352868.39,85517.74,97702.94,133739.04,195239.95,103642.67,144963.11,108868.64,182668.32,137263.82,80731.79,137190.47,193851.05,98086.49,1335343.61,18357.32,13705.23,108019.08,201024.35,133.05,1135776.32,3486648.92,28032.61,633932.67,450921.02,69106.12,47707.95
Scenario 1,1603,6,Negative Shock,103,TRADING,136423.24,2431577.73,148919.17,238776.43,439919.49,417066.12,385045.59,449876.88,672918.74,822657.80,444986.43,278572.21,1346320.47,18042.02,406785.59,38972.03,318797.24,401118.90,195744.89,40228.65,111886.07,450851.77,332506.78,353344.76,85826.49,97587.48,134367.27,195777.08,103896.17,144502.60,108739.59,183539.08,137231.84,80575.96,136879.40,193710.51,98126.53,1336145.45,18361.18,13701.04,108208.45,201273.25,131.95,1133262.62,3457999.61,28083.37,636010.30,450620.23,69140.88,47597.78
Scenario 1,1604,6,Negative Shock,104,TRADING,136359.03,2417655.54,148670.57,237987.65,442298.23,416114.16,386843.98,450467.38,673764.51,825821.20,446664.46,279284.30,1348737.50,18035.22,405525.09,39093.74,316352.63,401411.09,196867.09,40260.75,111363.64,450558.53,331636.31,353100.67,85938.73,97966.41,133797.40,195818.17,103763.14,144646.62,108642.09,182612.93,137652.13,80831.49,137037.69,192230.19,98174.14,1337823.90,18338.46,13702.73,108060.02,200518.14,131.30,1135138.62,3488507.17,28030.84,638704.56,449595.76,69290.55,47907.46
Scenario 1,1605,6,Negative Shock,105,TRADING,136930.08,2414772.03,148389.02,236611.51,442370.31,417690.31,381775.84,450228.03,674270.53,826284.22,447753.59,279373.85,1352431.01,18000.48,405039.29,39093.31,316418.12,400092.30,196616.66,40408.77,111377.05,452867.10,332144.38,352534.29,86156.78,98205.56,133606.82,196245.15,103616.00,145194.77,108659.89,183522.67,137633.15,80801.86,137186.34,190483.86,98338.62,1334851.72,18332.99,13707.95,109049.29,199566.52,131.56,1132945.07,3479441.46,28051.83,640749.58,450739.91,69691.39,47639.40
Scenario 1,1606,6,Negative Shock,106,TRADING,137599.18,2423199.59,149305.16,235732.31,443708.48,417310.66,383198.41,452038.73,675850.18,831171.55,449313.76,280299.88,1355636.74,17986.01,404300.40,39187.44,315790.07,401930.13,195892.91,40415.80,112060.81,452859.88,334339.48,354814.46,86354.93,97942.48,134326.98,196544.90,103640.67,146007.59,108594.35,183330.12,138130.36,80775.59,137448.14,189513.04,98412.70,1335756.75,18368.11,13757.29,108933.11,199054.17,131.25,1137795.73,3480368.99,28116.52,640364.29,450531.31,69677.11,47918.47
Scenario 1,1607,6,Negative Shock,107,TRADING,137314.78,2420041.29,149097.58,235018.48,444191.41,417733.58,382374.65,448856.48,674166.90,830213.43,448601.08,280395.35,1356495.23,17986.37,403808.86,39160.68,316715.07,404152.61,196658.97,40462.84,113022.85,455458.13,334651.86,355061.50,86473.65,97960.06,134138.48,196797.72,103788.47,146100.99,108702.16,182851.93,138506.33,80664.15,137872.77,188247.96,98364.83,1336123.56,18284.81,13664.05,108328.14,199326.73,131.99,1136608.91,3479910.89,28133.52,641169.39,451259.30,69499.32,47740.05
Scenario 1,1608,6,Negative Shock,108,TRADING,137557.57,2416318.86,149549.61,234203.55,442987.57,418000.89,379210.94,447888.28,672216.12,827685.66,448566.29,281297.58,1353427.92,18003.46,403546.25,39215.30,318288.73,404286.01,197277.59,40496.54,112289.01,452854.90,336381.51,354924.63,86544.36,98099.66,134394.83,197414.23,103373.91,145387.32,108657.56,183418.42,138692.68,80804.20,137794.55,186107.18,98122.03,1340554.57,18231.12,13757.76,108901.35,200004.12,132.91,1139142.08,3474055.48,28132.74,642786.74,451798.25,69755.20,47930.10
Scenario 1,1609,6,Negative Shock,109,TRADING,137769.86,2416980.01,149476.51,233931.06,442785.56,417578.76,378962.22,450206.28,672751.55,828188.03,449488.83,280036.50,1348996.17,18017.66,404353.10,39170.33,318352.22,403665.33,196538.16,40425.43,113336.29,451109.50,338742.70,353959.30,86580.31,97739.70,134612.72,197563.13,103182.34,144553.15,108542.87,183114.53,138379.01,80881.09,137920.09,185258.51,98119.26,1341965.47,18235.30,13716.44,109563.92,200612.50,132.30,1134856.97,3457491.29,28080.36,639853.31,450638.30,69435.44,47847.33
Scenario 1,1610,6,Negative Shock,110,TRADING,138237.26,2421084.40,150214.22,234024.09,441696.91,418282.19,378488.27,449402.06,673802.41,835266.27,450666.07,280645.67,1348557.21,17956.73,404419.58,39110.05,319767.26,403955.31,196158.61,40447.11,113280.02,454352.61,338222.51,354017.87,86447.48,98081.99,134393.25,197913.68,103199.13,143142.44,108614.85,183056.50,137958.60,80776.70,137767.03,183793.22,98086.70,1342032.20,18226.97,13749.60,109440.58,199754.55,132.17,1132351.22,3462888.18,28018.93,639476.06,452283.75,69310.26,47674.82
Scenario 1,1611,6,Negative Shock,111,TRADING,138149.72,2408914.04,150285.14,234073.65,441334.73,418421.44,377499.60,446938.17,670636.90,833668.37,451762.88,279486.64,1345950.25,17941.43,407271.83,39138.60,320770.81,402632.23,195708.26,40442.30,113061.13,454516.79,338308.22,355032.49,86389.78,97958.49,134709.66,197369.42,103120.19,142709.16,108513.81,182836.63,138212.50,80704.56,137711.92,182303.99,97885.54,1341983.35,18169.68,13602.91,109014.93,199830.89,132.95,1128473.65,3452467.77,27979.87,639585.94,453562.73,69087.88,47667.48
Scenario 1,1612,6,Negative Shock,112,TRADING,137609.06,2408724.40,150671.66,233098.63,441196.86,418483.29,377208.21,444326.00,673908.91,835262.13,452543.55,280150.91,1347744.57,17899.30,405099.00,39055.62,319969.41,402305.32,195421.65,40428.54,113057.13,454982.60,336731.60,356371.83,86306.95,97402.51,134763.13,197511.22,103135.29,143068.80,108002.40,181917.08,137981.82,80456.35,137331.66,183302.70,97766.92,1342972.82,18216.73,13570.82,109180.44,199959.98,131.96,1122431.11,3449128.46,27959.60,640072.79,453022.82,68822.30,47662.32
Scenario 1,1613,6,Negative Shock,113,TRADING,136857.82,2402698.71,150246.92,232204.98,439414.54,416773.57,377713.01,443473.55,671295.36,830695.53,452657.84,279229.96,1348718.06,17841.69,403145.11,39055.95,318714.33,402839.68,195601.09,40366.21,112269.70,458090.07,335616.79,356385.40,86321.09,97076.01,134698.95,197183.92,102924.23,142755.24,107674.96,181499.96,138636.18,80579.10,137092.18,182179.07,97333.49,1341901.28,18147.58,13461.55,107992.00,198713.66,133.11,1121452.42,3432972.43,27869.17,637832.45,453242.68,68806.18,47733.44
Scenario 1,1614,6,Negative Shock,114,TRADING,136625.68,2400649.52,150056.09,231656.59,437976.53,415501.07,377346.95,440322.91,669743.85,826222.64,450099.07,279526.96,1349489.59,17764.54,402853.49,38885.38,317706.28,401208.40,195096.91,40269.96,111417.51,455973.81,334560.89,353551.20,85780.52,97039.43,134082.57,196674.74,103003.13,142041.49,107411.33,180841.03,137948.90,80230.01,136772.12,181308.53,96831.41,1336686.15,18095.69,13406.42,107857.35,198447.53,132.93,1117649.97,3430696.90,27757.78,635143.59,450831.91,68447.33,47746.27
Scenario 1,1615,6,Negative Shock,115,TRADING,136333.16,2398165.14,150044.74,231119.61,436122.73,414267.19,377548.68,439391.84,666385.55,820677.91,448929.23,277539.73,1349197.46,17736.29,399686.56,38754.49,316853.27,401709.09,194438.22,40210.65,111317.37,453900.87,333945.46,352940.55,85529.09,97023.98,134125.13,195972.98,102585.37,142366.43,107003.22,181344.19,137625.33,79678.86,136275.42,181171.23,96112.50,1330756.41,18074.58,13272.78,108276.92,197494.28,132.89,1110541.33,3409383.33,27655.09,636133.03,449315.56,68001.77,47772.68
Scenario 1,1616,6,Negative Shock,116,TRADING,136050.16,2373402.61,148713.12,230197.69,433166.22,413077.96,373598.59,439793.60,663782.09,819830.26,447927.72,273135.31,1345849.01,17656.09,397143.15,38649.66,315173.39,401602.63,193661.83,40085.24,109713.72,451242.93,334480.10,352894.98,85250.00,96876.29,134177.18,195318.34,102539.56,141304.90,106516.08,180514.87,137390.94,79755.64,136056.74,180864.21,95845.55,1322287.65,17957.53,13177.92,107701.92,197258.95,132.27,1111942.95,3401375.21,27531.51,634067.51,447474.55,67810.18,47722.68
Scenario 1,1617,6,Negative Shock,117,TRADING,135907.62,2357758.79,148008.91,229245.37,430947.89,411895.32,369594.22,439603.62,660167.18,820237.60,447723.62,271492.41,1341914.04,17550.10,396201.31,38496.89,315597.79,399141.53,192043.22,39896.89,110217.38,442509.61,332931.68,350570.77,85054.47,96439.06,133339.25,194212.15,102870.07,139251.77,105780.79,178849.77,137801.97,79774.26,135480.81,179692.88,95298.90,1315293.19,17877.94,13109.00,106861.05,196736.24,132.24,1108361.80,3381721.26,27398.70,635031.64,446971.89,67565.25,47798.93
Scenario 1,1618,6,Negative Shock,118,TRADING,135242.99,2354504.42,147659.54,226886.10,427893.29,411386.10,365037.74,440022.78,656589.91,822395.72,445106.03,270826.64,1333491.09,17439.65,395203.63,38318.67,313753.06,396667.95,190522.09,39633.84,109841.10,443456.03,332491.61,349893.55,84455.55,95654.13,133747.75,193439.49,102254.80,138902.56,105213.24,178546.82,137597.41,79573.83,134909.69,179770.32,94696.40,1310937.69,17880.25,13110.18,106637.51,194886.56,132.10,1108786.98,3373381.89,27234.69,632055.68,445275.93,67126.60,47372.28
Scenario 1,1619,6,Negative Shock,119,TRADING,134242.46,2353481.08,146594.27,226437.76,425850.84,410652.58,361867.99,437955.94,650999.57,817607.65,441619.17,269545.48,1325766.03,17339.79,394042.62,38179.04,312810.86,394499.92,188839.40,39467.53,108952.59,436834.89,329501.32,347509.94,83944.21,95164.61,133802.75,192603.90,101819.83,139113.96,104932.66,178263.41,137166.47,79242.87,134158.79,177719.98,94127.02,1306279.95,17811.64,12973.83,105600.49,193772.14,130.59,1105098.73,3336795.98,27094.80,629746.62,443136.47,66929.80,46978.77
Scenario 1,1620,6,Negative Shock,120,TRADING,134180.54,2342665.10,145721.04,225900.86,423623.59,409401.40,359412.63,435221.72,653406.73,817381.11,440068.71,267479.69,1315309.15,17270.92,390822.15,38046.54,310171.43,393606.44,187521.88,39299.95,106914.61,432204.86,324834.24,346961.86,83552.49,94396.50,133363.28,191679.78,101796.01,138322.15,104571.60,176762.72,137039.23,78641.30,133723.07,176599.96,93521.52,1299001.90,17787.23,12860.72,105734.69,190624.63,130.44,1095923.85,3294285.09,26857.47,626085.65,441482.13,66345.79,46388.11
Scenario 1,1621,6,Negative Shock,121,TRADING,133877.15,2329492.83,145308.56,225441.18,420231.82,407979.68,356932.80,432721.11,652036.71,813953.95,439198.58,266807.38,1308025.38,17194.00,387085.94,37756.09,307877.71,392098.91,187445.73,39020.47,105135.72,430609.87,323429.04,344616.06,83270.31,94055.79,134056.90,190073.42,101114.38,137572.86,104039.43,176245.24,136552.87,78420.33,132848.75,177072.65,92802.57,1292724.17,17776.73,12751.32,105766.26,190459.08,129.37,1089308.24,3240602.59,26670.24,621365.90,438425.34,65952.35,46090.93
Scenario 1,1622,6,Negative Shock,122,TRADING,132771.04,2320903.97,144320.21,222511.00,416913.14,406656.36,354298.13,429067.38,647734.21,804310.05,436754.09,266755.46,1305126.55,17097.49,383919.14,37405.98,308496.16,390232.82,186833.38,38919.67,104283.50,428868.28,323868.12,342458.02,82949.55,94029.45,133210.65,189261.24,100668.74,137032.28,103641.43,175923.26,135980.00,78010.80,132219.91,175500.75,92285.32,1288254.75,17687.06,12695.12,105132.77,188708.20,127.75,1079208.72,3225327.69,26547.55,619888.36,437356.11,65806.18,46025.12
Scenario 1,1623,6,Negative Shock,123,TRADING,131766.16,2305663.52,143793.05,221721.50,412930.77,404894.55,352405.89,425401.83,644874.54,800970.50,434591.36,265692.24,1302613.56,17012.45,380622.98,37245.40,306451.93,387324.73,186677.25,38771.35,104124.95,427143.77,323545.38,341825.78,82597.35,93762.69,133262.75,188833.01,100427.84,136464.03,103213.80,175196.68,135269.30,77343.09,131763.47,176048.63,91662.58,1281640.48,17635.20,12644.26,103446.79,187889.97,127.47,1076910.06,3196819.78,26408.90,617177.37,435961.53,65140.64,45762.13
Scenario 1,1624,6,Negative Shock,124,TRADING,131430.84,2289766.38,143278.82,219503.21,411054.85,402657.73,351118.40,422072.94,639974.73,796919.88,433289.71,265335.13,1298938.02,16911.53,378237.12,37024.89,302840.34,384910.66,186159.86,38533.14,103238.88,423566.52,321952.38,340707.95,82322.47,93427.75,133151.07,188234.31,100446.09,135224.03,102927.51,175298.55,134968.92,77250.82,131235.66,174187.84,91031.96,1274602.50,17579.30,12557.79,102514.25,186905.58,126.52,1072343.40,3186819.28,26304.71,612965.38,434673.17,65165.49,45633.03
Scenario 1,1625,6,Negative Shock,125,TRADING,130765.85,2271111.92,142218.19,219752.58,407430.46,400047.66,348680.87,422357.03,637376.87,790752.89,431945.73,266139.10,1293991.95,16799.99,378218.24,36846.80,300885.20,381816.65,184522.13,38341.13,102852.53,421671.71,321158.47,337628.28,82291.79,92824.36,132574.78,187629.92,100045.80,134379.76,102324.47,173817.63,134671.68,76906.56,130267.27,173142.60,90495.86,1267857.42,17509.56,12573.88,101880.39,185497.63,124.74,1067846.79,3169410.61,26175.16,609696.44,433268.74,65119.07,45556.18
Scenario 1,1626,6,Negative Shock,126,TRADING,130605.61,2252688.73,141971.91,219988.82,403547.05,399393.56,348113.67,422733.95,632649.24,785125.44,429630.99,263895.40,1284183.31,16691.42,375025.54,36609.35,301436.35,380467.92,182799.31,38154.29,101839.36,418526.96,316993.52,336894.51,81730.03,92209.75,132248.69,186352.15,100016.11,132899.96,101588.98,172760.17,134009.88,76118.33,129992.88,171456.03,90051.99,1260165.92,17460.61,12538.19,101830.71,184731.44,124.19,1059174.17,3131994.82,25924.44,605154.23,434200.86,64701.83,45082.03
Scenario 1,1627,6,Negative Shock,127,TRADING,130105.14,2244250.31,141553.66,219470.65,402648.78,397830.32,347434.52,419230.09,630448.14,786447.31,428555.75,261994.83,1270121.53,16591.22,374231.52,36422.82,300933.66,379574.60,183031.28,38029.72,101288.72,417820.66,316605.77,335481.69,81312.70,91863.32,131500.80,185829.64,99473.19,132026.44,101089.67,172661.82,133374.68,75816.00,129223.61,170516.03,89789.31,1254307.37,17342.33,12377.32,100853.68,183047.91,123.36,1054190.80,3119054.08,25767.65,603646.11,433221.93,64200.43,45017.54
Scenario 1,1628,6,Negative Shock,128,TRADING,129102.24,2233103.57,141301.09,218523.19,401674.92,398213.19,345438.92,416259.66,627314.26,780183.95,426108.21,259640.34,1264273.21,16521.15,373557.55,36150.34,300485.84,377810.67,181779.90,37781.68,100675.64,418199.43,316032.54,333094.99,81076.96,91190.99,130780.81,185254.35,99193.05,130903.97,100340.82,172315.95,133582.39,75411.65,128348.14,169038.39,89304.47,1249198.86,17231.27,12431.18,100051.67,182688.01,122.16,1045345.39,3097968.10,25659.86,599949.43,432444.67,63942.20,44746.26
Scenario 1,1629,6,Negative Shock,129,TRADING,127955.47,2214286.48,141098.24,217848.07,401256.92,394545.61,341537.46,413734.27,622164.59,775485.36,424515.30,259292.23,1252600.47,16368.31,371517.53,36080.98,297139.25,377022.42,181541.22,37667.00,100610.92,416932.30,314306.83,331035.49,80631.63,91306.88,129339.30,185013.55,98680.13,130270.40,99841.56,171169.57,133157.19,75242.28,127377.51,169009.07,88645.72,1246737.62,17210.63,12371.38,98731.03,182418.62,121.13,1040695.95,3073752.15,25444.77,597854.56,432068.20,63559.10,44518.22
Scenario 1,1630,6,Negative Shock,130,TRADING,127391.75,2201962.18,140001.95,215726.91,400030.27,393052.72,338689.16,413204.32,619436.31,776964.59,422269.61,257908.13,1243869.87,16231.60,372362.99,35856.31,297196.13,375239.41,180346.68,37551.43,100070.47,415935.53,311374.69,330240.61,80422.45,90557.81,128260.56,183967.09,98822.75,129686.60,99442.78,170172.35,132198.77,75032.23,127047.80,168426.73,88394.06,1241846.04,17005.48,12308.00,98438.17,182698.32,121.00,1034550.15,3080748.80,25267.18,593821.25,433498.98,63548.34,44293.49
Scenario 1,1631,6,Negative Shock,131,TRADING,126483.26,2179691.27,139316.97,216047.62,397429.68,391578.62,337087.77,409022.31,615449.43,772129.20,421454.24,255035.32,1238490.23,16132.28,369745.66,35634.63,294987.67,374453.96,180286.96,37373.75,99839.86,412521.82,309179.25,330328.12,80205.02,90246.59,127080.14,183530.27,97990.35,128655.51,98876.03,169027.14,132296.14,74622.30,126383.62,168259.27,87973.17,1238452.43,16925.65,12279.78,97799.83,181111.89,121.47,1031058.31,3071077.11,25139.59,591615.52,433121.50,63286.25,44073.26
Scenario 1,1632,6,Negative Shock,132,TRADING,126482.91,2158288.87,140426.38,213363.56,395383.94,391001.03,335254.12,406608.57,612546.53,771093.76,420144.53,254807.39,1237406.24,16058.67,369183.87,35463.28,294083.87,372106.60,179408.16,37261.28,99513.71,414534.53,307936.05,329094.49,79866.44,89561.26,125822.18,182571.84,97762.15,128513.77,98155.34,167978.17,131465.32,74030.82,125735.94,167713.09,87579.83,1233972.89,16888.82,12289.42,97937.51,180026.95,120.50,1026029.74,3053165.69,24959.90,589403.30,431299.55,62875.38,43712.85
Scenario 1,1633,6,Negative Shock,133,TRADING,126141.33,2148767.75,138778.91,212368.91,394803.49,390948.78,332066.56,402405.25,613910.06,774281.20,417935.14,254255.06,1231624.11,15993.97,365672.49,35397.34,291797.50,369797.26,178387.55,37153.82,98759.65,410891.63,305004.30,328283.55,79790.47,88998.35,125027.20,182177.16,97861.37,127647.30,97688.41,166902.65,131300.39,74175.16,124790.38,167297.64,87305.65,1229639.48,16867.91,12228.95,97543.23,180548.67,120.59,1023526.96,3018879.39,24893.33,586898.21,429574.68,62588.44,43177.49
Scenario 1,1634,6,Negative Shock,134,TRADING,125810.81,2127404.92,138199.65,210476.89,392564.51,390012.02,330866.69,398811.96,608967.03,770601.30,416801.82,254214.73,1223505.86,15929.12,363390.12,35302.16,288810.21,368442.84,178302.39,37034.81,98758.23,409676.52,304383.00,327361.82,79767.57,88848.18,124196.18,181919.58,97656.52,126301.58,97228.72,165851.62,130423.95,73717.93,124614.92,166222.79,86790.96,1222717.72,16845.02,12160.55,97521.46,180357.37,120.24,1024124.94,3011033.45,24784.02,584231.44,427973.03,62344.96,42823.63
Scenario 1,1635,6,Negative Shock,135,TRADING,125601.55,2124950.05,137676.80,208954.02,392563.21,389114.52,330451.19,397227.24,609610.67,766620.79,414843.79,252220.68,1217777.73,15851.01,360050.54,35100.15,288321.22,369036.47,176811.87,36799.37,98373.94,406578.31,300650.12,324979.20,79259.79,88595.30,123168.56,181272.86,96981.50,125263.00,96750.67,164831.13,129974.74,73428.05,123870.28,165760.76,86272.46,1219886.42,16800.93,12205.92,97319.60,179106.88,120.73,1019400.13,2986145.34,24649.06,582106.41,426954.57,62258.48,42782.40
Scenario 1,1636,6,Negative Shock,136,TRADING,125260.27,2119392.12,137982.20,207014.72,391411.18,387671.85,328848.25,395496.73,607673.43,764330.49,413701.31,249497.80,1207814.43,15774.11,356312.04,34936.46,287728.65,366878.27,176307.47,36610.36,98327.53,408120.18,297438.31,324846.11,79088.46,88248.25,122806.79,180905.39,96204.43,124667.92,96356.35,164007.19,129248.54,73367.07,123439.24,165401.43,85780.10,1215157.23,16664.99,12206.56,97154.02,178881.09,119.64,1020493.74,2980090.29,24520.27,580177.26,427552.38,61973.41,42604.66
Scenario 1,1637,6,Negative Shock,137,TRADING,124454.54,2114765.51,138274.76,205710.00,390197.14,386631.41,325679.24,393457.54,603961.14,760539.25,414399.81,250149.72,1207358.51,15716.91,355894.94,34887.75,286604.72,367184.81,175612.86,36534.69,97773.84,407383.50,297104.46,322902.89,78819.40,87838.71,121694.87,180625.01,95780.64,124694.36,95905.89,164079.89,128224.26,73097.27,123225.34,163389.90,85278.88,1211849.92,16588.59,12133.17,97496.47,178636.86,118.77,1022039.64,2957889.16,24393.22,579589.66,425915.17,62057.62,42532.80
Scenario 1,1638,6,Negative Shock,138,TRADING,123881.55,2115934.93,138237.61,205844.03,389552.22,385609.17,323658.42,392381.30,603024.54,757613.93,412866.31,247616.76,1198155.50,15632.73,353113.62,34754.56,283530.62,365801.39,175116.68,36518.65,96529.50,402459.52,296497.20,322646.77,78511.10,87289.95,121185.25,179903.36,95792.26,124150.29,95715.03,164501.05,127479.40,72762.80,122688.22,161969.09,84960.11,1209278.49,16537.40,12067.51,96848.89,177914.52,118.54,1016243.64,2933647.94,24295.41,576861.19,423844.62,61621.16,42338.43
Scenario 1,1639,6,Negative Shock,139,TRADING,123380.10,2116091.22,137887.33,204692.46,387863.32,386109.19,324024.71,388355.21,603033.76,755172.36,412616.63,249046.21,1193699.99,15586.99,354556.44,34512.72,281315.68,364456.78,174751.40,36537.68,96126.06,396350.59,295767.74,319851.03,78352.55,86813.78,120126.46,179098.95,95419.75,124314.13,95016.11,163321.74,128073.93,72493.03,122128.05,161313.15,84481.91,1206979.37,16525.17,12101.29,97115.42,176935.93,118.11,1011453.63,2933568.46,24211.97,575962.34,423757.74,61663.96,42726.10
Scenario 1,1640,6,Negative Shock,140,TRADING,122591.97,2097891.06,139106.88,203121.74,387007.80,384147.51,324598.65,386365.73,601011.07,755455.70,412763.64,248643.33,1190590.19,15507.81,353021.09,34384.05,281227.44,363773.77,174591.55,36425.86,96422.76,393278.85,296026.64,317559.75,77955.31,86174.62,119314.27,178620.28,94880.85,123706.44,94657.06,162302.33,126888.97,71926.98,121676.15,159899.95,84257.82,1204137.04,16535.50,12053.86,96112.33,175846.55,117.13,1003887.16,2933689.05,24048.91,574949.67,425349.01,61203.45,42664.14
Scenario 1,1641,6,Negative Shock,141,TRADING,123081.88,2076424.97,139103.80,201980.43,386035.76,383647.35,321558.61,384637.22,598104.50,748591.81,413324.31,247455.89,1184939.05,15442.56,354115.78,34338.95,281497.01,361558.41,174793.63,36364.54,93974.44,396247.54,296563.93,316787.09,77949.39,85703.98,118461.13,177978.07,95036.75,122898.95,93997.30,161397.23,126355.64,71591.66,121242.45,158812.82,83883.60,1198161.78,16501.38,11997.99,95283.82,174189.92,117.12,995612.15,2923783.49,23999.39,573991.60,424843.10,60768.61,42836.60
Scenario 1,1642,6,Negative Shock,142,TRADING,122520.10,2065689.94,138506.53,201398.05,383673.66,381886.40,321371.55,379371.79,594689.11,742634.33,411613.92,246844.73,1179554.67,15366.90,352309.60,34180.97,281600.05,361606.96,173894.78,36319.49,93698.46,395718.85,294616.64,314808.07,77620.41,85710.13,118335.43,177704.52,95138.82,122369.12,93641.92,161201.90,125479.93,70829.87,121007.98,159394.90,83299.55,1193890.38,16421.31,12040.50,94546.09,173907.45,115.90,987531.82,2912485.75,23822.03,572815.74,423739.72,60508.47,42841.92
Scenario 1,1643,6,Negative Shock,143,TRADING,122050.40,2053373.53,138193.10,201422.48,383368.05,381939.60,321082.48,375506.62,595164.48,739105.43,410761.46,245686.59,1175468.09,15261.04,350440.34,33994.32,279740.58,362629.86,173161.50,36244.55,92831.00,393135.72,292701.25,314428.71,77526.43,85391.90,118180.39,177162.93,94955.29,121052.45,93350.30,160949.95,125528.45,71058.72,120476.41,159002.02,82936.26,1189459.28,16316.17,11977.90,93698.01,172889.52,115.14,988483.49,2897926.81,23695.74,572484.22,421381.04,60140.57,42766.51
Scenario 1,1644,6,Negative Shock,144,TRADING,121534.80,2037927.28,137051.82,200820.89,380484.22,380468.95,319472.99,371634.50,591813.73,738538.80,411744.99,245429.51,1168615.27,15187.11,350904.09,33881.39,279571.02,362570.50,171818.12,36091.76,91965.48,392632.91,293653.68,313014.69,77316.90,85001.56,117139.90,176640.38,94587.87,120809.31,93165.65,159684.08,124918.11,70638.27,119845.31,159041.37,82536.30,1188387.67,16246.83,11919.00,93540.15,172272.02,114.57,989252.86,2883143.35,23527.80,570416.73,422375.46,59652.35,42969.41
Scenario 1,1645,6,Negative Shock,145,TRADING,121061.04,2001694.94,136503.26,199207.79,378999.15,378490.12,318557.65,367538.28,588319.47,733194.10,411088.12,245508.26,1161791.06,15067.30,347636.73,33820.97,278545.42,362502.41,171146.74,36002.81,91583.44,391129.12,295030.33,312793.59,77029.77,84785.38,117812.37,176310.62,94172.84,120548.16,92783.04,158908.00,124713.45,70825.78,119552.91,158616.90,82092.90,1187521.32,16204.65,11824.73,93802.22,170929.86,113.65,988744.98,2883967.85,23388.98,568620.04,421805.23,59419.49,42748.96
Scenario 1,1646,6,Negative Shock,146,TRADING,120772.07,1987571.34,135339.93,198184.84,380011.83,377372.53,318557.65,366988.86,585382.97,724503.19,409364.64,244721.95,1153518.56,15044.19,346353.16,33702.50,278646.51,363657.75,171092.73,35911.83,91988.70,393585.71,294046.83,311413.99,76787.64,84103.28,116858.57,175416.50,94018.57,120169.36,92318.66,157815.08,124431.72,70347.03,118647.99,157739.87,81639.40,1183691.82,16174.45,11720.60,93399.50,169057.64,112.77,985690.49,2879314.97,23193.36,569155.33,421351.08,59067.65,42484.39
Scenario 1,1647,6,Negative Shock,147,TRADING,119938.33,1970393.88,135262.01,196502.64,378020.09,376707.11,318557.65,365866.13,582101.34,722529.74,409672.05,243639.43,1151474.76,14927.72,344900.18,33561.02,276811.51,364159.69,171147.48,35755.60,92021.89,391190.61,294495.26,309300.30,76704.80,83799.96,116632.87,175026.76,93903.44,118847.25,91993.90,157022.03,124034.60,69929.09,117857.94,157040.94,81161.04,1183293.42,16202.92,11589.25,92667.01,168104.66,111.97,987158.68,2870318.78,23073.04,566293.54,419348.81,58756.85,42114.17
Scenario 1,1648,6,Negative Shock,148,TRADING,119741.11,1946732.02,134255.92,195986.55,377064.30,374952.51,318557.65,363776.98,580253.91,714125.37,409723.33,241211.83,1144487.47,14878.04,346477.55,33461.81,275462.48,361905.36,171340.55,35648.02,91718.79,388319.02,294887.07,306921.05,76489.52,83053.52,117146.49,173925.86,93179.83,117677.19,91353.64,156351.46,124346.08,69784.84,117463.15,156404.82,80707.09,1180175.60,16101.98,11344.61,92500.13,166500.41,111.79,985411.75,2849420.26,22954.66,569202.59,420142.07,58448.21,42039.75
Scenario 1,1649,6,Negative Shock,149,TRADING,119256.98,1942283.89,133992.08,194380.94,373677.72,375069.10,318557.65,362799.78,579731.73,707279.81,407230.25,239120.91,1146743.36,14817.97,346137.79,33221.83,274330.87,360711.48,170797.16,35552.00,91139.59,388902.27,294645.25,304854.32,76313.74,82636.42,116337.98,173449.97,93180.16,115365.39,90987.00,156220.51,123912.50,69764.90,116974.06,157130.06,80228.09,1177852.00,16052.82,11278.56,91509.99,165813.26,111.99,981370.61,2822930.28,22857.99,568846.39,418695.64,57965.68,42190.68
Scenario 1,1650,6,Negative Shock,150,TRADING,118961.70,1932051.32,135022.16,194395.94,371734.09,374260.67,307413.40,362079.05,575985.06,697340.37,406091.11,238738.82,1144853.83,14722.55,344030.91,33115.65,274027.13,356895.28,169902.21,35458.08,91042.46,385460.52,291562.20,304187.35,76116.02,82560.00,114972.73,172692.26,92775.07,115168.09,90916.37,155322.78,123637.08,69233.76,116621.17,155741.72,80030.32,1171125.53,16058.54,11251.52,90131.13,164885.64,111.65,977682.10,2810123.62,22770.40,566301.42,418331.29,57742.11,42492.44
Scenario 1,1651,6,Negative Shock,151,TRADING,150917.42,2636174.25,161999.99,262911.51,496345.98,445424.76,439162.00,517255.78,750117.61,926567.40,452899.30,288724.50,1495982.99,20191.69,453547.04,42126.63,336887.04,491575.67,209218.57,44116.01,130060.67,459937.10,357048.42,383714.09,89980.82,109809.80,136183.33,208015.53,112347.85,162783.36,123663.63,221889.69,150095.53,89071.28,149317.48,222488.17,112047.04,1444689.11,19637.32,15760.95,125262.66,220173.30,159.50,1234580.68,4014462.31,32132.82,697721.09,467903.35,82488.73,50578.25
Scenario 1,1652,6,Negative Shock,152,TRADING,150917.42,2636174.25,161999.99,262911.51,496345.98,445424.76,417829.54,516435.97,750117.61,926567.40,452899.30,288724.50,1495982.99,20191.69,453547.04,42126.63,336887.04,491575.67,209218.57,44116.01,127744.05,459937.10,357048.42,383714.09,89980.82,109809.80,136183.33,208015.53,112347.85,162783.36,123663.63,209453.78,150095.53,89071.28,149317.48,203344.72,112047.04,1444689.11,19637.32,15760.95,125262.66,220173.30,152.85,1234580.68,3849791.16,32132.82,697721.09,467903.35,79041.64,50578.25
Scenario 1,1653,6,Negative Shock,153,TRADING,150917.42,2636174.25,161999.99,262911.51,496345.98,445424.76,417829.54,516435.97,750117.61,926567.40,452899.30,288724.50,1495982.99,20191.69,453547.04,42126.63,336887.04,491575.67,209218.57,44116.01,127744.05,459937.10,357048.42,383714.09,89980.82,109809.80,136183.33,208015.53,112347.85,162783.36,123663.63,209453.78,150095.53,89071.28,149317.48,203344.72,112047.04,1444689.11,19637.32,15760.95,125262.66,220173.30,152.85,1234580.68,3849791.16,32132.82,697721.09,467903.35,79041.64,50578.25
Scenario 1,1654,6,Negative Shock,154,TRADING,150917.42,2636174.25,161999.99,262911.51,496345.98,445424.76,417829.54,516435.97,750117.61,926567.40,452899.30,288724.50,1495982.99,20191.69,453547.04,42126.63,336887.04,491575.67,209218.57,44116.01,127744.05,459937.10,357048.42,383714.09,89980.82,109809.80,136183.33,208015.53,112347.85,162783.36,123663.63,209453.78,150095.53,89071.28,149317.48,203344.72,112047.04,1444689.11,19637.32,15760.95,125262.66,220173.30,152.85,1234580.68,3849791.16,32132.82,697721.09,467903.35,79041.64,50578.25
Scenario 1,1655,6,Negative Shock,155,TRADING,150917.42,2636174.25,161999.99,262911.51,496345.98,445424.76,417829.54,516435.97,750117.61,926567.40,452899.30,288724.50,1495982.99,20191.69,453547.04,42126.63,336887.04,491575.67,209218.57,44116.01,127744.05,459937.10,357048.42,383714.09,89980.82,109809.80,136183.33,208015.53,112347.85,162783.36,123663.63,209453.78,150095.53,89071.28,149317.48,203344.72,112047.04,1444689.11,19637.32,15760.95,125262.66,220173.30,152.85,1234580.68,3849791.16,32132.82,697721.09,467903.35,79041.64,50578.25
Scenario 1,1656,6,Negative Shock,156,TRADING,150917.42,2636174.25,161999.99,262911.51,496345.98,445424.76,417829.54,516435.97,750117.61,926567.40,452899.30,288724.50,1495982.99,20191.69,453547.04,42126.63,336887.04,491575.67,209218.57,44116.01,127744.05,459937.10,357048.42,383714.09,89980.82,109809.80,136183.33,208015.53,112347.85,162783.36,123663.63,209453.78,150095.53,89071.28,149317.48,203344.72,112047.04,1444689.11,19637.32,15760.95,125262.66,220173.30,152.85,1234580.68,3849791.16,32132.82,697721.09,467903.35,79041.64,50578.25
Scenario 1,1657,6,Negative Shock,157,TRADING,150917.42,2636174.25,161999.99,262911.51,496345.98,445424.76,417829.54,516435.97,750117.61,926567.40,452899.30,288724.50,1495982.99,20191.69,453547.04,42126.63,336887.04,491575.67,209218.57,44116.01,127744.05,459937.10,357048.42,383714.09,89980.82,109809.80,136183.33,208015.53,112347.85,162783.36,123663.63,209453.78,150095.53,89071.28,149317.48,203344.72,112047.04,1444689.11,19637.32,15760.95,125262.66,220173.30,152.85,1234580.68,3849791.16,32132.82,697721.09,467903.35,79041.64,50578.25
Scenario 1,1658,6,Negative Shock,158,TRADING,150917.42,2636174.25,161999.99,262911.51,496345.98,445424.76,417829.54,516435.97,750117.61,926567.40,452899.30,288724.50,1495982.99,20191.69,453547.04,42126.63,336887.04,491575.67,209218.57,44116.01,127744.05,459937.10,357048.42,383714.09,89980.82,109809.80,136183.33,208015.53,112347.85,162783.36,123663.63,209453.78,150095.53,89071.28,149317.48,203344.72,112047.04,1444689.11,19637.32,15760.95,125262.66,220173.30,152.85,1234580.68,3849791.16,32132.82,697721.09,467903.35,79041.64,50578.25
Scenario 1,1659,6,Negative Shock,159,TRADING,150917.42,2636174.25,161999.99,262911.51,496345.98,445424.76,417829.54,516435.97,750117.61,926567.40,452899.30,288724.50,1495982.99,20191.69,453547.04,42126.63,336887.04,491575.67,209218.57,44116.01,127744.05,459937.10,357048.42,383714.09,89980.82,109809.80,136183.33,208015.53,112347.85,162783.36,123663.63,209453.78,150095.53,89071.28,149317.48,203344.72,112047.04,1444689.11,19637.32,15760.95,125262.66,220173.30,152.85,1234580.68,3849791.16,32132.82,697721.09,467903.35,79041.64,50578.25
Scenario 1,1660,6,Negative Shock,160,TRADING,150917.42,2636174.25,161999.99,262911.51,496345.98,445424.76,417829.54,516435.97,750117.61,926567.40,452899.30,288724.50,1495982.99,20191.69,453547.04,42126.63,336887.04,491575.67,209218.57,44116.01,127744.05,459937.10,357048.42,383714.09,89980.82,109809.80,136183.33,208015.53,112347.85,162783.36,123663.63,209453.78,150095.53,89071.28,149317.48,203344.72,112047.04,1444689.11,19637.32,15760.95,125262.66,220173.30,152.85,1234580.68,3849791.16,32132.82,697721.09,467903.35,79041.64,50578.25
Scenario 1,1661,6,Negative Shock,161,TRADING,150917.42,2636174.25,161999.99,262911.51,496345.98,445424.76,417829.54,516435.97,750117.61,926567.40,452899.30,288724.50,1495982.99,20191.69,453547.04,42126.63,336887.04,491575.67,209218.57,44116.01,127744.05,459937.10,357048.42,383714.09,89980.82,109809.80,136183.33,208015.53,112347.85,162783.36,123663.63,209453.78,150095.53,89071.28,149317.48,203344.72,112047.04,1444689.11,19637.32,15760.95,125262.66,220173.30,152.85,1234580.68,3849791.16,32132.82,697721.09,467903.35,79041.64,50578.25
Scenario 1,1662,6,Negative Shock,162,TRADING,150917.42,2636174.25,161999.99,262911.51,496345.98,445424.76,417829.54,516435.97,750117.61,926567.40,452899.30,288724.50,1495982.99,20191.69,453547.04,42126.63,336887.04,491575.67,209218.57,44116.01,127744.05,459937.10,357048.42,383714.09,89980.82,109809.80,136183.33,208015.53,112347.85,162783.36,123663.63,209453.78,150095.53,89071.28,149317.48,203344.72,112047.04,1444689.11,19637.32,15760.95,125262.66,220173.30,152.85,1234580.68,3849791.16,32132.82,697721.09,467903.35,79041.64,50578.25
Scenario 1,1663,6,Negative Shock,163,TRADING,150917.42,2636174.25,161999.99,262911.51,496345.98,445424.76,417829.54,516435.97,750117.61,926567.40,452899.30,288724.50,1495982.99,20191.69,453547.04,42126.63,336887.04,491575.67,209218.57,44116.01,127744.05,459937.10,357048.42,383714.09,89980.82,109809.80,136183.33,208015.53,112347.85,162783.36,123663.63,209453.78,150095.53,89071.28,149317.48,203344.72,112047.04,1444689.11,19637.32,15760.95,125262.66,220173.30,152.85,1234580.68,3849791.16,32132.82,697721.09,467903.35,79041.64,50578.25
Scenario 1,1664,6,Negative Shock,164,TRADING,150917.42,2636174.25,161999.99,262911.51,496345.98,445424.76,417829.54,516435.97,750117.61,926567.40,452899.30,288724.50,1495982.99,20191.69,453547.04,42126.63,336887.04,491575.67,209218.57,44116.01,127744.05,459937.10,357048.42,383714.09,89980.82,109809.80,136183.33,208015.53,112347.85,162783.36,123663.63,209453.78,150095.53,89071.28,149317.48,203344.72,112047.04,1444689.11,19637.32,15760.95,125262.66,220173.30,152.85,1234580.68,3849791.16,32132.82,697721.09,467903.35,79041.64,50578.25
Scenario 1,1665,6,Negative Shock,165,TRADING,150917.42,2636174.25,161999.99,262911.51,496345.98,445424.76,417829.54,516435.97,750117.61,926567.40,452899.30,288724.50,1495982.99,20191.69,453547.04,42126.63,336887.04,491575.67,209218.57,44116.01,127744.05,459937.10,357048.42,383714.09,89980.82,109809.80,136183.33,208015.53,112347.85,162783.36,123663.63,209453.78,150095.53,89071.28,149317.48,203344.72,112047.04,1444689.11,19637.32,15760.95,125262.66,220173.30,152.85,1234580.68,3849791.16,32132.82,697721.09,467903.35,79041.64,50578.25
Scenario 1,1666,6,Negative Shock,166,TRADING,150917.42,2636174.25,161999.99,262911.51,496345.98,445424.76,417829.54,516435.97,750117.61,926567.40,452899.30,288724.50,1495982.99,20191.69,453547.04,42126.63,336887.04,491575.67,209218.57,44116.01,127744.05,459937.10,357048.42,383714.09,89980.82,109809.80,136183.33,208015.53,112347.85,162783.36,123663.63,209453.78,150095.53,89071.28,149317.48,203344.72,112047.04,1444689.11,19637.32,15760.95,125262.66,220173.30,152.85,1234580.68,3849791.16,32132.82,697721.09,467903.35,79041.64,50578.25
Scenario 1,1667,6,Negative Shock,167,TRADING,150917.42,2636174.25,161999.99,262911.51,496345.98,445424.76,417829.54,516435.97,750117.61,926567.40,452899.30,288724.50,1495982.99,20191.69,453547.04,42126.63,336887.04,491575.67,209218.57,44116.01,127744.05,459937.10,357048.42,383714.09,89980.82,109809.80,136183.33,208015.53,112347.85,162783.36,123663.63,209453.78,150095.53,89071.28,149317.48,203344.72,112047.04,1444689.11,19637.32,15760.95,125262.66,220173.30,152.85,1234580.68,3849791.16,32132.82,697721.09,467903.35,79041.64,50578.25
Scenario 1,1668,6,Negative Shock,168,TRADING,150917.42,2636174.25,161999.99,262911.51,496345.98,445424.76,417829.54,516435.97,750117.61,926567.40,452899.30,288724.50,1495982.99,20191.69,453547.04,42126.63,336887.04,491575.67,209218.57,44116.01,127744.05,459937.10,357048.42,383714.09,89980.82,109809.80,136183.33,208015.53,112347.85,162783.36,123663.63,209453.78,150095.53,89071.28,149317.48,203344.72,112047.04,1444689.11,19637.32,15760.95,125262.66,220173.30,152.85,1234580.68,3849791.16,32132.82,697721.09,467903.35,79041.64,50578.25
Scenario 1,1669,6,Negative Shock,169,TRADING,150917.42,2636174.25,161999.99,262911.51,496345.98,445424.76,417829.54,516435.97,750117.61,926567.40,452899.30,288724.50,1495982.99,20191.69,453547.04,42126.63,336887.04,491575.67,209218.57,44116.01,127744.05,459937.10,357048.42,383714.09,89980.82,109809.80,136183.33,208015.53,112347.85,162783.36,123663.63,209453.78,150095.53,89071.28,149317.48,203344.72,112047.04,1444689.11,19637.32,15760.95,125262.66,220173.30,152.85,1234580.68,3849791.16,32132.82,697721.09,467903.35,79041.64,50578.25
Scenario 1,1670,6,Negative Shock,170,TRADING,150917.42,2636174.25,161999.99,262911.51,496345.98,445424.76,417829.54,516435.97,750117.61,926567.40,452899.30,288724.50,1495982.99,20191.69,453547.04,42126.63,336887.04,491575.67,209218.57,44116.01,127744.05,459937.10,357048.42,383714.09,89980.82,109809.80,136183.33,208015.53,112347.85,162783.36,123663.63,209453.78,150095.53,89071.28,149317.48,203344.72,112047.04,1444689.11,19637.32,15760.95,125262.66,220173.30,152.85,1234580.68,3849791.16,32132.82,697721.09,467903.35,79041.64,50578.25
Scenario 1,1671,6,Negative Shock,171,TRADING,150917.42,2636174.25,161999.99,262911.51,496345.98,445424.76,417829.54,516435.97,750117.61,926567.40,452899.30,288724.50,1495982.99,20191.69,453547.04,42126.63,336887.04,491575.67,209218.57,44116.01,127744.05,459937.10,357048.42,383714.09,89980.82,109809.80,136183.33,208015.53,112347.85,162783.36,123663.63,209453.78,150095.53,89071.28,149317.48,203344.72,112047.04,1444689.11,19637.32,15760.95,125262.66,220173.30,152.85,1234580.68,3849791.16,32132.82,697721.09,467903.35,79041.64,50578.25
Scenario 1,1672,6,Negative Shock,172,TRADING,150917.42,2636174.25,161999.99,262911.51,496345.98,445424.76,417829.54,516435.97,750117.61,926567.40,452899.30,288724.50,1495982.99,20191.69,453547.04,42126.63,336887.04,491575.67,209218.57,44116.01,127744.05,459937.10,357048.42,383714.09,89980.82,109809.80,136183.33,208015.53,112347.85,162783.36,123663.63,209453.78,150095.53,89071.28,149317.48,203344.72,112047.04,1444689.11,19637.32,15760.95,125262.66,220173.30,152.85,1234580.68,3849791.16,32132.82,697721.09,467903.35,79041.64,50578.25
Scenario 1,1673,6,Negative Shock,173,TRADING,150917.42,2636174.25,161999.99,262911.51,496345.98,445424.76,417829.54,516435.97,750117.61,926567.40,452899.30,288724.50,1495982.99,20191.69,453547.04,42126.63,336887.04,491575.67,209218.57,44116.01,127744.05,459937.10,357048.42,383714.09,89980.82,109809.80,136183.33,208015.53,112347.85,162783.36,123663.63,209453.78,150095.53,89071.28,149317.48,203344.72,112047.04,1444689.11,19637.32,15760.95,125262.66,220173.30,152.85,1234580.68,3849791.16,32132.82,697721.09,467903.35,79041.64,50578.25
Scenario 1,1674,6,Negative Shock,174,TRADING,150917.42,2636174.25,161999.99,262911.51,496345.98,445424.76,417829.54,516435.97,750117.61,926567.40,452899.30,288724.50,1495982.99,20191.69,453547.04,42126.63,336887.04,491575.67,209218.57,44116.01,127744.05,459937.10,357048.42,383714.09,89980.82,109809.80,136183.33,208015.53,112347.85,162783.36,123663.63,209453.78,150095.53,89071.28,149317.48,203344.72,112047.04,1444689.11,19637.32,15760.95,125262.66,220173.30,152.85,1234580.68,3849791.16,32132.82,697721.09,467903.35,79041.64,50578.25
Scenario 1,1675,6,Negative Shock,175,TRADING,150917.42,2636174.25,161999.99,262911.51,496345.98,445424.76,417829.54,516435.97,750117.61,926567.40,452899.30,288724.50,1495982.99,20191.69,453547.04,42126.63,336887.04,491575.67,209218.57,44116.01,127744.05,459937.10,357048.42,383714.09,89980.82,109809.80,136183.33,208015.53,112347.85,162783.36,123663.63,209453.78,150095.53,89071.28,149317.48,203344.72,112047.04,1444689.11,19637.32,15760.95,125262.66,220173.30,152.85,1234580.68,3849791.16,32132.82,697721.09,467903.35,79041.64,50578.25
Scenario 1,1676,6,Negative Shock,176,TRADING,150917.42,2636174.25,161999.99,262911.51,496345.98,445424.76,417829.54,516435.97,750117.61,926567.40,452899.30,288724.50,1495982.99,20191.69,453547.04,42126.63,336887.04,491575.67,209218.57,44116.01,127744.05,459937.10,357048.42,383714.09,89980.82,109809.80,136183.33,208015.53,112347.85,162783.36,123663.63,209453.78,150095.53,89071.28,149317.48,203344.72,112047.04,1444689.11,19637.32,15760.95,125262.66,220173.30,152.85,1234580.68,3849791.16,32132.82,697721.09,467903.35,79041.64,50578.25
Scenario 1,1677,6,Negative Shock,177,TRADING,150917.42,2636174.25,161999.99,262911.51,496345.98,445424.76,417829.54,516435.97,750117.61,926567.40,452899.30,288724.50,1495982.99,20191.69,453547.04,42126.63,336887.04,491575.67,209218.57,44116.01,127744.05,459937.10,357048.42,383714.09,89980.82,109809.80,136183.33,208015.53,112347.85,162783.36,123663.63,209453.78,150095.53,89071.28,149317.48,203344.72,112047.04,1444689.11,19637.32,15760.95,125262.66,220173.30,152.85,1234580.68,3849791.16,32132.82,697721.09,467903.35,79041.64,50578.25
Scenario 1,1678,6,Negative Shock,178,TRADING,150917.42,2636174.25,161999.99,262911.51,496345.98,445424.76,417829.54,516435.97,750117.61,926567.40,452899.30,288724.50,1495982.99,20191.69,453547.04,42126.63,336887.04,491575.67,209218.57,44116.01,127744.05,459937.10,357048.42,383714.09,89980.82,109809.80,136183.33,208015.53,112347.85,162783.36,123663.63,209453.78,150095.53,89071.28,149317.48,203344.72,112047.04,1444689.11,19637.32,15760.95,125262.66,220173.30,152.85,1234580.68,3849791.16,32132.82,697721.09,467903.35,79041.64,50578.25
Scenario 1,1679,6,Negative Shock,179,TRADING,150917.42,2636174.25,161999.99,262911.51,496345.98,445424.76,417829.54,516435.97,750117.61,926567.40,452899.30,288724.50,1495982.99,20191.69,453547.04,42126.63,336887.04,491575.67,209218.57,44116.01,127744.05,459937.10,357048.42,383714.09,89980.82,109809.80,136183.33,208015.53,112347.85,162783.36,123663.63,209453.78,150095.53,89071.28,149317.48,203344.72,112047.04,1444689.11,19637.32,15760.95,125262.66,220173.30,152.85,1234580.68,3849791.16,32132.82,697721.09,467903.35,79041.64,50578.25
Scenario 1,1680,6,Negative Shock,180,TRADING,150917.42,2636174.25,161999.99,262911.51,496345.98,445424.76,417829.54,516435.97,750117.61,926567.40,452899.30,288724.50,1495982.99,20191.69,453547.04,42126.63,336887.04,491575.67,209218.57,44116.01,127744.05,459937.10,357048.42,383714.09,89980.82,109809.80,136183.33,208015.53,112347.85,162783.36,123663.63,209453.78,150095.53,89071.28,149317.48,203344.72,112047.04,1444689.11,19637.32,15760.95,125262.66,220173.30,152.85,1234580.68,3849791.16,32132.82,697721.09,467903.35,79041.64,50578.25
Scenario 1,1681,6,Negative Shock,181,TRADING,149271.25,2578781.75,157371.74,264187.47,499866.40,442378.24,411676.44,517428.28,754756.12,957644.83,450666.36,272038.31,1494296.69,20133.12,459067.86,41692.20,337858.00,506599.75,208943.62,43844.51,134199.76,447047.11,363683.06,387981.54,89638.20,107042.00,140514.43,208417.64,114272.82,160958.93,125119.52,215027.78,151497.31,90442.03,148120.46,202864.03,111987.77,1466820.94,19430.19,15760.24,133642.85,225601.37,146.02,1265745.46,3882203.82,32481.77,700467.94,463859.64,78238.38,49231.46
Scenario 1,1682,6,Negative Shock,182,TRADING,148551.32,2580637.41,156969.85,262817.26,496385.70,443017.05,409139.71,516278.91,751399.90,950332.29,450533.71,271047.19,1486381.97,20101.02,456681.08,41668.55,336753.00,504893.17,209612.82,43980.82,134165.37,443724.29,361668.50,386231.81,89496.32,106667.07,140527.21,208429.20,114164.64,161150.68,125037.56,214826.40,151139.22,90162.81,147791.05,202738.71,111545.05,1463157.53,19343.37,15713.91,134401.40,223872.21,147.70,1259506.30,3856210.98,32390.41,699611.52,463657.23,77966.13,49236.01
Scenario 1,1683,6,Negative Shock,183,TRADING,148559.92,2565765.21,155408.00,261965.46,499616.23,442818.63,411625.80,514128.82,748055.76,939221.11,450540.02,270967.78,1482499.94,20064.19,458586.19,41672.96,337862.58,501958.15,209340.44,43942.99,133395.86,446843.77,360148.53,385331.18,89344.74,106248.29,139610.34,208114.17,113929.21,161468.59,124940.35,213429.96,150910.11,90362.86,147933.58,203291.16,111208.09,1459279.88,19270.75,15707.72,135137.37,223038.29,145.08,1254841.80,3853879.17,32305.88,696320.12,463350.45,78347.96,48872.69
Scenario 1,1684,6,Negative Shock,184,TRADING,148391.11,2532612.15,156256.41,261663.76,500054.41,442373.25,412713.01,512606.94,745125.73,931962.12,450958.82,269360.16,1481634.41,20010.37,457392.31,41687.40,336249.07,498818.37,209121.10,43959.73,132284.24,443030.83,360856.96,386484.72,89206.53,105569.50,138668.04,207832.93,112995.15,161214.51,124820.13,212451.47,150790.97,89849.68,147927.38,200785.81,110897.98,1455266.06,19182.99,15575.33,135654.37,223281.40,143.94,1247765.77,3824074.66,32246.66,696018.07,464970.43,78701.67,49289.33
Scenario 1,1685,6,Negative Shock,185,TRADING,147560.95,2512186.24,156024.83,262253.70,498153.08,442607.91,410066.93,512706.13,741766.17,927734.93,449238.74,269197.59,1478780.04,19975.29,453540.56,41574.73,335176.51,499229.35,208768.45,44013.03,131537.37,446862.51,362811.54,385909.58,89282.11,105156.18,138151.65,207796.72,113203.98,161114.33,124883.21,212407.65,150910.51,89510.09,147763.38,197721.79,110499.46,1459893.58,19264.59,15617.81,135863.08,222979.86,144.42,1249271.38,3795798.48,32267.53,692822.75,464077.71,78672.47,49446.40
Scenario 1,1686,6,Negative Shock,186,TRADING,147394.88,2475454.77,155536.64,263332.28,495652.71,442112.43,406966.89,510983.98,739099.86,930680.15,450122.16,270252.81,1476964.93,19900.05,451278.37,41506.20,333998.70,495876.73,208210.71,44000.74,131139.01,443857.03,361370.76,385402.15,89280.91,104910.90,137501.22,207623.11,113399.51,160536.34,124376.07,212593.80,150195.77,89306.05,146893.64,198028.37,109985.85,1463117.40,19268.94,15698.22,134478.33,222681.23,145.64,1243608.49,3796318.57,32243.94,693086.53,464060.89,77826.67,49228.04
Scenario 1,1687,6,Negative Shock,187,TRADING,146569.94,2469148.42,155900.11,262714.52,499410.09,443144.11,408311.02,509191.03,738367.82,930702.63,449877.31,271933.21,1479962.77,19871.46,447303.28,41487.57,335897.79,497182.00,207399.10,43853.19,132034.75,443106.29,356087.26,383956.95,89072.50,103894.01,137495.88,207283.02,113176.92,160078.68,124238.53,212662.17,150238.99,88724.02,147183.27,199366.34,109844.90,1463565.52,19286.98,15522.03,135054.84,223672.96,143.32,1243398.05,3820896.51,32152.88,689300.39,462543.02,77688.85,48761.29
Scenario 1,1688,6,Negative Shock,188,TRADING,146377.75,2493127.68,156365.61,262596.59,499436.78,441694.70,406965.21,505324.39,735386.41,922007.44,449003.18,272297.58,1480364.18,19820.25,446436.08,41389.85,335492.00,496049.14,207008.96,43873.23,131600.51,444204.31,354140.34,383190.71,89046.89,103943.79,136151.42,207065.13,112541.38,159199.15,124047.90,211943.36,150159.91,88298.47,147088.69,199273.54,109613.56,1462106.74,19209.84,15613.39,134181.16,224217.80,143.78,1243049.56,3815813.30,32110.58,690852.67,461602.69,77082.66,48670.37
Scenario 1,1689,6,Negative Shock,189,TRADING,146058.27,2464770.68,156071.52,262538.31,500340.94,441519.83,407010.32,500044.38,737119.49,921772.83,448097.59,269543.29,1475926.00,19784.65,443211.40,41417.00,337304.87,499271.05,206644.47,43761.43,132168.14,446771.96,353105.42,383608.04,88795.02,103335.80,135436.92,206866.68,112542.46,157938.63,123476.53,211021.37,150017.86,88786.05,147143.50,198112.06,109192.15,1458391.02,19285.72,15563.57,134850.60,224151.52,143.84,1243554.81,3797002.81,32078.75,692261.30,461021.77,76586.50,48427.99
Scenario 1,1690,6,Negative Shock,190,TRADING,145380.66,2479344.21,155773.66,261599.44,498476.64,440095.85,406133.04,498439.73,735714.69,924303.05,447893.08,269326.92,1477310.60,19729.83,441003.51,41421.54,337076.67,499238.81,206340.82,43745.26,131834.35,445178.29,353898.40,384088.16,88788.44,103341.16,134430.04,206421.06,112638.72,158561.07,122998.05,211564.27,150043.23,88008.09,146961.00,196901.82,108750.13,1453706.52,19231.83,15725.44,135167.43,224382.59,144.54,1229062.12,3780833.77,32031.34,688709.22,461160.77,76771.89,48224.82
Scenario 1,1691,6,Negative Shock,191,TRADING,145475.66,2470455.03,156716.48,259971.37,496039.58,441130.28,409116.77,499984.53,736100.05,917513.91,448292.62,270364.80,1474964.11,19672.30,444313.49,41329.19,336337.23,500501.70,207064.95,43679.79,132234.21,446239.11,354170.73,384169.10,88784.95,103378.91,133699.39,206269.36,113174.69,158318.21,122553.73,209767.68,150097.34,87564.36,146825.78,193831.04,108768.82,1450638.18,19306.87,15541.33,136470.43,223766.58,144.96,1231558.24,3782966.96,32000.84,688772.88,459774.16,76438.12,48573.53
Scenario 1,1692,6,Negative Shock,192,TRADING,144742.07,2457872.30,155808.17,260161.33,494015.74,441323.30,406255.99,498652.39,734878.13,917175.04,447992.49,270495.17,1471019.85,19659.87,444449.60,41303.49,337408.07,498067.68,208504.11,43586.26,131808.47,447160.40,352819.19,384085.48,89006.98,104205.00,132261.19,206350.78,113424.38,159126.13,122293.38,209559.58,149951.32,87656.96,146731.17,189863.29,108741.97,1450979.44,19161.89,15680.86,135344.14,225158.44,144.45,1230330.14,3760511.91,32024.34,689768.14,459347.28,76120.92,48195.28
Scenario 1,1693,6,Negative Shock,193,TRADING,144873.99,2465825.36,155784.77,259297.46,493774.59,440183.18,406548.23,498534.89,734785.57,918194.53,449526.92,270718.60,1472788.16,19626.67,443792.61,41265.86,338811.90,498040.05,208001.55,43427.10,132086.80,450302.39,353721.58,383350.80,89076.15,104160.39,131508.01,206417.77,113490.29,159727.16,122084.42,209964.92,149979.04,87233.07,146336.97,192625.49,108558.50,1452506.51,19171.17,15640.73,136531.86,226016.72,145.46,1236266.52,3744356.00,31934.50,687312.38,457781.35,75724.81,48345.35
Scenario 1,1694,6,Negative Shock,194,TRADING,144536.02,2476266.56,156470.29,258303.26,495147.10,438961.18,406423.10,499685.49,733841.04,923568.15,447250.79,271087.87,1471635.46,19555.46,439830.27,41230.49,339131.45,498300.39,207788.05,43373.16,132419.69,451243.31,352450.38,383089.44,89008.77,104444.91,131639.10,206911.24,113173.41,159080.57,122211.75,209629.78,150431.60,87552.85,146245.30,192592.20,108469.26,1452509.87,19177.95,15807.90,136800.50,225871.35,145.42,1235164.67,3756735.82,31903.64,685466.16,458969.39,76061.39,47820.79
Scenario 1,1695,6,Negative Shock,195,TRADING,144323.71,2481489.83,156348.33,258332.58,498981.99,438708.59,405625.74,501657.10,730695.33,918471.65,448575.63,271439.93,1475235.30,19510.17,440794.67,41056.75,335686.14,496422.76,207703.31,43400.56,132167.77,452373.10,351206.17,381331.39,89155.77,104048.06,131803.16,206970.70,113573.10,157787.55,122311.84,211532.48,150331.95,87312.35,146190.70,194961.98,108349.36,1449895.69,19004.42,15834.61,138832.77,225611.63,144.51,1237051.60,3742575.39,31941.44,685744.45,458896.51,75812.51,48162.38
Scenario 1,1696,6,Negative Shock,196,TRADING,144301.70,2492424.13,157383.07,259151.41,499767.60,439443.53,406698.92,504697.40,731538.28,911490.02,449083.57,270347.48,1473767.25,19492.76,441041.71,41042.19,337687.69,494718.94,207879.73,43360.11,131566.46,452887.17,352209.60,380704.98,88972.01,103889.43,132708.55,206930.83,114309.00,157218.01,122146.57,209858.88,150775.50,87186.50,146541.07,193609.81,108367.85,1449209.82,18962.06,15785.28,140062.21,224954.52,144.00,1237925.72,3753632.04,32001.11,689419.70,459441.93,75672.44,48270.67
Scenario 1,1697,6,Negative Shock,197,TRADING,144450.68,2489712.20,158682.72,258769.42,498031.94,438744.11,407130.88,501026.32,734950.05,901276.34,450998.28,270344.55,1473267.88,19444.42,441070.83,41052.81,338386.93,496878.61,208060.14,43308.06,132748.30,456313.28,350566.29,381569.59,88981.90,103221.46,132795.17,207595.16,114719.27,157052.71,121872.24,211483.85,151473.36,86785.17,146395.83,196714.32,108650.56,1448508.35,18925.97,15753.64,140909.85,226398.87,144.57,1243584.78,3747044.50,32084.17,690889.80,458243.17,75876.21,48611.74
Scenario 1,1698,6,Negative Shock,198,TRADING,145569.98,2493335.95,159471.88,259939.66,497766.45,438659.92,404421.86,498908.47,735136.25,900054.00,450623.85,271022.55,1469757.52,19492.89,440389.93,41087.47,339200.14,497814.62,208257.68,43412.45,133513.75,460252.53,349088.19,382365.42,88928.62,103962.66,132323.79,207785.60,114900.06,157503.95,121757.62,212592.43,151474.48,86611.82,146380.12,195533.17,108604.26,1446077.67,18879.42,15624.97,141469.44,226462.05,145.64,1249232.27,3738935.22,32075.78,693982.84,458418.09,75945.74,48153.12
Scenario 1,1699,6,Negative Shock,199,TRADING,145321.51,2493633.42,159559.16,261189.59,499029.88,439577.44,408018.30,496394.89,738733.25,898063.26,451173.67,272006.45,1475088.22,19478.38,438060.15,41133.56,341798.55,497838.50,208197.48,43504.31,133420.55,463831.56,349844.22,381554.71,88807.28,103981.87,133136.36,207831.02,115211.15,156142.75,121721.15,214282.78,151724.54,86255.61,146604.72,195840.70,108806.80,1442875.82,18949.83,15598.88,141494.51,224322.24,147.77,1248296.78,3752501.98,32032.15,693082.87,457646.76,75465.34,48203.00
Scenario 1,1700,6,Negative Shock,200,TRADING,145809.79,2516664.90,159750.36,262532.94,499729.43,439932.37,409039.89,500636.75,742566.91,900745.06,453884.58,273135.16,1480343.23,19474.82,441941.79,41188.16,343999.00,499471.23,208616.02,43569.15,134824.97,466250.60,348784.66,380772.21,88909.09,104430.76,133889.70,208634.08,114961.36,154787.78,122019.22,214264.06,151776.82,86668.84,146654.44,196272.27,109100.32,1443315.75,18936.34,15590.22,141240.89,224384.43,145.83,1252132.28,3741276.08,32069.87,691894.87,459834.15,75786.89,48150.75
Scenario 1,1701,6,Negative Shock,201,TRADING,146592.20,2520732.59,159863.53,262511.70,500740.58,441654.97,409840.30,503052.16,743071.37,895476.78,455603.89,273424.08,1478559.71,19477.61,442431.35,41343.19,344442.79,501623.04,209040.89,43602.36,134922.67,465543.78,347929.00,381697.22,89121.76,104372.83,134256.81,209267.99,115142.77,154788.42,122140.28,213007.46,152254.27,86388.00,146370.54,193583.58,109112.83,1444686.30,18957.90,15507.83,141384.21,225035.23,145.43,1256262.42,3741707.72,32134.71,692787.94,461562.32,76615.70,47790.42
Scenario 1,1702,6,Negative Shock,202,TRADING,146890.63,2518938.58,159888.88,262981.43,501836.85,442504.00,408269.47,502419.37,746749.35,888637.12,457666.47,277551.21,1470220.13,19479.77,442309.38,41456.69,345407.16,498956.56,209793.90,43712.87,135051.74,466971.44,348707.96,382673.74,89481.42,104113.83,134077.87,209503.86,115824.87,155305.40,122635.77,214813.29,152293.21,86667.47,146889.83,193493.56,109037.97,1447537.43,19028.21,15573.65,140322.86,226078.09,144.88,1254679.80,3760662.35,32226.99,693373.67,462844.78,76568.79,48007.58
Scenario 1,1703,6,Negative Shock,203,TRADING,146853.16,2517776.32,160169.19,263371.38,505109.53,443460.40,407902.23,505989.68,745369.05,894207.31,459040.91,280111.85,1477707.40,19551.41,445187.25,41460.65,347616.20,499154.39,210712.41,43804.18,134526.14,466958.05,349759.29,383230.56,89804.23,104150.63,134278.69,210329.74,116528.53,155231.04,122805.02,215565.27,153187.94,87243.06,146899.24,194992.85,109270.84,1449283.37,19058.35,15409.59,141308.77,227131.98,144.72,1254687.50,3757051.12,32276.98,691525.43,463857.32,75673.32,48031.71
Scenario 1,1704,6,Negative Shock,204,TRADING,147200.89,2527696.38,160517.76,264728.74,504670.00,443841.30,409317.00,506740.81,745271.01,899931.07,460708.00,279570.40,1478778.21,19562.28,446085.95,41556.35,349329.97,500131.65,211527.08,43819.70,135913.07,469021.47,351149.21,384420.75,90091.60,104100.42,134567.83,210744.85,116769.01,156433.18,122921.42,215380.85,153478.28,87707.87,147319.58,194031.20,109451.24,1452187.49,19065.17,15380.30,142230.72,228662.77,145.40,1263114.57,3762109.74,32344.45,692807.04,464768.90,75913.13,48075.14
Scenario 1,1705,6,Negative Shock,205,TRADING,147757.19,2521870.39,160674.92,266395.87,503880.71,444522.78,409880.65,508810.01,743299.78,897566.11,462246.11,280017.51,1484966.10,19621.43,445588.15,41696.33,348669.50,500686.80,211471.83,43941.94,136040.95,468390.45,351272.05,385435.52,90080.94,104387.13,134687.76,210900.68,116996.83,156682.81,123111.49,216090.78,154196.71,87627.93,147532.99,195482.42,109681.40,1452795.46,19140.82,15393.90,141655.53,229272.02,146.85,1275773.36,3749403.44,32440.36,694323.10,468470.70,75577.61,47904.86
Scenario 1,1706,6,Negative Shock,206,TRADING,148028.15,2530614.57,161127.43,266135.11,507275.22,445859.39,408809.69,511561.81,747229.00,899476.60,461645.82,281716.17,1476897.61,19626.86,447768.56,41799.30,348937.19,500505.22,211619.50,44020.57,137609.45,465276.85,352536.72,386794.11,90133.10,104817.84,134961.62,211291.06,116967.16,155984.35,123540.97,216816.65,154180.96,88055.36,148281.51,194814.66,109808.24,1456402.79,19178.40,15445.96,142694.20,229010.88,146.86,1277790.70,3758533.16,32558.89,693992.01,470081.71,75062.35,48408.78
Scenario 1,1707,6,Negative Shock,207,TRADING,149123.10,2524847.55,160039.64,267382.06,508826.46,446869.97,409946.52,514311.01,743562.11,902785.16,464126.49,280981.07,1481575.31,19663.36,450198.76,41964.09,350960.54,500549.97,211785.01,44074.87,136257.84,467461.71,353812.51,387684.01,90413.26,105519.91,134271.09,212156.39,117312.35,154789.88,123760.81,216220.88,154375.80,88686.56,148446.84,194132.87,110045.39,1459802.79,19232.27,15539.80,143042.10,230014.80,147.01,1277498.68,3753832.45,32534.29,695128.54,469554.69,75389.02,48724.43
Scenario 1,1708,6,Negative Shock,208,TRADING,149536.04,2530140.46,160645.13,268580.77,513238.52,447427.26,410148.44,514423.96,744058.42,914520.60,462789.82,279844.57,1481822.15,19691.56,449110.29,41909.29,351328.10,501837.32,211998.88,44049.29,136001.03,468679.19,355678.10,389276.33,90216.65,105728.80,134702.65,212767.06,117483.92,155629.97,124092.09,217040.32,154701.26,88941.09,148387.49,194896.85,109963.71,1464304.23,19191.52,15355.66,144493.14,230141.60,147.39,1271261.52,3771624.54,32606.44,693729.06,468245.08,75596.99,48966.51
Scenario 1,1709,6,Negative Shock,209,TRADING,149796.87,2527483.71,161071.37,267862.38,515038.36,449773.19,409758.77,514212.97,744325.70,918194.86,462252.85,281454.32,1483978.58,19780.65,450302.97,41865.39,351045.07,500940.22,212166.78,44175.12,136047.20,467563.24,358384.67,390397.33,90358.38,105518.45,134827.85,212877.71,117686.14,157063.87,123939.81,217373.36,154093.04,88963.09,148242.91,194685.22,109824.68,1468828.26,19309.74,15305.78,145525.21,230024.24,146.42,1276401.35,3791460.60,32657.69,695504.93,468173.81,75290.40,49338.73
Scenario 1,1710,6,Negative Shock,210,TRADING,150088.48,2519484.00,161656.75,269374.21,514329.66,451040.89,410529.80,511873.98,745974.25,919704.97,464028.53,281548.21,1493625.51,19812.58,448034.60,41979.90,354122.83,503336.35,212381.03,44239.40,135720.33,467387.03,356534.59,390928.23,90599.31,105490.76,134440.14,213411.67,117718.16,157582.87,124093.71,216776.54,154775.46,88981.16,148553.82,194883.78,109815.40,1471108.59,19329.96,15263.04,145534.63,229872.12,147.12,1275292.56,3778668.12,32700.16,696027.93,469631.43,74941.29,49405.68
Scenario 1,1711,6,Negative Shock,211,TRADING,150311.66,2530705.63,160771.00,269037.75,513553.19,452929.87,412028.59,510246.35,744263.11,919269.39,464510.03,283920.03,1489982.95,19732.05,446998.44,42122.05,354814.30,502178.76,212029.28,44314.82,135061.40,468236.47,360991.20,390401.07,90467.13,105474.53,133849.93,212635.93,117625.23,158923.90,124918.65,216303.23,154462.24,88624.85,148864.56,193892.98,109744.04,1473180.08,19413.94,15217.66,143317.81,230985.52,147.64,1279256.96,3724570.87,32739.30,699312.80,470590.39,75301.34,49056.90
Scenario 1,1712,6,Negative Shock,212,TRADING,149840.18,2518994.99,161546.10,269922.58,515661.22,452577.48,413695.08,513694.61,739917.64,910371.52,464743.09,285927.66,1488380.68,19682.26,448070.60,42144.15,352118.54,500561.92,212324.86,44275.95,135834.40,468213.64,361006.35,391382.56,90586.96,104973.43,134135.69,212479.09,117754.42,160788.69,124898.65,216815.00,154674.03,88463.24,149472.61,194987.21,109659.60,1471944.01,19442.47,15260.02,143276.12,230380.40,147.31,1274682.35,3750735.55,32806.43,699635.33,470403.13,75585.39,48683.93
Scenario 1,1713,6,Negative Shock,213,TRADING,149864.27,2514614.61,161085.88,270608.43,517096.75,452147.33,412043.72,512222.27,744431.28,917271.25,463381.24,286556.71,1490211.15,19647.17,448154.51,42094.31,351782.22,499422.62,212686.57,44255.59,135196.34,463224.02,358168.95,391066.48,90701.11,104979.85,134122.61,212412.11,118156.85,160087.94,125210.58,215071.65,154256.42,88441.25,149397.75,194012.23,109496.63,1475003.90,19489.63,15287.41,143517.04,230252.06,148.82,1271454.73,3791554.46,32720.97,701798.84,470852.33,75137.20,48235.88
Scenario 1,1714,6,Negative Shock,214,TRADING,149902.60,2509675.78,161478.36,269458.24,513998.26,452088.49,410493.45,513182.86,745080.78,912042.00,462042.71,287460.14,1487976.69,19679.06,446129.65,42069.55,352108.66,498211.43,211584.77,44205.90,135473.38,464013.82,354538.59,389260.91,90887.35,104816.96,134704.04,212430.18,118050.73,159069.27,124917.36,214100.67,154191.45,88362.27,149261.39,195625.57,109456.82,1474117.80,19538.83,15220.24,141570.23,228720.32,149.29,1265519.88,3784313.38,32613.57,700848.87,470803.48,75309.85,47945.12
Scenario 1,1715,6,Negative Shock,215,TRADING,149088.36,2486291.21,161136.11,269267.10,512359.39,453107.60,409496.06,512661.28,736832.76,910685.51,462971.83,286866.02,1480980.55,19634.07,445938.78,41960.29,352261.37,497687.37,211873.92,44183.13,136295.56,460515.86,352174.74,390120.84,90798.93,104254.48,133242.60,212212.37,118627.44,158581.96,124702.80,212831.01,153684.55,88364.68,149030.46,195720.83,109275.93,1470744.53,19502.73,15126.68,141575.50,229283.42,150.06,1263502.09,3785708.73,32607.33,703915.55,472933.48,75148.51,48181.17
Scenario 1,1716,6,Negative Shock,216,TRADING,149105.50,2488983.27,161129.22,268986.11,510135.98,449976.31,410999.05,510278.60,736528.49,904174.65,460349.67,287720.92,1477407.99,19636.75,444290.18,41837.80,351109.66,494991.69,211999.41,44219.25,135514.75,458459.28,353276.97,389444.87,90539.16,104169.84,133116.64,211779.55,118547.13,157219.26,124209.09,213245.71,153180.85,87787.45,148933.64,198321.22,108871.44,1468097.18,19459.50,15299.88,142383.89,229055.50,154.09,1260128.55,3763425.32,32556.94,702119.99,471588.72,74918.51,48025.51
Scenario 1,1717,6,Negative Shock,217,TRADING,148439.14,2460765.34,161494.83,267577.73,509114.58,447497.70,413172.82,504381.83,735118.22,896203.77,458688.93,289271.90,1471843.13,19555.43,443249.80,41777.52,348534.90,497450.60,212173.05,44073.82,134102.30,458874.56,352559.45,388613.01,90471.55,103061.89,130823.68,211757.99,118688.22,156711.66,124028.98,211874.70,153108.76,87174.64,148968.17,198529.34,108708.44,1460432.50,19441.98,15122.83,143921.15,227538.47,153.41,1252026.65,3738778.16,32344.10,700149.07,471155.05,73575.26,48043.75
Scenario 1,1718,6,Negative Shock,218,TRADING,148199.40,2425282.85,161531.89,265536.46,508169.39,446475.44,414088.99,501926.66,730159.77,900264.96,457569.39,290875.29,1465350.27,19527.14,441313.47,41545.79,349186.47,496763.65,211545.51,43999.11,131737.63,459699.18,354857.96,387635.66,90153.59,102546.74,130842.12,211540.69,118312.54,155365.09,123525.42,210030.52,153185.38,86879.90,148478.69,200318.82,108124.13,1452041.64,19388.47,14953.54,144472.12,227119.18,152.76,1245601.12,3702307.83,32245.99,695735.55,471108.81,74024.19,47952.42
Scenario 1,1719,6,Negative Shock,219,TRADING,148131.63,2425953.17,159411.79,264459.92,506986.29,445246.64,412582.10,502151.68,726329.85,895641.88,455618.38,289847.15,1457439.80,19448.38,440583.60,41219.18,347002.55,492191.40,210990.02,43738.54,130614.44,459274.58,354461.13,385482.23,90014.21,101988.40,129100.10,210547.90,118266.30,155047.00,123407.95,209698.25,152335.28,86368.56,147982.34,198708.52,107489.76,1444477.05,19343.15,14845.92,143012.47,225566.30,153.52,1244568.84,3715493.50,32143.99,693797.16,469252.20,73443.61,47676.33
Scenario 1,1720,6,Negative Shock,220,TRADING,147552.13,2411049.91,157823.36,262155.99,505235.15,442000.09,410434.81,499925.13,722517.53,887521.92,455177.37,288370.98,1448312.93,19364.55,437426.32,41083.32,346893.91,491766.88,209877.52,43564.82,130581.23,457775.87,351047.07,385471.34,89567.00,101674.71,127539.76,209838.59,117537.12,153174.61,123469.47,209830.06,151442.72,85867.20,147881.22,196365.03,106652.65,1439944.54,19259.50,14876.11,141989.77,225088.40,153.84,1241800.19,3677784.63,31878.38,689967.21,467204.21,73275.79,47611.78
Scenario 1,1721,6,Negative Shock,221,TRADING,145972.26,2392614.88,155702.28,260374.34,501076.03,439411.60,411122.52,495805.82,719718.22,882742.33,454667.48,286277.99,1442291.92,19261.22,435001.16,40917.93,346498.84,492601.38,209931.85,43413.26,129984.99,456343.32,349593.25,382314.84,89162.16,100882.63,127395.16,209108.22,117414.66,152123.71,123138.42,209877.93,151458.61,85334.89,147738.50,197261.57,106189.76,1433618.01,19102.66,14847.39,141670.75,224993.65,155.36,1236743.98,3637186.97,31696.85,686709.43,467108.33,72741.19,47772.45
Scenario 1,1722,6,Negative Shock,222,TRADING,145032.73,2379945.79,155706.89,257750.59,498286.24,437306.23,415912.95,493736.50,714518.99,871352.44,452320.59,287228.84,1441216.03,19145.37,430665.93,40832.65,345394.12,490548.17,209370.05,43305.59,128872.93,455142.88,345860.57,381405.48,88595.50,100190.86,125946.12,207901.90,116439.68,152031.60,122625.20,207804.11,151166.40,85260.10,147103.63,200207.71,105516.32,1425844.26,18994.88,14838.06,140906.99,223326.98,156.59,1232193.99,3598372.58,31607.20,681618.71,464853.62,72398.91,47736.27
Scenario 1,1723,6,Negative Shock,223,TRADING,144424.23,2346757.51,154662.07,256996.65,497498.75,433862.33,414773.48,491529.55,710615.57,871933.61,449110.33,285430.19,1431904.62,19040.72,429700.14,40584.90,343851.32,489177.20,208958.32,43083.72,127884.87,453612.46,343577.26,379317.79,88203.96,99993.41,124382.58,206670.46,115947.99,151611.52,121895.75,206478.84,150287.94,84501.29,145980.14,197108.44,104853.13,1418565.80,18928.97,14619.21,140342.18,222204.27,154.11,1223141.63,3567251.18,31409.84,678370.43,463374.55,72417.01,47439.68
Scenario 1,1724,6,Negative Shock,224,TRADING,143537.21,2287318.72,155434.72,256272.18,496605.27,432717.00,410869.00,491050.68,714343.51,858402.27,447753.94,285942.83,1419643.28,18930.00,427346.52,40321.76,343593.10,488088.38,208288.75,42886.77,127668.84,451293.61,344921.10,375375.45,87801.35,99213.60,122946.85,206227.56,115432.24,150893.87,121310.56,206411.02,149368.68,83825.30,145162.93,195766.84,104125.03,1414065.70,18842.58,14627.83,140099.25,219289.42,154.08,1220625.07,3547020.11,31254.31,675945.35,460681.79,71548.52,47487.48
Scenario 1,1725,6,Negative Shock,225,TRADING,142705.34,2286859.54,155934.97,254783.79,495550.83,429714.01,403620.57,484271.36,712303.59,859124.03,446040.19,284401.63,1411846.38,18818.67,422909.87,40152.18,342846.91,484340.64,207478.27,42711.34,127350.55,450204.66,340599.09,372616.97,87539.97,98819.27,122983.56,205223.88,114914.62,150225.63,120726.42,206336.89,147994.69,82915.34,143683.17,195728.82,103694.13,1410147.49,18851.96,14646.79,139141.60,217780.83,153.06,1211526.52,3507047.58,31051.86,672722.96,460473.64,70949.89,47384.22
Scenario 1,1726,6,Negative Shock,226,TRADING,141217.55,2282356.31,154233.23,251961.17,492714.24,428694.57,399384.36,480918.48,708892.62,854456.64,445575.74,281118.28,1398756.42,18611.56,423593.67,39914.91,338967.35,479431.90,206792.67,42605.78,126353.49,446644.38,333644.29,370751.35,87262.58,97644.02,123130.43,203921.51,115048.17,148385.25,120175.09,205166.25,147234.55,82380.41,142821.28,193913.42,102994.03,1403171.21,18783.62,14463.98,138836.45,214777.31,150.77,1197503.62,3462438.05,30774.01,670932.87,458300.33,70336.63,47231.50
Scenario 1,1727,6,Negative Shock,227,TRADING,140390.08,2271121.40,152571.32,250603.96,488506.60,427065.18,397287.62,476020.53,706394.43,851475.66,443984.98,280354.15,1391964.84,18476.52,421570.79,39691.50,336650.77,476678.94,205042.53,42475.00,125140.47,441361.04,330426.13,367714.84,86596.24,97308.28,122338.96,202499.18,114531.30,147062.11,119606.14,202986.58,147240.84,82433.11,141857.18,191704.84,102556.00,1399291.90,18730.28,14303.23,136767.61,214160.04,149.83,1189337.47,3454802.99,30675.31,665504.24,456362.41,69930.79,46756.41
Scenario 1,1728,6,Negative Shock,228,TRADING,140302.31,2244665.84,150647.58,248547.87,483865.88,424059.24,392822.49,472433.18,703970.39,841064.18,440946.41,277752.36,1376320.39,18354.11,422558.13,39546.52,333610.18,469523.59,203523.09,42268.31,125213.55,442409.71,332668.25,363852.10,86171.41,96958.53,121351.14,201128.35,114429.07,145595.77,119007.51,203518.15,146304.82,81285.15,140770.17,189795.42,101684.43,1390609.52,18643.73,14218.53,134343.47,214609.44,149.07,1190369.71,3429815.40,30459.73,662167.38,453233.15,69420.63,46744.04
Scenario 1,1729,6,Negative Shock,229,TRADING,139634.54,2223744.29,150031.03,247358.49,480477.19,422233.54,388536.50,470700.16,701470.93,837911.28,439423.54,276055.43,1370600.89,18258.01,421042.78,39308.52,334650.47,467302.50,203205.84,42208.75,123956.76,440999.75,330870.97,362758.20,85797.93,97199.76,121902.36,199898.38,114309.66,144237.83,118387.01,198789.40,145767.36,80351.06,139927.02,187154.14,101321.70,1383116.06,18593.41,14272.91,135900.26,214517.32,149.85,1183913.71,3402418.69,30216.27,657750.23,449962.37,68861.35,46244.72
Scenario 1,1730,6,Negative Shock,230,TRADING,138961.01,2198946.80,149140.73,247483.80,478052.33,420371.89,389031.35,466015.79,700422.87,828746.97,438340.68,272333.45,1365891.39,18134.67,421166.39,39029.42,336231.53,464051.32,200912.98,42120.53,122824.24,440090.29,327996.27,360564.66,85376.65,96375.45,121216.44,199282.16,114597.90,142591.57,117961.91,195786.55,145253.09,79510.11,138747.45,186431.20,100537.05,1380133.53,18587.50,14190.52,135998.84,212098.87,148.79,1176376.99,3374892.78,30025.58,655848.88,448536.11,68262.22,46121.61
Scenario 1,1731,6,Negative Shock,231,TRADING,138896.89,2189701.93,150018.36,247305.76,477223.27,419200.63,386984.38,461099.19,689732.28,824643.01,437265.54,272097.53,1359297.75,18002.42,422312.32,38784.32,334555.56,465558.07,200200.54,42022.95,122661.83,438205.31,325996.45,360107.94,85203.54,95655.64,120866.34,198750.25,113860.24,141810.99,117726.53,193872.36,144392.10,79059.80,137817.69,183933.63,100126.35,1372683.49,18509.22,14071.81,134769.20,210586.15,147.28,1168908.09,3322358.81,29854.59,650862.58,446946.13,67608.88,46139.58
Scenario 1,1732,6,Negative Shock,232,TRADING,137911.67,2184531.84,149295.42,245784.97,474521.14,418746.34,386921.83,458126.61,686117.40,812424.12,437387.53,271385.78,1358351.05,17918.74,421691.37,38640.71,336138.07,461576.33,198609.93,41849.36,122448.68,435626.05,325989.17,359784.26,85223.02,95443.60,120311.26,197847.90,113566.82,141556.59,117263.81,190918.52,143759.82,78788.07,137474.73,181241.54,99353.81,1366278.31,18403.08,14118.60,133180.98,209656.26,146.34,1170394.85,3302851.41,29682.80,647656.01,446895.80,67503.65,45990.38
Scenario 1,1733,6,Negative Shock,233,TRADING,137451.10,2141359.37,148053.76,244566.77,471595.30,417588.59,383242.12,455584.08,683152.39,811370.23,436747.26,270982.74,1356225.41,17812.56,421158.57,38590.06,333715.10,458759.26,197493.42,41756.55,121934.43,430110.95,323721.95,358037.48,84979.27,94984.68,119340.30,196925.50,113217.34,139637.46,116472.01,190137.82,143440.27,78692.76,136789.69,180683.48,98817.84,1360771.61,18317.34,13993.07,132135.13,209637.55,145.42,1167593.04,3271912.38,29517.89,645298.40,446247.76,66887.25,45880.18
Scenario 1,1734,6,Negative Shock,234,TRADING,137603.41,2137576.92,147702.41,243439.18,470355.72,415620.56,381195.00,453983.30,676619.99,809090.35,436353.42,270291.54,1350877.34,17624.10,418180.12,38431.57,333514.59,457904.18,197070.60,41612.88,122403.30,428108.24,323099.74,357854.92,84905.30,93913.89,118997.54,196454.81,113204.44,137367.48,115677.94,188445.63,142906.98,78392.00,136222.69,180449.43,98331.52,1358186.27,18102.07,13991.76,133631.87,209187.83,144.14,1160513.26,3250043.17,29346.80,641158.34,445805.47,66298.45,45608.37
Scenario 1,1735,6,Negative Shock,235,TRADING,137116.38,2122680.78,147948.78,242751.08,466529.76,415653.19,380839.62,451351.24,674005.96,795306.56,435647.64,267568.66,1348917.71,17573.55,419753.01,38280.29,333307.48,453599.16,196596.75,41448.36,120369.52,430743.37,323469.39,357615.34,84820.98,93210.62,119084.94,195969.83,112834.43,137407.88,115318.27,186594.63,141879.30,78415.72,136058.85,179594.47,98001.01,1353615.76,18020.20,13960.96,132355.47,206807.89,145.32,1157068.93,3245802.99,29255.43,639144.95,447406.30,65897.75,45191.79
Scenario 1,1736,6,Negative Shock,236,TRADING,136480.25,2108999.39,147482.76,243264.92,467420.00,415488.99,377946.74,448525.61,673081.13,790085.25,436034.27,265527.94,1348132.00,17564.46,417469.35,38177.01,330411.13,450031.91,196766.80,41377.83,119574.45,428216.52,322468.65,357850.60,84736.31,93328.41,118494.33,195098.97,113406.17,136814.55,114933.38,186200.87,141633.12,78002.81,135775.49,178522.05,97698.60,1352637.74,18000.13,13739.19,133246.79,205931.14,145.94,1154138.47,3223606.15,29142.35,637313.73,449347.35,65941.63,45040.13
Scenario 1,1737,6,Negative Shock,237,TRADING,136362.60,2099611.67,147103.67,242599.08,463699.46,413365.29,375176.79,447117.53,674539.51,790703.44,434032.74,266984.26,1342884.48,17533.36,414533.23,38149.92,331233.98,448918.07,196902.50,41270.74,117964.36,430946.06,324488.47,357434.41,84541.27,93117.06,118733.61,194863.17,113036.76,136236.18,115195.28,185866.09,140845.81,78289.35,135608.67,177618.38,97139.92,1349469.52,17874.72,13651.92,134256.71,206480.19,145.19,1147601.31,3220895.06,29054.40,635835.91,448193.12,65669.44,44894.80
Scenario 1,1738,6,Negative Shock,238,TRADING,136590.74,2088217.03,147078.19,242055.71,464336.95,412110.55,372302.59,443882.66,671518.33,788665.65,434125.33,266387.69,1341409.84,17514.11,416008.78,38101.44,329387.13,449511.79,196198.10,41166.39,117996.66,429915.83,324111.64,357848.68,84392.50,92746.28,118289.71,194561.93,112617.76,136026.39,115263.36,186033.07,140122.25,78171.55,135455.63,177644.86,96794.95,1344887.61,17809.35,13617.99,132829.26,206090.69,144.49,1156029.86,3248873.38,28986.73,635476.53,447434.37,66135.53,44815.77
Scenario 1,1739,6,Negative Shock,239,TRADING,135925.49,2090406.11,147376.35,242242.77,463347.33,413098.85,366801.12,444153.40,675752.45,783641.20,434505.52,266539.55,1343475.30,17415.59,412885.08,37982.71,328996.95,451218.58,195429.32,41149.71,118716.05,431719.33,324145.85,357821.72,84422.25,92520.58,118310.24,194329.19,113245.18,133983.95,114970.72,185941.06,140335.98,78315.44,135087.70,175420.24,96608.44,1343698.05,17785.06,13526.82,133071.00,204899.65,143.35,1158996.09,3242488.78,28961.45,636095.87,446801.12,65651.00,44939.75
Scenario 1,1740,6,Negative Shock,240,TRADING,135754.22,2094176.23,147328.10,242392.23,461293.85,412908.13,364681.59,445600.03,679363.36,777911.14,434031.12,264607.33,1341209.68,17440.10,415771.79,38032.13,326842.86,449495.29,194770.43,41138.53,117972.90,427864.78,320111.22,358019.23,84348.02,93013.32,117907.57,194734.81,112463.94,133755.82,114611.17,185420.84,139686.43,78392.40,134813.79,176104.25,96309.81,1348678.29,17797.72,13591.77,133412.48,205548.58,144.88,1164582.33,3234893.74,28967.71,632824.24,447176.87,65476.34,44866.91
Scenario 1,1741,6,Negative Shock,241,TRADING,135745.68,2105309.57,146663.64,241054.86,462393.87,413656.87,363884.49,443649.28,675779.51,777549.39,431397.38,263539.52,1342015.61,17438.77,414972.96,37898.34,327375.84,448605.43,195081.00,41199.88,119688.22,427129.93,320542.35,358655.03,84274.97,93008.84,118064.00,194923.52,112287.54,133256.89,114164.32,185852.78,139457.21,78820.73,134591.70,175285.69,96466.81,1349513.19,17812.96,13567.24,134731.88,205109.16,145.70,1159846.75,3250735.46,28923.30,633836.98,447381.10,65673.87,44843.54
Scenario 1,1742,6,Negative Shock,242,TRADING,134767.85,2110387.72,147466.25,242874.91,463421.08,414970.53,366289.17,445954.13,678732.52,770357.13,431439.08,262160.62,1347730.97,17447.33,413354.43,37841.08,324844.12,449989.95,194922.48,41289.22,118876.99,430087.19,319631.51,359156.43,84259.87,92294.79,118337.25,195249.10,112369.43,133243.02,113758.82,186269.69,139292.09,78509.20,134408.83,175727.34,96483.69,1348985.41,17834.01,13569.49,134662.45,205550.90,143.97,1167351.30,3234937.29,28923.53,632279.78,448841.45,65372.55,44664.76
Scenario 1,1743,6,Negative Shock,243,TRADING,134933.93,2093257.05,148030.44,243003.39,463414.58,414726.12,366891.32,444683.12,674465.37,773571.61,431364.30,262150.76,1348780.22,17427.01,412216.56,37714.44,326162.86,452061.42,194495.04,41206.12,118929.07,429551.03,317156.07,359649.89,84546.99,92964.88,118354.05,194677.32,112084.15,132611.51,113620.91,186465.79,139228.60,78609.20,134780.77,175555.31,96466.29,1350955.59,17861.60,13518.23,134971.60,204901.88,145.02,1168340.21,3249672.65,29069.16,631428.96,449156.27,65155.05,44459.47
Scenario 1,1744,6,Negative Shock,244,TRADING,135060.51,2099761.30,147454.77,243699.95,462931.47,414804.39,367566.92,447347.61,672226.08,769474.33,431114.13,263637.37,1345271.68,17411.56,411075.50,37659.36,326438.66,452186.13,194952.33,41263.52,119653.89,429601.42,316235.91,361282.06,84562.39,92874.72,117424.03,194395.67,112514.39,132537.28,113626.54,186784.36,139269.35,78429.53,134906.05,174603.12,96551.57,1354278.35,17946.29,13699.93,135761.52,205362.94,144.64,1167495.31,3276134.86,29105.39,629685.59,448962.20,65083.13,44680.84
Scenario 1,1745,6,Negative Shock,245,TRADING,134930.94,2112178.59,148701.65,242872.63,461919.55,416012.62,365024.63,442874.92,673694.72,759757.10,431921.89,263620.80,1343051.41,17421.34,410858.83,37756.53,326493.86,452972.60,195872.87,41383.27,119089.23,432267.13,315100.80,361998.68,84690.90,93259.31,118740.54,194118.45,112902.94,131840.51,113628.28,188304.03,139898.86,78632.01,135113.04,173445.26,96647.81,1360097.97,17986.42,13607.73,134187.15,205299.45,145.23,1164531.97,3278161.09,29064.63,632109.11,449021.61,65687.53,45132.95
Scenario 1,1746,6,Negative Shock,246,TRADING,134870.23,2095388.65,148778.30,244142.12,463177.20,416631.31,362185.39,445669.03,676969.72,755760.62,434202.51,264691.76,1332978.21,17484.03,411662.80,37880.91,326418.54,451736.35,195560.56,41406.08,117942.40,437110.73,317345.82,363561.10,84902.88,93441.69,118801.71,194494.75,113187.87,132071.78,113932.79,189159.29,139489.98,78724.12,135219.36,172685.67,96577.25,1365690.76,17945.74,13577.15,133024.99,206384.57,145.38,1162961.46,3269837.55,29023.26,633814.10,451314.08,65561.62,45203.17
Scenario 1,1747,6,Negative Shock,247,TRADING,135741.07,2107126.43,148249.92,244003.97,462034.79,417008.87,363293.33,446102.70,684190.09,760232.00,433770.38,264199.93,1333228.77,17522.18,405941.86,37703.28,328297.30,450188.55,195333.01,41311.37,120199.24,437343.64,315670.58,363491.56,84985.62,93896.87,119524.52,195156.09,113543.25,132967.71,114137.74,189501.49,140103.32,78755.29,135183.42,171201.69,96737.41,1365612.85,17964.03,13628.43,132283.52,205155.44,144.03,1163776.69,3271060.04,29027.72,634201.24,453174.35,65965.76,45386.43
Scenario 1,1748,6,Negative Shock,248,TRADING,135664.34,2100872.28,148434.21,243989.65,463176.34,416683.05,367071.24,444366.61,683017.71,760560.99,434040.94,264591.16,1333211.38,17491.65,405968.96,37798.59,328413.45,448545.66,195085.08,41414.62,119722.97,439702.76,315068.01,362423.15,85118.38,94032.21,120107.19,195468.34,113577.71,133876.62,113774.41,188573.32,140130.13,78738.04,135470.41,171454.48,96809.58,1367383.97,18012.68,13610.30,132981.04,205246.20,144.91,1157328.91,3252457.78,29037.55,636423.29,455040.93,65560.41,45457.08
Scenario 1,1749,6,Negative Shock,249,TRADING,135580.33,2074903.27,148970.35,245072.16,465429.24,416253.38,364607.33,448245.90,683911.18,763731.45,433950.30,262178.80,1339066.20,17489.70,405698.89,37756.63,331306.95,453332.94,195429.84,41419.77,120199.34,439401.34,320778.26,362915.45,85229.13,93867.00,119233.83,195354.84,113813.49,134630.12,113968.47,188398.45,139751.31,78445.55,134892.56,171307.20,96452.99,1372450.70,18041.87,13663.92,134057.46,204070.54,144.83,1152448.39,3269515.32,29104.82,636926.31,455556.92,65904.85,45797.70
Scenario 1,1750,6,Negative Shock,250,TRADING,134946.72,2072470.27,147973.03,244678.74,467754.52,416948.90,365075.43,445796.68,683794.71,759730.13,433252.62,261675.03,1334584.51,17470.42,403904.44,37637.91,333165.34,454473.60,196015.72,41543.90,121468.77,438772.47,317600.53,362541.77,85342.17,94283.71,120833.78,195434.43,113427.19,134045.78,113920.01,187898.80,139724.91,78043.76,135118.75,171560.71,96447.07,1374085.15,18051.64,13776.73,134447.17,205678.98,143.64,1153512.62,3257275.73,29055.29,636907.52,454100.14,65567.00,45949.59
Scenario 1,1751,6,Negative Shock,251,TRADING,134678.93,2046838.26,147993.33,244920.05,468581.10,416500.03,360611.11,445300.79,682965.72,750718.78,434411.53,258669.74,1334289.51,17413.73,403565.88,37635.38,331576.21,455155.56,195933.88,41619.02,123045.09,439052.18,317557.65,362348.43,85168.07,94169.88,120691.72,195749.69,113731.63,134640.36,113985.86,187026.12,139641.68,78221.62,135130.75,170373.19,95952.60,1369747.70,18037.49,13817.09,133839.18,205139.34,145.05,1151668.18,3238028.60,29092.20,639332.70,451711.39,65672.89,45472.16
Scenario 1,1752,6,Negative Shock,252,TRADING,134100.49,2053975.36,149347.04,244990.64,470753.10,416997.80,358303.14,447062.46,682706.95,747073.56,435650.56,260205.11,1333269.55,17387.64,403858.55,37533.64,329287.83,454617.82,195961.27,41650.01,123456.72,437716.86,319022.01,360628.93,84905.51,94341.97,121276.46,195596.14,113216.83,134119.50,113617.58,186935.16,139312.88,77718.87,134874.17,171515.08,95821.18,1366777.97,18054.51,13755.95,134281.20,205472.91,147.20,1144679.14,3226648.66,29071.41,640641.53,449750.53,65692.97,45141.86
Scenario 1,1753,6,Negative Shock,253,TRADING,134252.83,2038082.23,147811.35,244450.52,471045.44,415389.17,351815.26,445653.52,679079.09,740232.50,436010.74,259898.11,1333163.01,17350.14,401237.55,37436.93,326786.30,451392.69,194957.65,41581.92,122751.50,440069.57,318120.66,359115.75,84787.90,94130.32,120765.84,195139.48,113275.77,134277.79,113049.90,186636.96,139298.29,77667.20,133889.07,169650.70,95684.18,1360177.50,18104.77,13727.81,135143.65,205305.95,145.59,1145522.68,3200096.05,29004.16,639754.97,450694.80,65513.05,45356.71
Scenario 1,1754,6,Negative Shock,254,TRADING,132611.79,2053692.52,147222.24,242198.63,471215.77,416130.27,350424.58,445024.10,676070.69,733811.86,436201.81,259690.24,1327520.08,17287.45,397809.57,37260.42,327124.67,453797.02,193583.97,41587.82,121035.51,438153.26,314809.14,358474.44,84539.21,94220.91,120188.63,194547.18,112809.33,132780.33,112843.50,185642.32,139087.36,77072.47,133258.97,169333.68,95149.89,1358284.15,18108.44,13768.59,134410.75,206016.43,142.29,1142229.98,3177895.46,28991.71,637404.74,449789.13,65915.67,44965.22
Scenario 1,1755,6,Negative Shock,255,TRADING,132461.41,2041954.09,147308.62,239861.23,467799.78,413661.16,344563.61,442777.85,671292.98,726102.19,434180.89,258241.55,1327778.60,17208.64,396690.28,37307.57,327756.80,453927.47,193929.98,41444.94,120759.87,436437.30,312331.59,356814.35,84349.79,94427.26,119981.43,194317.28,112789.90,130903.88,112483.97,183511.89,138604.27,76967.26,133624.16,170542.51,94820.43,1351296.69,18007.92,13700.57,134584.22,204882.83,140.98,1135635.94,3168916.44,28903.91,634283.46,447205.13,65363.32,44488.19
Scenario 1,1756,6,Negative Shock,256,TRADING,132115.22,2039837.70,146788.25,239524.36,467171.65,411737.19,341337.73,445933.13,669903.27,725238.40,433716.45,259024.02,1325772.04,17134.41,393634.33,37003.34,327377.55,450471.22,192520.45,41194.16,117508.36,434401.78,311493.42,355269.73,84062.01,94387.95,119616.22,194104.46,112706.34,129377.40,112159.11,181788.72,138209.95,76630.27,133224.79,170245.19,94509.91,1343078.22,17972.44,13784.28,133822.71,203846.56,138.31,1120294.76,3161600.27,28617.49,631204.09,445479.34,65250.37,44393.70
Scenario 1,1757,6,Negative Shock,257,TRADING,131777.79,2017321.76,145804.67,239080.19,466555.48,410579.12,339017.34,443642.35,668078.33,724316.41,432445.27,257914.34,1321577.53,16970.92,391690.88,36785.28,325307.61,449605.81,191883.56,41141.05,118310.62,431236.80,307590.54,353093.14,83900.24,93543.28,118441.25,193605.35,113091.58,128992.90,111504.05,180182.49,137879.25,76686.61,132459.24,168970.30,93776.91,1338047.15,17833.92,13790.04,135004.58,203342.94,138.98,1119745.47,3135658.42,28377.68,627730.72,441925.71,64877.18,44441.16
Scenario 1,1758,6,Negative Shock,258,TRADING,130531.36,1996780.39,145127.40,237887.64,465158.36,408904.42,336829.59,439418.20,663561.88,717994.87,430776.21,257098.84,1313163.12,16850.91,389315.72,36557.71,324501.30,449039.08,191211.77,40939.94,117166.08,432423.96,307877.94,350551.51,83752.75,92931.09,117982.83,193474.25,112460.06,128355.26,111407.29,180242.04,137166.13,76744.42,131939.09,169303.09,93554.72,1329397.20,17805.53,13665.41,133137.63,202626.71,139.14,1115629.08,3121097.92,28251.48,622249.12,441360.69,64257.14,44436.66
Scenario 1,1759,6,Negative Shock,259,TRADING,129610.82,2021745.59,144238.38,237371.32,462716.03,405883.03,335114.12,435087.36,658845.47,717381.19,428692.22,256543.94,1303110.55,16748.01,385739.58,36404.65,324246.34,449958.84,189653.76,40764.60,118176.98,431826.54,307214.64,348654.41,83292.51,92311.91,117614.59,193031.71,111429.98,128218.92,110761.67,178967.39,136402.03,76127.75,131465.43,167942.72,93088.03,1327913.72,17663.21,13496.92,133090.03,200463.85,137.44,1115352.42,3089812.37,27993.30,620293.07,440060.61,63722.81,43657.39
Scenario 1,1760,6,Negative Shock,260,TRADING,128422.58,1997736.45,143273.84,236243.10,457920.12,405562.45,335593.77,433683.75,654768.18,713465.92,425248.15,254560.55,1295697.32,16574.68,382078.18,36154.85,324825.93,447999.11,188791.95,40582.73,118242.55,431414.44,304375.44,346883.16,82848.88,91386.68,116805.37,191644.76,111400.52,128030.01,109949.20,176639.18,136310.69,76036.39,130650.85,167190.94,92554.14,1326546.34,17664.69,13204.13,132129.04,200812.30,135.05,1109721.83,3068359.34,27882.06,616767.32,435895.41,63065.90,43244.93
Scenario 1,1761,6,Negative Shock,261,TRADING,127626.88,1974219.76,142490.29,235785.62,455170.14,403152.80,333182.39,428124.85,652601.13,712320.26,423753.22,253209.64,1294992.71,16463.77,382880.23,35925.66,323689.29,446720.30,188722.57,40228.03,117540.06,431309.68,303109.31,344244.50,82526.26,90811.69,117194.62,191007.22,111412.04,127290.99,109384.82,176700.78,136584.35,75742.75,129263.13,166922.05,92012.13,1319600.38,17623.77,13041.64,131086.69,199338.61,137.63,1102022.18,3046941.09,27706.93,611623.58,432255.68,62800.35,42996.12
Scenario 1,1762,6,Negative Shock,262,TRADING,126714.99,1954450.71,140566.85,235869.74,453550.27,401627.10,333624.29,426267.33,653579.92,706338.59,422978.61,251642.55,1292598.85,16398.77,380205.45,35595.79,322645.99,443883.99,188170.54,39926.05,117142.60,425652.07,302188.41,343139.01,82257.56,89836.31,116612.85,189636.59,110492.94,126785.69,108728.03,177460.77,135418.97,75401.55,128735.83,165958.34,91467.80,1314017.61,17507.28,12852.37,131380.41,197473.10,135.96,1098489.37,3022330.65,27606.15,608607.26,430072.14,62977.93,42791.22
Scenario 1,1763,6,Negative Shock,263,TRADING,126121.37,1940347.60,140302.13,235444.37,451674.39,401201.90,330340.76,423323.94,650338.42,699338.31,422740.80,248791.79,1286518.17,16241.72,377471.76,35219.22,321392.45,441978.87,188060.39,39814.21,115652.03,425201.26,302429.13,341522.77,82100.92,89158.90,116881.98,188947.33,110376.33,125763.30,108164.19,175566.33,134907.30,75143.72,127987.62,162640.88,91083.05,1307617.07,17471.72,12684.68,130452.90,196870.61,136.45,1096151.20,3005067.72,27526.72,608538.62,428822.14,62654.17,42333.74
Scenario 1,1764,6,Negative Shock,264,TRADING,126033.97,1898583.03,139876.81,235423.33,450053.81,399771.19,328928.10,419778.84,648683.16,693780.03,421590.47,246532.08,1278571.25,16194.34,373705.75,35056.30,321445.33,438361.67,186402.76,39743.84,113979.88,423822.91,303266.02,339850.03,81869.06,88525.47,115843.23,188704.75,110467.40,125153.42,107451.23,173700.08,134897.86,74691.91,127962.89,160086.82,90328.53,1303826.98,17377.98,12476.22,131296.87,197179.52,134.86,1090211.01,2997182.21,27370.79,608706.07,429237.15,61841.64,41910.39
Scenario 1,1765,6,Negative Shock,265,TRADING,125643.91,1877937.18,141929.31,234620.26,446196.43,399191.29,328216.66,419531.02,647982.16,691224.50,422441.94,246967.97,1280231.68,16053.72,368397.29,34947.16,319668.85,437461.84,186136.68,39482.80,112820.24,420856.46,300459.39,337019.09,81677.76,88565.00,116736.79,188592.29,109869.92,124487.30,107279.16,172340.63,134902.07,73689.26,127549.33,160479.08,90015.47,1294796.75,17309.81,12437.87,129422.84,197265.77,134.18,1081637.74,2987418.40,27312.84,607115.64,428026.98,61730.23,41683.27
Scenario 1,1766,6,Negative Shock,266,TRADING,124202.38,1861102.63,140435.37,233276.06,443618.85,397419.04,327370.52,423682.90,645979.82,690825.33,421280.12,246917.00,1274378.99,15983.03,367946.46,34746.67,317165.13,438529.47,185939.26,39298.95,112560.75,420328.04,303543.86,336622.66,81387.98,88314.44,115652.34,187851.03,109584.68,123393.69,106937.66,171327.17,134202.98,73294.40,127089.49,160582.94,89536.73,1286661.83,17184.94,12401.03,128306.31,195859.79,132.29,1082528.68,2987386.32,27123.08,605965.48,426741.42,61554.23,41247.88
Scenario 1,1767,6,Negative Shock,267,TRADING,123375.62,1845321.98,140412.10,232841.77,442605.96,396674.96,324063.25,423910.94,643342.03,678820.11,420650.58,245338.54,1270704.54,15948.07,368981.30,34819.98,315496.30,433360.51,185605.11,39096.94,111781.15,418150.14,302959.24,337289.24,81156.70,88918.52,114260.46,186698.05,109206.82,123177.97,106740.73,170590.29,133535.20,73395.17,126708.89,162742.29,88794.50,1280671.38,17212.70,12408.85,127410.43,195657.13,132.91,1076547.73,2952053.77,27055.92,601877.60,426739.75,61317.60,41094.51
Scenario 1,1768,6,Negative Shock,268,TRADING,123206.75,1845321.98,138462.94,232748.13,439971.46,394269.28,324553.82,422059.78,638759.64,681176.08,420119.44,244166.72,1271595.91,15923.20,367961.23,34717.22,313226.14,428976.60,184996.55,39072.34,111319.56,417940.14,301267.33,336273.08,81005.71,88224.98,114279.42,187100.81,108476.83,123278.44,106276.55,170953.99,132875.21,73058.00,126207.63,162817.07,88460.40,1278037.96,17218.94,12307.43,126160.88,195644.33,133.51,1070200.91,2936927.71,26935.21,600618.33,425685.33,60800.36,41099.88
Scenario 1,1769,6,Negative Shock,269,TRADING,122547.65,1845321.98,139097.90,231893.59,441322.16,392131.53,323744.29,417636.11,636529.20,678227.72,419559.77,241991.80,1269171.60,15829.83,366204.15,34760.84,315926.28,431918.11,185454.68,39052.60,110206.21,413948.03,301061.40,336071.75,81122.17,88044.55,113549.41,186443.24,108272.45,122396.98,105791.04,170893.52,132843.08,72872.39,125483.46,163683.08,87938.88,1275433.68,17209.92,12188.67,126057.96,194897.19,133.86,1065569.63,2936804.86,26850.43,600870.60,423766.40,60596.42,41167.14
Scenario 1,1770,6,Negative Shock,270,TRADING,122186.51,1845321.98,138204.10,230831.58,441923.00,392061.25,321374.14,413648.97,636541.85,676348.74,419382.97,242559.51,1271487.90,15737.90,364307.62,34629.43,316627.31,433283.00,185445.03,39012.14,109786.08,410896.04,301502.43,333801.92,80864.83,88059.04,112417.73,186520.50,108486.54,123338.70,105550.68,170366.82,133169.51,73028.67,124949.18,163264.08,87564.01,1276074.31,17088.25,12105.40,125323.38,195009.99,135.69,1059576.01,2945808.67,26808.55,601098.01,422266.98,60422.74,41447.59
Scenario 1,1771,6,Negative Shock,271,TRADING,121714.51,1845321.98,137097.71,230615.86,442521.66,391410.29,321598.82,409130.45,631269.10,672232.76,418384.03,240780.55,1268575.85,15664.75,365022.50,34693.37,316345.95,433931.24,184279.74,39058.93,109707.17,413945.52,300700.21,334729.71,81044.41,87819.82,112348.42,186098.89,108025.97,123615.80,104681.07,169221.18,131988.03,72865.00,124613.23,163199.21,87407.23,1279423.60,16957.96,12141.19,125669.81,193929.56,135.50,1062353.63,2922014.97,26698.67,601366.96,422791.57,60749.47,41485.46
Scenario 1,1772,6,Negative Shock,272,TRADING,121315.54,1845321.98,137910.76,229985.88,438072.96,391792.96,322059.27,405973.75,630152.68,673527.31,417662.10,241414.96,1268683.07,15590.43,367501.73,34624.08,316188.16,430384.03,184960.82,38951.87,108336.37,409929.99,296807.67,334758.63,81102.33,87347.40,111487.84,185257.54,107585.04,122231.16,104844.95,169542.22,131443.22,72345.46,124686.03,163191.08,86715.57,1274494.74,16919.44,12200.04,126915.58,193851.14,133.77,1060060.67,2940325.34,26617.16,598003.44,423832.76,60521.73,41171.02
Scenario 1,1773,6,Negative Shock,273,TRADING,120658.77,1845321.98,137107.70,229405.83,438055.05,391056.31,323073.47,409757.93,629940.86,675841.61,417216.93,242991.42,1266715.40,15523.60,365570.71,34475.61,316066.45,428514.88,184685.46,38781.78,107246.61,412148.59,294316.97,335203.96,81240.06,86399.17,111514.54,185099.74,107312.55,122213.80,104070.43,168125.50,131259.92,72279.60,124148.15,162295.74,86521.38,1270230.84,16984.58,12259.41,126138.67,191215.15,134.15,1056690.94,2934609.32,26470.74,596373.00,422018.73,59995.98,41431.28
Scenario 1,1774,6,Negative Shock,274,TRADING,120728.14,1845321.98,137682.88,228870.59,436716.71,391379.98,321365.63,409356.09,628487.42,679596.13,416488.84,243050.09,1257882.72,15429.96,364166.34,34279.25,315105.02,426147.48,183634.87,38663.45,107210.25,411172.03,294086.42,335727.61,81228.41,86643.64,110197.04,185124.91,107146.97,122011.15,103863.78,167822.38,130781.42,72407.82,124060.94,160704.57,86095.40,1269093.36,16924.08,12163.07,126209.27,188728.04,133.85,1049209.02,2922129.52,26322.44,593848.63,420224.09,59905.59,41500.28
Scenario 1,1775,6,Negative Shock,275,TRADING,120253.08,1845321.98,137767.35,230510.48,438155.38,392384.25,320645.09,406438.15,628531.88,681281.21,415160.49,242896.98,1244275.06,15390.12,363662.03,34176.49,314222.73,424197.38,183846.09,38708.02,107207.01,410978.04,292944.17,334199.68,81078.98,86350.59,110553.74,185405.73,107452.84,122337.04,103497.87,166085.15,130447.56,72025.94,123691.86,161506.20,85747.44,1269238.29,16916.05,12213.40,126780.80,189287.30,134.48,1051925.26,2903707.85,26219.45,591572.62,419699.74,59647.76,41352.73
Scenario 1,1776,6,Negative Shock,276,TRADING,119580.55,1845321.98,137757.03,229686.25,437693.75,392455.11,318029.25,405154.76,630409.68,682123.43,413799.42,241988.29,1237664.91,15346.31,364566.24,34127.39,315997.99,424015.61,183514.94,38560.21,107501.65,409089.78,294856.69,334194.88,81221.68,85862.78,111479.51,185110.90,107140.91,122301.04,103729.75,166375.49,129987.34,71768.95,123497.38,160700.17,85695.81,1266652.49,16997.26,12171.10,126787.91,189548.57,134.18,1045787.21,2913400.50,26164.67,589278.21,420315.93,59812.71,41199.16
Scenario 1,1777,6,Negative Shock,277,TRADING,119143.31,1845321.98,138411.49,229404.29,436644.24,391781.23,317467.88,403941.12,628670.62,690705.87,411993.64,239897.24,1235741.64,15283.32,366985.99,34055.19,316314.38,422644.07,183390.82,38369.56,106890.83,408205.69,295353.39,333881.86,81047.56,85466.25,111817.07,184894.55,106975.37,121767.39,103452.70,165054.75,130041.37,70958.51,123458.92,160279.68,85420.19,1265222.12,16975.38,12235.77,127090.44,189146.50,133.39,1042031.83,2921375.20,26160.74,591191.06,419960.14,59864.31,41456.79
Scenario 1,1778,6,Negative Shock,278,TRADING,118890.40,1845321.98,137792.82,228349.79,438434.23,391470.08,317706.73,401284.94,626560.59,690867.51,412225.15,239150.72,1235794.30,15218.42,365521.70,33884.55,316316.75,422050.68,182640.93,38411.86,106555.05,404934.73,293822.97,335112.20,81089.30,85230.74,111211.37,184808.48,107030.34,121389.94,103377.29,164057.12,129262.17,71395.27,123248.74,158875.01,84973.74,1264517.59,16935.31,12303.12,126749.33,188491.69,131.45,1041826.36,2914815.73,26092.19,592353.84,421052.89,60123.26,41540.86
Scenario 1,1779,6,Negative Shock,279,TRADING,118624.91,1845321.98,137360.06,226847.40,438855.27,392080.37,317238.74,401664.29,628104.98,696033.59,412505.46,240443.18,1228504.63,15143.34,365208.74,33954.78,315366.15,424742.15,181710.66,38493.23,107076.00,401559.89,290148.59,334580.32,81048.79,84739.78,110646.78,184197.11,106850.22,120900.99,103161.55,163511.33,129318.26,71779.83,122765.62,158826.55,84815.09,1262512.33,16877.43,12298.41,124853.54,187016.83,130.43,1048432.59,2934098.81,26052.45,594185.68,421952.07,60140.61,40885.36
Scenario 1,1780,6,Negative Shock,280,TRADING,118146.23,1845321.98,136719.45,225285.18,437101.10,391953.89,317284.99,404174.96,624276.25,690276.76,411227.07,242078.84,1227648.36,15103.69,364481.20,33843.35,315520.12,422571.29,180115.25,38301.74,106253.24,399101.56,288739.84,334357.65,80900.13,84589.39,109913.63,183876.00,106981.02,120413.59,103079.69,163473.57,129394.99,70983.57,122397.48,159145.05,84025.02,1256622.95,16994.30,12312.96,124128.11,185817.27,130.60,1042753.16,2924919.41,25979.56,590708.19,423108.20,60457.97,40457.43
Scenario 1,1781,6,Negative Shock,281,TRADING,118328.70,1845321.98,136474.40,225839.76,435033.57,391183.02,315162.16,399915.42,622806.69,692623.44,410127.03,242391.03,1231775.15,15017.54,364641.39,33712.36,317327.10,419618.59,180398.50,38184.92,105630.50,398289.35,281624.27,333050.99,80630.81,84150.78,108981.70,183402.86,107361.27,119444.87,102934.08,161583.83,129880.52,70981.94,122187.49,156594.17,83752.14,1254250.39,16911.93,12187.29,122859.73,184598.68,131.34,1040850.10,2903333.12,25839.19,587864.25,422165.83,60678.47,40533.00
Scenario 1,1782,6,Negative Shock,282,TRADING,117989.04,1845321.98,136709.77,224628.87,435288.23,391068.34,314476.04,395629.11,622246.31,696810.92,410143.27,243804.51,1227380.73,15005.78,366594.64,33624.30,316621.29,420610.01,180186.99,38073.91,106210.38,398826.91,280956.23,332412.86,80597.41,84844.89,107644.04,183390.95,107166.82,118797.13,102753.66,160769.28,129460.86,71224.99,121785.81,156349.61,83579.20,1249898.42,16912.72,12118.83,123186.08,184469.78,132.77,1043470.28,2923821.90,25838.56,586679.26,422960.10,61091.16,40386.62
Scenario 1,1783,6,Negative Shock,283,TRADING,118068.67,1845321.98,135483.08,223750.20,435515.25,389806.84,312346.84,395883.65,620717.99,700015.75,409404.75,245005.07,1228938.81,15005.00,367229.38,33602.65,317797.79,421150.47,180286.37,38056.19,105472.25,397772.43,278826.66,330874.70,80470.35,84474.05,107625.78,183154.69,106768.75,118570.93,102775.62,161493.01,128636.20,71162.51,122011.24,156688.82,82735.11,1245768.87,16916.59,12215.48,122446.50,185337.51,131.70,1040234.68,2908264.58,25788.45,584551.93,422006.38,60821.26,40202.73
Scenario 1,1784,6,Negative Shock,284,TRADING,118044.93,1845321.98,134755.54,224737.38,436973.25,388642.12,313536.77,396459.10,625785.90,704973.92,410022.98,245930.73,1229778.93,14987.37,365784.56,33509.98,315945.87,419443.40,179837.31,37881.83,105045.61,400324.52,279440.44,330339.82,80116.19,83927.11,106738.14,182699.07,106380.63,118026.17,102577.82,161279.27,128257.94,70806.95,121983.65,155951.55,82464.16,1244475.63,16865.00,12089.08,121649.30,183016.00,130.43,1031770.94,2889164.66,25708.99,582976.81,421781.16,60206.60,40063.93
Scenario 1,1785,6,Negative Shock,285,TRADING,117705.70,1845321.98,135549.28,222668.36,433254.86,388142.06,312458.13,397420.90,621961.25,700281.80,408578.01,245503.45,1228346.01,14982.26,362397.55,33291.44,315505.36,419489.44,179040.36,37882.56,103760.99,399888.40,278629.52,328293.29,80178.92,84138.80,106124.08,182711.90,106008.61,117679.17,102285.89,162118.48,127960.69,70503.56,121876.52,155862.17,82205.75,1237645.84,16856.84,12069.99,120458.24,179824.81,129.09,1025905.78,2877759.97,25690.03,579914.06,419500.43,60177.42,39691.10
Scenario 1,1786,6,Negative Shock,286,TRADING,116998.12,1845321.98,135693.05,222118.13,433489.59,388773.97,313040.91,397556.66,622328.60,699573.61,408841.46,244306.40,1229220.07,14923.59,360910.45,33275.93,315270.25,421736.59,179009.55,37802.20,104459.51,396902.94,278134.46,326985.63,80214.77,84018.86,105071.06,182095.85,106094.30,117228.58,102320.02,161344.94,127130.20,70648.19,121767.09,156147.58,82204.63,1232975.43,16903.65,12011.21,121241.15,179432.01,127.31,1019740.79,2871939.52,25656.77,579793.12,419469.36,60135.30,39646.86
Scenario 1,1787,6,Negative Shock,287,TRADING,116317.06,1845321.98,136276.33,222452.87,431638.46,388141.01,312849.71,393472.56,615995.59,696887.32,408247.76,245360.00,1227083.30,14940.40,358455.01,33266.09,316668.73,420642.10,178548.95,37774.11,105187.34,390537.17,281103.99,325554.40,80084.64,84191.54,105504.96,181983.57,106016.40,117168.26,102296.32,161669.34,127776.29,70796.92,120950.96,156272.47,82141.32,1229761.75,16818.28,11946.24,120210.96,177421.00,129.08,1010756.00,2869174.38,25656.39,580523.75,419254.23,59568.00,39965.69
Scenario 1,1788,6,Negative Shock,288,TRADING,115828.21,1845321.98,135794.30,221951.98,429863.35,386437.73,310645.95,388871.30,614133.30,691895.06,407517.84,246964.04,1226046.45,14831.18,356380.82,33264.56,315516.16,417556.90,178869.28,37735.90,105720.23,391118.35,281341.82,325254.48,80089.69,83729.27,106492.77,182029.96,105887.42,116888.68,102345.86,161643.79,127486.55,70621.69,120347.70,157939.84,81928.10,1225929.67,16741.59,12070.72,120059.25,176588.41,128.36,1014494.09,2858010.06,25611.80,577867.68,421427.72,59305.95,40141.84
Scenario 1,1789,6,Negative Shock,289,TRADING,115668.33,1845321.98,135559.08,221433.34,428350.16,385210.33,311279.69,390510.02,614133.62,689466.00,407348.25,247071.06,1234769.84,14815.84,354539.49,33196.69,315099.97,421128.41,178978.85,37634.47,104314.51,388390.02,284487.24,323699.52,80134.58,83433.96,104881.50,182453.88,105554.74,116845.64,101754.22,161235.85,127218.58,70774.95,120218.26,157716.52,81841.03,1223412.97,16680.52,12013.36,118955.31,174603.15,128.79,1013363.61,2868610.17,25588.02,579718.79,420027.23,58703.17,40285.43
Scenario 1,1790,6,Negative Shock,290,TRADING,114723.64,1845321.98,135692.72,221702.30,427719.03,384200.82,311930.78,386147.40,613669.74,682071.21,407601.14,247322.26,1233981.49,14764.67,355625.74,33051.92,312916.12,421318.44,178732.83,37523.00,103964.37,386629.91,280158.52,325140.01,80071.81,83448.65,104678.84,182806.78,106051.68,116780.81,101607.97,159503.55,126947.53,70657.30,119703.66,157563.52,81536.43,1219044.07,16529.05,11952.77,118586.55,172217.77,128.57,1013745.97,2858475.40,25584.26,578420.30,420923.08,58824.39,40072.90
Scenario 1,1791,6,Negative Shock,291,TRADING,114319.03,1845321.98,135281.23,221751.63,428488.82,382986.03,310107.96,383730.53,609667.10,675991.20,408132.98,247227.71,1224259.72,14749.78,352670.33,32963.02,314310.31,423272.11,178052.62,37462.14,103872.56,383509.89,276999.01,325237.31,80229.15,82679.41,104744.73,182018.28,105871.25,116695.20,101181.71,160400.77,126768.58,70605.68,119289.07,155741.72,81122.84,1216395.24,16504.83,12024.04,117367.20,171572.45,129.43,1011877.20,2857551.20,25449.43,577855.48,420073.77,58405.01,40028.07
Scenario 1,1792,6,Negative Shock,292,TRADING,113825.18,1845321.98,135114.22,222329.99,427277.48,383355.42,307413.40,385930.25,609037.37,671864.14,407611.84,248569.95,1219312.00,14728.42,349505.21,32909.60,315458.62,422479.03,177784.46,37445.55,102972.28,384535.94,276793.89,324791.11,79930.64,82316.71,104651.70,181657.72,105552.71,115657.05,100944.33,158720.54,126662.10,70761.23,118983.33,156230.99,80878.84,1211214.34,16465.12,12143.80,118397.00,170796.47,127.55,1004534.42,2854870.51,25333.58,578551.73,419349.15,58626.74,40040.18
Scenario 1,1793,6,Negative Shock,293,TRADING,114180.01,1845321.98,134348.15,221991.25,428944.18,382571.34,307413.40,388694.03,603368.21,663534.07,406877.54,248281.08,1215740.10,14656.38,346273.39,32972.29,314134.49,422743.87,177981.64,37384.51,103642.08,383641.40,278061.85,322753.02,79849.23,82012.14,105141.99,181982.53,106387.79,114569.10,100978.75,157776.00,126241.15,71098.85,118897.38,157298.27,80577.36,1208960.14,16508.48,12176.41,117768.63,170304.37,128.49,1005753.77,2855382.05,25275.40,579847.75,419833.43,58476.27,40183.21
Scenario 1,1794,6,Negative Shock,294,TRADING,113840.36,1845321.98,134724.44,221108.99,424478.67,382473.91,307413.40,386460.54,601286.55,662626.53,406962.72,247685.03,1220246.24,14624.65,347414.27,32814.51,314231.67,420855.89,178124.36,37367.51,104392.28,384308.58,276772.12,322470.07,79720.33,82512.87,105126.08,182125.76,106927.49,114526.82,100616.29,156845.50,125418.80,70772.48,118571.59,157742.02,80601.27,1208914.01,16527.79,12168.83,117474.81,170111.27,126.89,1000765.87,2871877.70,25263.27,580347.09,419158.57,58808.20,40050.25
Scenario 1,1795,6,Negative Shock,295,TRADING,114234.88,1845321.98,134734.93,221563.59,422330.45,382469.75,307413.40,387891.79,597903.80,657494.84,405298.56,246115.65,1225577.65,14567.26,345894.01,32700.70,312527.76,419291.37,177738.01,37372.24,103941.88,382339.04,276418.39,320562.63,79672.27,82040.83,104014.10,182299.25,107128.67,115126.97,100404.73,157633.44,125510.35,70887.40,118265.41,159524.75,80284.07,1206092.82,16491.13,12374.32,116582.29,170699.92,126.74,1008756.63,2871613.30,25184.09,577494.51,418063.73,58156.07,40021.41
Scenario 1,1796,6,Negative Shock,296,TRADING,113554.40,1845321.98,133691.86,221392.03,422030.68,382444.71,307413.40,384599.75,597517.80,654793.78,402780.16,246820.16,1217271.14,14476.15,344182.66,32680.71,312714.39,419018.54,177403.36,37239.97,102222.69,380569.60,273075.53,321040.39,79640.58,81511.33,104145.87,182124.23,107080.83,114650.93,99836.11,156372.70,125965.33,70343.73,118192.80,159524.75,79997.99,1201619.86,16434.44,12486.81,115058.04,169868.49,126.85,1008421.24,2872237.79,25131.44,576519.46,416805.59,58454.19,40218.08
Scenario 1,1797,6,Negative Shock,297,TRADING,112974.28,1845321.98,134189.92,220306.50,419778.43,381356.16,307413.40,380329.59,597571.94,651397.47,402992.74,245763.86,1220263.08,14377.01,346446.29,32652.23,312782.97,415081.38,176060.45,37210.93,101747.03,378335.50,273705.96,321417.96,79392.86,81011.22,103539.84,181779.38,107038.36,114151.71,99270.65,155443.44,126372.88,70327.53,117581.82,159524.75,79782.73,1200862.57,16323.04,12394.34,115308.36,170104.91,123.85,1010582.07,2854540.35,25102.86,577562.29,415460.50,57946.44,40432.93
Scenario 1,1798,6,Negative Shock,298,TRADING,112949.28,1845321.98,134231.74,220490.20,420563.44,380267.08,307413.40,379839.51,601005.04,651220.26,403558.96,245641.25,1225047.67,14378.39,350173.10,32777.42,313065.44,417144.42,176127.86,37148.49,101207.30,375859.28,272437.73,320837.44,78828.01,80887.29,103137.83,181800.02,106642.90,113948.35,99262.12,156781.13,125700.06,70110.56,117065.77,159524.75,79445.39,1203401.02,16298.45,12318.36,114358.15,169918.25,122.52,1013392.57,2849900.79,25002.96,575482.51,415570.38,58168.68,40593.95
Scenario 1,1799,6,Negative Shock,299,TRADING,112635.58,1845321.98,133820.24,221119.51,418704.06,381196.65,307413.40,378113.23,605802.17,648597.18,404407.43,244520.24,1218896.07,14344.02,351162.39,32763.86,315142.44,418403.90,175767.96,36841.25,101296.03,378361.81,269374.91,318792.83,78695.89,80506.56,103064.87,181428.64,105597.55,114616.58,98624.04,155757.77,125875.86,69891.78,117196.48,159524.75,79086.73,1197747.31,16199.77,12319.07,113670.51,168500.03,122.32,1014782.30,2827460.15,24978.98,576059.68,414770.51,57742.11,40383.50
Scenario 1,1800,6,Negative Shock,300,TRADING,111718.02,1845321.98,134786.94,219745.46,418216.54,380877.80,307413.40,374351.80,605171.27,650781.53,405199.25,242702.99,1210801.01,14335.01,349387.17,32735.52,313591.57,417880.30,174749.98,36682.55,101278.27,376352.58,267765.51,318794.48,78297.92,79553.17,104292.44,181571.66,105346.13,114795.55,98376.03,155322.78,125527.26,69754.64,117149.44,159524.75,78996.71,1196775.02,16204.56,12278.89,114798.54,168721.65,122.29,1018720.44,2810123.61,25080.40,577995.52,415012.33,58066.63,40417.88
